class_code,total_counts
27,2193
27,1873
27,2163
27,2441
27,1407
27,1916
27,1606
27,616
27,1022
28,1088
4,323
27,1123
27,1676
27,1098
1,2950
27,953
8,1313
0,849
0,892
0,552
0,3369
6,1676
0,1494
27,510
27,685
27,870
0,3094
0,488
6,952
1,852
0,1278
28,176
1,1585
6,1935
1,620
1,1711
10,1987
8,2583
8,548
10,1333
6,1906
1,489
8,1363
28,1178
27,975
8,2481
8,2311
8,1772
8,2253
8,1940
8,820
8,964
8,2548
8,2995
26,467
0,961
0,906
12,1665
12,3370
0,2820
27,1566
0,3365
12,813
5,2182
1,2777
1,2884
0,1268
1,2069
5,1445
27,543
6,573
0,2550
0,2482
8,1493
12,2459
0,2481
26,972
8,1421
0,2913
0,1061
0,2186
0,2761
0,491
0,463
0,2573
0,2462
0,2749
0,2421
0,917
0,1333
27,491
27,674
27,784
27,748
27,1155
27,913
12,2441
0,2441
0,2212
10,2475
8,1209
8,1672
8,768
8,2179
12,2652
8,2042
7,2196
8,2165
8,2371
10,853
5,2699
28,1073
10,844
10,1455
8,2532
25,1489
27,694
8,2411
25,1708
25,2703
25,2595
25,1655
25,3071
26,876
25,1411
25,2410
25,1688
25,2306
25,844
25,3377
25,1717
25,3817
25,2086
25,1637
25,2416
25,2498
25,3590
25,1908
25,1780
25,822
25,2916
6,2195
0,1235
6,1847
6,2317
6,604
6,519
0,2849
27,2063
0,2031
0,1229
6,1006
0,2852
0,2358
0,1694
0,614
0,2150
0,3278
0,1061
0,769
6,604
0,2974
0,550
0,2230
0,1288
0,2389
26,1825
25,1323
25,978
25,722
6,2172
0,2141
6,2132
25,1509
1,623
1,1098
1,3470
26,1362
25,2123
0,475
0,3268
6,3196
0,2509
25,3228
25,1196
25,709
25,4099
25,620
1,757
0,767
25,1329
0,2742
16,548
25,1050
25,1230
25,2134
25,1210
28,1108
25,1011
25,1755
25,907
25,820
0,3314
0,474
0,502
25,1189
4,1550
25,1308
25,1654
0,975
0,3312
5,1743
0,467
0,1790
25,3390
25,3159
25,1171
26,980
26,807
11,2057
11,958
11,1605
11,901
25,2182
25,2324
25,2654
25,1164
25,2743
25,2373
25,2269
25,2645
25,2462
25,1462
16,4539
16,1416
16,3452
16,2855
16,3001
16,3933
16,3937
16,2639
27,1253
16,4857
16,2912
16,958
16,1745
16,1685
16,2114
16,2071
16,3852
16,3311
27,417
16,3833
21,2288
27,791
18,1676
18,1786
21,3001
16,1442
16,2494
16,644
16,3133
16,2403
16,1131
16,2059
16,3048
16,2784
17,1215
18,2406
17,2185
16,651
16,3762
16,2232
16,3034
21,2930
16,4014
15,2783
16,3603
16,477
16,2887
16,1096
16,690
16,2719
16,831
16,2187
28,1010
16,1146
16,4569
16,4161
16,3861
12,3035
27,1147
13,1235
11,2250
18,2459
11,699
11,1465
10,2692
17,535
13,3891
11,2791
11,2341
11,1528
11,443
23,1842
11,1839
16,2680
16,3468
12,2278
28,480
11,1699
27,742
13,1254
11,942
11,3475
11,2715
0,2473
10,1304
0,776
21,610
16,742
16,723
11,624
26,801
7,2376
11,717
10,2392
27,1195
27,2049
27,2359
27,1450
7,764
12,2415
8,1597
27,1980
27,1339
28,1332
18,2529
17,467
17,638
18,1867
3,1667
25,1807
3,1105
3,904
18,1774
26,998
27,668
18,746
18,2266
3,1150
3,1253
3,455
26,1155
3,1726
3,1620
6,1303
0,2179
0,4923
0,702
0,3133
6,1658
1,1531
1,1693
0,3076
3,1897
25,1034
3,528
3,1147
3,1737
0,3672
1,545
1,2449
1,456
0,4421
1,2206
0,787
0,940
0,2404
0,862
0,736
0,1956
0,969
0,767
0,768
0,3870
0,2066
1,2623
6,3841
25,567
0,4658
6,835
1,491
1,2834
18,1515
0,571
1,1372
26,2083
0,1356
0,403
26,1225
1,810
0,1794
26,917
26,895
1,1807
0,3005
3,1897
3,1529
3,884
3,644
3,1863
3,1519
3,1728
3,1478
3,2100
0,1898
3,1575
3,1625
3,1513
3,1552
0,1758
0,590
0,910
6,2154
6,799
0,1904
0,787
0,1578
0,1514
6,1320
0,1518
0,2655
0,2147
0,1346
0,2455
0,2408
0,460
0,2142
6,701
0,718
0,556
0,1817
0,2557
0,2740
6,485
0,1950
0,3285
5,927
0,1967
0,2264
6,1612
0,924
0,2255
0,3810
6,977
6,3276
0,2176
0,2403
0,1965
0,2660
0,3134
6,2796
0,361
0,2403
0,3060
0,1917
6,626
0,1750
0,1194
0,2198
0,977
6,2370
0,301
0,2015
0,1925
0,678
0,380
5,1473
0,2286
0,1113
0,2328
0,1534
0,2152
6,3045
0,3448
0,2730
0,3151
0,3002
0,541
0,2476
0,4368
0,2129
6,2607
0,2345
0,3715
0,2333
0,2720
0,2196
6,504
6,2169
0,2036
25,28
0,1198
0,2530
0,1208
0,564
0,883
0,2968
0,2582
0,2972
27,2601
0,3150
0,2745
6,2225
6,2409
0,2699
0,2317
0,1493
6,2217
6,2521
0,2960
0,3594
0,2473
0,2759
1,998
0,618
0,3037
1,2613
1,2739
1,782
1,611
1,3535
0,2447
0,2265
1,1532
6,2626
0,2917
0,1898
1,2682
1,1462
1,2093
0,1236
27,676
0,1953
6,2878
0,1872
18,512
0,2368
6,2652
0,1071
0,1848
0,1589
0,1858
0,2083
0,572
6,1160
6,1718
0,1568
5,2611
0,1425
0,2074
0,453
0,2221
0,1207
0,2392
0,2397
0,2176
0,2233
0,2318
0,759
27,624
0,2596
0,1067
0,1407
0,1793
6,2641
0,1995
0,2203
6,3295
0,1672
6,3072
0,1839
0,2021
0,1169
0,2626
0,1928
5,3404
0,2700
0,2533
6,1936
0,590
0,2670
27,372
26,1256
25,1046
26,1201
13,1242
28,74
26,417
26,2086
28,901
25,1609
27,698
25,1091
25,1336
26,933
26,615
12,1816
26,802
28,575
26,1693
25,891
23,4032
13,2873
25,540
25,878
25,1489
11,1356
25,94
25,1012
13,2158
13,1316
13,1911
13,3301
25,1151
25,360
13,2421
27,967
25,477
25,330
13,3518
13,1118
25,344
25,439
25,1525
13,774
13,2984
25,2243
13,2957
13,2415
13,1738
13,2218
13,1076
27,427
13,3394
27,542
13,938
13,2302
13,2365
13,3106
13,1646
28,1604
25,1422
27,860
13,4157
13,2034
27,315
13,2856
13,3940
13,1782
13,1458
13,1125
13,1248
27,617
13,1547
27,745
26,578
11,3748
26,692
11,1041
25,116
26,1215
11,3777
25,156
27,217
13,2444
25,1348
26,301
26,689
25,109
25,91
27,392
25,1184
25,389
25,703
25,413
13,2100
11,1511
25,1231
13,1524
13,620
26,1114
13,2714
25,109
11,2543
27,130
12,1510
25,649
13,3072
25,1476
28,295
11,764
26,920
25,1138
13,833
25,440
25,1040
25,1633
12,896
26,1417
28,926
27,618
11,2007
13,2730
10,3517
25,179
13,244
27,588
13,2194
13,853
10,946
10,1113
27,714
13,2916
10,1520
13,2478
10,208
10,316
11,1760
11,2630
11,1292
13,711
13,413
13,722
25,116
25,447
10,1178
25,386
25,136
25,588
25,779
27,882
13,1229
11,403
10,1495
26,1300
10,3640
25,1150
25,95
13,3081
12,1025
25,3163
13,1412
27,973
26,2527
11,805
13,1750
11,517
13,421
25,872
26,1161
10,1310
26,217
13,2300
13,1593
7,1804
13,5696
25,481
13,1007
25,866
13,4037
13,2407
13,2812
26,3972
13,579
25,2255
13,3585
13,1258
27,1894
26,893
13,1414
27,552
27,246
25,607
25,823
25,1278
11,1157
26,162
27,1305
11,1373
10,2325
25,1265
10,392
10,1458
26,635
27,372
26,450
27,195
27,148
27,737
27,164
13,1020
27,714
13,4444
13,1032
27,844
13,1697
26,1463
13,1932
26,271
13,1641
26,1372
12,1238
13,1713
25,182
26,713
13,2706
13,2043
25,396
25,1058
13,2166
25,335
25,178
26,422
26,195
25,433
25,211
26,150
13,1312
26,607
26,266
13,898
26,749
11,1518
9,280
11,3063
13,1100
13,2343
11,2504
25,1350
27,836
13,2770
13,2620
27,82
25,427
11,1205
13,1618
13,2144
25,896
26,812
13,2510
13,2044
26,925
25,1846
13,1801
23,537
13,1978
26,513
13,2060
25,1744
26,298
13,2784
21,947
25,1779
13,2591
26,216
26,404
26,1066
26,127
12,1322
27,681
26,1042
7,907
12,705
12,1309
12,232
26,1279
11,1680
10,1786
26,2040
26,870
10,4003
26,414
5,2310
27,906
10,2180
12,932
12,833
12,4005
25,391
25,137
26,2026
12,5319
10,2307
26,1168
25,2962
7,2718
7,2552
10,1706
10,1717
12,2163
12,2204
25,390
7,1474
7,4384
26,862
21,529
12,2055
12,2277
28,694
12,2156
12,3126
12,1167
7,4379
10,2062
10,2192
26,1797
12,1977
7,393
27,564
25,423
26,1947
26,1011
13,1785
13,2124
25,800
7,2834
12,1011
12,693
7,1937
12,2441
12,736
25,149
12,3176
27,362
13,1950
26,859
26,1144
26,216
10,1884
12,525
26,1376
27,703
26,129
26,1026
26,133
25,339
7,2711
25,684
26,625
25,640
26,881
28,653
25,218
25,191
27,185
25,952
13,2714
23,2621
25,1539
13,376
25,284
25,1387
26,957
12,1398
11,529
11,943
13,1547
13,2131
26,480
13,1486
26,1224
27,600
27,637
26,1066
25,271
25,141
13,2430
13,144
21,202
13,2234
27,805
13,2510
27,510
27,709
27,83
27,1130
13,1400
25,372
26,57
25,107
23,1591
27,596
25,639
18,1052
21,803
27,255
27,253
13,542
26,85
13,640
27,364
13,637
25,1044
13,3678
13,2165
26,1155
13,852
13,2129
13,971
26,1472
26,914
26,1557
13,2223
13,1849
13,1259
13,3042
13,2990
13,316
13,1106
13,1319
13,1855
27,548
27,702
25,344
13,2088
13,539
13,1617
13,4211
25,1286
27,592
13,1335
13,1971
21,276
26,1154
13,1133
13,3728
13,2905
26,925
25,1148
13,620
13,1430
26,425
26,1530
25,1176
13,3041
11,1794
13,1359
26,1090
13,2262
26,1092
25,698
13,3293
13,2734
26,1121
13,619
25,943
25,77
13,1866
27,73
27,660
13,2561
26,939
13,3784
13,3348
13,2951
25,495
13,3345
13,263
13,5407
28,1535
13,425
13,2729
13,2512
25,1411
25,448
13,1227
27,751
21,2253
13,4501
25,3091
13,1539
13,604
26,610
13,558
13,1147
21,1484
13,2743
26,1272
25,757
13,3818
27,363
27,383
25,366
25,548
13,832
25,204
11,848
26,1342
25,830
25,211
27,1248
26,1717
28,941
26,983
25,512
25,756
13,3468
11,2576
13,2315
26,484
26,1549
18,425
13,2774
13,860
13,2775
25,643
25,416
23,1855
13,3128
13,967
13,1813
26,709
13,3797
13,3679
13,1713
26,1388
11,1326
11,1513
13,2442
17,509
25,1326
13,3176
25,322
13,2166
21,761
23,1192
13,604
13,572
13,837
13,304
21,606
13,1391
13,1847
13,1553
13,1689
25,484
26,532
25,562
13,1895
13,1403
26,1456
21,424
13,1965
13,1365
25,1076
27,700
13,3336
26,183
26,786
13,4222
27,1102
13,775
25,770
26,321
26,353
10,527
23,2347
11,3090
11,1543
11,1040
23,711
11,2161
23,1061
21,4038
11,1061
27,959
13,2446
27,666
28,1054
23,621
25,2538
27,1840
26,897
26,1245
23,2680
26,2108
11,1415
18,1064
25,255
25,469
25,287
23,3426
21,2490
26,1308
25,288
13,916
25,1731
11,2785
11,1411
10,1945
25,1100
26,1145
11,2421
13,678
11,2438
11,2746
13,1474
10,1441
25,554
26,1028
11,2921
11,1712
11,1506
25,1427
23,459
28,1231
25,686
11,541
11,1355
10,103
25,762
10,324
26,272
11,1354
23,1531
11,2291
11,2440
13,1137
17,1200
13,1733
23,1540
25,954
11,944
11,399
11,529
25,208
11,1013
13,4198
11,1623
27,665
21,2737
25,1137
11,2500
23,246
27,462
11,2589
27,117
26,1172
26,690
26,2619
26,630
26,880
27,248
26,705
26,185
21,1537
26,903
26,170
23,1480
26,905
21,3472
12,2349
26,1257
27,615
12,2973
23,5427
25,596
21,1323
12,941
26,1442
12,1498
12,2818
25,1081
25,157
25,311
13,2689
25,240
26,904
25,163
27,522
12,2977
26,1441
12,2342
25,689
11,2225
12,783
28,660
25,133
25,147
26,603
26,1389
18,1591
25,711
18,648
25,1213
11,342
18,3348
12,979
26,944
25,227
25,1721
12,491
12,2041
25,201
25,225
26,1547
21,1237
25,647
25,654
26,1712
27,413
13,1430
13,435
21,887
23,1250
12,2453
12,1192
26,661
21,3084
12,1215
21,476
21,2947
21,360
21,2201
21,3250
26,1146
28,704
26,110
26,451
25,166
25,447
11,1641
11,2540
26,1001
11,3944
11,2157
21,2222
26,797
26,144
26,1039
27,241
26,772
26,954
26,1386
26,19
26,557
25,1090
18,1467
11,2455
25,331
11,2963
25,618
12,1428
12,794
18,501
18,2517
25,293
25,1149
26,149
21,3319
13,618
26,1602
21,3440
25,278
26,931
26,905
24,706
18,1241
26,798
12,3038
25,879
27,265
26,739
25,200
27,968
23,2156
25,481
18,923
27,529
13,2305
26,500
26,377
25,396
11,1245
26,1257
26,1205
18,1372
11,2070
27,488
26,1131
11,639
25,733
27,157
11,2212
26,677
25,999
26,99
27,641
25,392
27,461
25,1261
25,287
25,168
25,223
25,1029
11,1946
7,259
11,1456
13,2090
18,707
27,662
28,705
26,1258
26,966
23,534
23,774
12,1713
12,1546
12,2978
26,878
25,599
12,932
26,771
25,915
12,951
25,387
10,1853
10,3873
18,1516
25,660
26,1403
26,588
27,456
12,923
12,2242
26,2032
26,1237
7,2089
26,639
12,1291
0,691
0,1966
0,3329
27,731
27,388
12,1075
12,1492
21,332
26,235
26,339
12,1894
25,438
25,1149
18,2529
12,1267
26,1212
26,604
26,1309
26,240
18,2089
26,932
12,2140
25,915
25,730
12,595
26,1319
26,1726
25,759
26,1502
25,125
10,1175
27,286
27,420
7,1724
27,460
12,1730
10,1801
25,874
26,588
8,1965
10,3053
10,2457
26,1029
10,2897
12,847
10,1147
27,601
12,841
10,1998
26,839
27,522
12,2143
12,983
12,3850
10,469
10,2806
10,1881
10,1843
12,1775
10,3211
10,1093
10,869
10,855
26,148
26,124
25,409
10,2933
25,245
25,283
7,1400
26,848
10,2432
26,914
7,4286
26,515
10,1225
12,3026
10,1716
12,1471
26,230
26,92
25,1130
27,397
26,1273
26,2076
26,551
26,1145
12,1324
10,628
10,172
10,1336
10,1988
7,233
25,465
10,426
28,94
28,1086
26,906
26,449
26,814
26,681
20,789
26,1925
25,338
26,1115
11,909
26,1511
23,2749
12,3178
0,2175
0,2293
5,585
12,226
0,1662
10,1288
12,1996
25,461
12,1839
10,2459
10,2718
25,269
12,2803
27,140
27,389
12,1572
6,2251
25,765
10,820
7,528
7,1553
26,424
25,282
25,358
10,1996
25,147
25,1026
12,1911
26,1287
0,1321
25,305
26,2028
25,715
26,513
10,2408
28,713
25,787
7,1508
12,906
26,1643
10,2001
26,1067
27,504
28,664
21,1300
12,2851
26,1114
26,1496
12,2053
12,1586
26,1102
7,2449
25,863
25,642
28,638
11,166
26,1128
26,780
12,2423
12,1390
26,606
27,649
26,1781
11,2637
26,335
26,2373
26,965
21,2932
18,3468
7,2424
10,1896
12,2149
10,805
25,2826
10,3115
10,1094
28,225
10,1037
25,1282
28,761
25,187
26,1077
25,150
25,1437
25,421
10,1990
25,95
8,990
10,2346
10,974
10,3095
8,1951
8,2463
27,538
26,1882
8,1333
10,2136
25,364
28,818
10,3179
10,1530
8,345
10,682
8,513
10,3290
10,3151
10,609
10,2424
10,2342
10,2666
10,1853
10,2189
10,1306
12,1978
10,1955
10,2880
5,2446
27,2587
26,1743
26,1062
10,3142
10,2647
10,2269
10,2017
8,591
8,547
10,1863
10,2428
27,3160
26,1576
10,1892
10,1157
7,2129
10,1015
18,1857
26,1168
25,334
11,1557
26,610
5,1385
10,1826
27,202
27,502
10,730
12,1531
26,670
26,1253
8,657
7,1520
26,174
27,382
27,180
27,1498
7,1022
10,602
7,1342
28,1062
12,1857
7,2796
25,331
25,375
26,1048
25,798
27,412
8,1203
26,586
26,626
26,653
10,1282
7,3386
27,474
26,747
25,653
7,436
0,1099
0,930
26,667
10,1651
27,540
10,873
10,1155
10,1929
27,200
12,1826
25,364
25,170
10,2748
10,1286
10,1223
25,621
28,311
27,362
10,1065
27,62
25,829
26,455
26,714
10,1685
11,2670
0,1028
12,2249
12,785
26,575
12,2818
10,2540
10,3437
11,1015
12,2232
26,1018
23,1811
26,1106
12,2443
12,3607
10,1867
10,529
10,2731
10,1373
25,1498
26,952
10,3624
10,690
7,3607
28,411
10,3659
26,201
26,400
10,1851
10,1139
10,2836
12,2413
23,1072
28,488
7,3170
10,3994
10,2113
25,455
8,3943
10,1788
25,711
27,137
26,498
26,1278
25,599
26,259
26,802
7,4459
7,4428
7,526
26,1069
12,2736
26,233
26,1133
12,2363
26,1529
26,657
12,2452
25,966
23,1162
26,1094
26,892
26,977
25,687
23,3774
12,2497
12,2126
26,529
21,2551
12,1301
27,500
23,3239
25,2107
26,1001
26,876
27,1008
21,2191
27,1072
27,856
27,1599
12,2302
26,769
26,44
26,624
26,258
12,5024
12,214
12,446
26,352
18,2641
26,920
25,476
25,1221
12,3163
23,4031
23,126
23,2782
25,1132
13,1443
26,960
26,1032
26,90
12,1994
11,1946
27,702
12,1066
25,417
25,155
21,1992
26,245
13,406
13,2008
12,287
26,990
13,2078
25,176
26,867
25,792
26,2447
28,377
13,668
12,2643
12,1061
12,2402
12,2936
12,2609
21,642
21,2448
26,212
12,1258
27,968
26,843
26,1553
12,2054
26,969
12,2569
26,852
12,3253
12,2331
26,1050
25,628
26,1287
12,2434
21,176
28,1076
26,706
12,3264
12,2204
12,364
26,142
12,1316
12,1812
12,1772
25,343
25,329
18,4333
25,713
12,349
12,961
26,1997
12,1194
12,1987
26,122
21,3621
26,196
12,1962
27,468
12,3508
26,1706
18,1968
25,261
12,2186
26,1103
26,945
26,491
12,2268
21,1727
25,723
11,3578
26,792
18,519
12,816
12,775
12,1604
25,1409
12,1882
26,735
18,1442
27,798
27,516
27,578
28,839
26,964
25,1270
27,521
27,257
27,462
12,2689
12,3148
25,407
25,210
26,601
27,602
26,811
26,1030
11,2036
26,245
26,729
26,332
28,677
25,1060
26,983
12,1350
12,613
12,2818
26,995
26,1155
12,361
26,130
26,913
12,842
12,4064
27,337
26,1237
12,1003
23,4485
27,454
27,1036
13,5496
26,1022
12,240
21,1444
25,1193
26,1015
21,1447
23,4201
26,125
26,603
28,805
12,4283
26,842
12,980
12,2345
12,1905
26,165
12,1007
26,662
12,3774
12,765
12,3150
26,550
12,2089
23,1556
12,2730
25,140
12,2734
18,1767
12,2156
12,3539
12,1050
26,788
21,3618
26,483
12,1428
12,613
26,495
7,3699
12,854
12,1735
27,492
12,2251
25,760
28,678
26,1745
26,1248
12,1260
26,839
21,1727
26,903
25,423
18,563
26,1367
26,635
25,1011
25,757
26,573
25,320
12,1566
26,1059
25,1204
12,1502
12,2328
26,274
23,2369
11,1301
25,454
11,2114
26,1142
23,3720
25,142
11,1142
24,376
11,814
13,428
13,420
26,1169
26,987
28,599
11,2739
11,2061
13,2801
23,1536
11,1392
25,390
25,280
25,632
12,2259
12,1693
12,1567
12,4466
21,4049
12,1869
25,928
28,359
25,971
25,614
26,1063
12,1517
25,57
27,332
26,593
12,2683
26,665
25,542
27,232
12,1541
26,663
12,1399
12,1339
26,797
13,3668
26,438
26,1248
12,825
23,1269
26,672
21,1710
18,1394
12,1695
26,607
25,612
23,1111
23,806
23,595
12,1516
26,235
21,1316
12,707
27,974
18,275
11,1021
11,2491
26,694
27,791
13,1507
12,183
26,409
26,310
25,1494
11,2571
27,406
26,519
25,497
25,141
25,331
23,1072
11,3268
11,474
25,941
26,1669
23,1539
7,410
11,2629
26,1431
11,1884
25,210
25,599
27,439
27,342
11,3875
27,836
26,455
28,951
10,855
11,3083
25,1311
26,873
25,1297
11,2642
11,4844
28,864
25,479
26,690
25,1108
26,460
27,740
26,595
12,2465
27,255
25,533
12,2727
26,237
26,1923
26,737
26,831
28,739
12,3336
18,330
18,2630
21,2542
26,927
12,2440
10,3408
12,1942
7,1223
12,2643
25,106
7,1466
7,3434
7,3737
10,1669
23,618
25,865
25,728
26,1082
26,1404
18,3082
12,3417
7,1794
12,947
25,487
26,229
25,245
26,581
7,4362
12,803
26,1311
12,1429
25,968
12,3159
7,3203
12,3165
12,3318
12,1781
26,398
26,979
26,1116
12,1141
12,1889
26,1204
26,1135
25,1036
26,661
12,1080
26,362
12,1160
26,1083
21,674
12,4586
26,1028
25,99
26,744
26,984
11,2418
12,1125
23,2359
25,1356
26,1676
23,1076
25,151
25,31
25,432
12,876
26,817
23,940
13,2998
26,593
12,2836
25,139
26,1323
25,330
25,429
12,2263
26,842
25,483
25,404
12,510
28,145
12,1989
26,331
13,2322
26,1448
26,933
18,1784
25,1310
21,1304
12,1458
12,2005
12,1950
26,815
27,652
13,645
25,503
26,1539
27,493
27,239
11,4016
23,2638
23,1695
12,1234
11,977
11,1142
13,1482
13,924
26,1490
11,3124
11,3373
28,666
11,2206
13,2488
27,942
23,3130
26,1066
25,403
25,988
11,1877
11,2146
11,2577
13,1596
13,708
13,1442
27,790
25,93
25,1047
11,3045
11,2865
25,716
26,1188
18,1437
23,973
26,860
25,598
11,1272
23,2533
26,2316
11,1685
11,815
11,2571
26,929
26,1153
26,1445
11,1884
26,165
11,1563
25,699
25,325
26,1635
11,555
11,2417
26,394
25,320
25,953
25,661
26,1139
26,504
26,598
27,425
25,142
11,1685
26,819
26,235
26,892
25,790
25,696
26,609
11,582
21,3251
12,2069
28,573
26,425
23,1009
26,1448
25,608
25,833
18,3519
11,597
11,2364
25,68
28,213
25,279
25,212
25,435
26,1426
26,1037
25,694
11,1685
26,208
25,453
25,268
25,1004
27,227
27,512
27,360
12,2151
26,922
12,1603
12,2283
12,2684
18,517
12,234
12,2467
25,658
26,845
26,1139
12,1520
27,1055
26,184
12,1389
13,2923
25,269
25,265
12,1300
12,782
25,577
23,3028
12,2264
12,2146
25,1050
26,1213
25,212
12,1356
9,444
11,3293
26,1826
27,244
21,2087
12,610
13,2737
25,739
25,565
26,518
11,2407
11,2026
26,214
25,898
26,625
25,578
25,181
25,548
25,237
18,189
11,2865
25,856
11,718
26,1388
25,1208
11,3061
23,732
11,1273
27,389
11,506
11,1729
26,917
11,1783
27,424
11,2872
25,734
13,1963
26,1285
11,410
11,2916
11,1164
18,2408
21,627
13,3518
27,274
12,3348
18,1830
11,352
18,409
26,653
13,2471
28,361
25,779
23,413
23,338
23,1323
13,2266
27,895
11,2919
13,1384
25,671
11,1984
11,2395
11,923
26,885
11,1847
11,1052
25,443
25,343
26,676
25,949
25,1376
11,1112
25,1022
27,618
26,1477
25,1440
23,2115
11,2907
25,905
11,3086
27,617
10,846
11,2896
11,1821
11,3420
18,504
11,1690
11,1708
11,1609
23,1373
27,741
11,525
10,191
11,2337
26,1311
11,1610
23,1016
11,1990
10,441
23,562
27,144
13,4181
13,3496
11,1325
11,394
11,3241
11,2117
11,2041
11,2682
26,1157
11,3876
11,1646
13,3113
25,244
11,2006
26,1498
11,2236
11,994
11,2656
25,190
27,603
26,97
26,251
27,575
11,1440
11,2277
11,1724
23,696
11,3935
25,1271
11,2666
25,332
11,994
23,2589
11,1569
11,1166
23,2839
11,2030
26,820
11,2458
11,2116
11,1187
27,856
11,2490
11,2621
10,1732
11,2446
23,2445
12,3503
26,792
11,1896
23,2819
10,1507
11,339
23,1638
26,1383
11,1655
11,3111
25,893
11,1704
11,2504
18,911
27,643
12,1999
11,2342
11,3390
26,1448
11,2378
23,2452
26,1788
11,1636
25,1185
25,100
11,1765
11,2675
25,1340
11,2788
18,4250
27,750
11,1874
11,1764
25,1007
11,2402
11,1465
26,848
11,3433
25,197
11,1391
23,642
11,1125
11,2102
11,2300
11,616
26,177
11,3213
25,1120
11,1516
25,1127
10,2538
11,2942
28,326
27,1178
27,479
10,2304
11,2559
11,1177
23,332
26,405
25,283
11,663
25,545
10,1951
27,361
25,844
27,1157
26,1283
11,1659
25,1335
26,1685
26,472
11,1692
11,934
11,2119
11,3225
11,2073
10,636
11,1268
18,976
25,610
26,1454
26,959
11,3156
11,2277
12,28
25,239
11,1771
13,2071
18,773
25,1230
13,1005
21,2689
26,1760
13,2121
23,3285
26,754
11,2204
25,1689
23,1352
26,820
23,1856
26,1843
13,2076
26,1049
26,418
13,1697
25,799
13,1937
26,1349
11,4382
23,707
28,1102
10,550
11,2842
11,756
11,2886
27,226
13,1778
25,738
25,733
13,1734
13,2324
25,1286
10,1883
28,956
27,547
11,2590
11,2568
26,1389
13,885
11,1215
25,226
11,2101
11,275
11,2717
11,850
25,399
25,1445
26,593
11,3567
27,124
10,322
11,1072
7,194
27,248
25,760
26,1328
11,714
25,232
11,1096
23,1888
21,2916
13,2605
21,1331
13,2617
25,99
13,588
25,553
27,861
11,1558
21,936
27,311
28,1271
13,1693
13,4014
13,3021
25,256
25,469
25,1661
25,267
13,262
13,2047
21,2159
28,722
12,859
13,1886
13,1019
13,1554
11,806
13,2074
23,1391
13,3996
25,935
26,901
13,2061
13,3317
26,1801
25,530
26,1993
21,886
26,1859
27,670
20,318
26,669
13,1187
25,775
13,1371
27,582
26,1170
13,2891
13,1540
25,1308
26,481
21,2568
25,555
13,3417
13,2524
27,881
25,1420
13,514
13,2872
25,978
13,4085
11,2295
13,1324
26,1151
21,1821
25,585
13,3250
26,1100
13,2207
13,1619
13,1313
13,2732
25,936
25,305
13,2550
11,3778
13,2439
26,303
26,494
25,190
11,1944
27,1178
27,489
25,729
21,713
26,1348
26,980
11,2605
26,821
11,1671
13,3973
13,2822
13,5106
25,1542
13,3243
13,854
13,1306
13,2089
13,1988
13,1598
13,1282
27,870
26,450
26,738
11,718
13,3187
26,1056
11,3312
25,784
27,132
26,558
26,804
13,2566
13,2309
11,2963
28,969
13,842
13,4942
13,2135
26,988
13,2273
17,566
26,564
27,937
12,1208
27,901
12,907
12,3710
12,1357
12,1439
10,4498
10,1966
12,593
25,350
7,1783
10,609
26,1421
26,298
26,496
10,3181
25,259
0,2580
5,1574
0,2996
0,1102
27,1986
0,3222
25,316
25,428
0,2108
12,2285
27,576
25,213
0,1332
10,1980
12,1168
27,441
10,2003
0,792
0,3054
25,445
0,2607
25,876
0,1426
25,424
10,1462
26,1513
0,1799
27,1104
23,375
12,1947
26,626
12,1467
12,998
12,752
12,2431
25,2503
8,1045
26,1440
12,3450
12,1584
7,1734
0,1915
26,1117
7,2032
10,3665
26,1436
27,347
23,2290
0,3457
0,1248
0,1336
0,1896
0,1478
0,3031
0,2215
0,1250
27,1275
28,1253
27,1161
5,862
27,2457
25,856
5,2341
0,3769
0,2703
0,2758
0,3967
0,3408
27,574
0,4190
0,1220
0,1802
0,4777
0,3963
26,2104
0,3616
27,460
0,4533
25,1487
27,590
27,1022
27,1042
0,798
25,916
0,2148
0,1674
0,246
0,689
27,249
0,3593
27,122
25,128
27,2163
0,2192
27,1314
26,1162
5,2803
12,3379
12,1720
10,637
0,238
0,4239
0,1870
0,210
27,1139
27,791
0,1555
12,1861
10,3121
12,4457
12,1033
0,3675
12,994
12,4019
25,452
25,1159
12,3917
27,107
28,1007
25,98
12,2579
27,797
28,1182
0,2166
4,909
0,2693
0,919
0,1784
25,113
0,2055
0,2358
25,376
0,2809
0,4505
0,3185
27,633
0,416
6,2616
0,5585
0,326
0,3216
0,1310
0,2358
0,2900
0,1355
0,2124
0,1099
0,874
0,2110
10,3211
0,2410
28,1247
0,726
0,3869
0,2372
0,3689
0,1904
0,2628
0,1138
0,3838
0,4312
25,919
0,3237
0,4682
10,1825
12,2140
10,3631
0,5309
25,1625
25,972
25,1192
27,1155
27,994
27,811
12,2734
26,553
26,1459
12,3321
26,1245
25,570
26,1262
26,994
25,190
25,336
25,240
12,2051
25,513
27,1030
27,305
25,232
7,2694
7,542
25,1297
12,1853
25,330
12,4123
18,2805
25,445
23,2320
27,547
12,2937
25,320
12,3695
7,2825
12,1097
26,101
26,406
26,191
26,959
25,945
25,326
7,2180
26,995
12,972
12,4935
12,3007
7,1355
12,883
12,4015
8,2105
12,764
12,2099
25,2683
21,206
10,1211
26,907
12,2235
10,3813
25,1398
7,2817
10,955
26,957
12,3160
25,478
25,289
25,313
27,654
10,3963
27,181
12,2352
27,1160
27,1094
27,1299
27,1786
27,588
12,5390
12,5218
10,2653
25,613
12,3220
26,1305
10,2446
26,1359
12,1665
10,2258
27,2306
10,1205
10,1773
26,1119
25,1341
25,610
27,553
12,3283
26,927
10,2046
25,131
10,3462
7,2974
21,3320
7,7730
26,756
7,2949
12,1440
18,775
25,1333
7,2716
26,1249
26,788
7,1967
12,2749
26,2157
7,2387
10,4927
7,1772
12,3902
10,95
12,2593
12,2746
7,655
12,3408
25,120
12,1849
25,418
18,4889
25,323
7,4003
7,4407
7,709
7,1463
25,1330
26,441
12,2782
12,3676
7,1556
26,1194
25,1092
18,4403
12,2415
26,1395
26,1789
25,167
21,4444
7,2993
18,1733
26,1407
26,908
7,2108
18,6478
25,429
18,2485
12,1809
25,356
26,400
26,511
28,642
7,2083
25,717
12,799
26,761
25,333
25,849
13,1469
25,299
25,957
26,1028
13,1485
26,1961
25,1169
26,1509
25,432
12,1626
25,777
25,1110
26,747
26,771
25,316
12,1081
12,1306
26,725
10,2452
12,1366
26,837
12,1968
27,297
27,734
27,824
13,2800
25,518
25,457
26,954
13,1607
12,3714
12,2116
12,2344
26,837
26,1125
13,2990
11,1952
26,455
26,222
13,2767
18,1016
12,2902
23,584
23,615
25,249
13,1216
27,497
13,374
27,225
12,1750
21,499
13,1432
13,3307
27,219
28,604
25,465
26,2070
12,362
13,855
21,1535
26,1094
26,1478
11,1927
25,1490
27,395
26,1110
18,795
23,1067
13,3159
10,2475
25,979
25,1533
12,2268
7,796
26,1811
25,621
25,1096
12,1829
27,202
26,1508
27,1676
27,710
27,966
12,872
26,927
26,625
25,1215
10,1516
28,698
12,3270
26,1573
25,821
26,444
26,1021
12,2046
26,274
25,665
26,2231
26,2178
26,880
18,2305
7,2508
25,1010
25,1495
25,1103
23,4601
26,999
23,879
26,2151
21,1743
10,2918
27,2220
10,4526
10,2070
10,3372
25,653
28,1637
25,960
25,1968
28,1064
27,820
26,959
12,1343
25,949
12,2414
12,2680
12,872
26,572
27,1186
26,293
26,320
27,960
12,1213
12,257
12,1007
12,660
26,852
26,1071
12,4479
12,2044
23,1863
12,2452
12,1636
26,1563
12,850
12,4078
12,2557
18,4571
25,1375
12,1284
23,3341
25,313
25,1042
12,2215
25,157
25,1367
7,3993
25,310
7,1041
12,3021
26,479
12,1840
25,440
28,401
26,1169
26,119
26,170
26,2426
18,1005
2,220
25,142
27,128
26,598
26,870
16,2649
26,777
16,6426
16,5682
16,4383
16,1881
16,2862
26,1028
16,3021
16,520
16,5332
16,1941
16,1538
26,1792
16,1187
16,2850
26,970
27,693
16,4269
26,350
25,849
25,476
16,3013
26,2267
16,260
25,147
16,3204
16,2136
16,5277
27,718
26,1002
27,168
16,3570
16,1619
16,3021
26,365
25,80
16,2240
25,487
28,360
27,306
26,1373
16,2924
16,2016
16,3575
26,783
16,3399
16,2625
16,209
16,811
26,781
26,890
16,2783
26,955
16,3425
16,740
16,1048
16,2320
27,548
16,3320
25,201
26,1404
25,422
27,485
16,1984
16,3580
16,4126
16,3870
26,660
27,546
27,559
16,528
27,343
16,2152
26,1058
16,2965
16,3091
16,2188
25,1033
16,3614
26,984
27,572
26,1089
16,3553
25,606
16,3127
16,2683
16,3818
26,1633
28,869
16,1660
16,2458
16,132
16,1897
27,540
16,2804
25,339
25,211
25,65
16,3124
27,785
16,2412
16,2490
16,2772
25,656
25,652
16,2810
26,681
25,430
26,1021
16,3263
16,1477
26,1794
27,129
27,340
16,2070
26,131
26,402
26,281
16,883
16,2942
26,1154
26,1618
27,817
16,1450
28,1008
26,774
27,579
26,886
16,790
26,1157
16,4179
28,220
16,2896
28,538
26,143
16,5557
28,904
26,431
16,2221
16,4371
25,667
16,2711
26,1086
16,656
26,517
16,2336
16,3451
26,852
25,293
26,1179
16,2688
16,984
16,1623
25,410
16,1825
16,3896
16,1028
16,2453
27,941
16,1993
28,864
25,91
25,147
26,533
16,3525
25,571
16,2901
16,2175
16,2881
16,1792
16,1666
26,1030
16,3097
16,3225
25,525
28,625
27,570
16,1291
16,2923
16,608
16,1814
27,1635
16,3404
16,2493
16,2051
16,3746
16,3957
16,791
16,2787
27,445
25,695
27,492
26,598
25,145
16,1764
26,948
16,394
16,3557
25,596
16,3524
16,430
16,2098
16,1226
16,3856
27,568
16,3581
16,3436
16,1143
16,5592
16,3276
16,3689
16,3426
27,515
26,826
16,1390
26,700
16,3842
27,463
16,2392
25,181
25,521
26,924
26,989
16,2228
26,145
25,159
16,3675
27,144
16,3746
26,729
26,657
25,488
26,907
26,1356
27,692
16,3942
26,1098
16,1247
16,1621
26,819
27,178
25,37
16,2758
16,3506
28,829
16,4962
26,575
16,1714
16,1845
16,2256
25,682
26,1256
16,1729
27,876
26,1523
27,175
26,1180
11,1141
26,477
26,857
26,1064
16,2117
16,1328
25,253
11,2308
11,969
11,1662
11,849
25,488
11,1162
11,1864
11,2013
26,717
26,1393
25,692
25,527
26,1112
27,302
27,228
11,3172
11,2201
11,1888
25,794
25,239
26,559
26,328
16,597
11,2321
26,304
11,2958
27,31
25,294
26,392
11,2762
11,2483
11,563
11,2213
11,1233
26,609
26,962
26,552
26,984
11,557
11,2636
27,243
26,1022
26,1888
26,956
26,1390
25,881
16,1487
25,454
16,4063
26,1004
16,3450
26,1281
26,553
16,2774
25,253
16,2641
16,772
25,653
26,602
27,735
11,1358
27,1431
25,252
27,992
26,752
27,610
26,759
11,1893
25,480
25,1053
25,303
16,1499
26,898
26,992
26,1111
25,552
26,1749
26,886
16,2962
16,2470
27,900
16,3603
26,1072
26,1273
16,2197
16,249
16,2950
16,2748
16,2772
16,322
16,3294
16,1310
25,869
16,3313
16,3434
26,1552
16,2372
26,743
25,332
11,2626
27,692
27,278
26,1287
26,1325
26,1035
26,716
26,799
27,1158
26,1605
26,1204
16,1552
16,4767
16,2074
25,433
25,440
16,3233
27,178
16,552
16,2501
16,2577
16,1551
26,1062
26,670
26,2327
26,1182
26,1770
27,617
26,802
16,1856
26,677
26,611
26,1030
16,2521
26,311
27,582
25,142
25,116
26,377
27,752
25,433
26,1176
16,3257
27,892
16,3821
16,2887
25,540
26,502
26,1478
26,256
28,515
27,247
26,679
26,945
25,416
27,311
26,1459
16,4218
25,914
26,616
16,4021
26,394
16,3107
25,548
16,291
26,473
26,1032
28,499
25,795
25,531
26,1202
26,226
26,724
26,552
16,4224
16,2805
26,617
27,54
27,552
16,3791
26,1537
27,308
27,243
16,1894
16,3347
16,3331
16,355
28,459
16,3453
26,1201
26,1256
16,2969
27,235
16,3319
16,3193
16,685
16,4208
16,2699
28,75
26,571
27,701
26,80
16,1727
26,399
16,4678
25,242
16,1112
16,4651
16,1936
16,3026
27,358
16,920
25,695
16,950
16,1937
26,749
16,2056
27,690
26,1517
25,504
26,796
27,243
26,660
26,275
16,2685
16,3002
16,3266
16,1308
26,820
16,2139
26,699
16,3648
26,542
28,1091
26,132
27,888
25,463
16,6723
16,3272
16,3953
26,1626
16,3602
16,3198
16,3159
26,586
26,2064
26,1332
25,235
26,877
16,1739
27,213
16,1236
16,4575
26,1039
16,1205
28,475
26,902
27,603
27,816
26,1545
26,1145
16,4623
27,75
26,1279
27,338
27,167
26,694
27,508
26,1434
26,1095
25,865
16,2178
16,3199
16,3663
28,809
16,3058
26,778
27,478
16,2684
16,1832
16,2708
16,1274
16,1596
25,512
16,3716
27,558
16,680
27,1277
26,585
16,2407
16,2732
16,910
26,548
16,2975
16,2903
27,677
28,423
16,1408
27,420
26,377
25,564
26,1317
16,1821
28,103
16,2782
16,631
26,1291
27,121
16,1619
16,2231
16,997
27,216
26,1026
16,3133
16,2191
16,2713
16,1806
25,338
26,608
25,659
25,640
16,1371
16,3589
16,3114
16,4035
26,857
26,1209
26,962
16,759
16,2885
16,4042
25,529
16,496
26,272
16,1469
25,1082
26,1492
26,585
26,603
16,3092
25,876
26,1245
25,735
16,3478
27,679
8,1021
8,2068
8,1641
8,3422
8,2823
26,1261
8,2700
28,707
26,1394
26,1670
8,2993
8,2225
8,683
8,2674
25,1074
8,2604
8,1327
8,2572
7,3357
8,2295
8,2355
25,916
27,464
8,983
8,2214
8,2954
26,117
26,875
6,1437
8,526
26,1159
8,2370
26,1235
26,1086
8,997
26,400
27,173
26,109
26,1396
25,615
8,1475
26,643
8,2440
8,2064
8,2100
8,1332
8,2742
8,3020
8,2740
8,1939
8,1893
8,2864
8,2017
8,1594
8,3173
25,184
25,260
8,223
8,662
8,2980
8,1847
8,2482
25,629
1,1675
0,166
25,1116
1,2026
0,3012
1,1866
1,1207
0,1473
26,547
27,646
1,2757
0,3962
27,686
6,1377
0,2107
1,1993
0,1163
0,1891
1,749
1,1728
27,884
1,454
26,1374
1,1278
26,1222
1,1379
1,1297
25,2032
1,1803
1,2057
1,1428
26,1668
0,1411
1,1514
1,1317
25,627
1,1971
25,943
27,578
27,333
1,2263
25,824
1,1920
0,1474
0,579
0,884
0,2189
1,2788
1,2358
1,1478
0,234
0,1243
0,1841
28,688
1,2799
0,2445
0,1916
1,2193
1,2870
0,336
0,866
0,1213
0,1718
0,83
0,1538
0,3527
26,736
0,958
0,924
1,832
28,785
1,2625
25,935
27,454
0,357
0,314
0,1354
1,2328
1,2387
0,4117
1,3613
1,770
26,883
1,3390
1,2752
26,433
26,589
1,1844
26,1007
1,1334
26,968
1,1051
0,2121
1,1982
0,163
27,838
25,483
25,307
1,352
1,2166
5,1053
0,383
0,160
1,1269
26,862
27,70
1,2850
27,700
0,2894
1,545
28,385
0,574
25,423
0,3378
0,2917
26,1674
27,418
0,739
0,363
0,882
0,1575
0,3416
0,3886
0,1437
0,1091
0,1381
25,1223
25,556
0,1797
25,240
0,2716
6,793
27,852
0,1399
0,703
0,3364
0,2324
0,2762
5,1180
0,1868
0,790
26,809
0,1851
25,676
27,591
0,1122
6,454
0,1634
0,914
26,782
0,936
0,2771
5,933
0,894
0,1873
5,839
6,3207
0,2945
25,1074
6,1943
27,774
27,356
25,164
26,945
0,2604
0,2853
0,788
0,1942
27,692
0,3566
6,673
0,1035
0,704
6,2811
0,856
0,823
28,190
28,554
5,2801
28,915
0,1064
27,592
25,1527
27,1566
0,2607
0,1074
0,4322
25,520
28,1046
27,593
27,1282
25,1077
27,646
26,419
27,1244
25,1652
25,637
27,207
25,1482
0,855
0,2505
5,2432
0,2587
0,435
0,468
0,2352
0,985
0,2302
0,796
0,2885
0,948
0,2306
0,2445
0,4176
0,4493
0,2149
0,4337
0,2865
25,866
28,1316
0,2291
0,2606
0,1296
0,637
0,691
0,748
0,757
6,2071
0,1544
0,864
0,1582
0,1266
0,626
25,1064
0,981
0,1385
26,944
0,2216
0,1369
26,265
0,2660
0,447
0,1559
0,2458
0,950
27,1014
0,2188
0,564
0,124
0,1734
0,3554
28,639
25,276
0,2430
25,934
0,2954
0,2817
27,291
0,4121
0,751
0,2805
5,3021
0,2129
0,1361
0,3513
0,1725
6,2591
0,366
0,2429
0,1977
0,723
0,728
25,191
25,811
0,1075
27,2061
27,1920
27,1150
27,1664
25,557
25,1049
27,586
27,865
25,501
5,1758
25,200
27,565
27,762
27,753
27,356
27,850
25,133
0,1533
0,2410
5,1695
0,2019
0,2597
0,716
0,708
0,1740
25,1593
0,3237
0,3745
0,2803
0,2500
6,900
0,270
0,2177
25,1413
0,2716
0,2998
0,187
0,2463
5,1424
0,281
0,843
0,2742
0,2812
6,2846
25,909
26,1645
25,816
0,2535
27,603
27,420
0,1860
0,541
0,611
0,1575
0,516
0,1388
26,1585
27,684
0,2291
0,1129
26,350
26,1336
0,1288
6,1313
26,1573
6,976
0,2438
0,2363
0,1891
0,981
0,1249
25,850
25,1174
27,654
0,784
25,398
28,1405
0,1318
0,1361
0,1322
25,1035
0,2326
0,2184
0,2142
0,2505
6,3055
0,2165
0,2872
0,3012
0,2960
0,1367
26,1196
0,2434
0,339
0,2986
5,361
27,912
0,1541
27,357
0,1691
25,906
0,2943
0,3779
25,117
25,1350
0,1884
0,2062
0,4302
25,1146
0,1500
27,717
25,727
26,647
6,3132
0,3918
0,4138
0,4133
0,1915
0,2561
0,899
26,1136
6,1116
25,1341
0,3921
0,927
0,3225
0,843
26,1098
0,417
0,2455
0,1677
0,807
27,636
0,2544
27,145
25,1067
25,751
27,266
27,716
27,698
27,574
27,283
0,2590
0,3031
25,1237
5,2597
0,2399
0,2724
0,1208
0,2895
0,1700
5,1424
0,2631
27,1182
0,2085
27,1858
0,1546
0,3515
0,3170
0,3671
0,2376
0,3039
25,444
25,1285
0,3140
27,886
6,1774
7,1790
27,367
0,2573
0,4299
27,769
0,3277
0,2361
27,841
27,286
27,550
28,498
27,823
6,2887
0,2653
26,641
0,2988
25,778
0,555
0,678
0,2923
25,898
0,1499
26,1953
0,1547
0,3936
0,501
0,785
27,504
27,849
25,1131
26,1027
25,1039
25,377
26,673
0,1992
0,3271
0,1151
0,1110
0,990
0,576
25,948
0,2438
5,1530
27,500
0,2417
0,1764
0,1647
27,433
0,157
0,1387
0,298
0,788
0,1750
0,689
0,2085
0,1660
0,3527
0,557
0,415
0,806
0,2698
0,1178
0,149
0,2142
0,1497
25,886
0,1464
0,1734
0,672
26,972
0,887
0,2313
27,233
26,1313
25,175
28,767
27,69
0,4685
0,3364
0,1565
0,1854
5,582
0,2975
0,1825
0,1906
0,1587
0,649
0,397
0,2792
0,750
0,1832
0,5592
0,1568
0,1067
0,484
25,1418
0,2116
6,2047
0,2693
0,1551
0,663
0,353
27,664
26,1150
0,1243
25,1186
6,2924
0,2197
6,1746
0,2551
25,628
0,412
0,2171
0,2771
0,3171
25,1028
0,754
25,995
26,2232
0,877
0,1521
25,180
0,2955
25,366
0,3040
0,796
0,3612
0,1214
0,3045
0,3489
0,2398
6,2426
27,810
6,1140
27,743
25,207
0,2354
0,3443
27,360
28,276
0,2169
5,1983
0,1024
0,2584
6,1027
28,115
0,988
0,2010
6,3097
0,2654
0,338
0,2977
0,1718
25,311
6,3423
0,1833
0,2141
0,1857
25,349
0,2036
27,1244
6,2563
0,831
0,2760
6,641
6,1283
6,834
0,3031
0,1412
0,2124
0,1663
0,3637
0,1496
0,1352
28,669
0,1438
0,1867
0,2720
25,1416
0,963
0,2776
0,1397
0,1326
0,1168
0,1419
26,467
27,627
27,189
0,1713
25,459
6,989
27,197
0,3200
0,2322
0,1379
0,2473
0,2822
0,1333
0,1358
0,3323
0,3116
0,1873
27,379
28,663
0,2450
0,2336
27,306
1,930
27,49
0,2021
0,5162
6,3289
28,897
27,531
0,675
27,1270
6,2411
0,2659
28,959
25,767
0,768
0,2527
0,1279
27,1021
0,954
25,897
6,2986
0,875
0,1345
0,4096
0,4025
0,1473
0,3181
27,867
26,844
0,3407
0,2954
0,2053
0,1866
0,2335
27,861
0,1560
27,398
25,315
25,490
25,288
0,576
25,377
0,2196
0,2560
0,752
0,1929
0,2023
27,243
1,795
1,1664
0,679
0,2678
6,1617
6,2804
0,2955
6,1508
6,2559
28,301
27,302
27,233
27,666
0,1031
25,641
25,762
0,550
0,1297
26,1093
27,625
0,2877
0,3438
6,2920
25,750
0,353
0,2950
28,929
27,726
6,1659
0,4030
0,2539
0,2391
6,2586
0,973
0,2432
0,2913
0,2653
25,1652
0,1624
27,520
0,1414
0,1132
0,262
0,996
6,675
0,2722
0,3434
0,1603
5,1834
0,1808
0,2780
0,2105
0,1629
0,694
6,414
0,3151
6,3833
0,1660
27,588
0,2272
25,878
0,349
26,843
0,1935
0,2505
26,885
28,1318
0,2221
0,1563
0,3151
0,912
0,927
0,2999
6,2730
27,134
27,335
0,2653
6,5382
0,937
27,384
0,2292
5,1417
25,95
25,1141
0,481
0,3393
26,1179
0,532
6,2083
28,514
25,1098
0,1471
0,2122
0,3421
0,3138
27,949
25,1547
0,1557
0,4212
0,3599
0,3972
5,1897
0,1920
0,1921
0,277
0,1502
0,568
0,3576
0,3127
27,141
25,927
0,1034
0,2060
0,2194
25,466
0,647
28,909
0,2757
0,2469
26,1532
0,1892
0,2116
0,3573
6,2624
0,1762
25,688
1,2118
6,1316
0,1344
6,2241
6,2016
0,1716
0,3571
0,1661
26,1196
0,718
6,2409
1,902
1,839
28,843
0,3785
0,2429
0,1037
0,2639
0,357
0,3734
0,3017
0,1803
5,1100
1,1648
0,3120
0,1980
1,1684
0,1726
26,1095
26,725
1,1659
1,1673
6,2351
0,2409
0,1395
25,294
6,1744
25,458
26,1136
27,231
0,2307
27,194
27,965
0,4429
0,208
25,1142
6,958
6,852
0,2498
1,3253
1,2427
0,1288
1,2467
0,2000
0,2529
1,2410
6,1600
0,2649
27,669
0,3084
26,612
0,5515
0,3414
27,766
26,243
26,946
0,4858
0,2909
6,2925
0,2274
25,641
25,276
25,187
0,4443
0,1951
0,2462
0,3549
6,2187
6,1987
0,738
25,223
25,1184
0,2862
6,601
25,515
25,67
1,2387
1,1486
1,768
25,1596
27,848
1,581
25,150
1,2613
1,797
1,2284
25,109
1,753
26,1301
0,1867
1,1708
28,1068
25,172
26,1014
26,434
1,2164
27,1235
0,2836
0,2199
27,1319
0,2456
0,3946
25,1811
6,4193
6,1281
28,601
0,5482
27,1561
27,241
27,893
26,617
0,2699
26,183
26,458
0,1340
0,810
0,3106
27,510
27,535
0,2971
25,777
26,1539
0,1531
0,1476
0,3861
0,1671
25,877
27,269
0,2225
26,859
28,756
27,554
0,1151
0,1703
0,1276
25,1158
1,2110
26,2126
0,756
1,1377
0,1826
0,1015
1,829
1,449
1,1150
1,4035
1,1310
1,1185
1,696
27,334
1,1410
1,1109
6,2073
0,1899
26,1348
6,1319
0,2363
28,1087
27,532
0,2211
6,299
6,1021
0,2535
0,1371
0,607
0,920
27,880
27,339
1,337
1,2325
25,347
1,1271
25,760
25,340
25,157
25,641
1,441
5,3229
6,3333
0,1169
7,1065
6,2899
0,2790
0,3402
0,688
0,3405
6,1888
26,1273
1,1676
1,4292
1,3401
0,2428
27,611
25,893
0,3034
27,265
1,2323
1,2284
1,346
1,2051
27,320
26,903
1,2412
0,3351
0,2151
0,1540
0,3564
25,939
25,868
0,2498
0,3050
1,1840
6,756
26,171
0,3241
0,2807
0,4176
27,452
26,1148
1,1604
1,1823
0,2986
1,2678
1,4015
1,2604
0,1472
0,2049
1,1584
25,396
1,1870
0,2978
0,1763
1,3004
1,2107
0,3300
1,1210
1,1400
27,792
1,2475
1,2306
1,2416
1,1562
6,2020
0,1435
0,1782
0,334
1,1773
1,2745
28,246
26,705
0,1604
25,1198
26,394
1,1814
0,828
1,2023
27,834
0,2554
28,221
25,678
1,1568
0,256
1,1727
6,925
1,1725
6,3290
1,2292
26,1283
27,719
6,2685
1,2939
1,2242
0,1820
25,549
1,553
1,1242
0,2589
27,194
1,1050
1,1648
26,1106
1,2175
1,454
1,1146
0,1508
0,1272
1,1337
1,733
1,916
0,2903
26,1077
0,2515
25,676
0,2765
0,3139
27,573
0,2220
0,904
0,2309
1,898
0,1885
26,184
1,1981
0,1256
27,1137
0,211
26,1448
25,849
0,1505
1,2274
0,3335
0,3206
1,971
1,2201
0,140
0,2669
0,2449
0,1313
25,1691
27,508
25,737
1,442
6,3080
0,1581
1,1582
25,1276
0,598
1,1900
26,1567
0,256
0,2129
25,253
0,3455
27,587
25,735
27,906
1,1148
1,1394
26,757
1,2108
1,882
1,920
28,926
6,1638
6,1191
0,1374
1,1096
27,206
0,2633
0,2425
0,2737
1,1809
6,2436
0,3327
6,173
1,2207
6,1469
26,494
1,1160
0,789
0,2150
0,2597
1,2428
1,1750
0,2714
0,2814
1,1929
1,688
1,1093
0,1267
26,633
25,293
25,405
26,1699
1,1773
0,2605
1,1639
6,3773
28,750
0,2480
27,579
0,453
0,2323
0,2899
26,414
25,317
0,2734
26,384
0,1419
27,741
26,312
1,2660
25,1740
25,2337
27,1631
4,414
27,1291
25,929
25,427
26,1380
28,942
25,755
25,744
25,1167
25,1859
25,1898
25,2548
25,3205
25,2507
25,1553
25,2322
25,2665
25,3182
25,1185
25,3642
25,3590
8,2345
8,555
8,2219
8,2010
8,4557
8,1476
8,93
8,457
8,793
8,2770
8,1789
8,1729
25,1251
25,1194
28,1242
8,1437
27,617
25,602
27,253
25,267
27,850
27,807
27,438
27,531
26,1725
8,2702
25,979
8,2401
26,723
26,348
26,499
8,2614
25,804
8,2075
26,678
8,1752
26,876
26,371
28,379
25,491
25,1110
26,178
8,2648
25,534
26,412
26,653
26,885
8,1987
26,1408
26,1028
26,238
26,1777
26,1244
26,674
26,471
26,322
26,677
26,954
26,218
26,512
8,1681
8,2346
8,1411
8,1341
25,144
25,229
25,87
25,389
26,475
8,1892
8,376
26,844
26,1239
26,1191
25,1146
26,1389
26,1328
26,316
26,390
26,513
26,765
26,1001
8,798
25,172
26,888
26,863
25,1051
7,1532
26,1508
8,803
8,3881
25,3241
25,2260
25,348
26,1163
26,1403
26,618
28,764
26,1053
26,929
26,565
26,914
26,1402
26,711
26,1053
25,808
25,982
26,748
25,620
8,2076
26,1479
8,1429
25,2323
8,422
8,989
8,1528
6,1007
8,3358
7,961
8,1373
8,1192
8,1454
8,609
8,853
26,487
25,194
26,752
26,603
25,219
25,174
27,805
26,2155
26,488
26,1334
25,1030
8,1243
27,1288
8,1063
26,891
8,193
8,985
26,230
26,631
8,1472
26,968
8,1759
4,3353
25,433
25,811
26,1448
26,239
25,591
26,1407
25,235
26,677
25,567
26,1775
26,910
26,1786
26,85
4,1417
4,1646
4,1266
25,1265
25,894
27,193
8,2237
27,223
27,237
8,184
7,3171
8,1436
8,1658
8,2012
8,2358
8,1972
8,1371
25,1158
25,871
8,4159
8,2153
7,2750
8,2271
8,3220
8,2616
8,1965
8,1803
25,1087
8,1937
8,2216
27,718
8,3381
25,897
8,3276
8,3055
8,828
28,776
8,1417
8,2544
8,2775
8,2102
8,1937
8,280
8,1241
8,1417
8,352
8,1125
25,2313
26,849
8,2828
27,559
26,744
8,248
25,1214
26,1738
8,1937
8,1989
8,370
26,1408
8,1858
25,1805
26,720
8,3421
8,1385
26,935
8,3460
26,568
8,2547
8,1595
26,466
27,518
26,692
1,3991
27,439
26,520
26,1440
26,381
26,633
26,932
25,761
26,377
26,1047
26,1105
0,2463
0,4092
0,312
0,201
1,2729
25,798
26,1058
28,693
27,643
26,735
27,356
8,918
25,202
26,529
8,435
8,826
26,733
26,953
8,2424
8,2567
8,2174
8,1038
8,1726
26,591
28,846
26,328
8,3002
26,792
8,1299
27,86
26,1068
8,2783
27,292
26,1215
27,795
27,582
6,2169
1,1350
1,1626
26,570
25,1494
26,1042
26,999
26,1285
26,350
25,888
8,2130
8,286
28,592
8,2429
0,3638
0,4196
0,263
0,2886
25,1318
1,1446
26,561
26,658
25,709
0,3011
26,788
26,597
26,1017
8,2148
8,949
8,1889
8,635
1,1406
1,1109
25,1251
26,1092
0,1766
26,835
26,581
26,911
26,659
26,742
26,492
25,226
28,748
26,366
26,766
27,527
25,1358
8,2037
8,2313
26,1157
8,2754
8,2149
26,366
8,1817
8,2480
8,1940
8,1798
8,1382
8,1955
8,1890
8,1611
8,1296
8,1848
8,1957
8,2178
8,2315
8,2754
8,2514
27,500
27,213
8,2290
8,493
8,1533
8,1569
8,676
8,1798
28,1403
27,309
27,869
8,592
8,3010
26,934
26,1320
8,946
8,815
8,1883
8,1725
26,892
25,337
25,294
26,969
26,1136
26,938
25,333
26,1052
25,1021
27,762
27,1307
26,1289
26,596
25,495
27,56
28,290
28,458
26,1563
8,768
8,286
25,673
26,990
8,764
26,1425
26,284
27,278
26,842
25,851
26,802
26,521
26,474
26,1226
26,618
25,1270
26,204
26,903
26,154
26,507
26,389
25,443
26,757
26,891
26,597
26,1358
25,219
26,323
8,1116
26,293
26,477
26,153
26,655
8,2510
8,1580
8,925
26,1634
8,733
8,2279
8,1694
26,1009
8,906
7,794
8,2054
26,638
8,2405
25,2033
8,2777
8,1530
8,1062
8,2786
8,3969
8,729
8,2042
8,2451
8,2718
8,2562
8,3077
27,605
8,2723
8,1785
8,3725
8,2098
8,1443
8,1564
8,971
8,2209
8,1622
8,1358
8,1818
8,2061
25,293
28,1379
8,1755
8,2285
26,1704
8,1807
25,261
8,519
8,1496
8,675
8,914
8,1831
8,1781
8,2650
8,1255
26,1555
26,497
8,458
25,637
27,860
26,1638
26,356
8,1708
25,537
8,3174
8,2013
26,731
8,1243
8,1893
7,733
8,2058
8,2434
8,2109
8,900
26,732
8,1276
26,1249
26,440
8,196
8,2539
26,752
26,911
8,1946
26,1150
27,225
8,1339
25,1010
27,170
26,600
26,983
11,2099
11,1925
11,2495
11,2121
11,1970
11,1832
11,2041
26,129
26,2190
26,522
25,609
16,2701
25,477
25,524
25,303
26,1035
27,385
28,759
16,3884
25,195
11,1994
11,1501
25,1206
11,2334
11,2620
23,1139
11,2579
26,2998
11,1931
26,1487
25,75
27,182
16,3872
16,3754
25,210
25,121
16,4223
26,1402
26,857
16,2481
26,821
28,68
27,236
16,2139
16,900
16,1331
26,160
27,280
16,1146
27,316
26,1616
26,483
16,3481
26,1782
26,696
27,868
27,453
25,201
16,2690
16,1724
16,1392
16,982
25,80
26,568
26,1635
26,558
25,711
27,630
26,358
26,588
26,344
26,976
25,2430
11,964
18,2300
12,412
11,2182
11,2196
11,1688
26,760
26,1852
26,559
26,895
27,611
26,639
26,618
26,963
26,1054
26,958
26,463
28,888
11,1678
11,1573
25,1036
26,913
27,447
25,311
25,389
25,786
26,317
11,2618
25,884
11,424
26,1317
25,672
26,608
27,284
26,1078
26,873
26,860
26,466
26,413
25,859
25,678
25,640
25,1206
25,1420
25,939
26,1203
11,764
25,543
11,1976
11,2129
10,1924
26,475
25,1529
26,641
26,462
26,579
26,153
26,285
26,416
26,761
25,1949
26,943
26,1107
26,1010
26,423
26,624
26,561
10,1283
27,812
26,2202
11,935
11,590
11,1938
27,731
25,586
25,1013
25,896
11,1907
27,846
25,475
11,2496
11,1342
11,877
25,400
27,241
25,1659
11,2112
11,1648
25,475
27,278
26,1266
26,552
26,181
11,2486
11,1631
11,1795
26,1628
27,471
25,559
11,1230
11,2092
25,1201
25,802
27,802
28,112
26,881
26,1118
11,1560
25,378
26,748
26,1313
11,298
18,565
25,1653
26,1193
26,426
11,2808
11,1896
11,1324
27,313
11,2363
11,575
26,762
26,589
26,60
26,1255
26,1311
26,1178
26,800
25,681
26,1260
26,730
26,668
27,220
26,663
26,288
26,1158
26,608
26,518
26,317
25,207
25,912
26,1359
26,328
26,1308
26,701
26,758
26,630
26,1027
26,448
26,1525
27,903
26,1343
26,723
26,423
27,174
26,537
26,734
26,885
27,227
27,535
26,1190
26,700
26,901
26,179
26,880
26,855
26,369
26,112
26,776
25,1233
26,1840
25,1599
25,1561
25,305
25,1113
27,918
27,1333
26,273
25,1241
26,1211
26,767
26,1063
26,1638
26,1465
25,626
26,962
26,772
26,2015
26,553
26,1127
25,1988
25,502
26,892
25,1597
26,829
25,505
25,1207
25,342
25,1355
25,2050
27,1321
25,2075
27,1332
25,2272
25,564
25,252
25,348
25,386
25,779
25,1894
27,1332
25,3792
27,574
25,1797
25,1223
25,1387
25,249
25,1088
27,1567
27,329
25,1587
25,335
25,711
25,302
25,1432
27,1125
25,1983
25,1095
27,1080
27,764
26,859
25,1201
26,704
26,499
25,1514
26,1301
26,601
26,441
26,1046
26,724
26,408
26,817
26,950
26,731
26,813
26,754
25,961
26,1513
25,350
26,759
26,1565
26,655
26,71
26,796
25,1616
26,196
25,1745
25,3873
27,1104
25,424
27,1084
25,1631
25,172
25,568
25,1777
25,1554
26,1235
25,1367
26,749
26,910
26,767
26,2639
26,419
8,2328
25,1254
25,1756
26,866
26,844
25,637
25,533
25,916
25,679
26,102
26,809
27,1004
26,1334
26,313
26,639
26,349
26,789
26,1631
26,707
26,693
26,845
26,522
25,1411
27,217
26,676
26,225
25,930
26,531
25,611
27,604
27,306
26,1446
26,127
26,718
26,414
26,359
8,514
26,1462
26,727
8,1461
25,1245
25,2436
25,1479
25,780
25,961
25,1653
25,1080
28,693
25,3908
25,3004
25,2327
4,573
25,2817
27,470
27,1682
25,2716
26,1108
26,329
26,1153
26,1187
25,408
25,708
27,611
25,1668
25,255
26,308
26,179
26,753
26,200
26,415
26,1119
26,1999
26,506
25,692
26,428
26,966
27,679
8,237
26,485
25,578
25,804
26,686
26,1341
26,749
27,683
26,296
26,1050
26,437
26,972
25,410
26,785
26,1615
26,1004
26,588
27,484
26,870
26,1102
26,517
26,220
26,859
26,709
25,822
26,1555
26,773
26,741
26,686
27,237
26,791
25,826
26,1203
26,376
26,736
26,943
26,588
26,923
26,477
26,871
11,1922
26,873
26,516
26,1081
26,1170
26,782
11,1686
26,641
26,1415
26,412
26,136
26,711
26,945
11,1293
25,461
26,617
26,770
26,33
26,161
26,104
26,861
26,484
27,882
26,1289
26,906
26,368
26,876
26,604
26,1441
26,503
26,412
26,87
26,1189
26,319
26,629
26,604
26,869
26,889
26,821
25,548
26,1214
26,832
26,641
26,1019
26,1130
26,692
26,364
25,490
25,802
25,982
26,671
26,1182
26,658
25,217
26,109
26,977
27,928
27,607
27,681
26,1253
26,1092
26,1181
26,1129
26,1538
11,2429
25,572
26,1181
25,676
27,279
26,552
26,651
26,275
26,567
26,494
26,1027
26,303
25,638
26,844
27,242
26,569
26,799
25,1109
11,2797
25,1755
11,1536
11,1429
25,1016
25,1569
28,114
26,459
26,250
26,269
26,895
26,383
26,290
25,723
25,328
26,240
26,576
26,1184
26,525
26,911
26,680
26,757
26,602
26,1467
26,543
26,529
26,606
26,1246
26,1205
26,718
26,335
26,445
26,828
26,1247
26,557
27,320
26,393
26,1178
26,310
26,858
26,1992
26,838
26,912
26,992
28,830
27,550
26,829
26,1364
26,42
27,401
26,992
26,150
26,563
26,825
26,1039
26,1080
26,609
27,666
26,430
26,689
26,547
26,509
26,817
26,872
26,287
26,632
26,1240
26,594
25,295
26,573
25,961
26,422
26,770
26,1205
26,610
26,377
26,648
26,322
26,1178
26,1697
28,353
26,851
25,756
27,530
26,638
27,406
25,372
26,1034
26,486
25,198
26,514
26,291
26,1007
26,528
26,545
26,787
26,468
26,1484
26,681
26,682
26,830
26,277
26,789
26,377
26,182
26,593
26,1732
26,688
26,286
26,395
26,403
26,1464
28,423
26,163
25,529
26,326
26,1076
8,1068
26,1290
11,3074
11,524
26,1039
11,4046
26,587
26,1379
25,268
25,679
27,561
26,1026
27,772
26,753
25,950
26,1281
26,892
26,1169
26,1352
26,337
27,146
25,817
26,575
26,921
26,286
26,1659
26,948
26,864
25,573
26,834
25,212
26,287
11,2366
11,997
11,580
26,455
11,1995
26,1324
25,133
26,480
28,209
26,954
11,1211
25,589
11,1259
11,2873
25,545
26,1589
27,576
11,1666
11,2226
11,3449
26,860
27,699
27,444
16,469
27,503
16,3037
26,662
16,621
16,4090
16,3978
16,3998
25,458
16,5734
16,4862
16,1938
16,3573
16,5455
16,932
26,563
16,1682
16,4671
16,6040
16,2857
27,573
25,258
16,4728
16,2802
16,4790
16,2783
16,6016
26,655
16,5821
25,561
25,303
16,4729
27,462
16,3407
16,4412
27,280
16,2118
16,3068
28,861
27,109
16,2820
16,440
27,539
16,1049
26,1251
25,47
16,3484
16,4269
16,1139
26,367
26,941
16,5212
25,130
26,337
16,2383
16,3012
26,548
16,5129
16,2320
27,743
27,590
16,5289
16,2368
16,884
16,1423
16,2873
26,1497
28,774
16,917
26,1070
16,2189
16,326
27,156
16,2683
25,1455
16,3498
16,2285
16,2904
16,1255
28,1038
25,251
25,150
16,804
16,3511
27,634
26,321
16,3086
16,3506
25,561
16,2160
16,3630
16,3211
28,764
26,946
27,493
16,1319
26,1633
16,3252
26,1144
16,4955
16,4369
25,1506
16,3466
25,859
16,3016
26,693
25,803
26,1826
16,4351
16,3324
16,3238
16,2294
16,1890
16,3099
25,373
26,1452
25,658
26,169
25,588
26,1006
16,2417
26,1447
16,4778
27,668
16,4697
16,4488
16,1983
26,1330
16,1167
16,2527
16,3879
16,1031
16,3422
25,1148
26,1361
25,905
16,2081
27,734
28,1154
27,1178
16,3801
16,2850
27,483
16,4701
25,229
25,678
25,264
16,3737
16,509
16,2792
16,1773
16,1707
26,1713
26,1505
26,780
16,3201
26,440
26,877
16,2473
26,1127
16,1564
26,599
16,2663
16,1000
16,4640
25,291
25,394
16,3017
16,1578
26,757
26,905
26,1971
26,853
26,503
16,771
16,2742
16,2141
26,1219
16,3113
16,2048
16,2809
16,1625
27,995
16,2785
27,1049
16,1107
27,790
25,476
27,736
27,1162
26,484
26,681
16,1654
26,434
26,706
16,3350
28,636
16,1538
25,706
27,250
26,936
25,211
28,493
25,277
25,344
26,1019
16,2464
16,1564
16,3107
27,153
16,1505
26,1155
26,970
26,1208
16,1379
16,1601
28,655
16,746
26,1827
16,2431
16,3127
16,3288
25,1049
16,3048
26,1331
16,2924
25,968
25,406
27,792
16,1163
16,1018
16,2841
25,109
25,273
26,212
26,998
26,210
25,781
16,1996
25,599
16,2225
27,1559
16,1789
16,2555
26,1109
26,2084
16,2506
26,1109
26,901
16,1785
27,297
16,2527
16,1758
16,2633
16,3148
16,2388
26,2096
16,2494
16,1092
27,470
16,2108
25,835
16,2120
16,1179
16,2146
25,622
16,2056
25,340
16,1844
25,127
16,1393
16,3100
16,1015
16,1166
27,545
16,1660
26,625
16,968
16,4350
16,4442
16,2834
16,2994
25,290
25,964
16,1221
16,1998
27,271
16,1319
16,1380
26,804
16,2757
25,402
26,1334
16,3132
25,142
27,88
27,345
27,344
16,2333
16,1427
27,276
26,1126
16,1939
27,493
16,2972
16,2767
25,137
16,3561
26,2328
16,2921
25,580
26,460
16,1057
16,2806
16,2491
25,340
27,599
16,3316
16,3291
16,2512
28,727
16,2598
16,1067
16,2301
25,314
25,241
16,2612
16,2682
27,310
25,986
16,2108
27,288
16,3937
16,4840
16,3086
16,577
26,1688
16,1234
16,1709
25,683
26,1139
25,669
27,369
16,2942
16,1537
25,699
26,1056
16,3053
16,3261
16,1527
26,1083
25,221
27,458
16,2711
16,2683
16,2379
16,3379
25,244
16,699
26,717
26,366
26,162
16,3159
26,389
16,385
27,452
16,3675
16,776
25,878
16,2430
26,2549
16,3279
16,3335
25,238
16,1967
16,3642
25,803
27,1525
16,3628
25,1339
16,2011
26,613
26,1099
16,2502
26,1171
16,1509
16,4076
28,472
16,4313
27,1740
16,2096
16,2781
16,1033
16,2914
16,2518
26,1331
16,2594
26,1053
16,519
16,3308
16,2719
16,592
16,1548
26,1255
25,312
16,2267
27,572
16,2646
16,2809
25,92
16,3367
25,305
16,3002
27,306
16,1664
16,2809
16,2026
16,1921
25,298
16,1767
25,271
27,958
16,3022
16,3372
16,1970
16,1118
26,1106
16,2574
26,353
16,1015
26,285
16,1179
16,2936
16,1040
27,718
26,1167
27,213
16,2835
16,2187
25,219
26,1264
16,2573
16,2008
16,1200
16,2759
16,3694
27,519
26,1376
26,382
26,881
26,209
27,446
25,358
25,407
25,827
26,1533
16,1615
26,1067
26,839
16,1964
25,1084
16,3114
16,2807
26,1068
16,2129
16,2550
26,615
16,3139
16,1861
25,146
16,1613
16,1898
27,648
25,773
16,3335
16,1714
16,2871
26,616
26,1311
26,937
26,1594
16,2302
16,1521
27,175
16,415
16,2346
16,2713
26,949
26,699
26,245
16,1538
25,580
16,3653
16,1237
16,2112
16,938
26,1173
26,535
16,1336
27,447
27,738
25,832
16,1194
16,2465
16,2401
16,2284
16,2796
16,2018
26,980
26,959
26,452
25,313
16,2077
28,846
25,680
8,1072
8,1565
25,307
27,300
8,1052
8,345
8,1858
26,1315
28,802
25,302
25,658
8,2405
8,1875
27,174
26,779
26,1468
26,390
28,484
8,3006
8,2434
26,1709
8,3054
25,1621
8,1460
8,1544
8,344
8,787
8,1042
8,1530
27,806
8,2569
8,134
8,842
8,1951
8,851
8,2924
8,3140
8,1812
8,1330
8,256
8,2012
26,386
8,3377
8,1035
8,2842
8,1699
8,1821
8,2826
25,1290
8,2337
26,1340
8,1243
25,1007
8,1742
8,2122
25,371
25,277
25,587
8,129
8,2149
25,759
25,497
27,578
8,2034
27,852
26,451
26,769
8,1451
8,1278
8,2627
26,1608
8,686
8,1080
26,878
8,1519
8,2769
8,2707
8,2077
8,729
8,1906
27,596
8,2808
26,365
7,2822
8,1321
8,2746
8,1340
8,2114
26,1459
26,1240
26,1161
27,379
0,2716
0,3167
0,2191
25,366
8,934
26,710
0,1794
26,1763
1,1679
1,2478
5,2206
1,1543
1,1343
1,3323
26,883
25,754
8,2958
27,207
8,1442
27,835
26,570
26,527
28,798
26,736
26,1383
26,429
26,103
0,1373
8,2668
8,2073
8,1387
26,751
26,1198
25,768
26,943
28,783
26,218
0,2980
26,861
26,957
26,754
25,982
26,141
26,1103
1,2117
26,1162
6,2717
1,2665
1,2353
1,423
28,160
0,1723
1,682
0,1350
27,193
28,853
0,1717
25,1091
0,1887
1,1754
26,741
25,212
25,309
0,2933
0,861
0,2886
0,1495
0,583
25,552
0,1101
1,1073
0,575
0,359
26,1059
26,523
26,2100
8,1750
1,978
27,408
1,3865
6,2244
1,3335
1,758
1,294
1,1181
8,730
26,1005
28,702
27,907
8,1058
8,2216
8,99
25,226
8,869
26,521
8,1318
8,3101
25,138
8,2437
8,2904
8,1489
8,1081
8,982
8,1645
8,4039
8,2759
8,1440
7,1432
26,597
8,2929
8,1303
8,1768
8,2362
8,2521
8,2146
8,3168
8,1977
8,1934
25,1189
8,1883
8,2368
8,2244
27,210
25,865
8,2522
8,2842
8,589
26,1935
8,1652
8,2842
27,1060
8,664
8,2231
28,1058
8,3109
26,1449
8,2004
8,2980
8,3200
8,1900
8,1915
8,2819
8,2259
8,2359
27,806
26,807
8,1123
26,1414
8,387
8,1528
27,170
28,147
8,3778
25,921
25,420
28,513
8,722
8,791
8,246
8,826
8,4605
8,2146
8,1899
8,2397
8,2835
8,4176
8,1650
26,1448
26,941
8,2511
8,787
8,2207
8,2227
27,472
0,2647
25,325
27,648
6,1781
25,147
26,1173
26,1476
0,3087
27,636
28,853
0,884
0,3163
0,2052
6,2268
1,1176
28,997
25,447
6,4424
0,2505
6,1233
26,857
0,3338
0,3115
0,1983
0,1306
6,2672
0,5066
0,2951
26,941
26,955
27,809
27,624
0,3528
0,2325
0,1673
0,2591
0,3604
25,252
25,621
0,4204
6,3806
25,1341
0,3953
0,1592
0,1903
0,2430
28,728
27,643
0,980
1,2732
1,3563
0,1147
0,3103
0,4781
0,1970
0,2509
0,7184
27,1199
25,117
25,218
25,778
27,269
25,342
28,689
5,2542
27,213
27,784
25,122
25,980
5,3214
25,330
0,3334
0,3752
0,3089
0,420
0,1063
5,1729
26,1338
25,995
25,151
27,996
25,840
27,207
27,167
27,342
27,811
27,438
25,814
27,1316
27,552
27,273
27,1313
27,509
27,341
27,434
0,2111
25,537
0,1638
25,962
25,882
28,683
25,242
5,2570
27,690
25,228
27,1009
25,825
26,978
0,3358
0,1783
0,4218
0,1922
5,1025
5,2432
0,1756
0,3904
0,1123
0,935
0,2087
0,771
25,1399
0,848
0,1590
0,2905
0,1002
0,2945
0,3490
0,2434
25,1198
0,355
26,894
0,3003
26,2435
0,1711
0,769
0,2340
0,2916
27,1146
27,475
27,588
27,1312
25,1686
25,1409
25,401
27,1789
27,724
25,1071
27,1696
25,990
25,1168
28,565
26,688
0,3071
5,2164
28,573
5,41
0,1836
0,505
27,590
0,870
0,1107
0,3017
0,2835
0,3456
0,2303
0,425
0,1002
0,1064
0,785
6,3482
0,1446
0,1577
0,1800
0,4185
0,1304
0,1130
6,3887
25,62
25,854
0,2690
0,1685
0,1548
6,2202
0,986
6,3640
0,2425
27,406
27,469
25,182
27,682
0,991
0,604
0,1962
0,757
26,766
0,2793
27,445
0,3004
0,2127
0,3760
0,2693
0,1444
0,745
0,2830
0,3175
0,1877
25,1524
0,1683
0,3576
0,1828
27,124
6,3067
0,1033
0,893
0,351
0,2224
5,2332
0,1983
25,192
28,620
25,468
0,4083
0,838
27,791
0,2807
0,2749
0,3361
0,1596
0,236
0,3375
0,2822
0,2213
0,2865
25,1460
0,3900
0,1062
0,531
25,628
0,1819
0,3208
0,1309
26,1258
0,3634
0,1317
0,1087
0,2369
6,3126
0,2116
0,914
25,1083
0,1457
27,585
0,1326
0,1408
0,1391
0,1558
0,3385
0,3018
0,1125
0,777
26,745
0,1673
0,1745
0,809
0,3122
6,2510
6,2205
0,1944
0,2366
28,1107
5,1627
0,1597
0,2323
0,1189
0,1249
25,918
5,1673
26,1156
0,2087
0,1746
0,4038
0,1115
0,2266
0,3968
27,387
0,1710
0,1613
25,1018
0,2531
26,1203
27,411
0,1029
0,523
0,1763
0,1874
0,2271
0,669
0,2592
0,1531
6,2429
25,748
0,3684
27,619
0,3759
0,2877
25,1626
0,3492
28,1075
0,1910
0,2956
27,612
0,3228
27,29
25,990
0,787
0,1694
5,2171
0,1129
0,1914
0,2253
0,1144
25,1890
0,1631
0,1836
0,2148
0,1615
6,1762
0,1407
27,655
27,253
0,2037
0,1851
0,2106
0,2200
0,2162
0,3330
0,3474
0,2894
0,857
6,1668
0,2735
1,2739
1,877
26,1373
0,1665
1,1293
0,3012
0,3913
28,763
1,1593
1,198
27,537
0,1846
26,2502
1,857
1,925
1,2280
0,2799
1,1572
1,2619
0,1770
6,1472
1,2249
1,1969
6,1769
1,763
1,1197
1,651
1,1230
1,3052
1,2016
1,2201
25,422
1,1509
27,336
1,527
0,1993
1,446
25,69
28,916
1,1597
0,2863
25,1043
1,2427
6,2640
26,828
6,894
0,1015
1,1614
1,1861
1,2170
0,2027
26,1458
0,2592
0,915
26,465
0,1452
0,1647
0,1887
1,1555
1,2042
0,2195
27,301
1,2967
6,3877
0,2995
0,3161
0,1781
0,3323
0,475
7,2492
0,3089
0,2517
6,2159
0,1279
0,132
0,2495
0,1706
0,832
0,1735
0,1684
6,2164
0,2858
0,3532
6,1609
0,4380
0,1403
0,1696
27,555
6,3089
0,1429
25,207
25,404
0,2651
26,1434
0,3031
26,730
26,979
0,2157
26,760
6,1763
26,132
1,884
0,4008
25,1217
0,1308
27,703
27,685
27,478
27,496
27,577
6,2172
27,572
27,653
0,2398
0,4197
0,3007
1,1400
0,1724
25,1384
0,2350
0,2082
1,2418
0,1046
1,1103
0,1013
0,1158
1,1279
0,1726
0,2084
1,2735
1,2375
0,2043
0,1764
1,1354
26,816
0,1510
0,1547
0,699
0,2228
25,986
0,986
25,311
0,1943
1,2115
0,2006
0,889
1,1543
27,730
0,2100
26,584
26,1076
26,719
0,2521
26,815
27,605
0,1450
0,2029
25,153
1,1957
1,1411
0,1960
1,907
1,743
0,1430
1,1976
0,2226
6,2067
0,1548
0,1983
0,1647
0,1113
0,1203
1,806
0,2254
1,3448
27,263
1,468
0,1558
1,2475
26,1301
0,1150
1,2625
1,2488
0,3548
1,2696
1,1625
1,1651
5,1825
1,3090
0,3698
1,385
0,459
1,2486
27,1307
1,1060
26,1246
0,565
27,587
0,1424
0,396
0,446
0,2183
1,2218
1,2065
0,1603
0,2768
0,338
1,386
0,2120
26,841
1,3472
26,482
0,1775
0,4640
0,4159
0,2232
1,1299
1,1715
1,924
1,1145
1,920
0,819
1,1623
26,1052
27,863
0,2928
6,1599
1,1576
1,1589
27,880
0,1935
26,1091
25,496
1,2117
0,923
25,916
26,1663
26,430
27,719
0,1533
26,631
27,704
26,1288
1,2207
0,926
1,1292
0,2229
0,1488
0,2955
0,1201
0,542
0,2585
0,1116
0,1273
0,1837
25,1104
26,629
0,1456
1,2107
0,2372
0,631
0,645
0,636
1,461
0,146
1,2016
0,1271
0,2053
0,2061
1,853
1,391
1,1464
1,2348
1,1817
1,908
0,1244
0,1059
0,1992
0,1380
0,1722
0,1241
0,834
1,2607
1,2825
1,1487
1,1206
1,1880
1,1981
0,2370
25,486
27,143
0,623
1,1534
25,585
26,1032
26,212
6,1222
0,2286
1,1631
26,1229
28,168
6,1289
26,882
1,2387
1,604
1,905
0,3076
1,2761
0,2296
0,102
28,1058
27,674
1,3584
25,769
1,1097
1,2895
0,1330
1,1691
1,1308
0,3002
0,2719
0,1710
27,549
0,2010
25,826
1,1529
5,2794
1,1733
1,2347
0,1060
1,1136
1,1454
1,1029
0,3022
1,1657
0,2269
0,1997
0,2049
25,484
0,2239
1,477
0,952
0,1444
26,1609
0,2601
0,1986
0,1585
26,521
1,631
25,984
28,843
1,1719
16,2524
25,173
25,320
26,1097
16,3114
16,2614
16,1854
16,772
25,701
27,279
16,1594
16,1957
16,1735
16,2959
27,629
27,789
25,556
11,1563
26,369
11,3283
11,791
25,839
16,2573
26,468
25,587
16,1829
27,434
27,595
27,663
26,675
16,2444
16,2391
16,888
27,245
16,3414
26,1486
16,1974
26,417
16,1108
16,3686
26,1290
26,1489
16,1882
16,2461
16,1048
16,1733
25,248
16,1794
26,1602
16,2199
16,1069
16,2893
16,1696
16,2533
26,856
16,2706
16,2696
26,214
26,690
16,1472
25,977
25,704
16,1955
16,2505
25,573
27,271
16,2337
27,649
25,902
26,525
26,4149
26,919
26,708
26,1210
16,860
16,1362
16,947
26,952
25,390
27,163
28,248
16,4150
16,2655
16,847
16,1527
25,668
16,3200
16,2194
16,3277
16,1679
16,1864
27,176
25,605
26,787
16,3726
16,1493
26,833
26,1378
26,701
16,2098
16,2378
27,501
16,2205
16,2021
27,1156
16,2555
26,545
16,1485
27,99
16,421
26,1655
27,813
26,1101
16,3001
16,1666
16,2713
16,1452
27,155
16,3397
16,1057
26,815
16,2955
16,1110
16,1515
16,1988
25,246
16,2715
16,3390
26,870
26,1675
27,759
16,2888
25,422
16,2991
26,1077
16,2962
16,2069
26,713
26,968
26,753
26,130
16,724
26,1462
16,1269
28,1224
16,1297
16,1986
26,1780
27,407
25,88
26,436
26,1465
16,2476
16,3202
16,4571
16,2717
26,1303
16,2369
16,3723
16,2093
16,2052
16,3798
25,662
25,262
27,191
26,1509
26,1062
25,396
25,103
25,301
25,999
26,922
26,849
26,1267
25,225
8,362
8,2109
7,1216
8,861
28,82
8,1192
26,1249
8,413
8,1546
8,1950
26,195
26,924
26,747
26,161
26,546
27,108
8,1681
8,1511
7,1526
8,1957
27,494
8,2727
28,71
8,558
8,2726
8,2002
8,1385
8,1278
8,1855
8,2065
8,936
8,2837
8,1630
8,1873
8,583
25,950
26,1060
8,166
8,1779
8,1970
8,1366
8,2415
27,437
8,1078
26,399
8,2065
8,1302
8,2108
25,860
8,948
8,1341
8,610
8,765
8,1937
8,1880
8,230
25,1083
7,3215
8,1146
8,1692
8,668
8,3932
8,2148
26,1414
8,2209
26,869
8,868
8,646
8,225
8,1739
8,1130
8,2291
8,2143
8,638
27,1331
27,1314
8,1849
8,1861
8,2180
8,897
8,2142
25,166
7,2914
27,288
8,3015
8,3554
8,4427
8,1144
8,2605
8,3472
25,451
8,2122
8,2925
25,1057
8,334
26,858
26,1092
8,1552
8,814
25,1236
26,1678
26,1042
27,404
8,1751
8,2192
7,1834
8,1792
8,321
8,932
8,2644
8,1526
26,814
28,764
8,3019
8,2222
8,2700
8,819
8,1648
8,317
8,3639
7,2099
8,2298
8,1385
8,1935
8,1631
8,1471
8,318
8,753
25,241
8,671
8,878
8,1519
8,2600
26,571
25,795
8,3260
26,665
8,1072
25,227
8,1070
8,423
8,2504
8,2949
8,1646
8,1453
11,2949
11,2514
11,2156
11,3057
11,1447
11,1596
26,1262
26,282
26,600
11,2020
11,583
11,3433
26,1348
27,597
11,1897
26,1392
26,264
11,1180
26,793
26,106
26,557
26,789
26,729
25,927
26,982
26,1404
26,1121
26,1390
25,793
26,768
26,206
26,392
26,364
26,330
25,436
26,399
11,1483
26,1608
26,987
11,3461
26,1112
11,2991
11,1807
25,544
27,446
26,1627
26,548
26,866
11,2212
25,611
25,225
26,739
26,1425
11,3390
11,898
26,224
8,1733
8,1549
27,344
8,1859
8,2632
26,284
7,1918
7,417
8,1094
25,487
26,1348
8,712
8,1340
8,1191
8,1974
8,1996
8,2037
8,2004
8,1659
8,821
26,973
25,1093
8,1583
28,1502
8,815
26,1007
8,251
8,1272
8,243
8,2172
8,988
25,1124
25,325
26,1004
8,641
26,721
26,1213
28,745
26,559
25,230
25,259
8,2404
8,1620
25,803
28,618
26,574
26,393
26,689
26,886
26,128
26,739
26,946
26,231
25,550
26,1009
25,169
26,388
26,451
26,279
26,429
25,437
26,1365
26,634
28,81
26,121
26,642
26,2045
26,1350
26,995
27,570
27,195
26,793
26,545
26,340
26,977
26,252
26,268
26,191
25,249
26,1795
25,700
26,735
25,741
26,1516
26,235
27,604
26,715
26,592
27,877
28,740
26,375
26,1186
26,1120
26,1178
26,698
25,702
26,276
26,201
26,554
26,528
26,392
26,655
26,457
26,1534
26,152
26,730
26,415
26,960
26,348
26,566
25,572
26,312
26,890
26,174
26,1071
26,226
27,512
27,120
26,830
26,877
26,1133
26,773
26,305
26,676
26,231
26,375
26,947
26,647
25,1058
26,404
26,1111
26,676
26,470
26,1658
26,1132
25,332
8,2110
26,223
26,1187
8,777
8,2396
8,3048
26,1024
8,1669
8,2128
8,1773
8,1511
8,2187
11,1898
28,445
26,874
26,449
25,641
28,628
26,1211
26,799
26,589
26,1907
26,1098
25,781
26,864
26,739
26,886
26,1028
26,644
26,1083
25,674
26,1150
26,928
26,562
26,361
26,525
25,561
26,862
26,1383
26,1344
26,1106
26,864
26,763
27,946
27,1829
27,107
25,332
26,1094
26,923
26,760
26,599
26,493
25,558
26,1116
26,562
25,449
26,896
26,420
26,733
26,858
25,706
25,359
26,1230
26,631
26,783
26,1190
26,842
25,345
26,588
26,506
26,589
27,1052
25,235
27,477
26,338
26,832
26,685
26,1024
26,1134
28,233
26,283
26,1055
26,853
26,672
26,930
26,1067
26,443
26,855
26,1168
26,1258
26,803
26,69
26,830
26,279
26,833
26,538
25,351
26,582
26,431
26,486
26,814
28,175
27,492
26,792
27,658
26,499
26,605
26,192
26,676
26,364
26,138
26,769
26,371
25,361
26,1187
26,617
26,888
26,932
26,756
26,475
26,838
26,811
26,380
26,280
26,1214
26,656
26,1236
26,658
26,1084
26,1083
25,970
26,965
26,1402
28,626
26,699
26,792
26,1732
28,542
11,2201
26,974
27,361
26,840
11,1726
26,745
25,903
11,4095
11,1170
26,745
27,469
26,1198
11,3025
26,1574
26,208
27,248
26,1160
25,796
11,1739
26,283
26,287
26,1268
25,647
26,683
26,840
27,163
26,1629
25,619
25,1003
26,1127
25,164
26,647
16,1947
26,314
26,532
16,1382
27,388
26,705
26,161
16,1852
11,1447
28,199
26,928
26,548
11,2596
11,1294
26,494
27,401
27,616
11,2959
25,563
11,837
26,1035
26,875
26,677
26,456
26,23
26,172
25,104
26,639
26,1754
27,307
26,1332
11,2506
27,859
11,1744
26,554
26,674
11,1021
26,297
11,2629
11,1763
26,587
11,1615
11,519
11,1631
25,515
11,1167
11,2225
26,1895
11,626
25,245
11,2771
25,627
16,2920
26,770
16,2142
26,1291
11,1425
11,1736
11,2426
11,1437
26,629
26,899
11,751
26,620
26,652
26,1173
26,621
26,982
26,249
26,1194
11,2110
26,1130
26,1021
25,572
25,409
26,271
26,600
11,301
26,399
11,2199
11,1756
25,491
11,1947
26,1497
26,911
26,193
26,496
27,471
26,1087
11,1304
26,1551
25,308
11,2400
11,2244
26,929
11,2146
27,277
27,201
27,1480
26,170
27,436
16,2573
26,771
26,380
26,333
16,3442
26,333
16,1014
16,4229
16,3056
16,2283
16,3430
26,1387
26,1325
26,713
16,1433
16,2200
26,1148
26,825
26,209
26,1059
26,406
26,510
26,765
27,671
26,876
26,327
25,337
25,120
25,280
27,532
26,202
26,268
26,822
16,2399
26,1244
16,1106
16,2449
16,2332
16,1168
16,990
26,772
16,2253
16,3320
25,88
16,1739
25,499
26,1267
25,814
27,454
16,1655
26,1760
16,2316
16,667
16,3215
16,2817
16,3288
16,3025
27,135
16,1248
26,475
16,3742
16,2618
27,758
26,749
25,438
16,2490
16,2643
28,555
26,1037
26,1407
16,1466
25,442
26,1116
16,3844
16,1496
16,2860
16,2964
16,2251
16,770
27,632
26,1139
25,636
16,2781
25,693
25,641
16,2580
25,610
16,1920
26,631
28,697
16,2235
25,646
16,2848
16,1133
16,2173
16,1093
16,1481
16,1598
25,1173
26,1432
16,2727
11,2490
11,2746
25,468
26,1176
11,2988
26,383
26,1625
11,1747
26,451
27,449
11,2391
26,1101
11,2844
25,632
11,2900
25,337
25,58
11,2656
11,2354
11,1447
11,1100
11,3877
26,2388
27,211
11,4051
27,726
26,1268
26,788
25,676
25,141
26,422
11,2174
11,995
25,667
25,208
27,225
25,118
25,253
26,1235
26,1226
16,1122
16,1005
16,2215
26,326
11,2841
11,704
26,959
26,1239
26,969
11,2330
11,2311
11,3025
26,589
26,946
26,921
25,953
26,1120
16,2398
16,1138
16,4039
16,2083
16,1428
16,1871
16,2803
16,2208
16,487
16,1918
26,1122
16,2080
16,2307
26,827
26,1049
16,2182
16,1998
16,2970
16,2126
28,482
25,990
16,3134
26,842
26,1000
26,700
16,1039
16,2079
16,967
16,3738
16,2372
16,2412
27,827
27,459
27,422
16,946
16,3036
26,610
26,925
26,1580
16,3368
16,3153
16,2125
16,2636
16,3645
16,3192
16,3254
16,2650
16,2392
16,3169
26,869
8,2609
26,875
8,866
8,2275
8,1458
26,851
8,2925
8,3118
26,824
26,1093
8,2560
8,1002
8,377
8,980
8,2832
8,1651
26,549
26,54
8,2258
8,1667
8,1716
8,2140
8,3129
27,248
0,667
0,3515
0,2531
6,1623
0,1526
0,3961
0,3595
27,309
25,1256
5,1174
5,1750
25,186
25,341
25,270
28,669
25,199
26,1066
6,482
6,1600
0,1445
0,1520
0,1070
27,436
0,3762
25,816
0,1218
0,685
0,2953
0,773
0,2553
0,1076
6,1986
0,1777
0,2344
6,2224
0,1228
26,1647
0,2773
0,184
0,2623
0,2358
25,343
6,1582
0,1099
0,2641
25,1024
27,78
0,2326
0,2581
0,3458
25,1346
0,2125
1,1128
1,490
1,1898
0,1838
27,536
0,1444
0,3933
28,1648
25,1106
0,982
0,4393
26,1752
0,3288
0,1462
0,2857
27,542
6,3688
0,2762
26,1087
0,2355
0,3673
1,2434
0,1451
25,1387
0,1356
0,241
25,715
25,652
26,327
0,489
1,1569
1,2966
26,2063
7,1873
26,562
1,1870
25,802
1,3467
1,299
26,364
25,526
5,2426
28,257
26,900
8,2543
8,1322
8,2648
26,563
8,3521
1,2321
0,1127
1,3493
0,1476
1,1148
0,1912
26,1132
26,421
1,1267
1,1386
0,2063
0,2513
0,1514
0,1372
0,3400
25,284
0,1978
26,1180
1,1326
26,2335
0,2253
0,924
8,1736
26,621
8,2283
8,2767
28,597
26,895
26,274
26,92
25,250
25,658
26,767
26,826
26,631
26,716
26,549
26,233
26,956
26,746
25,414
27,713
26,697
26,151
26,546
26,1624
26,630
26,1860
25,681
25,411
28,1271
8,1737
8,1535
7,2606
26,852
8,520
8,793
8,1189
8,2446
25,194
8,2347
26,1035
8,2059
8,2866
8,2007
25,1125
26,1059
8,1912
8,994
25,712
27,390
8,2406
8,2724
8,2686
8,2087
8,903
28,190
27,707
8,2557
8,1082
8,2484
8,2975
25,123
8,1073
25,376
25,914
8,2507
8,4447
8,1425
8,388
26,427
26,1055
26,1525
25,1134
26,1190
25,1070
8,1038
26,1124
25,257
8,2104
26,96
26,1261
26,787
26,1372
8,1346
8,193
8,405
8,1103
8,1959
8,1043
25,905
8,1430
8,1525
26,366
8,1764
8,819
8,599
26,274
27,361
26,996
26,680
26,1170
8,573
26,1213
26,1199
26,363
25,926
26,632
26,658
26,416
26,990
27,517
16,1339
16,1713
26,1460
16,2802
26,1990
25,331
25,128
26,540
16,4856
16,1643
16,614
25,1412
26,1225
16,1989
25,446
25,462
26,559
16,804
26,1169
27,819
26,1503
26,428
27,635
25,267
16,293
18,2185
16,1872
26,498
16,3144
16,2791
16,1993
16,1942
25,866
16,2020
16,2656
26,1249
26,573
26,739
25,617
26,591
27,670
25,1057
16,1939
16,3094
16,3475
16,1276
25,938
26,870
25,90
25,538
25,250
16,2905
16,2203
16,616
16,2390
16,2335
16,3117
25,1577
25,951
16,2335
25,363
27,1294
16,3115
26,1153
16,1932
16,2801
26,558
27,511
26,1711
27,932
27,546
27,539
26,609
16,1964
16,2490
16,3287
16,2553
16,2621
26,725
27,429
26,142
26,1624
16,1717
16,1020
16,1230
16,4447
16,1548
16,2895
25,589
16,2189
16,1354
16,2307
26,1664
26,562
16,1798
16,479
16,2147
26,976
16,2113
16,2420
26,723
25,151
26,1479
26,2244
16,943
16,353
16,1126
16,2527
16,3566
16,1239
25,783
16,1156
16,2072
16,2147
26,1277
26,968
16,1071
16,1004
26,1194
16,2454
16,452
16,2604
16,938
16,1923
25,1373
27,268
16,1010
16,915
26,1093
16,2675
16,2011
16,1717
25,637
16,2982
26,652
25,712
26,578
16,3181
16,2315
25,636
16,2603
26,330
25,257
26,884
25,435
16,1080
25,442
16,2309
26,1092
16,2119
27,1149
16,2492
16,1816
27,1538
16,1579
16,1140
27,816
16,2610
16,861
16,2895
25,128
16,2369
28,840
16,598
16,2086
25,966
27,740
16,1265
27,2165
25,502
25,706
26,1795
25,101
26,621
26,1516
26,727
16,2494
27,544
26,106
27,189
27,1292
16,1285
27,1621
16,2577
27,389
27,489
26,838
26,1419
25,845
16,3502
26,976
16,5395
26,881
27,332
25,300
27,320
16,4063
16,1478
16,3175
26,1089
16,1837
28,345
16,2197
26,331
26,934
26,833
26,1518
27,451
25,1019
11,4988
26,1266
11,2075
11,2263
16,3723
26,614
26,1335
26,1703
11,2250
11,2624
11,2170
26,937
11,2416
27,486
11,5653
27,875
26,387
16,1379
16,828
25,188
16,2376
27,674
16,2604
16,4794
26,1381
16,2544
26,1372
26,1405
16,1857
26,1546
26,1289
16,839
27,415
16,1642
26,1169
27,748
26,349
27,918
27,604
26,548
27,413
16,3827
26,1414
16,2525
25,427
26,2112
26,985
26,1106
27,412
26,1525
26,1686
26,635
27,329
25,886
26,1105
26,898
26,479
26,794
26,400
16,2180
27,408
16,1816
16,2194
25,298
26,927
16,1840
26,1053
26,1029
16,1162
16,2323
26,151
16,220
11,1992
26,1058
11,1017
26,986
26,460
26,386
26,805
26,418
11,2338
28,794
26,808
26,405
11,3325
26,388
26,399
11,2449
26,948
11,1316
11,1610
27,716
27,691
11,345
26,312
11,1415
25,528
26,692
11,1225
26,425
26,1292
27,365
11,1617
25,278
27,1130
26,952
11,807
26,480
25,681
27,691
11,2231
27,1182
26,717
11,2144
26,1416
26,2113
11,1639
26,721
26,872
26,653
26,724
26,683
25,430
26,1543
26,267
26,768
26,1138
26,268
26,504
26,1080
27,1646
26,625
11,1417
27,2004
26,228
28,478
26,129
26,248
26,630
26,502
26,769
26,1068
26,455
25,731
26,1800
26,360
28,791
26,967
26,399
26,707
26,685
25,383
27,132
28,451
25,869
26,604
25,192
26,386
26,1100
26,293
27,666
11,981
26,1010
27,725
27,466
28,535
26,279
26,913
27,203
25,2139
26,965
25,332
26,761
26,656
26,1488
28,183
26,370
26,306
26,87
26,578
26,738
26,594
26,377
26,718
26,549
11,709
26,154
26,478
26,722
11,1605
26,930
26,1320
26,1319
11,1849
26,575
26,980
26,244
27,322
11,1457
11,461
11,3603
11,1100
11,1673
26,1022
26,711
16,1798
26,185
11,1186
26,589
11,957
25,928
26,784
26,466
26,778
26,605
26,569
26,1314
26,1561
26,336
26,699
26,391
25,565
26,1294
26,680
28,561
26,630
26,1193
26,167
27,560
26,809
26,966
26,987
26,295
26,337
26,630
26,185
27,281
26,753
25,239
26,1175
27,498
11,2358
26,621
25,1546
11,2750
11,804
26,851
25,737
27,304
27,582
25,1423
11,1625
11,2069
11,2253
11,591
27,679
11,2435
11,1423
11,614
26,852
26,1118
26,502
11,1860
25,1052
11,1723
11,1888
27,2104
25,1032
11,2814
11,3832
26,961
25,311
28,408
26,953
11,2144
26,1178
26,1444
4,35
26,1512
11,2768
26,1046
26,797
26,684
26,278
28,295
28,429
26,607
26,669
26,294
28,664
26,737
26,423
26,641
27,362
27,1178
27,716
11,3928
11,2671
11,3278
26,1355
11,3278
25,113
26,1364
25,753
26,1000
11,3070
11,1681
27,2006
27,1472
11,2314
26,313
26,882
25,475
27,540
27,963
27,614
25,654
27,146
27,793
27,1576
18,3830
27,476
26,1121
25,250
26,804
26,641
25,317
25,213
27,615
25,41
26,926
26,2549
26,1479
25,531
26,986
26,605
28,1681
26,857
27,197
26,624
26,685
26,698
25,215
26,655
28,710
18,6388
18,188
18,5507
27,501
25,665
25,315
26,1976
26,989
26,1302
26,1783
26,675
26,492
26,661
26,1191
18,7507
26,342
26,263
26,934
25,518
26,176
25,444
26,1550
26,599
26,884
26,647
25,1263
18,3489
26,1748
27,165
8,637
26,1454
26,428
25,730
26,300
26,1319
27,746
26,868
25,1123
26,678
27,478
26,655
26,2207
26,210
26,162
25,283
7,4989
25,234
7,1527
26,636
27,1371
26,1689
25,902
7,511
26,745
25,843
28,783
26,1240
26,798
25,775
26,585
26,411
28,809
26,2466
26,959
25,1483
8,1906
26,272
26,1314
26,740
28,750
27,498
26,664
25,517
26,425
27,417
26,1451
26,895
25,427
25,188
26,826
25,414
26,364
27,400
27,468
26,153
26,537
25,593
26,419
26,1880
26,820
26,109
26,1103
26,605
26,915
26,524
26,2883
26,1045
26,861
26,890
26,665
26,477
27,592
26,574
26,1436
26,1000
26,1325
26,622
25,332
25,360
25,685
16,2663
26,159
16,1921
16,2541
16,2018
16,1683
16,2865
25,89
26,812
26,1132
27,858
16,547
16,1528
16,2768
26,788
26,323
28,736
16,1471
26,1231
16,2635
26,87
16,4142
25,459
27,196
27,1312
16,1900
16,1316
16,419
16,2897
16,2326
16,2266
26,1048
26,666
16,1787
16,2184
26,469
16,1122
16,1689
26,590
16,2125
16,2350
25,780
27,155
25,234
16,1836
16,1847
16,1053
26,1257
26,393
27,315
16,1131
16,1784
16,2919
26,1045
26,973
16,2084
25,374
25,729
16,2790
26,1105
26,1639
26,343
26,1498
26,1259
27,667
16,2856
16,2244
26,492
25,315
26,1060
27,136
16,2299
26,144
16,3353
27,566
26,967
16,2564
26,851
28,414
26,2140
16,2321
26,1304
27,508
16,2524
25,804
26,443
16,3362
16,1888
16,3173
25,228
25,820
26,1821
26,810
26,357
16,1324
26,959
26,975
26,1267
26,1051
16,3466
16,4080
27,383
16,3489
16,304
16,869
26,440
16,773
27,201
11,1421
26,977
16,3055
27,675
26,975
25,701
26,991
26,970
27,428
26,321
26,1574
26,283
16,2820
11,1206
11,2120
26,1084
11,718
26,674
26,968
26,1446
26,713
28,245
26,901
26,992
26,1151
26,380
26,969
26,1119
26,238
26,746
26,632
26,498
27,435
26,860
26,1267
26,449
26,929
27,251
11,877
26,560
11,2126
26,474
26,737
28,168
26,153
11,1787
26,644
26,520
27,1067
26,1018
26,774
25,1129
11,3978
26,374
11,2189
26,770
26,1214
11,2524
11,3790
26,962
25,658
16,3291
27,281
25,675
27,695
16,1343
26,241
16,3470
27,619
16,993
26,1103
27,295
16,1191
25,143
26,942
16,2964
26,638
26,833
16,2073
26,1161
28,260
16,3560
26,1012
16,3114
27,405
27,263
16,2740
26,328
16,1950
16,3230
25,616
16,2625
16,1084
16,2265
16,404
28,1027
26,1052
16,2289
16,1550
16,685
16,2461
25,1995
26,1913
26,1164
16,2304
11,2159
25,713
26,1166
26,1135
8,132
28,403
26,149
27,71
26,924
8,1244
26,460
8,688
27,651
8,1980
8,1975
8,1696
8,180
8,3262
8,2661
8,2061
8,1907
8,599
8,2233
8,2939
7,483
25,85
25,208
25,437
25,320
8,2631
8,970
8,638
8,1336
8,3071
8,2461
8,2500
8,1805
8,2201
26,789
8,749
26,773
26,548
8,1649
8,1919
26,272
26,457
8,936
8,3046
26,899
8,2137
26,1863
8,2543
8,2718
26,434
8,262
25,935
26,1128
8,2777
8,2914
8,1151
8,461
8,769
8,1170
8,2055
8,1849
27,655
8,1679
28,503
8,2930
8,2411
8,2830
8,3687
8,1014
7,2505
8,1912
8,465
8,2223
25,1834
8,1373
28,450
27,763
26,1467
8,2086
8,405
8,1732
8,1330
8,801
8,1856
8,1412
8,2822
27,1110
8,2616
8,1382
25,1863
8,2446
25,887
8,1577
8,1209
8,1486
8,2115
8,1448
8,2971
8,2874
8,2053
8,2208
8,3875
8,1215
8,3364
8,1059
8,1163
28,798
8,2224
25,114
25,628
27,137
27,1312
8,2784
26,1528
27,819
8,2684
26,1452
8,2923
8,3186
8,2368
8,572
25,1007
26,1405
8,1918
8,1613
8,645
8,1858
8,3088
8,3428
8,1896
8,1881
27,698
25,1116
8,1636
8,1969
26,918
26,475
8,2519
8,674
8,1603
8,3290
8,582
8,2017
8,958
8,1902
8,2691
8,2815
27,735
8,2269
8,545
27,342
26,1098
28,914
8,460
8,2348
8,4055
7,3020
8,2248
8,2131
25,1875
8,1998
8,2719
8,944
8,849
8,536
8,2039
8,1828
8,1050
8,636
8,1751
8,2236
28,962
8,1240
27,822
8,2027
8,612
28,811
8,2403
26,1088
8,2171
8,2578
27,298
8,2821
8,1992
8,1947
8,3652
8,1045
8,3046
8,2647
8,4757
8,1353
8,2891
8,1989
8,2604
8,1853
26,516
8,2133
8,3610
8,425
8,1606
7,2322
26,1477
28,306
28,829
8,1996
8,3095
8,1219
8,670
8,2965
8,3239
8,577
8,1636
8,555
8,1483
7,2365
8,650
8,1462
8,3528
7,784
8,2627
8,2146
27,1026
8,3121
8,406
8,2890
8,3387
25,449
25,233
7,1296
26,1073
8,3504
25,401
8,2616
8,456
8,1001
8,1426
8,1725
8,2139
8,1736
8,3417
8,3249
8,1974
8,1572
8,2030
8,1506
8,1645
8,2599
8,2575
8,1715
8,4258
8,2162
8,2349
28,809
8,2021
8,3789
8,5332
26,534
26,858
8,1932
8,793
8,2763
7,2228
8,4508
25,1205
8,2094
8,3274
8,369
8,798
8,2279
8,204
8,3335
8,3779
27,159
8,2525
8,687
8,1675
8,2526
8,2327
8,2579
8,2252
8,1018
28,774
8,2169
8,2419
8,856
8,3145
26,2226
8,1554
8,1957
8,3242
8,1626
8,1037
8,1356
8,1797
8,2570
8,2228
8,1693
26,1173
8,1248
25,977
8,2151
8,2646
8,1702
8,2208
8,2406
8,2221
26,1197
8,1552
8,393
26,905
8,2932
8,3228
8,1932
8,2238
8,355
8,1541
8,3074
8,2306
8,2222
26,1406
26,1132
27,882
8,3082
8,1318
8,2977
8,308
25,1048
27,173
26,1099
25,587
26,852
8,1819
25,320
25,1046
8,864
8,2327
8,1239
8,1286
26,698
26,143
27,330
26,181
26,829
26,647
26,1224
26,316
26,216
27,191
26,1045
25,174
26,1952
26,820
26,256
26,782
26,654
26,219
26,2041
26,1289
26,883
26,799
26,730
26,619
26,546
26,460
25,836
26,833
26,873
26,483
25,463
26,1183
27,377
26,73
26,1363
26,870
7,1224
26,1435
25,875
26,875
26,969
26,432
26,653
26,1393
26,431
26,815
26,815
26,932
26,898
26,939
26,406
26,992
26,1191
27,504
25,885
26,408
26,976
28,370
26,722
25,827
26,1264
26,1776
26,901
26,85
26,899
26,415
26,247
18,258
26,539
26,1242
26,868
18,2496
26,279
26,1717
27,726
26,797
25,722
25,724
26,133
26,1134
26,2028
27,294
25,1143
18,6237
28,872
25,422
26,830
8,2494
26,305
27,529
28,673
26,116
26,862
26,861
26,1046
18,2508
27,360
8,3199
27,841
27,300
26,998
26,351
27,663
26,696
26,517
25,187
26,976
26,1558
7,2835
26,290
26,107
26,754
26,1022
25,136
26,1376
25,51
26,399
26,836
26,754
28,676
25,857
26,1123
26,282
25,194
25,359
28,915
26,1347
25,730
26,745
26,106
26,512
26,1152
25,581
18,3630
25,608
18,5255
26,655
28,257
27,455
26,541
26,2078
26,419
27,432
25,212
25,293
27,622
8,1190
26,1535
25,836
28,536
25,255
26,1265
26,638
28,671
7,3145
26,849
25,505
26,645
27,313
26,377
26,356
11,1775
26,1720
26,1458
26,1218
26,1118
26,812
26,734
26,113
26,1186
26,526
26,435
26,977
26,495
26,416
25,772
27,628
26,773
26,842
26,271
26,350
26,844
26,893
27,323
26,2229
25,1887
26,1107
26,1461
26,635
26,1332
26,1012
26,541
18,1946
26,411
26,460
26,899
25,739
7,1800
26,1169
26,757
26,1248
26,641
26,563
26,780
26,626
26,493
27,703
26,1587
26,729
26,889
26,848
26,230
26,476
26,706
26,878
26,1002
26,932
26,1633
26,575
26,391
27,441
26,349
26,840
26,500
26,387
26,1116
25,230
26,247
26,536
26,675
26,1215
16,1695
25,518
26,520
26,1281
26,844
26,1137
26,563
26,259
26,1638
27,516
27,560
26,359
25,697
25,449
26,1117
25,843
16,4200
16,2426
16,4962
28,163
16,3203
16,5404
26,1054
26,73
26,762
26,1028
26,1003
16,2010
26,230
26,384
26,466
25,432
16,2485
26,828
26,133
26,2069
16,2665
16,2225
16,2146
11,1929
11,2738
26,1069
11,2505
26,467
26,831
26,512
26,904
26,1629
26,790
26,1514
26,916
26,418
26,815
26,727
25,959
26,604
26,664
26,933
26,1602
26,1129
11,2463
27,836
11,1874
25,465
26,1250
11,4443
26,925
26,615
26,1682
26,884
26,435
27,587
11,4809
26,829
26,210
11,3140
11,1251
27,443
11,2511
11,1194
26,409
27,565
11,557
26,1810
26,2140
26,1353
11,2419
11,586
11,2155
26,856
26,1527
26,1146
26,963
11,5155
11,4573
11,3414
26,1416
25,1589
25,425
26,186
26,1220
25,348
27,1091
26,1093
27,386
27,627
26,675
27,1527
25,370
26,1253
26,1100
18,4189
16,4149
26,887
26,303
11,1685
11,1642
11,1645
28,643
26,971
26,262
26,1284
26,990
26,684
26,391
27,299
18,3734
11,659
11,1497
25,456
26,1761
11,925
11,645
11,2207
27,650
26,1364
27,538
11,2767
11,3194
28,713
11,1611
26,801
26,880
25,907
26,395
25,907
25,771
28,212
26,802
26,672
26,684
27,886
25,147
25,404
26,362
26,988
26,368
28,708
27,641
25,284
25,496
26,921
25,575
27,633
26,826
26,1143
26,1659
26,1884
26,130
26,978
27,213
27,457
26,1975
26,876
26,1186
25,326
25,447
25,372
26,786
26,1061
25,168
27,335
26,761
27,289
8,1634
10,2201
8,1336
8,1334
8,730
25,337
26,587
25,77
7,835
8,2450
8,2529
26,1367
8,1269
8,683
25,198
8,2258
8,147
27,551
25,1065
8,2802
8,1655
8,3228
8,1505
8,2473
8,1265
8,2303
27,963
8,825
8,1147
26,862
26,1728
26,987
26,295
25,688
8,1347
8,1784
26,943
25,707
18,1811
18,2128
26,766
27,540
12,2391
26,1098
25,166
25,139
26,607
27,712
25,546
25,739
26,908
18,1707
25,485
8,459
8,391
8,2145
8,1179
26,1781
8,1866
7,1208
8,3673
8,2392
26,1515
27,165
26,3490
8,1339
26,301
8,700
25,902
26,966
8,2221
8,290
8,1464
26,253
8,1160
26,474
25,1640
7,3279
25,224
25,286
7,725
27,727
26,1399
8,859
25,615
25,417
8,1282
7,2782
25,831
26,1016
26,654
8,2018
27,1116
8,812
8,1328
8,2802
8,2758
8,2519
8,3214
27,579
25,969
8,3272
8,2671
8,2094
26,664
7,3400
8,2980
8,895
8,521
8,676
8,1484
8,2803
26,407
8,2417
8,2214
8,1642
8,2666
8,2767
7,1957
8,383
8,674
8,2577
28,249
27,484
8,3140
8,655
8,1263
8,2151
27,1098
8,656
8,965
8,520
8,718
8,2158
25,396
8,3483
26,712
8,2527
8,3290
8,1058
8,3086
8,1811
8,3316
8,309
8,1641
28,513
8,3010
26,919
8,1465
26,419
27,525
8,1246
26,918
27,549
8,2138
8,2231
8,2507
8,2027
7,2617
8,2099
8,1117
7,1233
26,1532
8,2090
8,2853
26,504
8,2959
25,768
26,780
1,4323
1,992
0,778
0,3428
26,1516
0,1260
26,1181
27,1099
26,1302
1,1187
27,688
25,471
8,2161
8,3636
8,1449
8,1808
25,838
8,901
28,1301
8,4671
8,1611
8,1666
8,2661
25,687
8,1603
8,328
8,610
8,2523
26,1160
8,1136
8,2238
8,2005
8,2423
25,1428
8,1841
25,325
8,2925
8,2046
8,2532
8,2923
8,3435
8,209
8,1032
8,2725
26,1590
27,621
7,1658
7,779
8,1865
8,3220
8,1681
8,1084
8,2492
8,3105
8,2842
26,773
8,1702
8,2150
25,641
25,615
8,549
8,2427
8,3062
8,3043
8,2661
8,1741
8,1035
8,1286
8,1024
8,1205
25,703
26,249
25,1109
8,328
8,2109
8,2428
8,2225
8,1803
8,2153
8,1756
8,2431
8,1668
8,1346
8,2802
26,1923
25,1157
26,315
8,3211
8,1204
8,2310
8,2780
8,276
8,2264
8,2027
26,3578
8,3753
27,63
26,1716
8,968
25,647
27,386
8,2108
27,334
26,1209
8,3499
26,499
8,2242
28,790
8,1727
7,2842
8,1098
8,2539
8,3379
8,1898
7,3581
8,2406
8,2598
8,2198
8,2485
8,1942
27,739
7,3107
8,1527
8,4386
8,3270
8,3516
26,1955
8,576
26,1435
8,1553
8,577
27,885
26,1232
8,530
8,2051
26,988
0,895
0,5129
28,524
26,1374
0,3403
6,1951
6,335
0,1996
27,278
6,2552
0,2475
0,1250
26,807
0,2957
27,366
27,547
26,936
27,463
25,169
0,2794
25,802
0,3700
6,3888
25,152
0,4365
25,157
0,3903
0,1011
0,1953
0,3860
0,1057
0,1088
0,1225
27,210
26,1136
27,706
26,1028
25,1010
27,585
26,941
1,1642
26,559
27,522
0,2052
0,2869
6,2049
26,1409
27,701
0,2029
0,1844
6,2325
26,531
0,2000
0,345
0,2875
0,663
27,526
0,1743
25,380
25,766
0,2735
0,6059
5,2056
0,2998
0,949
0,2651
0,5406
0,4441
0,2193
27,149
27,1019
27,23
25,1050
27,1043
25,999
27,595
27,615
27,1275
0,4080
0,3764
0,4917
0,3800
25,138
25,1009
0,637
27,456
25,1216
0,2682
0,3151
0,3044
0,2068
5,2577
25,1121
25,102
27,1356
28,167
25,26
5,1914
27,175
27,714
27,398
27,1070
27,430
25,1062
0,1806
25,887
0,1759
0,1151
0,1161
0,906
0,3371
0,605
0,971
0,2076
0,3938
0,1743
25,1387
0,3708
6,1207
0,1159
0,1767
0,2648
0,4043
27,613
0,1569
0,2854
0,1435
0,802
0,1934
25,1408
0,2680
27,652
6,2138
27,1035
0,3397
0,2034
0,1557
0,1539
0,3077
0,1721
0,1434
0,1444
0,665
0,674
0,1917
0,1266
0,2596
0,2395
0,1553
0,1709
0,3800
0,4531
0,804
25,140
26,119
5,1565
26,71
0,825
26,1259
27,814
0,2545
5,1974
0,1040
25,163
25,518
25,823
0,1301
5,929
0,2269
0,3388
6,1487
0,2397
0,376
0,2488
5,1921
28,929
0,4080
0,1299
6,1119
0,2400
5,2539
0,1774
0,2940
0,3338
0,2827
0,3734
0,666
0,2196
6,2063
0,3491
0,5527
0,3581
6,2999
28,184
0,2724
28,506
27,827
0,1454
0,1671
0,2678
0,428
0,1849
0,1640
25,534
0,941
0,778
25,572
28,621
0,496
0,686
5,1723
6,4355
26,1738
26,771
0,1270
0,883
27,143
27,493
25,1207
0,2816
0,2885
27,551
0,1677
25,239
0,2547
0,824
0,1879
26,936
0,634
0,2119
25,1368
0,3946
26,377
25,1053
25,520
25,455
0,3846
0,303
26,1667
0,1721
0,2433
6,4571
25,519
0,952
0,2512
0,2473
27,617
0,553
5,1369
0,1550
25,206
0,298
26,1608
26,1091
0,3705
0,2468
25,1604
25,865
6,1139
0,1270
0,3380
0,2367
0,1548
25,292
0,2051
6,3747
5,1958
0,1807
6,3737
0,2403
27,385
0,2066
0,2165
27,732
0,1076
0,3153
0,2790
0,2056
6,1983
0,2034
25,126
0,2549
6,1560
0,2271
0,530
0,1006
0,2002
0,882
0,2827
0,4119
0,1717
0,1480
5,3756
0,2504
0,1175
0,3038
5,1086
0,4146
0,1287
0,2207
28,1328
6,2245
27,1110
0,3633
0,299
0,2763
0,1803
5,1914
0,663
0,2992
0,1067
27,649
0,1251
0,2726
0,3985
25,584
28,920
28,958
6,1901
0,2176
0,1915
0,2530
25,1266
0,2299
0,268
26,996
5,1626
0,1851
5,863
0,1717
26,896
0,1624
0,2766
0,391
0,217
27,553
5,2219
0,723
6,703
0,876
0,3745
26,738
6,4354
0,3223
27,292
27,176
0,4316
28,898
0,3386
0,2418
26,1002
1,2362
0,3878
0,443
6,2957
6,3849
0,3576
27,443
0,841
6,1534
0,3247
6,2958
27,759
27,925
0,3561
0,4201
27,201
25,1153
27,410
28,1141
25,347
0,604
0,2165
1,1641
0,138
25,388
1,2887
1,260
0,1100
1,1302
1,3185
27,411
1,1411
1,1598
0,1627
25,332
25,255
1,3375
1,1590
1,2913
1,537
1,374
1,1973
0,1208
1,2829
26,1486
1,2230
1,1822
1,3172
6,1829
1,1648
1,2541
26,549
6,3167
0,823
0,1536
0,1744
0,1101
0,2004
1,918
25,250
26,551
1,3034
27,658
1,1445
1,1328
25,479
0,3370
0,3666
0,3517
26,266
1,470
1,1098
0,4057
27,1096
0,4333
26,969
0,2320
0,1442
0,3538
0,3938
25,1133
6,3450
26,2998
6,2099
0,3724
1,2456
26,1410
0,298
0,1979
0,3970
1,1914
1,492
26,911
25,248
28,1146
25,123
6,321
27,179
0,3481
6,817
6,1366
0,3267
0,1664
0,3327
0,1094
0,1634
26,1901
6,1928
25,1484
0,3389
0,3159
0,4347
26,1103
27,221
0,1678
0,1971
0,1410
26,1209
1,2192
0,1076
0,995
26,1539
0,2065
0,1647
26,1602
1,3945
0,3415
26,1021
0,2881
0,2611
28,487
28,855
27,755
1,2817
1,923
1,1051
1,898
1,804
0,2611
1,2909
0,1725
6,1058
0,2287
25,621
0,3229
5,1477
0,1111
25,1215
27,476
0,2176
0,1671
6,2734
1,2385
0,264
25,402
6,4000
1,896
0,2318
27,216
0,919
1,1703
28,810
1,799
0,2464
0,375
8,2920
8,2663
8,2132
8,2614
8,2536
8,2620
8,1791
8,1045
27,1120
1,1931
26,653
1,1463
0,3046
27,291
1,979
0,317
27,76
0,1627
1,3132
1,3461
1,3042
28,1430
1,2234
25,522
26,182
1,788
1,1476
1,3091
1,2837
26,2052
8,3180
25,283
28,676
8,1755
26,1603
26,1007
26,313
25,543
26,858
26,209
26,1186
26,887
8,737
8,2054
8,3497
8,1546
1,1726
1,4471
26,338
26,1303
25,270
1,3457
26,1571
25,168
8,1319
27,672
8,1729
8,275
0,1888
0,2389
0,541
1,1908
0,486
0,3430
0,1823
26,395
28,915
0,2419
0,2034
1,1436
1,2062
1,1795
0,2593
1,2425
1,2078
0,749
1,2297
0,3145
27,358
25,466
0,3289
0,277
25,268
0,497
0,2127
0,1960
0,3239
1,660
0,2656
0,166
25,738
0,2026
25,619
1,2687
0,3941
0,767
26,1546
0,1630
0,1947
25,133
1,1869
1,3294
1,1285
1,4606
26,807
0,1747
0,2669
25,567
26,509
0,2053
27,576
1,1787
6,1810
0,324
26,1490
0,1797
0,3583
0,1222
0,2350
0,3876
0,981
0,562
0,1704
0,795
27,941
0,2729
27,431
0,3392
0,328
1,3352
0,2786
26,2725
25,1111
0,1065
0,1096
1,2145
26,1076
0,1348
28,1297
0,780
27,1082
1,890
0,2262
25,597
26,1776
0,1777
0,2006
0,398
6,391
27,783
6,896
6,3500
0,687
0,1384
0,1183
0,2903
0,3441
25,925
27,173
25,924
1,2871
0,2840
26,1423
27,441
1,530
1,1290
0,1992
0,3702
1,2263
0,1729
0,2280
0,2760
0,2069
6,1320
28,783
0,2952
6,612
26,967
1,2494
1,2172
0,2811
0,1709
0,1997
1,2818
0,1425
0,1585
0,1696
0,1540
1,381
27,403
0,308
0,2562
1,636
1,2187
25,172
1,1521
1,505
1,2661
0,2850
26,1386
27,216
27,739
26,1093
1,5070
27,503
8,2208
28,743
8,2045
8,2827
8,3047
8,2755
8,679
8,2304
27,988
8,3181
8,3460
8,3030
27,524
8,3474
8,3838
25,1441
26,1783
8,3040
8,3032
8,2395
27,530
25,732
8,3038
27,807
8,2509
8,2270
25,995
25,1312
8,2176
26,2492
8,1316
8,1091
8,1686
8,1748
26,1221
8,2186
8,2397
8,349
8,1327
27,431
8,3148
8,1840
27,235
8,2468
8,1368
27,848
26,1204
8,664
8,1768
8,1715
8,3189
27,1887
8,2544
8,876
8,1610
27,1451
8,2400
8,2224
8,4419
8,3079
8,1027
27,287
8,2337
0,3014
0,265
27,446
0,1645
0,1165
0,1229
0,2996
0,3308
0,2775
0,4051
25,696
25,553
26,1446
25,753
26,668
27,1136
0,750
6,2955
1,3959
0,1694
0,1784
0,2720
0,5224
0,2355
27,526
0,2843
0,545
0,2102
0,1015
25,620
27,656
25,1916
0,3604
1,1916
25,987
5,2290
25,449
0,456
0,497
0,3049
27,387
6,1100
6,2085
0,4511
0,1447
25,501
0,1572
25,256
27,116
0,3715
25,150
27,719
0,1063
27,365
0,3106
0,1172
5,1581
6,1689
6,1082
0,3048
1,2028
0,3261
6,2563
27,677
27,875
1,2182
1,2857
27,1091
1,1684
0,1434
1,2506
6,1580
28,1623
0,2083
0,1976
27,923
6,2068
6,1850
0,835
26,956
6,1810
0,2958
26,1640
1,2782
0,2593
0,1924
0,997
0,2699
26,358
27,610
0,604
0,1463
0,1415
0,2766
25,206
25,772
26,1531
6,3494
1,1431
26,303
1,507
25,240
26,942
0,1282
0,2863
0,3214
1,1874
1,2484
0,3142
1,896
1,2224
0,3127
25,712
0,2910
0,889
1,2125
26,2280
1,2971
1,1950
6,2241
6,650
1,2561
1,625
1,2084
25,839
0,1515
1,2381
1,985
0,842
1,1395
1,2229
1,798
1,1745
0,1578
0,726
0,2909
26,322
0,1491
26,762
0,642
0,3103
28,373
0,2837
0,855
27,956
28,497
5,3445
0,3363
0,1524
0,2564
25,1185
1,2371
1,3165
5,2135
27,773
27,506
25,245
28,910
27,73
0,3657
1,1390
27,1384
1,1455
0,462
25,1117
0,2986
1,1508
1,2108
1,1091
25,175
0,1177
27,382
27,410
25,584
1,2114
1,2828
25,466
25,1357
1,2698
1,3004
26,454
25,203
0,3207
1,1816
1,1343
1,1887
0,1302
1,2124
0,1946
6,2105
1,1844
26,888
1,839
28,304
1,1325
1,1279
26,299
1,1345
0,2149
27,1119
28,1553
0,2400
0,1885
0,224
0,1113
27,1081
26,568
25,1010
5,2727
1,584
1,2849
26,914
1,745
1,2744
1,1167
1,1602
28,986
1,872
26,1529
25,380
26,667
26,554
0,3053
0,1986
1,3232
1,2268
1,1834
1,3149
1,1069
27,243
27,203
1,2102
1,1770
1,416
1,1262
1,1991
8,724
26,90
25,1217
26,902
26,857
28,842
25,847
26,1010
0,3411
1,2978
1,2524
1,3043
8,2165
8,2559
25,1076
1,1040
5,2353
1,2376
25,899
25,224
1,858
1,560
1,5736
1,1995
26,1134
25,431
25,830
26,892
26,827
28,221
8,1691
26,871
8,874
25,835
1,3667
1,1870
28,293
8,495
8,2274
8,2046
1,844
27,53
27,520
0,919
0,1712
26,501
6,2272
27,439
25,468
1,3369
0,1911
0,1893
0,1185
0,2570
0,2507
0,921
0,940
0,1763
0,2688
0,3008
0,3403
0,4483
6,2900
0,1366
0,749
0,2070
0,2254
6,1914
0,1973
26,1309
27,571
6,1965
0,1828
0,1816
26,924
27,221
25,318
0,3694
28,189
26,736
27,77
25,1753
27,187
0,2990
0,2704
27,541
25,748
0,769
0,5031
28,631
0,3233
25,436
0,1280
0,2936
26,1075
27,1385
1,1187
6,2605
26,715
0,2224
28,1133
1,1475
26,563
26,320
0,3357
6,3291
25,867
26,348
26,721
26,1656
26,805
0,1866
1,2405
1,2326
1,3603
6,2209
1,2208
0,2151
1,1651
25,917
0,3092
1,2364
0,2078
0,2270
0,1342
1,1490
0,1575
0,2662
1,1322
0,804
0,434
1,2447
1,1448
25,761
0,579
1,2735
6,3128
1,1882
0,2243
0,3191
28,641
0,1189
0,3097
27,1202
25,1440
0,1906
0,2442
0,3110
0,750
0,3351
26,491
0,1336
0,985
0,624
0,3324
25,302
0,3046
0,3569
25,1286
0,1191
0,2298
28,876
6,2019
0,1127
25,245
25,919
27,932
26,645
0,4404
0,1805
6,3968
0,3448
27,636
0,2417
0,4507
27,466
6,2621
0,2221
0,3720
25,632
0,4735
25,489
28,821
1,1957
1,1895
6,3493
27,882
1,2276
1,2138
1,3060
26,817
0,1305
0,1364
0,998
27,426
0,2419
27,347
1,1884
0,1216
0,3133
26,1503
0,1449
6,2506
26,534
0,3134
6,2092
0,1166
0,916
28,886
25,826
26,1855
26,1234
0,5090
27,734
0,899
0,3124
28,646
6,3355
6,2511
6,1502
0,3910
27,748
0,3659
28,789
1,1527
0,2351
0,739
0,2903
25,690
0,2163
6,2691
1,1090
1,2167
1,2254
28,760
0,317
1,1481
1,1846
0,1994
6,2460
0,2382
27,1118
28,591
0,210
25,1704
1,2230
0,2264
1,2277
0,1682
1,1415
28,1143
27,151
26,702
27,421
1,1930
1,1072
1,2258
0,1028
0,914
6,1399
25,768
5,2960
1,2097
26,536
25,88
1,1852
1,2058
1,567
0,1862
1,1731
26,1271
0,976
0,2740
0,776
1,622
27,404
0,2180
1,396
0,610
1,1581
1,483
0,203
6,1778
6,4461
1,2002
1,2756
0,2663
1,1089
1,742
26,1150
27,684
26,976
25,183
26,1000
0,4503
0,1791
26,1252
0,1249
0,950
0,1709
1,2492
25,1061
1,407
1,918
0,3193
1,602
26,1298
1,677
1,2976
27,1217
1,2141
0,4898
0,361
27,854
25,432
1,301
1,3219
1,1910
6,1235
1,2975
26,230
26,266
25,230
25,934
1,2120
6,2705
1,2001
25,651
0,2573
1,956
1,623
0,1298
0,2122
0,1248
26,54
26,1767
26,1335
8,1447
8,1502
8,600
25,156
8,2656
8,2495
8,1538
8,2980
8,1750
8,2151
8,673
8,725
8,2527
8,1513
8,983
26,866
8,1662
8,2490
8,2319
8,1438
8,2386
8,350
26,523
8,2705
8,595
8,1503
8,1931
8,2767
8,1115
26,1127
8,3545
27,212
8,2186
8,3124
8,956
27,383
26,852
8,454
8,157
8,1812
8,1709
8,1517
26,844
8,2466
26,435
8,2013
8,2817
8,742
28,671
8,878
8,2399
8,4953
27,1160
25,1042
27,661
8,2933
8,1120
8,3621
8,1083
26,187
8,2698
26,1260
25,1295
26,56
25,178
26,696
25,625
26,75
28,823
1,3050
1,766
1,2427
1,1456
26,822
1,3043
0,1836
26,1028
28,896
1,1784
27,364
0,1650
6,2183
1,1598
1,272
1,782
1,1208
1,2085
26,991
0,1423
0,288
26,590
0,2051
26,226
26,395
27,580
26,225
28,401
1,2169
1,1878
6,1023
26,1108
0,1566
27,130
25,743
1,1055
0,1734
26,561
8,1931
7,3125
26,878
26,319
26,93
8,1252
8,2552
8,2078
8,1730
8,1297
8,1846
8,1796
8,2585
8,1790
26,723
8,1882
8,1841
0,1738
0,550
0,806
1,2167
0,2096
1,2423
1,1189
1,986
0,2240
0,900
1,1435
1,1700
1,716
1,1799
1,2233
1,2210
1,1889
1,1964
1,1677
1,2206
1,2170
27,807
1,804
25,273
1,1297
6,3152
8,1851
8,2947
8,1105
25,472
27,646
25,144
5,299
26,651
8,1458
26,652
0,2338
6,694
0,3945
26,511
0,874
0,1412
28,630
0,768
0,189
0,1977
0,1869
0,2708
0,2501
0,2277
0,1202
27,351
27,349
25,293
25,447
25,864
27,274
6,1712
0,1604
0,2042
0,866
0,977
0,1246
0,3215
0,2275
6,2361
0,2509
26,738
6,5476
0,2413
0,3228
0,2756
0,2624
26,1605
0,2590
0,2705
27,604
0,163
0,2835
5,1351
0,2000
0,653
25,824
0,1219
25,435
25,480
26,691
26,1066
0,3681
0,1702
25,419
6,1579
0,1964
25,548
0,2405
0,533
25,334
0,1117
28,335
6,2391
0,1426
0,2384
25,1187
5,2253
27,1316
28,863
27,1362
27,547
27,115
27,368
25,281
27,3339
25,321
25,916
25,753
25,2090
27,693
27,547
27,943
27,1020
27,384
28,320
27,2628
27,861
0,3985
0,1209
0,1122
0,1551
0,3652
0,4049
0,3411
0,282
0,179
5,1489
0,429
0,207
25,464
0,5582
5,2564
27,746
27,443
0,1740
5,1380
0,2479
0,1900
0,2627
5,2130
0,2464
27,237
0,2397
27,179
27,305
5,2166
0,2491
0,2977
0,2267
0,2214
25,1151
0,1468
0,1593
0,1815
0,2309
26,1258
0,1053
0,2886
0,1805
0,1708
0,3480
25,1270
0,3880
0,2226
25,210
0,2669
0,1615
28,553
0,4239
28,662
0,1943
27,505
0,2151
0,1916
0,2623
0,1762
0,208
27,282
27,294
27,444
0,3069
0,695
6,2390
0,399
6,1201
28,738
25,709
0,1331
6,2830
0,3390
0,3426
6,3617
0,1657
0,2202
0,471
0,3384
25,1145
25,238
27,398
28,835
25,730
0,1158
25,425
0,586
0,1268
0,3968
0,720
0,2033
0,950
0,2208
0,3296
0,3167
0,696
25,1038
25,852
0,3091
0,3328
0,2728
0,3786
0,2952
0,1741
0,260
0,2446
0,1003
0,1244
0,1950
0,2731
0,1109
0,2899
0,3001
6,2269
0,1367
0,904
25,640
27,525
0,766
6,1522
0,468
0,2039
0,314
0,2076
0,2974
0,849
6,2552
0,2597
27,794
0,656
27,406
0,1854
27,78
0,1643
0,617
0,2237
0,1711
5,1652
0,1223
0,693
0,3371
28,1433
27,890
0,2963
0,1468
0,2642
27,1069
0,2962
0,3374
0,2636
5,1961
0,3108
25,1002
0,685
0,1311
0,1718
25,34
25,118
0,3504
5,853
0,2205
0,2371
28,941
27,1947
27,341
25,138
25,454
0,2757
25,1010
25,1057
0,3607
26,616
25,751
0,1488
0,1482
0,2404
0,584
0,787
27,360
27,1243
27,2092
0,460
0,731
0,2359
0,4383
27,467
0,4261
0,2217
0,444
6,3087
27,619
28,203
25,1349
0,2371
0,1832
0,1705
6,3850
0,3043
0,1318
0,1284
5,1931
5,727
0,3882
0,4993
0,1215
28,1132
25,983
0,2117
27,767
26,480
0,1818
0,3555
0,1058
6,3004
0,1151
0,800
0,632
0,479
25,432
25,723
5,2525
5,2362
0,3039
1,2574
25,1183
1,2199
1,3283
27,616
0,1451
0,2732
0,2769
0,3882
27,686
0,2225
0,2089
25,313
0,2535
0,3469
0,2514
0,3212
26,1553
0,1861
0,3632
0,1958
0,2753
0,2484
0,1242
6,2913
25,948
25,346
0,3805
0,1987
0,691
25,1224
0,3278
0,4054
0,4248
0,2680
0,1426
0,920
0,1988
25,717
0,1518
0,3155
0,2234
0,2287
0,3728
0,1556
0,1321
27,1826
27,648
25,1288
27,1123
28,750
27,588
25,615
25,175
25,231
27,759
25,131
25,307
25,696
27,1356
27,443
27,831
27,1664
0,313
0,661
0,1454
5,1261
5,3176
5,2441
28,501
0,3703
0,568
27,661
0,3341
0,426
0,3360
0,1862
0,3429
0,2213
0,2251
27,563
0,2478
27,193
25,1134
5,1839
0,1628
0,1597
0,3033
0,2788
0,3102
0,3037
0,2366
28,745
0,4006
0,3577
0,2531
0,1704
25,237
25,511
0,3691
0,1938
0,1418
26,1623
6,2681
0,3006
0,2790
25,2257
27,635
0,1078
0,3682
5,1808
0,2857
0,2453
0,763
0,766
0,590
0,1729
27,609
27,303
0,1477
27,1363
0,2553
0,3077
0,281
0,1461
0,1287
25,510
0,2652
25,263
0,1270
27,473
27,659
0,2982
0,1797
0,255
0,4575
0,2427
0,2701
0,957
25,1122
0,2495
27,710
0,1148
26,1097
25,963
25,469
26,1822
0,2699
0,893
0,1575
0,2963
0,470
27,299
0,2289
0,1457
25,745
0,3091
0,2100
6,2222
0,2001
0,2716
0,2251
0,2191
6,1249
27,1200
25,751
25,601
0,1403
0,769
0,429
0,2613
27,617
0,1047
0,1877
25,1230
6,984
6,1508
0,2176
0,1457
0,1765
0,2364
0,1511
26,673
0,608
0,1223
0,504
25,639
26,1812
0,1912
0,2319
25,821
27,718
0,460
6,2070
0,422
0,2226
0,1011
25,716
0,2253
25,776
0,1470
6,1902
6,528
0,2816
0,1501
0,2585
0,2130
0,2677
27,688
0,2715
0,2974
0,2514
0,2063
0,2955
0,1876
0,2817
0,2308
0,1324
0,2888
6,2317
0,1680
0,2386
0,2087
0,1917
27,820
0,3537
0,2164
0,3096
8,2259
8,3224
27,341
8,1910
8,1411
1,1703
26,1244
1,259
8,2317
8,2100
8,1565
26,802
26,1070
0,2345
1,2430
26,826
1,2287
1,2702
1,2078
0,3153
1,1909
0,1254
1,1697
0,633
27,209
1,2680
1,2878
27,887
1,2035
1,2565
1,2218
27,406
28,843
26,1141
1,1411
25,211
0,3642
26,2454
1,778
1,1487
25,674
0,1349
1,3446
1,2678
1,2914
27,1714
1,821
1,1212
1,3102
25,280
1,2873
0,3047
1,2180
1,1181
1,1936
27,61
26,877
1,2308
0,2279
28,974
1,1193
27,509
25,700
25,1236
26,255
26,1265
8,2683
26,1187
26,1147
18,5361
25,439
18,4354
25,626
26,1470
8,657
8,136
26,666
28,1064
8,873
26,541
26,96
8,2166
8,1104
28,1108
26,890
8,1650
8,888
7,3568
25,984
8,602
27,621
8,1748
26,532
7,3560
26,1132
8,2660
8,1452
8,1248
26,2702
26,1108
8,2670
8,1601
25,828
7,1627
26,429
7,2255
8,1708
27,667
8,1438
26,293
25,642
26,901
8,1835
25,1363
27,384
26,1015
18,3398
8,3102
7,2450
8,2607
18,1560
25,663
26,1081
25,467
27,1057
27,530
27,695
28,108
26,911
26,691
26,685
26,490
8,1733
25,290
26,440
26,952
25,621
11,1723
27,593
25,548
25,1133
26,655
26,1573
25,564
26,671
25,444
25,146
26,3041
26,568
25,792
18,4296
26,532
26,870
26,498
26,158
26,986
25,386
28,482
25,840
26,966
25,112
25,167
27,392
27,301
25,589
26,545
26,781
26,1652
25,819
25,849
25,411
8,3786
25,302
8,1111
8,333
8,1382
8,1376
8,244
8,2011
26,311
8,3486
8,2232
8,1552
8,2321
8,2335
8,189
8,2123
8,2340
26,1420
8,3259
8,2164
8,2347
8,1332
8,3028
25,435
1,1550
26,707
1,1597
1,2315
1,3055
1,1182
1,2067
0,2712
1,3441
1,3413
0,3213
8,774
8,2591
8,2650
8,506
27,1391
8,1876
8,2063
8,1022
8,2373
28,794
27,252
25,990
8,1272
8,787
25,1285
8,2738
8,2484
8,919
27,789
8,1929
8,1890
8,324
8,1969
8,1038
26,848
8,1312
8,1740
7,1780
8,2380
8,882
8,798
8,2568
8,273
8,4182
8,2607
8,2414
27,461
26,1251
25,731
25,141
27,533
8,2102
8,2640
26,1321
25,140
8,3114
26,697
25,343
26,1016
7,4391
8,665
8,674
26,386
27,776
27,379
26,1058
28,926
8,2686
26,461
28,323
8,2473
8,936
26,956
8,1483
8,1301
8,2544
8,2910
8,2217
8,1398
8,1161
26,1026
25,1077
28,235
8,1740
8,3406
8,2010
8,2415
8,1913
8,2110
8,1708
8,2551
26,1003
8,1588
8,1444
8,180
8,1266
8,2859
8,3236
27,1084
8,533
8,1525
8,740
8,528
8,2568
25,290
8,1690
8,713
8,2284
25,1045
8,2025
26,819
26,120
8,1368
8,1866
8,1885
8,2741
8,1481
8,1241
26,389
8,616
28,498
26,888
8,1022
28,691
8,2114
8,1248
8,1784
8,2419
8,1317
26,1189
8,3338
8,1487
8,1473
8,1054
26,1470
8,1407
8,2058
8,1984
27,538
27,483
8,1479
8,321
8,1895
8,2457
8,3033
8,2401
7,3976
25,440
25,242
8,2361
7,2178
8,2070
8,2501
26,948
8,982
27,442
27,87
8,3092
8,3195
27,781
8,2644
8,3129
27,835
25,330
7,750
27,571
8,1331
28,152
8,2996
7,1722
8,737
8,2983
8,1317
8,2648
8,2629
8,3041
8,3125
8,1574
8,530
25,191
25,75
25,1793
8,525
8,271
8,2834
8,2815
28,739
8,1278
26,1299
8,1873
26,557
8,1724
8,1639
8,832
25,513
26,997
27,1835
8,1681
8,1213
26,1871
26,2944
8,2368
26,931
8,1590
8,1250
8,939
8,3274
8,1035
25,136
8,1876
8,1664
8,885
8,1489
27,469
8,735
8,3994
8,3513
26,529
8,1032
8,1536
8,2455
26,1347
25,590
8,1289
8,2579
27,682
8,2332
26,658
27,317
26,359
27,671
8,3363
8,2529
26,985
8,1804
8,1753
8,1735
27,314
8,1480
25,1225
8,500
26,640
25,863
26,3824
25,1187
8,864
8,1925
8,1230
27,172
27,429
8,1892
8,658
8,2438
8,744
8,366
26,1140
8,2202
8,2471
26,2114
26,496
8,563
8,536
8,2961
28,659
26,490
8,2467
26,36
8,2531
8,1365
8,583
26,980
8,803
27,482
27,341
27,1088
7,1706
8,1923
25,1208
25,854
8,1461
27,817
26,138
26,413
26,99
8,2150
26,455
26,1067
8,1331
26,767
26,1193
8,1565
27,235
8,1708
8,1395
8,1879
26,1042
8,1840
27,64
8,1865
8,279
8,434
8,1213
8,1386
8,2613
8,2215
8,910
28,745
8,2024
8,1996
8,2436
8,669
8,2107
8,2658
8,2531
8,2690
8,3094
8,2097
8,2385
8,3529
8,2343
8,1689
8,2816
7,5514
8,1742
25,1154
8,3241
8,542
8,3794
8,1491
8,2784
8,2046
26,524
25,2518
8,3478
8,2186
8,1954
27,825
26,629
8,536
8,1770
8,1982
27,709
8,3469
8,1401
28,422
8,1783
8,925
8,2254
8,1445
25,2095
7,2528
8,1692
8,725
7,2426
8,2916
8,3351
28,623
27,597
26,1600
27,839
8,3093
8,3003
8,1106
8,3821
8,2558
26,1063
8,316
8,2567
8,1068
25,1216
27,746
27,914
8,2943
25,1927
25,832
8,3849
8,1215
27,107
8,2086
25,1342
8,1922
8,4062
8,172
8,2536
8,2731
8,1565
8,1524
27,545
25,1645
8,1921
8,2397
8,755
26,837
26,1064
26,800
28,467
26,863
27,225
25,363
26,833
18,3284
18,1186
18,3093
26,3125
26,129
25,176
25,100
26,673
8,265
8,1777
8,3416
8,2507
8,2049
25,486
8,1385
26,613
25,1007
27,356
8,1739
26,1411
8,1070
8,1392
25,424
25,306
25,419
8,3199
8,2101
8,1264
8,1491
8,1369
8,2284
26,601
26,1064
8,582
8,1461
26,1035
8,1685
25,887
26,886
26,395
26,797
8,1983
26,642
26,874
26,500
27,448
25,1753
26,132
8,389
26,670
26,162
26,445
26,340
26,410
25,895
26,933
26,60
7,3098
26,339
8,1668
26,378
26,1917
26,1056
25,1313
26,627
26,278
26,682
25,489
26,693
26,989
8,2905
26,61
18,1560
8,3539
28,696
26,946
25,335
26,1090
26,835
26,2303
25,1057
18,4867
25,918
26,1086
25,403
26,1411
26,1514
28,709
26,1527
26,287
26,972
26,1025
26,1059
26,497
26,1123
26,1026
25,800
26,1018
25,474
25,1129
25,315
7,3431
7,470
8,824
8,1595
26,921
25,2186
7,849
25,360
8,375
26,593
18,4798
8,2434
8,1128
26,950
8,2098
8,1542
8,839
8,1985
26,1078
8,1793
8,364
8,864
8,997
25,998
8,1124
8,370
7,941
8,861
8,1380
26,725
8,833
25,588
8,1591
26,1052
25,514
8,2262
8,2131
8,2662
8,2729
26,265
8,260
8,1408
25,560
8,2405
8,2924
8,2104
8,1730
7,1523
8,1193
8,1907
8,2247
8,264
8,2250
8,1286
26,385
26,1996
25,616
18,3477
28,819
7,2195
27,613
26,939
25,1544
28,950
25,919
26,799
27,906
25,350
18,1509
25,83
8,1391
8,1741
8,441
8,2751
27,1064
27,937
25,167
25,999
27,675
8,642
26,124
8,1629
8,2408
25,1054
8,1425
8,2577
25,516
8,2368
26,187
25,477
8,2306
27,554
28,719
8,1818
8,773
8,1038
8,1306
8,721
8,1229
8,1280
8,3011
8,1950
26,2166
8,1556
8,2340
8,2401
8,1848
8,2255
8,2509
8,2372
8,1950
8,2691
8,1938
27,149
25,1083
26,243
25,1063
26,688
26,967
26,1161
25,385
27,521
28,786
18,2148
27,564
26,2476
28,862
25,942
26,1041
26,957
28,780
26,89
26,346
26,1038
25,457
26,1486
26,933
25,396
25,274
26,1129
25,277
26,1389
27,256
26,1450
8,1525
8,2423
8,2796
8,1487
28,841
28,577
8,1292
8,983
8,1621
26,1379
26,1481
7,349
26,753
26,1626
26,931
26,913
26,987
25,169
25,418
26,1283
25,934
26,586
26,775
26,1339
16,1214
27,174
26,922
11,1628
25,282
25,464
16,2327
26,1067
11,1201
16,1748
11,1592
25,419
27,424
16,553
16,355
11,2610
11,2016
27,257
27,806
26,661
26,1091
26,986
26,584
25,461
26,955
26,762
26,1099
28,188
26,1089
25,278
11,1294
26,1260
11,3514
11,2651
26,1022
25,475
11,1668
26,1110
25,819
26,770
11,1081
25,837
11,1345
26,419
26,298
26,665
26,218
26,265
26,132
11,2219
26,1052
26,999
27,754
11,2438
26,240
27,598
26,857
26,643
26,635
16,2870
25,646
26,992
25,677
11,2367
26,1716
26,477
11,2661
26,857
27,414
26,1247
25,657
11,3169
11,1649
11,2551
25,859
11,3187
27,463
11,3785
26,1981
11,2340
11,441
11,1156
27,477
26,1085
26,546
26,304
26,527
27,191
11,1399
11,873
11,2271
25,593
26,997
26,511
11,1363
11,2382
11,1936
11,2407
26,1018
26,301
26,704
26,845
11,1531
11,1695
25,1414
26,788
25,442
25,505
26,1887
11,2120
27,746
25,762
26,1813
27,411
11,1910
11,1995
25,643
26,1411
26,1366
11,2521
11,1367
11,2270
11,1489
25,1207
26,1277
26,633
11,420
11,2917
26,1075
11,1936
11,3734
26,1009
26,1275
11,1907
11,993
11,684
16,2321
27,855
25,797
27,170
16,3453
26,1345
26,918
27,875
26,493
26,1231
27,696
26,665
25,223
25,204
27,1255
11,1015
11,1019
26,1108
26,856
26,1127
25,765
26,1382
11,2116
11,3062
26,680
26,604
26,725
26,853
16,1323
16,1111
25,256
16,3352
11,2250
11,593
11,1361
11,590
27,866
26,1387
26,506
26,351
25,672
11,1359
26,1180
8,1119
8,2936
7,1080
8,1807
25,129
25,126
8,1945
26,1440
8,1574
8,2011
8,613
8,796
8,1615
8,1018
8,1779
8,679
26,1143
8,451
8,1917
8,2619
8,1094
8,2319
8,1134
26,1380
8,2266
8,1709
25,235
27,1122
8,789
25,745
28,662
8,2247
28,609
26,1594
26,757
25,121
26,1280
8,2415
25,963
26,1638
8,2557
8,1178
7,2523
25,598
26,574
27,585
8,2966
8,2549
26,1596
8,407
26,1327
26,1004
25,704
26,1103
26,866
8,1886
26,527
8,3077
27,577
27,346
7,2149
8,1815
8,2189
26,526
8,2232
25,707
26,775
8,2672
8,1335
7,2535
8,3017
8,1224
8,1011
25,773
8,2840
8,1736
27,311
27,180
8,1554
8,2245
8,2830
8,2022
28,906
8,2039
8,2271
8,978
7,1648
26,810
27,95
8,3282
26,1124
8,2815
8,2522
8,2237
26,503
27,450
26,228
27,357
25,955
28,424
8,2902
8,2232
8,2365
8,2053
27,1119
8,2563
27,690
8,2235
8,2000
8,835
8,1070
27,363
25,879
8,1480
8,1540
8,2662
8,1624
8,3080
27,1227
28,936
8,2039
8,3060
8,2415
8,1844
8,1005
28,485
7,2326
8,1030
8,2828
8,1911
8,2169
8,2282
8,2149
8,1215
8,2228
8,2817
8,1858
27,234
26,779
26,454
26,792
26,646
26,1247
28,541
26,978
25,2083
26,942
25,687
26,330
28,414
26,745
26,119
18,2975
26,1029
26,2274
26,652
26,598
28,345
26,770
26,1086
26,600
26,880
26,269
28,821
25,878
26,773
27,133
25,1103
26,1225
10,3170
28,605
26,845
26,922
26,1093
26,897
27,540
18,4771
28,722
26,292
26,522
25,831
26,679
26,105
27,339
26,541
18,4178
26,1356
26,1016
25,580
25,591
8,2058
27,342
8,1122
8,1346
25,593
26,2066
18,3944
8,1395
8,1978
8,1970
28,798
8,2177
8,2115
8,2173
8,3077
8,2088
8,3657
27,449
8,524
8,1778
27,188
7,1648
26,366
27,129
7,1387
18,2938
25,837
26,1509
26,408
8,1355
26,1871
8,1818
8,1812
26,1013
27,287
27,424
27,460
28,1070
26,678
26,200
26,799
26,1594
26,945
26,711
26,698
26,1115
25,1207
26,591
26,369
26,767
8,733
8,368
8,2042
26,412
8,1801
8,1385
26,984
8,1563
25,918
26,1248
8,3177
8,838
8,742
8,2463
8,2374
26,1249
26,1084
26,937
25,873
26,981
25,245
26,328
26,763
26,875
27,260
26,703
26,1401
7,4153
27,746
25,1165
7,1570
26,485
25,954
27,742
26,1095
26,790
28,596
25,724
26,681
8,1597
26,194
26,436
26,503
26,2164
26,333
25,270
28,106
26,281
25,725
26,377
26,771
26,1723
26,293
26,556
26,855
25,490
26,799
26,241
26,135
26,774
26,588
26,1347
26,1453
28,565
26,1567
26,376
26,1190
26,698
27,395
26,351
26,450
26,228
26,415
26,962
26,796
26,979
26,681
26,362
26,663
26,539
26,432
26,724
26,354
26,1763
26,796
26,829
25,743
26,441
26,547
26,161
26,1031
26,969
13,2782
25,886
11,2053
25,486
28,325
11,1615
11,1381
25,294
11,1861
25,81
25,128
25,2151
11,1208
27,1061
23,591
11,3005
11,755
18,1117
11,860
25,493
11,710
25,1479
11,1695
11,1832
11,2593
25,884
25,1225
25,1213
11,1319
11,2350
11,2321
11,2421
27,713
23,2733
25,1031
25,1635
25,515
25,417
13,286
25,696
25,1432
21,2447
10,766
11,283
11,1164
17,3136
13,1466
11,2233
18,1471
25,231
11,1355
25,304
25,419
21,895
13,285
13,3473
13,1807
25,289
11,3073
26,767
27,698
25,305
13,2031
11,2123
13,2961
25,545
25,377
13,2652
12,3527
26,1441
25,64
12,1048
27,675
26,1765
21,1399
21,2873
27,145
27,544
21,4072
26,1518
26,642
26,592
26,858
27,90
27,355
26,1278
12,620
25,848
12,1987
12,1077
21,3530
26,1227
26,455
12,1296
27,281
25,805
26,267
25,187
25,129
25,817
26,566
25,656
25,725
21,1538
25,222
27,533
12,2817
21,3286
26,199
26,1510
21,422
23,2153
25,432
12,3171
12,594
13,2252
25,486
25,1212
11,2746
28,863
11,1653
21,1996
13,2432
13,2267
13,2861
26,1045
25,463
21,539
26,1117
17,460
23,2253
27,641
28,708
25,327
25,425
18,987
27,247
26,1406
26,562
26,965
27,631
23,1840
13,2023
11,2702
11,2002
12,2254
25,811
12,342
12,173
13,1032
11,891
23,1008
13,984
21,1906
23,443
13,808
12,3183
23,626
25,232
12,2960
11,3263
12,452
25,1872
25,1011
25,315
25,267
13,1035
23,1352
13,643
13,3236
11,3337
23,2581
25,1100
25,338
10,966
25,1014
25,913
11,2302
13,756
13,1862
21,3475
17,153
28,1055
11,2072
11,1581
11,1609
27,531
11,1958
16,681
26,1118
16,2077
16,1351
16,1631
27,1262
28,498
27,434
16,1602
16,1072
26,332
27,170
28,628
16,2271
16,637
16,1461
16,1076
17,1321
25,492
25,1069
25,809
11,1531
26,361
26,571
26,611
16,1743
27,787
28,574
25,127
26,274
28,303
16,1874
16,1232
26,888
28,216
16,2874
16,2433
26,1532
16,3436
16,2936
25,390
16,1540
26,1248
16,2579
25,590
26,1043
26,1054
27,241
16,3034
28,116
26,1440
16,3246
25,249
16,2679
26,1096
16,1316
27,613
25,280
28,96
16,2214
17,2358
26,922
18,3284
21,2929
11,2173
27,399
11,2544
28,646
11,2282
26,251
11,2328
26,658
23,3464
11,1657
11,1204
27,804
26,1504
16,1409
16,5333
27,470
26,803
16,225
16,3758
16,4166
16,1440
16,1541
25,336
27,520
28,599
25,827
16,2882
26,1444
16,2875
11,2279
11,424
21,2335
27,566
11,1338
26,693
26,1659
26,1203
11,391
18,293
26,1043
25,87
25,112
16,2702
26,1109
27,207
25,414
25,207
26,1068
26,989
26,320
26,678
16,1238
26,720
26,447
26,589
26,1171
26,415
26,817
16,660
16,4196
16,3662
16,1713
16,1389
26,843
28,680
27,249
25,543
26,1086
25,169
16,3648
26,1320
25,215
16,1793
26,1233
16,1890
25,720
26,1244
16,3664
26,898
16,361
16,2702
26,1142
26,797
26,612
27,980
26,818
7,39
25,243
16,3474
25,1452
16,2772
26,782
27,786
27,561
26,997
16,1343
26,1504
16,2763
26,585
27,860
26,1390
26,2080
16,2736
26,1153
26,555
26,726
26,425
26,930
27,224
26,1319
27,1258
27,921
16,4250
16,2959
26,1248
26,164
26,427
26,1413
27,755
25,1087
27,781
27,557
25,2032
11,2077
11,2030
25,1049
18,851
11,526
18,2709
16,1134
27,664
25,2128
26,1567
27,1594
26,1214
27,472
16,1317
16,2712
16,1812
16,729
16,1730
25,1738
11,2118
27,1096
27,1481
27,1046
26,666
27,186
25,1420
27,317
26,273
28,809
16,3194
16,1423
16,494
16,2191
16,1992
16,1773
13,700
16,1441
25,255
16,4139
25,811
16,3208
27,1197
18,2526
11,2078
27,257
27,857
27,437
25,380
16,888
26,1100
25,226
17,844
16,1951
11,1196
11,922
26,1076
21,3286
18,1267
11,1256
11,566
11,1662
17,3626
11,1998
25,1237
11,488
11,733
23,1632
27,433
11,1817
18,1212
11,2063
26,1131
11,368
18,1423
27,1110
27,800
27,2128
25,609
11,2297
18,1149
18,2449
28,954
11,3252
16,1982
26,1227
16,2413
25,160
16,2547
26,966
27,325
28,1019
16,411
16,761
27,316
25,468
26,803
26,904
26,807
26,174
25,738
26,611
26,386
26,822
26,826
28,846
26,381
25,935
26,666
25,1123
16,1786
26,1328
27,399
26,197
26,912
27,541
26,543
26,640
26,392
26,684
16,2352
16,1394
26,400
25,775
25,413
27,717
16,2314
26,1069
16,3084
27,575
16,2303
16,4006
16,4178
27,354
16,3677
26,558
25,1372
16,2221
16,681
26,699
26,1193
16,3163
26,1226
26,1095
26,1004
26,724
27,418
25,165
16,2816
16,3183
16,4763
16,2744
27,667
26,1412
27,423
26,441
16,1900
27,545
26,1835
16,2829
27,184
16,3233
16,1447
27,476
16,2363
16,1700
16,1761
27,492
25,277
25,1053
27,931
28,1028
16,775
27,580
27,594
27,550
16,881
27,179
16,3470
26,959
26,1091
16,3965
25,241
16,2197
26,529
27,481
16,2276
11,2414
16,1602
26,1334
11,2999
10,941
16,1934
16,2225
16,1063
16,2588
27,69
26,156
16,3730
16,3329
26,777
16,3874
26,816
27,714
26,1316
26,224
7,410
16,2313
16,1046
16,1692
26,1367
16,2810
16,3437
16,2711
16,1762
16,1879
25,534
28,692
25,151
25,1040
25,495
16,924
16,2979
16,2751
27,360
27,644
26,2425
16,1638
25,618
16,1207
26,212
16,1322
16,2615
16,1195
16,2443
25,110
16,2434
25,834
25,534
16,1396
16,1292
26,160
26,535
16,2872
13,619
16,293
16,512
16,1284
16,1593
25,681
16,3363
16,1064
25,722
16,2268
16,3026
16,3887
16,553
16,3211
16,830
26,941
16,3013
16,4069
16,1252
16,3769
27,496
27,39
16,1640
25,251
23,1241
13,2356
13,2264
12,3066
25,479
11,3600
25,182
25,450
11,882
26,910
25,1303
11,2104
28,800
11,2521
26,1921
27,560
25,353
11,1256
26,1358
11,1469
25,157
25,436
23,1266
13,3022
11,714
25,726
26,1317
26,369
26,1474
25,407
25,748
27,382
25,63
25,411
4,25
28,878
11,2198
25,896
11,1854
26,1004
25,699
23,2283
25,349
25,1468
27,731
17,2605
23,3065
27,339
11,1653
27,497
11,2480
11,1310
12,1311
26,1376
28,1822
12,1175
21,2386
11,2787
12,1471
23,759
26,1622
11,1501
25,401
11,2494
12,2925
12,1232
23,1366
9,325
25,1069
13,3053
21,3172
11,1183
26,632
25,103
25,687
27,619
23,1424
11,3228
25,239
25,209
11,1146
25,109
23,3464
11,2271
28,155
26,429
11,1641
11,1131
11,1283
11,2700
25,207
26,1291
26,1049
27,534
26,1431
25,325
25,262
27,198
11,1337
27,893
27,1256
27,1974
11,1313
27,120
25,218
11,2842
11,161
27,895
11,1298
18,2303
11,2242
11,1069
25,691
27,1103
27,880
27,690
27,545
11,1628
11,1354
26,1915
11,3109
11,1669
27,1120
25,941
27,467
27,594
27,762
27,482
27,2396
27,273
10,417
11,1244
25,913
25,600
11,1120
11,2399
23,2123
26,449
11,205
11,962
25,969
27,441
28,1005
27,465
11,1968
11,2584
11,828
11,702
11,2687
26,1264
25,861
11,2263
26,1099
11,1403
25,1249
25,511
7,1009
11,3540
11,505
11,2459
23,3037
23,2290
25,714
11,1683
25,1281
18,399
25,824
27,109
12,1845
28,369
18,1398
11,973
11,1294
11,2364
25,965
26,1727
28,840
11,1095
25,532
25,212
25,699
11,1074
11,2584
26,459
26,238
25,290
11,838
11,866
11,1629
25,590
11,982
25,483
11,744
25,1085
11,2588
18,2427
25,1269
18,1554
11,2486
17,702
11,2480
11,3851
9,226
11,1060
11,2379
11,2278
25,748
11,2310
26,2038
11,1121
18,1443
26,1324
25,1171
26,964
16,3745
26,1308
26,1805
16,5002
16,2214
26,1173
16,1590
16,2649
16,391
16,2438
16,3300
26,660
25,478
16,1455
27,415
26,1268
16,2231
27,582
16,1658
16,2213
16,3256
16,2789
26,598
26,1837
16,6241
26,903
16,3753
27,470
27,645
16,3268
26,1300
27,491
27,469
16,3818
26,1679
16,349
16,1855
16,2979
16,572
16,4208
27,58
16,2653
25,1027
26,721
16,2216
16,680
16,2891
26,1693
28,312
28,336
25,420
26,1894
27,305
16,2018
25,640
26,266
26,614
16,4803
26,1040
16,2249
26,1026
16,487
25,748
25,460
26,1218
16,5452
16,4568
16,2256
16,4430
26,785
16,1880
26,1760
26,2183
16,6650
16,2252
16,4198
26,1349
25,341
25,186
16,4860
26,1167
26,728
16,3995
16,1931
16,3065
16,3407
16,3654
16,2604
26,106
16,1653
26,388
27,604
16,6241
16,4347
26,696
26,1482
27,143
27,287
26,1900
16,2067
26,1201
26,1239
16,3743
26,1718
16,1613
16,1789
16,2813
27,358
27,2006
16,2717
16,4070
16,592
16,2617
16,3740
16,2563
26,1477
16,4650
16,1749
16,3523
26,1761
16,1948
16,262
28,760
16,1951
26,370
16,2102
16,2677
16,1458
16,1868
16,1814
25,448
16,3165
26,606
25,476
25,507
26,1582
16,2434
16,4051
25,454
16,3229
16,2564
16,2778
16,2331
16,762
26,1183
16,1833
25,1101
16,1082
26,690
16,2220
16,1743
16,2618
26,2533
16,409
16,3142
16,304
16,2051
26,955
16,2684
16,3314
27,162
26,1172
26,1226
26,1198
16,1635
11,4714
26,2175
11,2891
11,1119
26,592
25,912
26,974
26,1072
26,954
11,1882
11,2716
25,385
11,2242
18,1660
26,943
11,2964
26,325
25,871
26,163
11,3180
27,330
16,1182
28,423
16,1022
25,601
11,1893
25,875
25,495
26,450
26,146
11,2175
11,2183
11,2842
26,1662
11,1802
11,907
11,2940
26,1320
26,1612
16,4621
16,2664
16,3839
27,352
16,2486
16,651
16,158
16,372
25,699
16,2965
27,1201
16,1825
16,2020
26,507
25,923
27,308
26,108
26,1239
26,976
26,605
26,178
16,2683
16,2418
26,864
26,962
26,500
27,332
16,1974
16,1598
16,745
25,260
16,3535
16,1547
25,481
26,691
27,185
27,80
26,707
26,358
27,100
26,1983
26,651
26,55
16,3113
27,478
27,234
27,107
16,2485
26,676
16,4038
26,1119
26,386
26,461
26,763
26,627
27,240
27,1730
26,179
26,425
25,215
27,890
16,1221
26,1532
16,1238
26,1312
16,3273
26,1284
16,2422
16,1811
16,2504
16,3909
26,676
27,615
26,503
26,255
26,1376
25,413
26,1103
26,1344
25,689
26,858
26,1430
27,637
26,903
16,1353
27,154
16,3904
16,2834
25,94
16,2218
26,1732
16,3622
16,373
25,352
26,2568
27,879
27,523
26,784
16,1382
27,402
16,1345
26,575
25,882
26,1143
26,1010
25,221
27,885
27,498
26,731
26,1217
16,3119
26,1241
26,996
25,564
26,1008
16,2341
26,1163
26,957
26,1079
26,828
16,3711
16,1903
26,715
16,2757
25,634
26,1751
27,1343
25,222
16,3573
26,907
26,1144
25,503
26,247
26,569
16,1432
26,2696
16,865
11,1333
26,1072
18,1211
11,1559
11,2714
26,1187
11,1807
25,591
27,461
26,4017
21,3516
25,529
27,1054
27,1443
28,799
25,1886
27,751
27,966
11,417
27,1636
11,1105
25,248
11,2762
26,1080
11,2501
25,598
11,908
11,929
25,786
27,848
11,1378
26,804
26,1472
26,280
26,843
27,695
27,1128
27,672
27,1943
11,2307
27,507
27,929
26,290
27,427
27,187
16,2411
16,2580
26,255
26,961
26,1235
26,421
28,699
25,444
25,476
25,583
26,932
27,468
27,647
26,855
27,569
11,2477
28,1041
26,1138
26,277
26,1206
11,3317
11,1216
26,1066
11,2733
25,204
11,3054
26,1298
26,481
11,2692
11,1943
26,1395
11,1714
11,1503
11,2778
26,1082
11,2448
26,719
11,603
26,930
11,2009
26,425
25,395
26,220
11,2965
26,1284
11,1431
27,534
28,552
11,3595
25,599
27,867
26,1765
26,388
11,2929
11,2881
11,975
11,3290
26,1551
11,2341
11,1121
26,2109
27,325
26,1091
26,417
25,751
11,1885
26,1318
11,1837
11,3106
25,493
11,1542
11,2795
11,1269
28,1095
26,447
28,618
26,537
11,3109
11,1754
11,1487
25,897
26,2486
11,3097
26,1430
11,2776
26,1419
25,475
27,1139
11,618
27,734
11,2735
11,897
11,3167
11,2018
26,1091
25,964
11,2599
26,2095
25,1172
11,739
11,1428
11,2558
11,1904
11,1214
25,194
11,901
25,1033
11,1504
28,852
11,902
27,1429
11,1833
27,255
27,620
11,2434
11,2706
25,878
25,310
26,876
21,2307
25,1254
28,544
25,1021
13,835
27,281
25,649
12,1726
17,422
12,1804
21,2287
25,917
11,2066
21,2020
25,1218
13,2339
25,683
23,3477
20,1516
11,1642
11,2224
27,766
21,2106
11,1459
26,193
26,1211
28,304
26,1868
27,196
12,1783
25,617
27,429
12,345
18,877
11,2216
26,542
11,1861
17,3881
11,2281
12,2733
11,789
21,1050
23,2357
21,2844
21,1088
27,398
25,808
12,2276
25,1091
28,493
25,1134
27,421
13,641
25,806
26,891
11,889
25,779
26,317
25,160
25,193
25,76
26,1371
25,721
25,151
13,1949
26,925
25,1282
25,487
26,934
26,505
12,1115
11,1334
21,3655
11,2321
26,878
27,131
25,220
25,419
26,753
27,598
25,627
26,651
26,655
26,1151
12,800
23,1063
19,1838
26,315
21,1596
26,819
12,462
26,956
11,1548
11,2913
12,2732
23,1352
26,805
26,319
11,923
26,971
28,365
26,1056
23,900
21,356
25,250
18,4954
11,2147
21,1279
12,1704
12,1526
26,866
26,1118
21,1542
25,160
25,225
25,483
26,336
25,249
12,2640
26,866
26,1090
25,621
25,764
26,589
25,366
26,914
26,1184
25,220
27,649
23,3227
27,36
26,959
28,70
12,2363
26,1327
12,3033
11,2125
26,1184
20,2453
26,640
12,749
27,412
26,833
25,175
26,558
25,175
26,516
26,401
25,642
26,1230
12,1555
18,1815
26,1008
25,379
21,2821
26,1058
21,2286
25,655
27,288
12,2221
25,140
26,231
25,252
26,350
26,1669
12,1395
12,805
18,1733
26,1179
26,1068
23,2596
12,1389
12,632
12,2676
26,717
25,921
12,1632
27,897
26,893
26,1237
12,1875
25,121
26,600
25,203
25,58
25,463
11,2272
27,258
18,989
12,395
12,1868
12,1611
21,2402
12,2797
11,3268
13,1972
17,546
12,2580
26,1255
25,222
26,846
26,429
12,1183
26,1155
26,196
26,909
13,2052
23,666
26,429
27,391
25,603
26,286
25,925
25,756
11,1853
11,1323
25,589
27,722
27,759
11,1569
11,1417
18,524
13,1072
25,322
13,277
25,456
12,607
12,2821
21,1935
12,3862
11,1994
11,916
11,2218
12,2568
27,478
25,574
11,398
11,1109
25,764
26,581
25,168
25,131
11,1518
27,416
11,1846
26,1069
26,1430
25,730
11,2402
11,2054
26,921
11,2129
11,2613
26,693
26,1548
11,896
10,1142
11,982
11,1297
11,685
11,2068
11,2160
11,2981
26,866
26,2196
27,231
26,616
25,611
11,1316
11,1395
25,388
25,865
26,972
21,3043
11,451
26,855
18,2477
11,2404
11,1317
26,548
25,494
26,1161
28,293
25,734
11,805
26,148
28,783
26,402
25,896
11,2983
26,1357
26,940
11,1500
21,1248
12,2576
12,1747
7,1529
21,977
11,2882
25,347
25,210
11,1975
12,2454
11,1782
26,610
11,2518
11,950
26,863
11,1977
25,730
11,2413
11,1357
11,2954
26,858
11,1273
12,1120
12,348
21,2704
12,1430
11,1174
21,1700
12,1848
18,203
12,1279
26,1483
21,589
26,1260
25,895
25,969
12,2732
11,2143
11,3507
25,1048
26,417
11,1932
27,861
11,1280
25,672
11,2533
11,1903
27,373
25,534
25,75
25,225
11,1361
25,242
25,575
11,281
11,2970
25,1214
11,1130
25,72
25,228
11,900
11,3209
11,2223
27,307
11,1392
11,1883
11,1741
11,1929
26,491
11,2828
11,1349
26,1036
25,392
11,1238
11,2696
11,2765
27,292
27,301
27,281
26,993
26,1021
10,228
27,203
11,569
11,2191
11,612
25,319
25,527
11,873
25,259
23,895
25,1442
11,3975
11,1050
25,832
11,687
26,1383
11,2272
25,1181
11,2652
11,979
25,1427
25,701
27,4264
27,790
26,992
25,347
26,1217
11,2770
11,3098
17,2709
18,1118
11,496
23,1818
11,2424
23,2822
25,271
25,1602
17,1412
13,1691
11,2687
21,2015
12,2999
26,354
11,1482
11,872
26,309
26,1171
28,374
26,67
18,1336
26,1008
25,518
26,1272
25,962
11,1549
12,860
12,1814
23,3550
11,1912
11,2376
23,2662
23,451
26,468
11,1247
27,940
11,3882
11,1721
27,813
11,1968
25,1108
27,612
11,1471
26,483
27,2150
11,1938
11,1705
11,3067
28,556
11,2979
26,976
25,518
11,1227
11,745
11,1206
5,1564
11,1104
11,1494
11,2797
11,1291
23,2656
26,1057
26,1557
11,764
11,2741
25,668
27,1071
27,917
26,958
27,524
25,941
11,1272
11,328
11,3122
26,123
11,2189
27,263
11,598
25,432
11,3055
25,567
25,407
23,456
11,1458
11,3409
27,1019
27,1928
27,688
27,1687
25,2018
27,2349
27,727
27,1563
27,1252
27,1475
27,301
27,528
25,1314
11,1976
27,1463
27,1862
11,2255
28,1270
27,825
11,1566
27,520
27,889
16,3452
16,2981
26,888
16,4865
26,626
16,1767
16,3718
16,3397
26,523
28,672
26,306
25,953
16,4708
26,1150
26,1271
16,1289
16,713
27,377
16,2539
25,609
16,607
16,1194
26,1091
16,2696
16,3838
16,3095
28,866
27,922
26,1416
27,630
26,913
25,171
16,4524
26,1406
26,1361
26,176
16,2797
16,1179
16,1949
27,341
16,1673
16,873
16,712
28,92
16,2368
28,177
16,4241
16,1160
16,2808
25,661
25,90
26,231
16,3956
26,1698
16,877
26,1024
16,5779
26,1339
16,1375
16,4310
16,4180
16,1189
25,87
16,2971
27,429
16,700
16,1318
16,949
26,3093
25,580
16,808
16,2436
25,646
28,770
25,711
26,1236
26,535
27,1185
25,422
25,203
16,2382
28,228
26,1629
16,4025
25,403
26,1028
16,3655
16,481
16,3345
16,1929
16,1949
27,711
27,724
25,347
16,1135
16,1580
16,3015
26,382
16,2613
16,2242
16,2441
16,3381
16,1674
26,1057
16,1656
27,558
27,114
16,529
16,2515
27,740
16,1390
16,3227
16,1987
16,3307
16,5225
16,1195
27,453
16,1409
16,2542
26,554
16,2119
16,1800
26,896
26,559
16,2579
16,1893
25,866
16,615
16,1592
16,3050
16,2116
25,327
25,418
25,615
16,2884
27,634
16,2356
16,1545
27,410
25,629
26,673
16,3254
27,520
25,688
16,1057
26,1853
16,2176
16,3229
16,3355
25,739
25,362
26,806
28,561
26,1590
25,590
26,1121
16,1974
16,191
16,1144
16,4857
26,102
16,2657
26,1264
27,311
25,441
27,324
26,352
26,1067
26,968
26,736
26,716
16,837
16,2890
16,3418
16,4380
26,810
25,1060
25,372
16,2363
26,1507
26,246
16,1390
16,2422
26,2046
26,2806
27,526
25,614
26,1064
25,541
16,2231
16,1862
25,1065
16,1921
28,702
26,749
16,964
27,503
26,1121
16,2910
16,922
16,2458
16,3601
16,2393
26,1425
16,2703
16,3265
26,2414
16,2317
16,1734
26,140
16,3155
26,487
26,145
16,1547
16,1736
16,2034
26,724
16,1179
25,839
16,3220
16,2047
28,735
26,1271
26,1070
16,854
16,3932
16,2160
16,366
16,3619
16,3107
16,2884
27,125
26,1085
25,568
25,438
16,2301
16,1866
16,537
16,3823
26,895
16,2667
16,2317
16,2765
26,1169
25,331
16,1964
26,1345
26,765
26,933
26,1450
16,3237
26,551
26,559
25,1281
16,2005
16,3322
26,278
16,3840
26,953
16,4568
25,528
26,900
16,2513
27,394
16,575
27,799
26,460
27,213
27,852
27,574
27,348
27,1029
25,540
27,110
26,851
26,1014
27,1432
28,372
25,235
27,155
27,970
27,762
26,1696
27,597
27,259
27,699
16,1630
27,832
27,802
26,688
16,5249
25,725
27,574
26,576
26,1018
26,1074
16,2608
16,4676
27,553
16,781
16,3584
16,3540
26,1380
16,2538
16,3337
16,457
16,3114
16,530
27,940
16,2262
25,1082
16,2817
16,151
26,915
16,170
27,347
28,762
16,1156
16,865
16,1287
16,772
26,933
27,624
16,1304
16,3898
27,283
27,85
26,903
25,273
26,1162
16,3852
25,594
25,388
17,920
25,271
26,943
16,1470
16,2690
16,4315
26,1065
26,916
16,3253
26,805
16,3376
16,3536
27,609
27,281
16,1442
27,398
27,1214
16,954
16,1110
16,1329
16,534
25,189
26,820
26,1559
16,1687
16,167
25,830
27,883
27,135
27,206
26,144
26,1199
16,3228
26,1454
26,62
26,1431
26,564
16,4015
27,781
27,347
27,118
25,828
27,1222
26,895
26,375
27,98
16,4151
26,1351
16,2945
26,1694
16,1872
26,197
27,783
16,3138
25,675
27,828
27,418
25,396
27,1468
27,1048
16,2042
26,157
26,1349
25,644
27,359
27,676
16,1460
16,2604
16,957
26,1312
16,1158
27,279
27,471
16,2774
16,570
27,154
16,1704
16,2666
16,2842
16,4905
16,1030
16,1919
26,1127
26,758
16,4534
26,60
27,786
26,1003
25,288
27,197
25,703
16,4590
11,1251
16,3281
26,1368
16,2034
16,1470
26,1254
16,2587
26,464
16,2767
16,1918
26,1319
27,1227
26,1087
16,1921
16,1673
27,548
26,1172
26,462
26,1029
26,1162
16,4048
16,2143
16,1633
27,341
26,603
26,468
16,5656
26,916
25,1061
26,707
26,1155
26,1418
16,2024
16,2930
16,4560
16,2840
16,4283
27,177
25,484
16,2982
16,1608
16,1801
16,2456
25,899
27,458
26,982
16,2107
16,2069
26,1389
16,1475
27,651
26,1104
16,1796
16,2430
16,2490
26,1272
16,4261
16,3084
26,324
27,114
26,210
28,673
26,1231
27,688
16,2100
26,1084
16,1103
16,1575
26,1404
26,810
16,925
16,2755
16,2377
16,1671
26,1704
16,3825
16,1635
27,610
25,530
25,58
27,271
26,655
16,3078
27,515
16,3404
26,778
26,984
16,2541
25,828
25,314
16,2522
27,140
25,769
26,1758
16,3375
16,2892
16,2671
16,3658
28,286
26,823
16,4312
26,1100
25,622
16,983
27,713
16,1404
26,660
25,320
27,863
28,692
25,893
26,650
16,3342
27,493
26,1623
26,356
16,3421
28,589
16,3446
25,967
16,2896
16,1178
27,420
26,849
25,656
25,571
25,686
26,760
26,1520
27,1026
16,1364
16,1809
25,292
25,147
25,46
16,2325
26,1410
16,2714
16,2570
26,561
27,562
26,798
25,601
27,428
16,5107
16,3235
26,163
26,812
26,1054
25,677
26,1097
26,1225
26,834
16,5131
16,2929
16,2872
16,3983
16,865
16,4069
26,1147
26,1499
25,901
26,758
25,208
25,89
26,2646
16,4009
27,332
25,463
16,3517
26,1310
25,486
16,1716
16,3190
26,950
25,299
27,219
25,942
26,580
16,3001
25,1533
16,2136
16,2213
16,3740
26,788
16,1909
16,1716
16,1422
26,123
16,1823
27,109
27,69
16,2819
16,3416
26,261
28,366
26,1591
16,722
16,2042
16,2900
16,3269
16,971
27,748
16,1240
16,2872
16,1948
16,2189
16,3063
16,2888
16,3111
16,3724
16,2209
27,712
16,1106
16,2973
16,2731
16,1312
16,2943
25,578
16,2867
25,174
16,3008
26,1288
25,919
16,3699
16,1509
16,777
16,2132
16,1666
25,1040
16,1102
16,2711
16,3223
16,1976
16,2497
16,2129
16,2070
25,182
27,614
26,702
25,1338
26,1106
27,631
28,291
26,528
16,829
26,2310
26,2062
26,1042
16,1053
26,1177
16,3316
16,1685
16,2279
16,1507
25,257
26,407
25,961
25,501
16,3027
26,1240
16,2313
16,1932
16,1110
16,1667
16,2464
16,2172
16,2898
16,2288
26,1338
16,2669
16,1364
16,1265
26,488
26,789
16,2439
27,549
26,1157
16,881
26,1098
16,645
16,621
27,250
16,3747
26,1888
16,719
27,621
16,868
16,725
16,1040
16,1722
25,870
16,2880
25,359
16,993
16,4833
27,655
27,413
16,2033
16,4197
16,3413
16,2955
28,946
25,346
16,2067
26,917
26,1414
26,667
16,2740
16,1551
16,2427
26,951
25,681
27,104
16,3758
26,1145
26,1261
16,2723
16,2030
16,2004
16,2923
16,2236
26,1796
26,1961
16,1666
26,1930
16,1687
16,2151
16,1554
16,2743
27,1422
25,576
27,1280
27,130
27,575
27,936
27,1151
27,1121
27,584
25,595
27,415
16,1486
28,1065
27,259
25,1222
25,1221
27,500
16,2353
25,377
25,531
16,5549
25,357
16,3313
16,3507
25,950
26,394
26,1590
16,3583
25,1671
27,439
16,2159
16,945
16,2147
16,2209
25,190
28,461
26,214
26,1234
16,1588
26,1315
25,139
16,1889
16,4078
16,1477
16,2436
26,1289
27,378
26,1138
27,527
16,2742
16,1814
25,326
16,2737
16,4167
16,1781
16,1999
16,849
16,1548
16,4525
26,1406
16,2749
16,4397
16,3479
16,3689
16,2565
16,2855
25,563
25,1069
27,837
16,1854
27,1229
27,497
27,190
25,787
27,564
25,91
16,3518
28,242
26,470
25,385
26,205
25,764
26,1182
16,2907
16,470
16,2800
16,2011
26,756
27,534
16,3423
25,624
16,2601
28,247
25,511
26,867
16,332
16,3548
27,194
16,3115
16,303
26,523
16,3776
16,3656
16,2205
16,3330
26,1584
16,2510
16,1893
27,1109
27,1032
16,1357
27,1465
27,463
27,2438
27,701
16,2299
16,401
16,2138
16,1920
26,784
26,248
25,198
16,2877
25,582
26,669
16,1448
28,818
26,1326
16,4793
26,1168
27,892
16,3106
26,1343
26,1446
27,708
16,2234
26,1097
16,3769
16,2978
16,4679
16,4656
27,1382
16,1391
16,6009
26,485
25,1105
16,805
27,764
25,1153
25,528
26,1189
27,644
16,727
16,4623
16,5213
25,132
26,697
16,1975
16,5792
26,1079
27,624
16,4314
27,513
16,2529
16,2062
25,221
27,547
27,599
27,332
26,2639
16,4749
16,3194
16,1940
25,1395
16,3186
27,839
16,5960
25,1098
16,3770
16,1918
25,308
16,3765
25,45
25,628
25,583
26,188
25,177
25,370
26,1913
27,500
16,4160
26,91
16,4651
16,1621
16,4064
16,1633
26,491
16,2913
16,3830
16,3145
27,622
16,3712
16,5475
16,2018
26,1124
27,538
16,722
26,1357
16,2330
16,1376
16,639
16,4723
16,3458
16,3588
16,3050
16,1059
16,3667
16,1053
16,5463
16,3590
16,2110
16,2451
26,1463
16,1271
16,2232
26,675
16,979
25,251
16,367
16,2992
16,2994
16,2225
16,4103
16,1963
16,2502
27,737
16,2601
26,1760
16,3338
16,4558
16,4307
16,3728
26,175
27,330
27,368
26,720
16,5082
16,1083
16,1041
16,3662
16,6007
27,124
27,1381
27,1282
16,3424
16,1584
16,5440
16,3139
26,1464
25,503
26,726
26,451
16,3655
25,153
16,5250
26,779
26,1708
16,4064
26,527
16,6571
16,3645
26,1548
26,1488
26,1108
27,576
27,571
16,1152
26,847
26,959
16,885
16,1727
27,673
25,728
25,1023
27,341
26,895
16,1978
16,2250
25,218
26,1776
16,1035
26,1072
16,1734
25,1560
25,517
27,234
26,501
16,2754
16,2559
28,364
16,663
27,66
25,418
16,2964
16,2275
26,643
26,466
16,2432
27,549
16,2854
16,2289
26,1198
26,524
16,2312
25,639
27,418
16,2662
25,639
16,742
16,2148
16,520
26,497
16,2764
25,174
16,2166
28,805
16,2173
16,1041
26,1192
26,1282
26,220
16,4875
25,693
16,555
26,1123
16,1904
16,2422
16,3544
26,1135
16,3563
16,124
16,922
16,4706
16,3808
16,3739
16,1757
16,3792
16,1124
26,2015
16,995
26,1682
16,2589
28,898
16,2820
16,2864
16,4194
27,260
16,2715
27,335
16,2619
16,1373
16,5044
16,3414
16,3464
16,3544
16,3664
28,477
26,968
16,1510
28,548
16,1083
27,467
16,1683
27,711
26,630
25,61
16,2052
25,730
25,274
25,85
16,2731
16,2315
16,1791
26,1941
16,2354
25,574
16,2224
16,935
16,2883
26,260
25,647
25,1363
16,898
16,2513
16,3558
16,1743
26,671
26,556
27,1135
26,691
16,1993
28,215
25,340
25,1014
26,712
26,473
16,2762
16,3220
16,476
16,2576
27,687
16,5309
26,1302
16,3491
26,965
26,660
16,2319
16,1198
16,3649
25,1333
25,867
16,2152
26,982
28,766
27,496
16,2058
16,2002
16,2909
28,698
25,1037
26,1048
16,895
16,3400
16,3750
16,1165
27,163
25,812
26,678
16,404
16,544
16,3316
28,440
25,463
27,619
26,390
16,1093
16,4315
26,289
16,1359
26,919
16,3193
16,987
16,1356
16,2381
27,683
16,3731
16,2138
16,886
26,955
28,731
16,2715
16,3103
16,2130
16,2256
26,1035
16,1357
16,615
16,1652
16,5554
16,2065
16,872
25,1544
26,1003
27,491
16,456
26,786
16,4736
16,4176
16,1415
16,5390
25,756
16,1530
16,5398
16,4420
16,3625
16,3401
25,846
26,869
25,1205
25,223
16,5126
16,2649
26,1274
25,688
16,1329
16,1697
16,1367
16,3786
26,1499
16,3091
16,3296
16,1644
26,1075
25,819
25,93
16,2944
27,182
26,1102
16,3852
16,4529
16,4921
25,287
26,1956
16,2589
16,867
16,3729
26,1608
26,1099
16,373
16,1101
26,1141
16,2129
16,921
27,571
16,3185
26,917
27,734
16,4354
16,1359
16,3328
26,319
16,2563
25,451
16,1243
25,462
16,3416
26,1022
16,472
16,2014
16,1183
16,2882
27,972
27,1687
27,271
26,160
26,688
27,290
16,899
16,2836
26,420
16,4969
27,317
16,1903
26,383
16,1323
16,2368
16,2300
26,1727
27,708
27,696
16,2682
27,639
27,1603
16,4601
16,1308
16,1454
27,409
26,1007
16,1807
16,3478
16,1490
16,3089
26,802
16,3714
16,2625
27,918
16,3889
26,1556
16,3807
27,694
16,3633
16,1352
27,642
16,5159
25,541
26,1766
16,4086
27,331
16,1822
26,1836
16,2573
16,3133
16,1578
27,541
16,6374
26,1012
16,2059
16,2143
25,953
16,2826
25,644
16,2841
16,2389
25,649
27,687
26,208
26,1502
26,976
16,3657
25,1403
16,3109
27,397
26,670
26,1037
16,3691
16,1563
16,927
16,1812
16,3117
16,1334
27,850
16,2393
27,434
16,2705
16,6530
27,363
26,737
26,1366
16,4098
16,4737
16,1787
16,5079
25,448
16,3047
16,4480
26,860
16,468
27,1136
16,4458
16,752
16,5698
16,233
26,567
16,7431
16,4027
28,1276
26,584
16,3806
25,608
26,361
26,1058
16,2669
16,1324
16,3100
16,1490
16,1003
25,302
27,600
16,3079
16,1384
16,1070
16,4844
27,75
27,204
16,1939
26,1115
16,5283
16,228
16,1406
27,323
27,221
16,5179
16,2037
16,3102
16,3107
26,99
26,1397
16,2200
26,1101
26,1089
26,1476
16,2119
26,1561
25,359
25,79
16,1983
16,3281
16,4328
16,2871
27,608
27,685
16,2598
27,602
26,1858
27,558
16,1336
16,4322
16,3473
16,3726
16,1031
16,2538
26,1113
16,3009
27,1259
18,759
16,6240
28,869
27,334
27,679
16,2778
25,760
26,691
26,1375
26,1713
16,2010
26,520
25,713
16,3714
16,4626
26,2792
27,463
25,552
16,4624
26,1110
25,617
16,3404
27,642
27,755
16,2494
16,2558
26,855
26,338
27,498
16,669
16,2423
16,3911
16,6294
25,418
16,3593
16,2412
26,863
16,3426
26,722
16,1001
16,2349
26,503
25,685
16,2876
26,300
25,274
16,2361
16,3209
26,1503
26,1015
26,1109
27,388
28,317
25,507
28,598
25,933
16,1332
16,2681
26,841
16,2170
27,1250
16,3662
27,353
26,1204
25,903
26,115
27,354
25,939
26,744
26,1348
16,4430
16,169
28,685
16,3727
16,3886
16,1962
25,818
16,1700
16,1482
16,1674
16,2064
16,2496
16,2058
27,228
16,1638
16,1245
16,2227
16,3475
16,2669
16,756
26,677
16,2123
16,1524
16,3827
25,578
26,1080
16,1298
16,283
26,382
25,446
26,206
16,144
28,477
16,2278
16,3488
16,3891
26,622
25,953
27,665
25,1117
27,348
16,4164
26,711
16,2265
16,3119
25,521
27,713
26,1033
25,941
16,3312
26,1100
25,490
27,735
26,222
16,2426
16,5050
26,1889
16,5758
16,5146
16,2467
27,315
16,3592
25,603
26,267
26,2087
16,2380
25,877
16,1901
25,248
16,2440
26,750
16,299
26,1439
26,805
16,1196
16,1515
16,1558
28,790
27,803
27,779
28,862
27,969
16,4729
26,741
27,552
25,285
16,1197
26,548
16,2174
16,1376
25,742
16,3955
16,2129
16,3480
16,3194
16,2194
26,2234
26,1418
16,2908
27,513
16,2447
16,2724
26,1454
27,728
16,4256
27,309
26,318
26,1255
26,397
16,3922
16,2120
16,2055
27,57
26,1466
26,673
27,662
25,751
26,239
16,3620
26,1073
16,3900
25,246
16,719
16,2614
16,5196
16,1768
16,688
26,1896
16,1209
27,285
16,4529
28,788
27,677
27,223
25,1067
25,149
16,1830
27,1645
27,190
27,419
26,1131
26,971
27,1214
26,1119
26,1704
26,292
26,131
26,975
25,945
16,1053
25,449
16,5552
16,794
26,320
16,311
16,1469
16,2644
16,4294
16,2529
26,198
28,692
16,1386
26,1304
26,1842
26,914
16,3780
16,3425
26,1269
26,302
16,3418
27,873
16,3439
27,151
16,2760
16,1675
16,3655
26,745
16,3588
26,1631
26,602
16,2978
26,1483
27,839
25,730
28,1036
16,2801
16,5093
27,472
26,354
16,1598
26,1278
26,712
16,2525
26,743
16,4598
27,512
16,3653
26,1322
25,628
27,608
25,69
27,431
16,2998
16,2706
16,3892
26,921
26,258
16,4262
26,706
28,297
26,827
25,519
16,1030
16,4030
16,1810
27,769
26,124
27,106
26,1011
27,91
27,680
27,189
25,150
16,7046
25,394
27,805
28,433
26,1424
16,4727
28,431
16,3195
26,303
26,668
16,4267
27,876
16,512
16,939
16,788
16,3745
26,1428
16,687
16,1739
25,384
16,4072
25,589
26,1490
27,506
26,1291
27,1155
28,657
27,682
26,709
16,3681
16,937
16,1547
28,630
25,665
16,4450
16,1378
16,550
16,3380
16,4004
16,2860
26,628
26,2071
27,487
16,5309
26,1638
16,2007
25,399
16,3327
16,4460
16,3420
26,1201
16,1903
25,359
16,2168
27,970
16,902
27,546
16,3925
27,343
16,1353
16,7265
25,1536
25,387
27,500
16,7063
27,505
16,244
16,2014
16,1934
16,2376
16,1849
25,734
27,439
25,107
26,594
27,316
25,145
16,3054
16,3568
27,505
16,673
25,1264
16,2352
25,146
25,821
16,5037
26,773
26,931
26,1341
16,3496
26,118
26,1030
16,3413
26,776
16,1810
26,1214
16,3110
28,276
16,1912
28,534
25,736
16,394
16,5474
26,836
27,521
25,480
16,3270
16,2482
28,910
16,6762
16,6703
26,958
27,504
26,946
16,3036
25,883
26,1112
26,935
16,3036
16,4564
25,878
16,6388
26,1203
25,723
25,519
26,294
16,1198
27,687
16,531
16,2269
16,3112
28,749
27,271
26,1395
26,909
16,3603
16,1915
27,100
16,3417
26,219
16,2333
27,579
16,2692
16,3157
26,1728
16,3526
16,4085
16,3399
26,1210
16,4575
27,550
25,1619
27,422
28,872
16,4112
27,549
27,756
28,341
27,297
16,703
27,766
25,791
26,671
25,976
16,2801
16,1897
25,399
25,348
26,1311
27,895
27,1404
16,3825
25,140
16,3114
16,4149
16,3314
26,250
25,919
25,1852
16,2987
16,3173
26,1712
16,4828
16,3485
16,3914
16,1004
26,1194
25,692
16,2436
26,1317
27,539
26,600
25,392
16,3060
16,2080
26,1194
27,377
25,1395
16,4731
26,1301
16,2112
27,71
28,816
16,1450
28,661
16,2968
25,288
16,3199
16,2501
26,469
16,1510
16,2252
27,940
26,462
16,2048
16,734
16,1194
16,2686
26,1218
27,82
26,1159
26,1413
16,3496
26,1295
16,2109
16,1194
16,2126
16,2572
26,1082
16,1948
16,386
16,1788
27,504
26,531
16,2508
27,1719
27,453
25,633
27,621
16,1733
16,3614
27,232
25,831
27,967
27,860
16,1644
16,3069
26,705
26,1434
26,1171
26,643
18,2172
26,676
26,607
16,2021
16,1853
16,3460
26,262
16,1615
16,2355
26,289
16,2370
27,302
16,3459
16,2777
26,1051
16,2773
27,560
28,322
26,791
26,339
26,1187
25,610
26,948
25,875
26,796
26,1032
25,187
25,151
26,1950
16,1611
25,1020
16,2078
26,660
27,287
28,800
27,558
28,293
16,2376
26,1091
26,107
16,2189
16,2496
26,313
16,550
16,1544
25,258
25,669
16,1367
26,316
16,1987
16,1306
16,1782
16,2417
27,456
16,2475
27,318
26,1598
16,2423
16,1148
26,97
26,273
26,911
26,816
16,2098
25,885
16,2032
16,1779
27,266
27,371
16,1309
16,1945
16,2535
16,2564
16,1655
26,1026
16,4235
16,1748
16,1763
26,1614
25,939
25,202
16,1086
25,718
16,3270
16,3385
26,2387
16,1698
16,3206
16,4190
26,1217
16,1970
26,1397
16,2702
25,1050
26,858
28,292
28,185
26,969
25,840
27,658
27,297
26,2570
16,930
27,780
26,184
26,1449
16,1632
26,661
16,1108
27,509
25,752
16,3190
26,688
16,1593
26,1327
27,305
16,2628
16,2608
16,2396
16,2417
27,655
16,1081
16,2902
16,2792
27,592
16,3114
16,1662
27,414
16,1350
16,2379
25,728
16,2508
16,2398
25,1173
16,3232
26,699
25,810
28,409
25,625
26,722
16,2635
16,3454
26,363
16,2088
16,2584
26,1066
25,461
25,1117
16,2911
26,1282
16,2841
27,654
27,761
28,231
26,1376
26,533
26,432
26,1211
16,3038
26,1629
26,1426
27,514
25,228
16,1323
27,1008
27,716
26,930
26,973
27,413
26,772
16,404
27,200
27,239
26,236
16,5332
26,887
16,3044
27,634
26,140
26,870
27,725
26,888
26,1002
27,99
16,6040
16,5596
16,497
16,2233
25,379
16,4744
27,772
16,3341
16,3967
16,957
27,332
27,688
16,4605
16,2927
16,758
26,1078
16,3359
16,3607
26,364
16,2764
16,2592
25,803
16,1854
28,493
26,996
27,856
16,1995
27,747
26,1661
26,1046
26,240
27,1290
26,327
26,1037
28,879
26,409
16,3734
28,730
26,364
26,893
27,2131
25,617
26,1780
25,1305
28,707
27,684
26,643
26,989
26,369
26,1268
16,1652
26,893
26,948
16,3804
26,1032
16,2436
26,287
25,887
16,1834
16,4964
16,3960
25,817
27,469
16,4005
16,1439
16,2101
25,1348
26,1376
26,1056
16,2605
16,1142
27,578
16,5605
16,3960
16,3244
16,1296
27,426
26,835
26,465
25,458
25,502
27,80
26,1718
16,4902
26,511
27,325
27,734
26,1119
16,2007
16,4098
16,2103
16,835
16,434
26,734
26,1175
16,2102
25,844
16,4225
26,388
16,1917
26,1059
26,1588
16,3652
16,2985
26,313
26,1188
26,960
26,1239
27,768
16,1904
16,2416
15,1231
26,1204
16,383
11,1344
16,569
16,2109
27,447
26,1238
26,127
26,1630
25,892
26,1597
28,652
26,1439
26,1174
27,341
26,1174
16,4034
26,660
26,990
25,893
25,659
28,809
16,5639
25,193
28,649
27,994
26,1031
16,4286
27,543
26,1206
16,2930
16,1932
16,612
16,1486
25,589
16,957
27,877
26,174
26,831
27,833
27,807
16,1388
16,2421
16,4586
16,3122
27,537
16,3221
27,912
16,2538
16,5943
16,2679
16,4620
16,1450
25,372
16,453
16,1426
16,3404
26,642
25,920
16,1770
16,3317
26,793
27,502
26,1042
26,757
16,2659
26,2123
16,1916
26,2123
26,1336
16,4947
26,842
26,967
25,298
25,221
25,177
25,263
26,1544
26,1818
16,5356
26,440
26,600
16,3780
27,725
26,305
26,663
26,641
26,925
16,2599
27,468
16,2351
26,1390
16,4783
16,1595
16,2571
16,3004
16,1939
26,1488
26,1359
27,471
27,1048
26,1084
28,937
26,733
26,1171
26,1168
27,1243
16,4345
16,563
16,1895
16,2666
27,697
26,435
25,1775
26,2371
26,1503
18,1587
18,1388
25,806
25,1076
26,637
18,941
18,589
17,2003
18,1093
18,208
18,200
18,1228
26,1211
27,677
25,999
25,493
18,1780
26,909
18,2317
25,588
25,168
25,531
25,826
25,1177
25,169
26,1260
25,927
25,522
25,325
27,304
18,2097
18,963
23,1929
18,2587
18,642
18,1563
18,2592
26,84
25,1727
28,1349
18,1813
25,892
25,939
18,2190
18,2593
25,1292
18,964
18,2972
18,2001
25,89
25,265
18,307
25,149
18,2461
18,1029
25,857
18,1806
17,2419
25,886
18,302
18,1990
25,690
25,115
25,463
25,1763
2,447
28,142
2,68
2,122
26,1320
27,339
25,1059
27,188
27,1201
27,907
25,380
28,207
25,353
27,801
25,1171
25,290
27,765
17,2222
25,392
27,198
17,2525
25,1722
17,1574
25,580
18,2924
25,1315
25,1190
25,116
27,701
25,733
25,456
25,728
27,891
25,527
25,49
25,468
26,585
25,111
25,156
25,1194
25,252
1,439
1,2542
1,2952
25,1175
1,2115
1,2090
1,1143
1,1975
1,2819
1,1525
1,433
1,319
28,463
25,1101
28,392
26,922
27,693
27,731
26,887
26,1014
26,608
25,881
26,1182
26,236
27,529
26,1403
6,1762
26,1325
25,324
26,1490
1,2017
1,628
25,341
25,1139
1,1124
1,2213
1,3213
1,2997
1,1833
1,2380
1,361
26,1072
28,302
1,3986
26,988
6,784
6,599
26,1088
25,100
25,545
1,2200
26,778
1,1705
1,3418
1,1534
26,770
26,698
1,1060
25,223
1,767
1,3882
0,3086
1,1810
1,839
0,1428
1,3313
1,2292
0,1838
25,967
27,311
27,1374
2,1572
25,3447
26,1113
25,1086
25,705
25,968
6,3144
27,277
25,770
25,3772
18,534
25,2269
0,3299
0,3807
0,7003
0,547
25,384
25,277
25,943
25,1002
25,361
25,109
25,63
26,1527
25,65
0,3842
25,1361
0,3153
0,4411
1,2731
25,721
0,3532
0,903
5,865
0,1902
0,2283
25,264
25,364
0,2458
1,3561
0,3727
0,2786
0,879
25,365
0,2878
0,3978
25,746
25,294
0,171
0,1273
0,4100
5,2004
26,662
0,1814
25,971
0,2246
25,153
25,340
0,3431
1,2108
1,2049
1,2642
1,785
25,989
1,2128
1,2199
0,2103
25,1005
27,486
0,2348
0,1430
0,2630
0,1589
0,2198
0,2460
0,2733
0,2046
25,925
0,1785
25,954
0,2007
27,392
26,514
26,512
26,612
26,811
26,373
26,657
26,195
26,885
25,561
25,473
6,1632
27,275
26,111
0,1074
0,2140
0,2900
0,2577
0,2205
0,1550
0,2966
0,2236
0,1643
0,2312
0,2921
25,815
1,2227
26,731
1,2339
25,1089
28,941
6,4046
25,471
26,336
0,2258
0,2652
0,1168
0,3054
0,2428
6,2797
0,1182
0,1051
0,869
0,841
0,2106
0,754
0,348
0,4293
0,2843
0,2541
0,3115
0,274
28,695
25,305
25,176
25,167
26,204
25,1348
26,1629
26,82
26,466
27,473
25,116
25,782
25,612
5,1318
25,110
5,3175
0,2076
0,1719
0,551
0,1271
28,865
25,362
0,444
0,302
0,3817
0,1740
0,1274
0,683
0,2665
0,398
0,639
0,1145
0,2685
0,1510
0,303
5,1952
0,1205
27,272
26,601
0,2567
0,1389
0,2881
0,1180
0,599
0,2219
0,2352
0,280
0,396
0,599
6,1227
0,803
0,2733
1,1988
0,815
0,2151
6,256
0,1028
25,242
25,573
25,144
25,493
6,1774
6,1226
25,183
0,2359
28,349
0,2218
26,1688
27,218
0,1206
6,3834
26,591
0,3086
5,2124
27,403
0,2508
28,912
0,2418
0,942
27,120
27,677
0,436
0,1043
0,645
0,682
0,3081
0,1896
0,2444
0,1441
0,3024
0,718
25,1411
0,1741
0,101
0,1295
0,1298
0,1461
0,424
0,1836
0,253
0,1056
0,865
0,764
0,938
0,558
25,763
0,512
0,1664
0,1789
0,690
25,347
25,667
25,600
25,678
27,162
25,766
28,718
25,1006
5,3607
5,2225
25,144
0,946
25,301
0,2074
25,935
5,1750
26,803
27,124
25,421
26,756
27,175
5,299
5,518
25,94
27,178
27,582
27,1164
26,387
26,524
25,259
26,916
6,2925
25,640
26,487
26,917
25,1082
26,793
28,467
26,859
5,1251
25,410
26,876
25,1402
26,463
27,887
25,236
25,222
6,2657
7,2525
27,1290
2,1206
25,188
27,192
27,195
25,273
2,850
28,485
27,487
27,805
25,659
28,36
25,1061
26,605
27,474
27,418
26,649
27,910
25,640
27,223
27,308
25,873
0,1923
0,1245
0,1500
0,1367
0,3898
0,2839
0,1261
0,1242
0,2689
0,3301
0,3517
0,2614
0,521
0,3782
0,2362
0,3011
0,2370
0,2608
25,626
0,3002
25,746
25,760
25,185
0,978
0,2721
0,2602
0,1046
0,2152
0,1803
0,458
0,3358
0,1600
0,1650
0,3070
0,844
0,1415
0,1662
0,1032
0,3159
0,2781
0,1736
0,2126
0,2459
0,2344
0,1597
0,1282
0,2229
0,3613
0,681
0,2120
0,1617
0,2219
0,598
0,1705
0,1888
0,2098
0,1784
0,4151
0,1268
0,388
27,536
26,822
0,772
26,572
27,318
26,745
27,205
25,643
25,1384
26,265
2,343
27,630
26,680
25,962
27,788
26,667
25,827
25,607
28,522
25,567
27,198
2,1032
26,286
25,1785
26,603
26,88
25,572
25,764
28,281
28,795
25,498
25,459
26,333
26,387
25,428
5,279
26,97
5,784
26,856
25,486
5,2813
26,1229
25,463
26,628
25,458
26,882
27,1500
26,656
25,984
25,99
26,269
28,668
26,203
26,211
5,1535
25,909
28,160
15,109
27,83
25,400
25,983
26,838
25,691
25,549
25,664
25,1265
25,1059
26,598
25,706
25,471
25,236
25,33
26,572
25,375
25,774
5,229
25,778
28,1014
5,162
5,2747
25,527
27,138
27,706
27,600
25,95
5,279
25,80
25,547
25,227
25,285
26,1201
28,272
25,1005
5,2551
25,325
27,113
25,580
27,461
25,955
26,1075
25,443
5,4417
25,856
0,2336
27,334
27,282
0,1763
0,2069
0,1100
0,1794
0,1178
0,362
0,3178
25,1074
0,459
0,1453
0,3558
0,1662
6,2836
0,2909
25,430
6,1376
25,679
0,3731
5,3256
0,4299
0,2472
0,1118
25,1075
0,2555
27,762
26,768
0,2702
25,183
27,1404
5,1515
1,1536
0,2212
0,2348
6,3534
25,960
0,2720
27,209
25,225
25,861
0,2441
25,576
0,2288
0,602
0,2695
26,785
26,1368
25,1186
27,489
0,4194
27,558
25,162
25,460
25,119
25,65
25,978
26,1084
5,4991
0,2950
0,636
25,286
6,891
0,2993
0,3083
6,1580
27,684
0,2276
26,1378
25,195
25,248
0,2402
0,694
25,297
25,993
0,362
25,1308
0,4043
26,1781
25,1083
6,1879
6,1661
0,2865
0,4551
0,727
28,663
25,80
26,1505
26,221
26,121
25,363
0,1434
0,1989
0,752
0,529
0,1722
0,1066
0,693
6,4225
25,771
25,548
27,634
28,307
0,2534
0,3131
5,1530
25,1231
1,1393
1,577
0,3824
0,3304
6,2271
27,273
25,646
0,2847
26,1222
25,136
1,2452
1,2952
6,2049
0,2225
6,3091
25,589
26,719
0,2782
0,1222
0,1389
1,2178
0,2301
0,684
0,4535
0,1714
25,1069
0,2775
0,626
0,3979
1,3207
1,1706
1,2119
0,3998
0,3354
0,2127
26,815
0,800
0,2034
0,3923
0,1225
0,964
25,486
6,2924
26,1358
1,2730
6,4521
6,4254
26,980
26,1359
25,1420
26,299
6,2413
6,3419
26,1753
1,2288
1,3561
25,1019
26,679
26,856
26,651
26,1201
26,870
6,2939
27,633
6,1094
6,3777
1,1812
6,3772
0,2556
25,298
25,257
1,2464
6,4308
6,2646
1,3330
1,2197
1,1695
1,1723
1,3034
0,3845
26,2703
0,3232
1,1329
6,2136
6,468
1,643
1,652
1,1000
1,1462
27,600
6,1611
6,1262
6,3544
27,1109
6,742
1,1882
25,843
6,3244
27,110
27,268
26,824
26,119
27,511
26,510
26,250
26,258
27,1224
26,1350
26,745
26,384
26,1379
28,544
26,938
25,345
26,943
26,866
26,698
26,299
26,508
25,778
26,844
6,2431
26,847
27,328
27,253
26,821
26,164
25,379
26,1194
0,705
1,2959
1,2553
27,1144
0,4231
6,1065
0,1865
0,1238
0,2261
1,2923
1,2112
1,2120
1,788
1,3446
27,398
6,5277
1,1190
25,573
26,1247
25,795
26,889
26,648
25,123
26,285
26,566
26,1142
26,282
26,722
25,418
26,770
26,595
26,138
26,544
26,1415
25,190
26,53
26,1133
26,1784
26,372
26,1022
26,1097
27,180
26,840
28,591
26,892
26,761
26,2044
25,589
26,489
25,792
26,619
26,346
26,685
26,794
26,1615
26,1579
26,343
26,1002
26,1422
26,776
26,335
26,805
26,574
26,1151
26,899
26,1018
25,576
25,176
26,706
26,695
26,593
26,707
26,751
25,483
26,748
26,1024
26,649
26,903
26,111
26,435
26,86
28,742
26,735
26,469
26,272
27,796
26,966
6,2793
26,682
26,1086
26,388
26,241
26,676
26,467
27,203
26,1056
26,296
26,1240
26,564
0,4579
0,3041
26,797
0,2227
26,1031
0,3437
26,499
0,3509
0,3303
0,3861
27,729
0,2311
28,855
27,722
0,516
0,3036
1,1643
1,1630
27,458
0,2027
0,3165
0,1755
27,1476
6,2752
5,2239
1,2700
26,1166
0,1924
0,605
26,1036
25,335
25,396
27,553
25,821
25,885
26,1079
25,1000
1,2344
28,1517
1,2087
25,869
1,1559
6,2304
1,1941
1,2626
0,4072
0,2643
0,2699
25,226
1,2392
6,5168
0,2874
27,56
26,1025
26,55
26,264
5,502
26,1152
26,232
26,705
26,1020
26,822
26,962
25,363
26,724
26,955
26,1221
5,2109
26,1060
26,699
25,1030
26,1010
26,675
26,776
26,170
26,960
26,822
26,474
26,895
26,640
5,2049
26,849
26,834
25,707
1,2538
27,496
1,1300
1,2188
1,1837
26,274
26,1437
25,791
26,967
26,432
26,394
1,1890
25,804
0,625
0,2079
6,1311
0,2361
0,2726
0,919
6,3130
0,1366
0,1862
6,1181
0,559
6,3558
1,1888
0,2182
1,890
25,1096
0,1827
26,715
0,622
0,1450
0,1426
0,2377
1,1378
0,230
25,744
1,919
0,3023
1,2305
6,2012
18,811
0,623
25,520
26,636
27,727
1,2607
26,255
26,970
0,2663
6,1143
27,733
6,1723
26,1025
0,728
0,2400
1,1413
26,688
1,1494
25,253
25,106
26,732
0,2354
27,346
0,4301
1,324
25,251
0,3712
1,3614
0,566
0,2277
0,1190
0,1447
0,2218
0,1251
0,2171
27,353
0,2567
0,2015
25,913
0,2318
0,3443
0,2233
25,283
1,3913
25,393
25,564
0,1141
0,1425
25,963
0,1153
0,2408
25,475
0,1659
0,843
25,808
0,3825
0,645
0,1139
0,3020
1,3237
25,975
26,1239
25,615
28,770
1,3247
25,362
26,1156
25,1060
25,942
5,4790
0,3074
1,577
0,1655
0,550
1,2235
25,380
0,1410
0,2904
6,1348
0,1783
0,1327
0,1262
0,1856
0,2405
0,917
26,1291
0,1313
0,1676
0,1276
0,741
0,1135
0,1346
0,2422
0,2354
0,1969
26,1144
0,1216
0,900
0,1549
6,3849
6,970
6,1656
0,2705
0,742
26,1009
5,1043
6,2736
0,1657
0,1174
0,960
0,2513
0,2695
0,3041
26,168
0,2114
25,475
0,1818
0,610
27,680
25,282
25,441
0,1822
0,3377
0,4428
0,1662
27,740
0,1031
0,1462
26,590
0,382
25,686
0,2533
0,2491
0,1551
0,1631
0,2330
0,1069
0,371
0,1618
0,2172
6,2576
0,2191
0,1724
0,1709
0,1958
0,1598
25,704
0,2047
0,2212
0,1446
26,679
0,434
0,2999
0,1069
27,519
27,711
27,706
25,1001
28,854
25,1231
25,1263
27,506
25,1147
27,428
1,1571
26,2852
26,1020
18,1270
1,2220
6,1804
27,662
25,1055
26,616
26,851
26,942
6,2117
26,1086
26,587
1,2611
25,1212
27,877
0,4312
6,807
28,1387
27,735
0,1284
0,1058
26,1085
1,2505
28,1390
25,673
26,93
26,715
1,3023
26,1281
26,756
1,3543
0,935
1,3130
26,585
5,1606
26,967
26,1109
26,997
6,1731
1,2427
26,657
26,984
6,2330
1,574
27,1335
26,1485
27,1054
1,1127
5,1927
0,4259
27,773
0,3388
0,1772
0,705
25,1464
25,1699
0,3047
27,474
27,858
26,606
26,1054
26,1383
26,818
26,783
26,335
26,593
26,175
26,740
26,695
26,658
25,340
27,617
1,1000
1,2348
1,920
1,494
25,601
1,1773
1,1715
26,731
26,1099
26,541
25,334
1,696
1,1354
1,2239
25,683
25,267
1,1701
26,376
27,144
26,882
1,1177
1,631
1,1530
26,88
1,1833
1,1667
26,1515
1,2083
6,2475
1,93
26,2118
1,2276
1,1098
26,664
25,641
1,2066
26,1827
28,1219
1,1206
1,1908
26,1199
1,2349
26,769
1,2252
1,3330
27,991
1,1380
1,653
26,902
1,1109
0,405
1,2293
25,1226
28,601
26,453
26,1293
26,1481
26,498
26,1579
26,640
26,1061
26,930
25,593
26,701
26,260
26,547
26,702
26,787
26,230
27,104
25,514
26,288
26,1867
26,1833
26,463
4,1087
26,827
26,850
26,1583
25,602
25,181
28,121
4,37
26,128
26,112
25,906
26,442
26,750
26,785
25,255
26,2246
26,975
26,740
25,347
25,277
28,845
26,702
26,207
26,1287
26,749
26,1074
25,526
25,420
26,533
26,1010
26,580
26,846
26,1164
26,582
25,876
27,513
26,685
26,136
26,745
26,310
26,803
5,1389
26,666
6,2226
26,659
28,335
26,116
27,328
26,349
26,950
26,601
26,1421
26,698
26,837
26,1037
26,1159
26,895
26,354
26,52
26,539
26,894
26,1190
26,801
26,915
26,818
5,2948
26,1853
5,536
1,2010
26,582
25,307
1,1233
1,635
25,80
1,1463
1,967
26,665
25,792
0,730
1,1484
1,1049
27,338
26,843
26,1218
27,876
26,811
26,1190
26,281
26,380
26,2267
25,263
26,194
26,290
26,542
26,983
26,1047
26,911
26,682
26,532
26,376
26,678
25,85
26,591
25,175
26,158
26,174
26,872
26,979
26,595
26,712
26,348
28,682
26,539
26,520
25,286
26,1289
25,550
26,643
25,171
25,292
26,905
26,781
25,699
26,571
26,1025
25,1065
26,980
26,173
26,1100
26,771
27,1035
25,338
26,363
26,936
26,710
26,1004
28,596
26,921
28,576
26,1088
25,661
26,1245
26,354
26,1216
26,411
26,642
26,1756
26,681
26,763
26,242
26,97
26,941
27,304
26,892
26,748
26,910
25,1101
26,1221
26,919
26,843
25,415
26,663
26,1002
26,318
26,979
26,978
26,699
26,1009
25,563
25,797
27,473
26,715
26,493
26,480
26,316
26,834
26,684
26,754
26,1306
26,212
26,735
26,913
25,774
26,1458
26,525
26,871
25,493
26,684
26,239
25,448
26,1358
27,465
26,1132
25,206
27,584
26,890
25,455
27,389
26,998
26,483
26,946
25,632
26,817
26,442
26,478
26,1373
26,843
26,505
26,914
26,210
26,1538
26,341
25,185
25,294
25,149
25,649
26,2565
26,2495
26,84
26,1272
26,540
26,366
26,510
28,790
26,923
26,1080
26,722
26,514
26,909
27,257
26,697
25,68
26,830
28,699
25,163
26,48
26,493
26,609
26,892
28,555
26,740
26,883
28,483
26,77
26,248
26,153
25,814
26,601
26,1030
26,2285
26,1319
26,845
25,194
26,1718
26,736
26,317
25,689
28,467
26,784
26,812
28,520
26,502
26,1361
26,267
26,227
26,260
27,599
25,83
25,272
25,771
26,864
26,452
25,325
26,990
4,246
26,1399
25,1719
26,2021
25,413
26,963
25,65
26,49
26,454
25,849
25,1088
26,495
26,994
26,647
26,1377
25,981
26,245
26,878
26,781
26,473
26,816
25,434
26,790
25,691
26,1256
26,124
26,764
27,587
26,539
26,573
25,676
25,565
26,487
26,521
26,803
26,577
26,1763
27,716
26,608
26,524
25,813
26,999
26,444
6,1806
6,1990
0,1919
0,1996
26,989
25,346
25,246
25,364
25,989
28,454
28,338
27,558
0,2697
26,2181
25,335
25,232
25,907
26,330
25,1258
6,2124
28,382
0,2274
0,4058
25,576
27,195
25,1308
25,954
26,869
26,769
27,647
25,720
26,261
26,1037
25,517
26,1010
26,1449
25,395
25,1173
26,1488
26,430
26,74
25,136
25,984
26,765
26,1828
25,2137
25,745
26,680
26,479
26,341
26,1750
26,997
26,646
26,866
26,973
26,470
26,642
26,833
26,505
26,768
26,194
26,857
28,783
26,1661
25,646
26,131
25,296
26,881
26,2350
25,1628
26,1119
26,551
26,887
26,799
26,936
26,612
26,595
26,671
27,1043
26,820
26,201
5,3096
27,285
26,1016
26,789
26,347
26,872
26,840
25,53
25,493
27,383
26,299
25,703
26,705
26,986
26,1167
26,589
26,880
26,1034
26,901
26,1279
25,972
27,86
26,125
26,628
27,591
28,635
26,939
25,913
26,1071
26,825
26,524
26,929
25,303
26,1865
26,745
27,566
28,558
27,550
0,446
0,696
25,607
1,2200
1,1659
1,2632
27,100
28,434
25,842
26,906
26,688
26,1747
0,921
27,1153
6,1807
0,338
0,192
0,1303
0,1832
0,512
28,367
25,417
25,277
25,151
1,1073
6,2124
25,1340
6,4029
25,293
25,1068
26,573
26,552
28,164
26,903
26,1100
25,173
25,1083
26,952
26,845
26,1043
25,144
25,1434
26,705
26,577
26,776
26,515
25,809
25,393
0,1149
25,967
0,2214
0,424
0,1312
0,1075
0,3021
0,419
0,1986
27,682
0,1159
0,809
0,863
0,539
0,935
25,343
25,302
25,272
0,2269
0,908
0,758
0,991
0,2243
5,792
0,572
0,2188
0,1062
26,1341
0,1851
0,1860
0,2142
0,3239
0,1596
0,1599
0,2044
0,930
0,629
0,1003
0,1786
0,1975
0,1612
0,974
0,979
0,2043
0,2561
0,729
0,258
0,2181
0,1446
0,1690
0,2104
0,2136
0,3132
27,840
0,389
0,132
0,1472
0,973
0,861
26,764
25,70
27,902
0,1165
0,2386
6,3402
0,2423
0,2599
0,533
0,1982
0,260
0,2791
3,109
0,1949
0,854
0,869
0,1541
25,275
0,321
0,2063
25,406
26,2062
28,237
26,1075
26,1905
27,1624
0,2471
5,1207
25,80
26,207
26,548
26,439
26,532
26,180
26,96
26,1202
26,783
26,429
25,1112
26,757
26,1354
26,986
26,955
26,412
26,1352
26,983
26,917
26,592
26,698
26,439
26,172
26,1031
26,1018
26,660
26,1012
25,702
26,238
26,392
26,759
26,1432
27,795
26,856
27,765
26,760
26,1782
26,746
26,106
26,1677
26,465
26,207
25,217
26,823
25,978
26,966
26,1207
26,1455
1,2089
25,1001
1,454
0,1222
6,1151
6,834
26,1162
27,892
25,961
1,1888
26,818
25,1252
0,3318
1,1468
1,3316
25,466
1,525
1,701
1,791
27,412
26,730
27,487
28,868
25,756
26,1354
6,3314
1,957
25,200
1,1243
27,467
25,166
26,137
28,873
1,1077
1,1315
0,1687
6,1089
6,183
1,1571
0,1557
0,3144
1,1444
0,2792
6,2457
0,1675
25,1197
26,1012
28,1129
25,282
28,403
0,1792
26,1067
25,532
5,735
0,3147
0,2032
0,1223
0,1065
1,2036
26,1007
6,858
6,425
27,408
26,87
26,123
6,2969
25,656
6,2428
6,1524
6,1450
6,627
6,2855
1,272
25,933
6,2216
25,420
25,319
25,683
6,1542
6,2118
1,1513
26,800
26,1241
6,3045
6,2501
1,1291
25,216
1,1958
6,298
18,911
27,673
25,579
26,750
26,824
25,745
26,557
25,637
1,1944
26,1074
1,947
26,1092
26,977
27,744
27,576
25,682
26,460
25,742
25,538
26,801
25,275
27,703
27,296
26,221
26,535
27,885
1,1092
1,428
25,1000
26,1018
26,359
26,783
26,863
26,554
26,847
26,325
26,1835
26,1471
26,890
26,1867
26,205
26,761
26,764
25,384
26,196
26,1156
26,313
26,863
26,973
26,1125
26,1513
26,1117
26,140
26,888
26,1013
25,986
26,948
26,1281
26,805
26,974
26,1490
26,727
26,790
28,993
26,386
26,663
26,328
26,1233
26,938
26,562
26,162
26,690
27,375
26,1054
26,720
26,28
26,1614
26,584
26,680
28,293
27,966
26,1129
25,751
26,370
26,545
26,360
26,500
26,479
26,834
26,824
26,1161
26,899
26,1198
26,874
26,924
26,963
26,285
26,519
26,792
25,660
26,168
26,969
26,300
26,171
25,527
25,561
26,1153
26,1039
26,741
26,770
26,724
26,224
27,649
26,23
26,729
26,1000
26,526
25,1097
26,1570
26,863
25,290
26,1010
26,987
26,695
26,779
27,252
26,736
25,872
27,659
25,1030
26,1562
25,1090
1,2094
0,2549
25,369
1,509
26,344
26,825
1,2426
1,2311
1,1636
1,2376
1,2557
26,1699
1,2329
26,1225
1,1262
0,1873
1,1923
1,1966
0,3115
1,2178
1,1664
1,1066
26,1121
1,2740
1,1246
1,1797
1,2075
1,2542
1,1688
1,688
5,1436
1,1460
25,608
1,1196
26,287
1,1705
25,955
1,2308
1,870
26,767
1,2192
1,1801
6,1654
1,2352
1,1068
0,1340
1,1943
1,980
6,416
1,1563
6,664
25,835
1,894
1,457
1,2067
1,2476
6,1963
1,1776
1,1906
1,1742
1,596
26,1293
28,308
27,338
26,190
1,1060
1,1548
26,1105
26,715
1,1641
1,1786
25,680
0,242
27,272
1,1757
1,2320
0,2345
1,815
25,935
26,2229
1,2071
25,695
26,669
26,1092
28,724
26,183
1,757
27,323
25,1094
1,2185
27,1021
1,1415
1,1874
1,2852
1,2143
26,688
27,707
27,897
26,543
1,1459
1,2422
1,1854
1,1967
25,1865
1,2073
1,2136
0,1925
1,582
1,1403
1,1734
0,1933
0,481
1,1866
26,767
27,846
1,2802
0,207
1,2718
25,242
1,1203
25,192
1,2198
1,1426
1,733
1,2481
1,2282
1,2732
26,1297
1,2531
26,1101
1,1510
1,1684
25,123
1,1391
1,2547
0,3126
27,104
0,2581
26,1031
26,1121
26,1145
26,327
26,1281
1,2103
26,1311
26,1096
26,701
26,1017
27,611
26,789
25,1204
1,1102
1,1012
1,1439
1,817
1,2475
26,1114
25,722
26,643
1,1282
26,1248
1,1296
26,1070
1,861
26,1185
25,997
1,2455
1,439
1,3299
27,621
27,1123
27,621
1,956
26,782
27,603
25,801
26,1322
26,1733
1,1645
1,1663
26,1363
26,1187
1,3560
26,1387
26,1711
1,3552
1,1160
26,465
28,300
25,741
1,1956
26,828
1,1838
28,829
26,1675
1,2213
1,900
27,459
1,2321
0,584
1,2234
26,1096
1,3353
25,659
26,931
25,747
26,991
1,2025
28,846
1,538
26,830
25,985
5,1939
26,253
1,1719
1,633
1,1124
1,2621
25,1379
1,2282
1,295
26,842
26,585
1,1212
1,1133
26,2963
26,1116
1,2415
1,2243
25,410
1,1964
1,1048
0,3033
1,1129
0,2946
1,1921
25,874
28,1158
6,2510
0,4012
1,2123
1,2175
25,452
1,3044
0,2121
0,3199
0,920
25,909
27,307
26,973
1,803
25,357
1,2464
1,2168
0,2430
6,2055
0,2099
1,2329
26,1230
0,2215
0,2629
26,926
5,3047
0,775
27,711
0,3105
0,3755
1,922
1,2247
25,1111
1,2691
0,3127
1,2077
26,1232
27,820
1,2577
0,2142
27,828
1,2837
1,2128
1,2241
26,1003
26,744
26,457
1,2405
1,2093
26,1107
0,1366
25,1134
26,995
1,2300
1,2065
1,2516
1,626
1,3470
26,1101
1,1155
1,2615
27,331
0,2043
6,2389
1,896
6,1520
26,2059
0,2903
0,2167
0,1429
25,476
6,629
25,490
6,2740
1,361
0,2316
1,1032
0,1430
1,523
1,921
5,1410
0,1272
0,479
27,447
27,546
25,345
5,447
0,3233
27,491
0,890
0,2179
0,1247
0,1629
0,1958
0,478
0,2057
28,631
0,1615
27,185
0,3044
0,1667
0,1827
1,1800
28,419
0,406
1,2273
0,3970
0,714
6,2624
0,2613
0,2901
0,926
0,1230
1,1165
0,1784
25,472
26,775
26,947
0,2228
1,2194
25,605
1,870
25,1123
1,1397
6,2822
27,1012
1,1379
6,2491
1,762
1,1641
1,792
1,1616
6,1777
1,2797
1,1337
27,426
6,1947
25,221
26,1209
1,1509
0,1054
1,247
26,998
0,1756
0,1888
0,2286
1,1570
26,1808
1,2356
0,2329
25,409
0,1173
0,608
1,1731
0,2652
0,308
0,3390
0,2662
0,842
0,1114
0,2029
0,3220
1,1100
1,305
1,3262
6,2816
6,866
0,2819
1,1731
1,658
1,2343
1,1833
0,3602
0,255
0,492
25,1007
0,1878
0,2505
0,727
1,2662
0,2548
0,3072
0,429
1,3485
26,613
1,1806
1,2304
1,316
1,1613
1,517
0,2924
1,418
1,1510
1,2274
6,975
1,2580
0,3281
0,1396
0,2429
6,2591
0,680
0,6251
27,157
27,816
27,765
26,151
0,1191
0,1542
28,681
25,925
0,1737
0,3634
6,902
6,2629
27,488
25,383
27,345
27,391
27,566
6,2317
0,2014
25,290
0,1608
0,2187
0,2143
0,1015
0,1734
25,391
0,1858
26,740
26,637
27,688
0,1206
0,803
6,2219
0,282
25,1158
26,1177
6,1503
5,2123
25,1014
0,1350
26,3599
27,61
0,727
25,1340
25,139
0,1865
0,1837
0,2057
0,950
0,306
6,2055
27,598
27,738
27,832
0,5002
27,691
25,1210
1,1681
0,475
5,1403
0,1840
5,577
0,1510
26,1156
0,233
25,101
27,433
0,1937
0,3190
25,424
0,1154
25,1311
25,934
0,698
0,230
0,115
0,301
0,1202
0,1432
0,410
0,1479
0,904
0,2145
0,2410
0,1819
0,322
25,1616
0,1511
0,1378
0,286
0,774
0,2226
0,2603
0,783
0,334
0,576
0,1672
0,1393
0,935
0,1029
0,1021
0,1411
0,955
0,1062
0,2208
0,326
0,678
0,2312
26,956
0,1331
0,1672
0,767
0,1354
0,816
6,464
27,617
0,571
0,949
0,1074
0,669
0,724
0,733
0,1534
25,720
0,935
6,1510
0,1768
25,939
25,786
25,179
0,1360
0,1636
0,2044
0,1526
0,870
0,1774
0,2970
0,999
0,1795
0,464
27,681
0,2071
0,593
27,391
26,1499
0,1402
0,169
0,1765
6,2601
6,2749
0,2407
0,3315
0,979
6,833
26,1127
27,727
0,443
6,3405
28,423
26,161
6,452
0,2966
27,446
0,1635
0,1329
26,1172
0,2521
0,1252
25,362
0,981
6,1782
0,1467
0,859
0,1378
0,1875
0,1919
26,1359
0,1412
0,1352
25,453
27,378
0,1618
0,2333
6,2720
0,1287
6,2395
27,180
0,2383
6,792
0,2396
6,1156
26,1003
0,437
25,224
0,770
25,533
0,1822
0,1231
0,1936
6,3253
0,2181
0,1168
0,2389
0,1875
0,1746
0,838
0,1078
27,693
6,2751
0,1068
0,134
0,270
0,1599
0,1857
0,917
0,1489
28,1138
0,918
25,1186
0,2390
0,491
0,578
0,2477
0,1069
0,1267
27,694
0,1802
0,1422
0,471
0,1647
0,1647
0,1423
26,657
0,1968
27,445
0,974
0,1028
0,1000
0,2426
0,905
0,2546
0,2384
0,1321
27,723
0,456
6,3162
27,925
5,1468
26,236
0,2236
0,407
0,2412
0,1510
0,3048
0,2000
0,1090
0,555
0,1735
0,1685
0,2778
0,1965
26,882
0,1411
27,812
0,1687
0,2078
0,2149
0,1885
0,695
0,980
27,1000
0,2091
0,2880
0,2603
27,661
0,1061
0,2594
0,1571
0,1922
0,1051
0,1243
0,706
28,669
0,1178
0,1125
0,1196
0,949
0,2496
0,1788
0,1839
26,637
0,2089
0,1629
0,2188
0,1366
0,1489
0,1519
0,1337
25,863
28,585
28,274
0,1190
25,1015
0,3639
0,1812
6,2254
25,358
0,851
25,337
0,2080
0,1830
27,531
0,1667
0,906
0,2406
0,464
0,1277
0,532
0,560
0,2284
0,549
0,2086
0,1350
0,1919
0,2623
0,1830
28,669
25,913
0,1390
5,1619
28,368
0,726
0,1794
0,668
0,1324
26,1163
28,875
0,1472
0,703
0,1265
0,1783
28,681
0,1547
0,921
5,777
0,494
26,798
0,2005
0,2292
0,1088
0,1407
25,456
25,1582
0,1363
0,1504
0,1543
0,317
0,326
0,1814
0,241
26,884
0,2153
0,1516
0,2534
25,1532
0,1155
5,2306
0,1862
0,1529
25,800
0,1677
0,1798
0,695
5,2104
0,1477
0,567
0,1391
0,2318
27,110
0,202
0,1505
25,739
0,1761
0,392
0,408
0,468
0,1582
0,612
25,760
0,2027
0,213
0,1517
0,2881
0,2481
0,1255
0,1961
0,1227
0,745
0,1043
0,2100
25,1434
0,1849
6,209
0,1460
0,1638
0,2327
5,1359
0,799
27,1430
27,454
27,1129
27,2054
0,1167
27,222
27,1364
27,864
25,775
25,1683
0,1931
25,1565
0,1878
0,2174
0,1502
0,1629
5,558
0,864
0,1716
0,569
25,1147
25,607
0,1494
0,682
27,746
28,814
5,1451
25,555
5,1037
25,211
27,358
27,311
27,1738
28,125
0,1527
0,1224
27,764
0,1067
0,2010
25,1057
27,414
27,838
25,523
27,1416
27,1246
26,852
27,1113
28,450
25,575
26,800
25,844
27,1677
25,757
5,1748
27,1061
27,1440
27,833
27,2159
27,766
25,995
27,1687
25,1503
25,809
27,2609
0,2115
0,968
5,454
5,1692
25,923
25,1883
27,229
25,1446
27,341
28,735
28,389
25,1421
0,431
0,2065
5,426
0,1624
25,1570
0,1629
0,997
0,2033
25,672
25,198
5,2828
25,682
25,617
0,1462
0,1948
28,1108
0,1619
0,1795
0,808
0,2354
0,1850
0,2348
0,1230
0,2010
0,1053
0,1439
25,305
0,2237
0,699
0,1373
28,847
0,1714
0,1905
0,826
0,745
0,674
0,1250
0,1232
0,3269
0,1800
0,1487
0,2128
0,1943
0,2223
0,405
0,1695
0,954
0,843
0,1056
0,2446
25,1006
0,951
0,2262
0,1452
0,655
0,3472
0,2538
0,2505
0,1950
0,1638
0,2168
25,338
0,1804
0,2685
0,409
0,2271
0,1896
0,2042
27,263
0,771
0,1530
27,493
0,1702
0,1705
27,484
0,2012
0,1721
0,1421
0,2832
0,2932
0,1181
0,1960
0,966
0,799
28,841
0,2117
0,2135
0,697
0,150
0,1563
0,2248
26,1371
0,1055
0,1660
0,2053
0,2097
0,454
0,1375
0,2501
27,769
6,1881
27,425
0,1714
27,370
0,2389
0,1308
5,1090
0,2640
0,1973
0,1417
0,1348
25,1079
27,1588
0,486
0,2819
0,2101
0,1680
0,1257
0,547
27,876
25,365
25,866
0,995
26,173
26,414
26,844
0,1854
0,784
0,1890
0,712
28,1583
25,683
0,1185
0,845
0,1445
0,1634
0,2307
27,594
28,764
6,2040
5,479
0,2084
0,2065
0,2069
0,2402
0,321
0,937
0,1070
0,2744
0,646
0,2379
0,685
0,1644
0,929
0,840
26,981
0,1184
0,1238
25,994
0,694
0,1021
0,1925
0,1236
0,1624
5,1694
25,1952
0,1075
0,1314
27,891
0,980
0,1372
0,1153
0,1342
0,1411
0,725
27,823
6,1050
0,818
0,2299
0,2305
0,451
0,161
6,2862
0,815
0,508
0,910
0,1704
0,1287
26,775
0,1437
0,2249
27,1285
0,1962
0,1361
0,1577
0,2110
0,2368
25,498
0,1161
0,222
28,1207
0,1812
0,692
27,885
0,1954
25,1197
25,1422
0,833
0,2457
0,2297
0,1932
0,2166
0,1047
0,1807
0,1261
0,422
0,2412
27,839
26,101
0,1036
0,850
0,2172
0,1632
6,1267
5,369
0,353
0,422
0,2038
0,1771
28,833
0,717
0,1793
0,1677
26,1203
0,1142
0,527
6,2992
0,1536
25,513
0,2008
0,744
0,1766
0,2685
0,2124
0,1400
0,262
25,515
6,662
25,327
25,520
0,1634
0,2038
0,735
26,472
26,1281
0,2653
0,1957
26,1340
0,1394
0,1084
27,1220
0,676
0,1965
0,969
0,795
0,1924
27,813
0,343
0,1354
0,513
6,1325
0,1549
0,1702
26,1159
5,730
26,412
6,1612
0,1046
25,138
25,198
25,230
0,1846
0,2107
0,194
0,784
0,1223
0,783
0,817
5,662
0,742
28,866
0,1129
27,614
0,838
0,468
25,461
0,841
0,1812
0,765
0,1324
6,211
0,2584
0,3313
6,2006
0,1463
0,347
0,2121
0,182
26,657
0,1198
0,1440
0,1133
0,960
0,971
26,1022
0,1562
0,1380
0,2188
0,729
0,2052
0,1386
0,633
0,827
0,1800
0,1424
0,1273
0,325
0,1012
0,1499
0,1484
0,740
0,1063
0,2480
0,2817
0,2543
0,962
26,1073
0,3424
0,2184
0,1041
0,430
0,1538
0,1485
0,141
6,1486
0,3578
0,1606
0,1283
0,741
0,1594
0,2066
0,399
0,1583
27,276
0,807
0,2647
0,861
0,1999
0,2755
0,1426
6,2714
0,2050
25,1380
27,1633
28,837
0,2574
6,1987
0,2812
0,1681
0,1042
0,2449
25,183
25,654
0,2441
0,2787
28,877
0,629
25,741
25,1268
6,1691
0,1662
0,2577
0,1002
0,2381
0,3381
0,2811
0,3502
0,1464
0,4591
0,2385
0,3005
0,1488
0,2968
0,1596
0,2014
25,419
0,2013
26,1632
0,1610
0,2301
6,2929
0,1694
0,1257
0,1678
0,1080
25,243
27,84
25,37
27,112
5,204
28,50
26,184
25,39
26,276
25,45
25,1137
25,258
27,391
26,1519
27,431
0,1464
27,651
25,804
0,395
25,595
27,393
0,389
0,2871
0,1473
0,1830
0,1915
28,1232
0,1889
0,1453
6,1420
0,1540
0,2493
5,1439
0,2510
25,111
0,2046
0,277
0,846
25,1035
0,113
0,2523
25,1623
0,977
5,765
27,302
0,1832
0,2335
0,1409
0,1545
0,2700
0,1605
0,1630
5,1575
0,748
0,2869
0,3457
0,2294
26,252
0,2349
27,225
0,3361
0,1472
0,2523
0,333
27,513
6,1802
0,2760
0,836
25,2231
0,2976
0,2254
0,2949
0,1337
0,1483
5,2220
0,2462
0,3540
0,890
5,1220
27,906
0,3387
0,1234
0,1790
0,1384
0,1496
0,951
25,1229
6,2013
6,1580
0,633
0,1252
0,1890
25,1637
0,1802
0,1178
6,1119
0,588
27,173
0,1539
0,1675
0,1976
0,3403
0,1664
27,599
26,1155
5,1814
26,212
5,1391
25,592
28,74
0,2858
5,864
26,1429
0,377
0,807
0,1304
0,2205
27,188
27,673
0,2588
0,3376
5,2007
0,2265
0,3529
0,2594
27,408
6,2648
0,3062
0,1334
0,878
0,2477
0,542
0,618
27,381
27,126
25,976
27,526
28,751
0,375
0,710
26,833
25,196
0,3221
0,2433
0,2566
0,2049
25,518
27,809
27,1067
0,2549
0,1777
0,1993
0,2968
28,602
0,1149
0,1970
0,2326
0,823
27,930
0,583
0,1465
0,1235
0,501
27,231
0,133
0,1885
0,536
0,340
27,376
0,3537
0,1874
6,2887
0,2699
25,702
0,1123
26,1803
6,556
0,1989
0,2566
0,1012
0,860
0,2429
0,1646
5,2592
0,2117
0,2603
0,377
0,1141
0,2388
0,2427
0,1708
0,2088
0,1655
0,1739
0,752
0,675
0,2105
27,608
25,1081
0,2540
26,745
27,118
0,1939
28,1043
26,1264
0,1970
0,1914
0,2699
0,1264
0,1993
0,1248
0,1430
28,868
0,1656
6,477
0,2236
0,582
0,1714
0,2103
25,1202
0,1775
0,460
0,2568
0,829
0,2670
0,815
0,1570
0,1756
0,1544
0,1499
5,793
28,1044
0,1652
0,1590
6,454
0,1524
28,1005
26,209
0,1584
0,1846
25,1355
0,1997
0,1047
0,2408
5,2408
0,353
0,2211
25,175
27,555
0,1152
0,927
0,546
0,2015
0,351
0,1307
0,449
0,874
0,1132
0,1568
0,1464
0,691
0,828
0,1250
0,2806
0,1058
0,1676
0,582
0,2832
6,2307
0,1684
26,1328
0,467
0,435
6,2323
0,1856
27,281
0,1536
0,1428
26,935
25,983
0,1430
0,1259
0,2384
27,185
0,1118
0,1156
0,2153
0,1650
27,991
0,1725
0,1680
0,1654
0,2805
0,1476
27,988
0,554
27,243
6,2306
0,2128
0,311
0,687
0,2478
0,1527
26,672
27,1435
0,1014
0,1912
0,966
0,2023
0,4500
0,1488
25,711
27,478
25,129
25,1147
28,230
0,1196
0,1131
0,1927
0,1042
0,1688
0,497
0,2244
0,1261
0,1843
0,3114
0,196
25,834
0,707
0,1029
0,2703
0,1594
0,1615
26,1558
27,664
0,1689
0,958
28,1226
0,2175
0,1528
0,1916
0,1348
26,941
0,1891
25,751
6,1621
0,2150
0,1959
0,343
0,1929
6,2660
0,1474
0,2632
0,1294
0,934
0,944
0,2136
0,1039
0,2695
0,969
0,2865
0,2327
6,3460
0,1677
0,3582
6,2917
26,91
26,671
0,2289
0,2682
0,2278
25,1094
0,3419
0,2218
0,2642
0,1519
26,666
26,1231
0,1626
0,1081
0,768
27,551
0,885
0,1315
0,1009
0,3087
0,263
0,1885
26,1064
28,1367
0,2577
0,1420
0,366
0,763
0,2390
0,650
0,3157
0,1679
28,330
0,1072
6,1645
0,2016
6,3067
0,1483
25,919
0,614
0,2225
25,166
25,451
0,947
27,826
0,1681
0,1488
0,1319
0,1106
0,1347
28,645
0,620
0,893
27,891
0,1118
0,1910
0,969
0,1212
0,385
0,366
0,632
0,1658
0,700
0,1055
0,1972
0,1395
0,1707
0,848
6,2433
0,2093
0,1232
0,1709
0,381
0,2725
0,580
0,1356
25,657
0,278
0,1072
0,462
0,2227
0,1315
0,1124
0,1710
0,964
6,1770
0,1414
0,974
0,259
6,2282
0,581
0,57
6,397
0,1891
0,1346
6,3099
26,1324
0,2685
0,2612
6,1898
6,2801
0,1247
0,4332
0,3303
0,1512
0,2047
0,2101
0,708
28,1122
0,643
0,1880
0,2320
6,2704
0,1824
0,2353
0,2395
0,4961
0,2868
27,603
0,2912
0,3095
0,1068
25,208
25,539
25,631
0,3543
25,618
0,2275
5,1255
0,708
0,2451
0,2714
0,2954
1,595
1,1770
26,1414
0,4649
0,1895
1,3182
28,847
0,3031
26,777
26,1862
0,2425
0,4012
0,705
27,855
25,923
28,1101
26,2008
26,669
27,275
28,902
26,897
0,1202
6,2414
1,623
25,225
6,1369
25,398
0,1691
26,959
1,1237
0,2042
0,1647
0,1189
0,2676
0,2475
0,2747
0,1428
0,626
25,150
0,1226
27,1707
0,1398
0,1873
27,330
0,348
0,772
0,704
25,365
6,2102
6,684
0,2078
1,1265
0,2813
0,2314
6,1837
6,2323
0,1746
0,2113
26,525
0,2259
6,2922
0,1749
6,2184
26,1335
27,455
0,610
25,576
25,785
0,2564
27,636
26,575
25,169
27,338
0,1303
0,3127
0,1292
26,1418
6,3603
0,2777
0,655
0,1205
0,3290
1,3041
1,2246
25,1186
0,2444
0,1110
0,2964
0,4147
0,1882
0,1066
0,2468
25,1402
6,1235
0,2386
25,1275
0,2259
0,1668
0,3572
0,3942
0,1520
1,2213
0,4158
0,2579
28,783
0,2230
0,2476
0,230
28,398
0,1638
0,2142
6,2248
0,2105
0,1597
6,908
0,771
0,899
0,787
6,658
27,616
6,2349
25,781
5,1707
25,421
25,367
6,1630
0,2620
0,425
0,684
25,187
25,677
28,999
0,714
0,1436
28,779
0,2345
27,708
6,2260
0,2310
0,1768
6,135
0,968
0,1653
0,520
26,1063
26,535
0,2177
0,761
28,1272
0,223
0,1010
0,403
0,355
0,2891
25,561
25,1212
25,332
0,1708
28,579
0,1535
0,1785
0,1389
0,1674
0,2433
0,379
27,480
0,2259
0,1375
26,540
0,1419
25,451
0,2705
26,42
25,170
25,728
0,297
0,223
25,965
0,4226
1,2054
0,3006
0,2562
28,926
0,493
27,163
27,769
0,2577
0,2796
0,1775
1,1509
0,4256
26,1222
6,1258
0,1246
1,2452
0,2010
25,289
0,3793
0,1770
1,2182
28,662
6,2720
1,3590
0,1791
0,2219
0,4064
0,2513
25,494
25,868
26,1070
0,1894
0,1916
0,2260
0,1975
26,1352
0,3414
25,932
25,344
27,181
28,1233
0,2199
0,1988
0,1639
0,1087
0,306
6,2276
0,1740
0,2273
0,967
0,971
0,2079
0,1821
0,1759
0,432
0,1347
0,968
0,1095
0,368
0,272
25,331
0,452
0,1896
0,1516
0,1865
0,812
0,1778
27,539
0,1124
0,791
0,1538
0,1173
0,1737
0,1644
0,2658
0,1400
0,1576
0,2147
0,3131
26,823
6,1333
26,558
26,190
26,610
0,2493
27,474
0,2613
27,544
0,1286
0,807
0,1434
28,810
27,440
0,1781
0,307
0,2362
6,1051
0,4072
0,2650
0,553
0,2168
0,2130
0,2141
0,3093
0,2399
6,1131
0,1001
0,1700
27,767
27,546
27,610
0,1942
0,2220
25,834
26,1131
6,1689
0,1207
0,2089
0,1464
27,629
0,464
6,2784
0,3069
0,3324
26,740
26,1031
0,1507
0,2834
6,1695
25,1150
0,1887
0,1848
0,2386
0,1722
0,2078
0,1708
0,2081
27,393
0,1681
27,753
27,180
0,759
0,2453
6,2639
0,1310
0,3471
5,1165
27,213
0,1981
0,1710
27,773
25,962
6,1530
0,1639
0,2552
0,435
26,132
0,205
0,1267
27,624
6,2376
26,2312
0,606
27,183
1,584
0,557
1,1107
1,326
26,993
27,227
6,2687
6,2553
1,526
0,1553
25,1089
0,1718
0,386
0,1343
0,2277
0,2013
1,1295
26,256
26,860
1,1964
26,460
1,1126
1,1523
1,1305
1,2212
0,2166
1,2409
0,2317
0,1746
25,379
6,593
0,2371
26,757
27,199
27,715
26,586
26,496
0,1644
1,1142
1,550
1,1479
1,2187
27,133
0,299
0,333
1,1519
1,227
1,254
1,606
1,1263
27,749
0,857
1,1860
0,411
1,471
1,1187
1,1909
1,1822
1,2225
1,1488
0,642
0,1312
6,1042
0,881
0,684
28,222
0,507
0,677
0,341
0,1197
26,1458
0,3002
0,2595
0,755
1,605
26,554
26,684
1,1187
0,865
26,1105
6,1675
0,568
0,1076
1,1070
27,638
26,1406
0,2475
0,1533
1,1524
0,680
0,1541
5,1603
1,1516
27,446
27,612
26,1200
1,869
1,685
28,638
0,2595
0,2930
27,690
0,361
27,380
1,1871
1,1992
27,650
0,2848
26,1211
6,1478
25,1284
0,2431
0,822
0,2591
6,2044
5,2076
0,1958
28,328
1,766
0,1606
0,1458
0,1621
0,1750
0,921
25,777
0,1760
0,825
0,245
25,488
0,636
0,1310
0,2040
0,1629
0,951
0,1362
25,918
25,473
0,394
0,1510
0,1129
0,2262
6,1324
27,1117
27,801
0,2074
0,533
27,645
6,2733
0,2376
0,992
25,754
0,2967
25,1917
0,1181
27,265
0,1292
27,808
0,2556
26,1276
25,879
0,3549
0,1588
0,1310
0,1835
0,1714
0,243
0,1312
0,2065
0,2953
27,831
0,1495
28,211
0,2230
27,471
27,157
0,1658
0,2494
0,1423
25,705
1,2471
1,1512
27,1010
26,905
0,190
27,859
27,528
1,1829
26,145
26,269
25,214
26,737
26,463
1,1220
26,492
1,1181
0,2604
6,2098
25,81
1,2331
0,1763
26,1037
0,531
0,814
1,1040
1,237
1,612
1,2275
1,1726
1,1929
0,265
1,1070
26,860
26,344
1,1340
25,251
25,349
1,1183
6,2986
1,1684
1,2098
1,2288
27,791
1,3334
26,970
0,2469
27,615
0,2578
26,786
28,200
26,1460
1,2050
1,2014
1,2218
1,1213
0,1297
1,1622
1,536
0,763
1,1935
1,1434
1,2156
1,1465
1,2032
26,344
0,3315
0,3388
0,2382
26,600
0,2230
0,1385
0,917
6,1675
1,1469
1,490
6,946
1,2109
0,561
1,1544
1,1278
1,1480
1,1594
1,1523
0,1180
0,2308
0,2735
0,794
0,1231
0,1045
0,2979
25,875
0,2167
0,1573
0,537
0,2699
0,650
26,738
25,844
1,633
27,1511
1,1072
0,2199
27,775
25,601
1,826
28,989
0,1000
0,1407
27,637
27,2461
25,910
0,2588
0,900
0,1870
0,2502
28,364
25,670
6,2502
0,2179
0,1964
0,2342
5,1526
1,3351
0,3181
1,1832
26,845
27,810
1,2546
0,1179
1,599
1,665
26,879
1,700
26,431
25,171
1,1481
25,1211
1,2039
0,2120
1,2320
27,1256
0,1995
0,2692
1,1184
5,656
0,1194
0,2539
1,2420
1,1559
0,1194
1,1187
0,463
1,700
1,969
25,981
25,991
0,954
0,1725
0,755
0,2731
1,1655
1,525
1,1868
26,1527
0,2395
1,2414
0,2342
1,1770
1,1318
1,2239
6,2546
1,1335
27,799
1,646
27,111
26,948
1,1043
0,1610
1,1730
1,577
1,1720
1,2564
1,1903
27,505
0,2296
0,1365
27,582
0,2273
5,2126
26,716
1,1440
28,812
0,1998
26,531
1,1768
26,1143
6,1309
1,529
1,1895
27,662
0,461
1,913
27,272
25,481
0,619
1,2123
1,2913
0,2068
0,1369
1,1807
1,1909
1,1875
0,604
0,241
1,330
1,1276
1,1030
5,3072
0,2431
1,1819
25,307
1,2516
1,1498
1,1601
1,1886
27,313
1,1705
0,2155
25,394
0,1908
0,2073
1,2884
25,288
1,1954
0,686
0,2372
0,2710
6,427
1,1925
1,1786
26,891
25,345
1,1176
0,2105
26,744
26,376
0,1281
25,789
26,340
6,2238
0,835
0,977
0,2097
1,1552
0,180
1,277
1,1470
0,2795
0,2656
0,421
0,666
0,2413
27,106
0,1358
0,1129
0,3546
0,2342
0,1100
27,552
0,2000
0,2132
25,728
1,1921
0,945
0,3392
0,1744
25,193
28,870
0,3747
0,2864
26,1861
0,2710
25,726
28,243
6,2556
1,1052
25,378
25,499
27,323
0,1177
25,1529
0,3562
0,1546
0,2199
0,934
27,501
0,3400
1,1908
0,2508
0,2369
0,3558
0,2208
0,745
26,736
6,1993
6,241
0,1708
25,640
0,1475
0,2211
25,184
0,1797
25,596
0,677
0,3368
0,1741
26,53
0,2478
6,2617
0,2881
0,1301
1,652
1,1832
27,662
28,272
1,485
1,1085
1,2541
1,463
28,840
1,1751
1,2142
1,1629
1,1366
26,1121
26,659
27,326
28,368
0,1287
1,695
26,221
25,746
25,702
25,874
0,1146
0,1000
25,861
0,2082
1,1989
0,1629
6,1353
1,1564
1,1992
1,1652
0,1176
1,2348
0,348
0,1194
25,723
1,944
1,1569
0,3301
26,182
1,2569
28,866
1,1880
5,2623
1,1453
26,453
0,2029
0,1032
1,944
0,2644
0,669
25,301
1,947
0,392
25,272
1,885
0,2274
0,2264
28,146
1,2530
1,749
25,211
5,2192
6,1981
0,1411
6,2699
0,1377
0,468
0,534
0,582
0,2800
0,2067
0,1921
0,2338
27,508
0,2129
0,1365
25,892
0,2001
27,616
0,1934
0,161
27,585
0,1666
28,1249
0,2956
0,1807
0,2182
27,1006
0,1579
0,1668
0,2145
0,2550
0,2247
0,1243
0,1104
26,1022
0,1356
0,2682
0,1617
0,1603
0,1001
0,1778
0,2736
0,2479
0,1022
26,693
0,2496
27,975
25,946
25,968
28,167
28,676
0,3113
0,2704
0,2752
0,243
0,2136
25,706
5,1010
27,1055
27,690
27,1664
27,704
27,2467
25,1269
25,926
26,1609
27,1248
25,1805
27,1600
5,1735
27,2516
25,1303
27,1302
27,1428
27,1094
25,414
28,1191
27,630
25,1133
26,1636
28,318
28,126
25,1561
27,1132
25,223
27,374
27,918
27,416
27,608
26,1284
27,984
27,849
25,195
27,679
27,371
25,166
5,907
27,1051
27,556
27,1199
25,1371
27,688
28,209
27,1261
0,1678
0,1742
0,957
0,2691
0,1012
27,467
27,477
25,603
27,1071
25,430
25,524
28,969
27,477
0,2153
0,3879
0,2301
0,882
0,820
0,2237
0,1741
0,1638
27,1260
0,1835
0,1800
0,2293
0,1616
0,793
0,2330
5,880
0,1953
25,572
27,536
0,418
26,797
0,114
0,1342
0,2349
0,2535
0,2380
0,522
25,441
25,1430
28,1042
0,1441
0,3528
0,2296
0,2782
0,2509
0,2772
0,3023
0,1482
0,2466
27,324
0,2811
0,455
5,1637
0,2212
0,967
0,2348
27,297
0,1832
0,1476
5,722
0,481
0,1319
27,708
0,497
26,762
0,3499
0,1286
0,2407
25,169
0,1329
26,1656
0,1858
0,478
0,760
0,2709
25,959
5,796
27,2008
27,295
25,374
27,624
7,1802
25,509
25,774
0,2307
25,1059
27,1585
25,1050
28,347
27,553
27,106
0,589
25,1042
0,1705
25,479
0,1804
5,683
0,2010
0,1256
0,998
0,715
0,1870
0,1693
0,1544
5,1714
0,2858
0,977
0,2847
0,2702
0,1874
0,453
25,1926
0,3456
0,2094
0,1119
0,1601
27,1266
0,580
0,2125
27,261
0,1457
0,3082
0,1549
0,2830
0,2138
0,2222
0,1031
0,1595
0,2522
0,1759
0,1677
0,1231
0,617
0,2365
0,1828
0,1320
0,2052
6,1014
6,2307
0,1812
0,723
0,2164
0,1985
0,963
0,3129
25,1533
6,1856
25,243
0,2401
0,2169
26,1618
5,1273
0,2540
0,1908
0,1680
0,407
0,2215
0,627
0,703
0,797
0,577
0,1418
0,951
0,687
0,1591
5,1810
6,451
0,1724
0,1804
0,1056
28,1200
0,1983
0,1040
5,845
0,1974
0,2080
0,642
0,1272
0,923
25,141
0,2896
0,1978
27,721
27,517
5,1776
0,1700
25,910
0,2906
27,235
0,393
0,1438
0,2658
0,2394
0,1996
0,571
0,4954
0,1248
0,1615
0,812
0,2281
0,2355
25,671
0,1867
0,829
0,643
0,846
0,892
0,1247
0,602
0,954
0,3838
0,1353
0,2247
6,1152
0,1808
0,1255
6,1844
0,2633
0,418
0,415
0,1285
0,2727
0,1910
0,967
0,1967
0,1617
0,2299
25,1243
0,875
0,3324
0,2871
0,3296
0,1691
27,365
0,2953
0,319
5,349
0,2635
0,873
0,622
0,1880
0,3807
0,1597
0,1978
25,1224
0,1815
0,1367
0,2247
0,1847
6,735
0,4193
0,949
0,1104
0,346
0,2654
0,3609
0,1446
0,3248
0,1849
0,1902
0,1205
27,379
0,1981
0,510
0,643
0,2502
0,1739
27,481
27,256
0,2281
27,666
26,1129
28,102
25,1711
25,1315
25,1214
5,1669
25,912
27,256
27,903
27,1197
27,2288
27,303
27,2971
25,2397
5,822
27,1475
26,493
25,663
27,1367
27,470
27,1077
27,119
27,656
27,1021
27,2272
27,149
25,11
0,2152
25,319
0,2579
27,569
27,449
27,686
26,978
27,449
5,1912
27,341
25,224
25,132
5,1987
5,1756
25,223
27,376
5,325
5,2914
27,1322
25,1678
25,1435
27,3298
27,438
27,1582
27,266
27,699
28,1109
25,804
28,243
25,1686
26,1100
26,828
0,1490
0,791
6,1874
0,1751
0,1481
0,1472
0,1999
0,1570
0,201
0,1055
0,1324
25,537
26,333
25,813
25,151
25,3218
27,2480
27,243
27,2459
27,335
27,2357
27,2112
27,349
27,1629
25,2749
27,884
27,1645
28,97
27,305
28,343
28,270
5,1159
25,1168
0,1747
0,1767
0,823
25,390
5,2484
25,62
25,296
25,310
26,526
26,472
5,2889
25,675
0,2002
27,1025
0,1795
0,1680
0,2652
27,479
0,2589
27,207
25,1065
27,275
26,656
0,679
0,2006
25,1267
0,661
27,1552
28,839
27,415
27,646
25,1179
0,3315
5,2184
0,751
0,803
0,1637
25,956
25,991
26,1142
27,840
25,911
27,551
26,824
25,1241
0,766
0,1944
0,2142
27,504
0,1834
6,1896
0,1473
0,1317
0,2646
5,1398
25,200
25,460
0,1648
0,1310
0,571
0,758
5,257
0,402
5,1451
0,2316
0,1130
0,2530
0,1116
0,1457
0,1514
28,856
0,1117
26,758
25,838
0,1365
25,280
0,1131
0,1778
0,1884
0,1538
0,1934
0,2639
0,2485
0,2050
0,2680
0,2182
6,2147
0,1099
25,446
0,2007
0,1629
0,100
28,773
5,2178
26,500
25,1098
25,1800
0,2757
0,703
0,916
5,1943
0,2097
0,838
0,266
0,854
0,1307
0,2492
0,2046
0,1665
0,3356
0,1174
0,1474
0,1516
0,1864
0,1282
0,2890
0,1940
0,1767
0,2462
0,1806
26,815
0,986
0,582
0,2982
0,1867
25,927
0,2739
0,1758
25,1189
0,1926
27,835
0,2170
0,2635
0,1954
0,2314
0,2369
0,2446
0,453
28,1331
0,1189
0,965
0,1638
0,941
0,542
0,2456
0,1934
0,977
0,1622
0,1970
0,2258
0,2465
6,2829
0,3148
0,1890
0,2414
0,1360
0,2595
0,949
0,3061
27,106
0,486
0,2139
0,1987
5,1890
6,2693
27,512
5,2651
0,316
0,1834
27,309
0,1450
0,2200
0,1354
25,622
0,1537
0,2616
0,1640
0,3074
0,2670
0,1687
0,2170
0,462
25,284
25,420
0,1521
6,865
0,976
0,827
0,2276
0,1569
0,889
0,1339
0,1447
0,1057
0,2299
0,705
0,2389
0,2485
0,2315
0,340
0,2318
0,2327
0,805
0,861
0,2432
0,1732
26,1554
27,260
25,333
0,2748
0,2170
0,2665
27,901
0,2611
0,2296
0,2099
0,2182
26,2389
0,331
0,247
0,716
0,1415
0,313
0,1180
27,160
0,2376
0,1503
28,1091
26,1460
0,2048
0,1000
6,1061
0,741
28,1212
25,1101
27,772
0,2094
27,399
0,384
25,1480
0,756
0,1787
6,1063
0,1738
0,553
27,383
0,2260
0,2204
0,1657
0,2264
26,1043
6,1798
6,3173
0,1998
0,2222
28,372
0,277
0,2286
0,2187
0,2088
0,1661
0,1803
0,3635
27,823
0,733
26,842
27,18
25,152
0,3091
27,184
28,1074
0,1560
25,985
27,915
0,2803
0,1509
0,2579
0,573
0,915
25,989
0,2186
0,850
0,2097
0,512
0,245
0,790
0,1168
0,1079
0,2183
0,1594
0,1120
0,1543
0,2609
0,989
6,1525
0,1974
0,2800
0,588
0,887
0,468
0,1724
0,2451
0,2490
0,2182
0,3122
0,2285
0,1885
0,1831
0,1803
0,1263
27,269
5,1236
0,1600
27,683
0,3464
0,1950
5,1179
0,1452
27,629
0,1698
0,1012
6,2797
25,295
6,3036
25,684
0,1968
0,2162
0,1759
0,815
0,1480
0,2657
0,3131
0,1026
0,2809
0,1298
27,305
0,917
25,471
25,674
0,2393
0,3659
0,2751
26,1440
0,196
0,4062
0,1030
6,4576
1,598
0,882
0,1092
0,1413
0,1018
0,351
0,1485
0,471
0,750
0,526
25,706
0,151
25,1489
0,361
0,378
0,690
0,1214
0,176
0,334
0,281
0,535
0,714
0,588
0,1312
0,653
0,243
0,525
0,1552
27,328
25,287
0,954
0,2812
0,4750
28,589
0,1362
0,1720
0,749
0,659
25,815
27,514
27,834
0,1880
0,2008
0,556
0,2495
0,1244
0,580
0,141
0,472
0,1932
0,1255
0,1742
0,698
0,2226
0,879
25,1280
0,816
0,2529
0,2640
27,646
26,1574
26,1290
0,3149
6,1069
0,3417
27,759
6,617
27,781
6,534
0,2698
1,1345
26,1390
0,2636
27,723
0,1911
0,1969
0,2652
26,509
0,886
0,2950
0,1364
0,208
0,268
0,371
0,2128
0,2664
0,195
0,1682
0,329
0,1556
0,1019
0,337
0,1288
0,1183
27,101
27,444
0,2387
0,1475
25,1154
0,3051
0,2354
25,956
0,3628
0,1202
0,3034
26,858
0,1466
0,2944
0,2495
0,2538
25,879
0,3122
0,1087
25,524
0,3638
25,1670
27,265
1,1276
26,1434
0,1809
0,1977
0,476
0,1302
27,191
0,330
0,1027
26,338
8,75
1,111
1,1619
1,88
26,925
25,950
0,1385
6,1618
0,2973
25,1737
0,996
0,2349
6,997
0,1429
0,1870
0,1280
0,612
25,122
25,693
25,469
25,327
0,891
6,1175
27,161
28,353
27,883
27,396
0,367
0,938
0,437
0,994
0,769
0,670
0,2544
0,2028
0,2337
0,951
0,1028
0,435
0,1921
0,933
0,1767
0,832
0,2579
0,3021
25,67
25,419
0,1612
27,652
0,664
0,959
0,351
0,522
0,309
0,668
0,715
0,3490
0,1307
0,1618
0,3610
0,853
0,511
0,1296
0,354
0,1376
0,1689
0,1296
25,264
28,700
27,330
27,384
25,1170
25,764
5,1259
27,233
25,775
25,1066
25,671
5,2787
25,459
25,519
26,171
25,328
28,376
27,378
25,797
25,1047
0,620
27,182
0,1620
25,470
6,856
0,3022
26,1220
25,403
5,1352
26,129
25,721
27,434
25,972
27,335
25,840
0,366
0,323
6,1051
0,1011
0,1219
0,383
0,1948
0,555
0,2386
0,1679
0,774
0,1135
0,441
0,879
28,1238
25,305
6,964
25,993
0,1105
0,865
0,2138
0,431
25,542
0,569
25,310
0,1789
0,1199
0,2144
0,2001
0,538
0,1222
0,509
0,2600
0,955
0,1815
0,580
0,1786
27,929
0,676
0,658
0,1279
0,797
0,763
0,1640
0,1502
0,588
0,979
0,1193
0,366
0,2503
0,449
0,454
27,378
0,1186
0,1598
0,1690
0,345
0,1557
0,2621
0,971
0,1582
0,945
0,546
0,2100
25,1107
0,1952
0,964
0,1153
0,1287
0,1614
0,1940
0,2349
0,766
0,966
0,1038
0,790
0,868
0,1037
0,1390
5,555
5,170
0,192
25,599
0,3568
0,335
0,1686
0,1131
0,213
25,1409
0,705
26,1053
0,1875
25,119
0,3806
0,2744
0,774
25,1595
0,780
0,1359
0,1238
0,1640
0,736
0,682
0,438
0,764
0,404
0,456
0,1199
0,546
0,455
0,961
0,570
0,1765
0,1321
0,395
0,297
0,700
0,562
1,1517
1,2527
27,327
0,1997
1,2503
26,708
26,830
25,1494
1,3314
1,1176
26,834
26,349
1,2211
28,664
1,905
1,1841
1,1510
1,1169
1,2001
26,863
27,819
25,659
26,739
27,1604
27,308
27,753
26,310
26,1217
25,966
26,1057
5,1789
0,362
26,926
26,976
26,448
1,1492
26,1050
26,701
27,376
25,1029
26,999
27,668
26,725
26,1706
26,1612
26,591
26,618
26,1039
26,818
26,521
1,2201
1,2397
27,546
1,1466
1,2261
25,223
25,938
25,241
28,572
27,999
1,2487
27,577
1,3251
1,696
26,1133
1,1185
28,307
26,468
0,1477
26,1317
26,1359
27,485
25,876
1,2534
26,1668
1,1673
1,1659
26,1203
1,1963
1,2550
26,221
26,1111
26,1098
1,2468
1,2741
26,467
1,2138
1,1453
26,736
27,622
1,1573
1,586
1,2136
26,1185
1,1244
1,356
1,616
1,2396
1,2211
26,732
1,1623
1,1772
25,246
1,1279
1,1693
1,2013
1,502
1,2640
25,489
1,642
1,749
26,953
26,1694
0,1336
1,1981
1,2469
1,998
25,483
25,1249
1,2748
25,459
1,1416
1,412
26,1101
26,513
26,331
26,1169
26,205
26,836
26,989
25,403
25,325
25,297
26,1015
28,552
26,1132
25,904
26,434
6,2031
26,1287
26,538
25,85
1,615
25,596
25,748
26,1125
25,729
26,824
26,1323
25,415
25,284
25,391
25,185
26,274
26,770
25,1009
26,925
26,942
26,980
25,398
28,732
26,1116
1,2026
1,2035
1,2680
26,616
27,1183
26,877
1,2128
1,1402
1,1675
1,2515
26,1707
26,1372
26,374
1,2772
25,414
25,412
25,140
27,235
5,1519
1,2889
26,1061
1,1106
1,1555
1,1965
1,2367
26,811
26,1498
1,1210
1,3160
26,1530
1,1762
1,1005
1,427
26,316
1,1000
26,998
1,1545
0,245
1,2710
1,1220
1,2376
1,839
27,401
25,844
1,2554
1,2226
1,1903
1,1201
0,2611
1,1678
1,1377
0,2307
1,1994
1,1518
1,536
26,771
25,626
1,1505
1,779
0,1763
25,838
6,1726
1,2271
1,2505
1,2063
27,171
1,1269
1,1503
1,611
1,530
0,2972
0,1498
0,3489
1,1377
1,2131
1,1590
1,2338
0,2119
1,1911
1,442
1,1742
1,1802
1,382
1,774
25,680
27,260
1,3140
26,1167
1,1908
27,301
1,2384
0,2244
1,1254
0,300
1,1901
0,316
1,778
26,334
25,742
26,1234
26,850
25,885
26,785
27,443
26,317
26,52
26,644
25,721
1,1754
26,823
1,2340
1,2380
25,767
26,562
1,1546
27,765
1,1530
1,1420
26,931
1,1961
1,2430
1,2211
1,1698
27,481
0,2225
0,1505
0,1231
1,1156
1,2475
26,341
1,1812
1,1737
1,2320
25,479
1,1270
1,1308
1,1098
1,2291
1,2565
26,1413
1,1813
1,2145
1,2786
1,1578
1,2496
1,1433
1,628
1,757
1,400
0,501
1,611
1,3291
1,1267
25,400
6,811
25,245
25,524
26,555
6,1564
25,308
26,284
26,739
26,261
26,933
26,792
25,618
1,686
26,824
26,354
1,1578
1,1829
26,1867
1,1635
25,944
1,2635
1,1910
1,2136
26,539
26,876
1,2040
26,523
1,3234
1,591
26,969
1,1396
26,834
1,1966
26,1021
1,1574
1,2148
26,314
26,751
1,461
28,709
1,561
27,168
0,428
1,2168
1,2547
28,674
1,767
1,1389
1,456
1,1380
1,2822
0,1973
25,358
0,1756
1,2539
26,1798
27,581
25,668
27,506
1,2226
27,183
1,2812
1,930
1,1361
25,267
26,976
26,282
26,158
27,639
1,1912
1,1033
0,535
1,1242
1,1772
6,1822
25,1753
0,1091
0,239
0,894
1,1804
1,1182
1,1469
27,562
1,621
1,1641
1,1767
1,1825
1,2080
26,707
26,918
26,512
25,302
26,587
1,214
1,1156
1,1959
1,1024
25,299
0,2407
26,1842
5,397
1,2795
1,1637
1,1652
25,235
1,1145
26,956
1,604
1,1665
27,634
1,1998
1,1687
1,1037
1,629
27,550
1,1155
25,220
25,161
25,729
6,935
25,203
26,146
4,87
26,518
26,668
26,523
25,709
25,335
26,156
26,679
26,940
25,578
28,642
26,473
27,723
1,965
1,2558
1,821
1,662
0,176
7,424
25,660
26,1112
26,1208
26,934
25,264
25,300
26,1556
6,2219
25,824
25,795
5,1561
26,583
25,356
25,122
25,986
4,763
25,329
25,259
26,766
26,728
26,1215
25,539
26,626
4,1933
26,281
4,153
26,592
25,206
26,81
26,273
4,1512
4,114
4,1027
4,795
26,920
25,142
25,1962
26,651
25,390
26,968
28,674
26,618
26,1580
25,531
26,78
25,72
25,505
25,589
0,3206
25,1396
0,998
6,1853
0,2289
0,494
0,1402
27,667
27,713
15,3790
0,2720
25,548
0,1978
26,1046
0,1134
0,3045
0,1660
0,2444
0,637
0,3589
6,1209
25,866
0,2222
0,368
25,678
0,2074
0,4361
0,2212
18,878
6,422
6,627
25,1280
0,1900
0,2412
26,1468
0,2100
0,2143
0,2329
0,903
0,1592
0,2007
0,610
0,346
27,408
0,1509
0,2419
0,1705
0,1360
0,2004
0,1921
0,328
6,2646
0,1439
0,786
27,800
0,1148
5,1302
5,1910
0,1255
0,1163
0,1088
5,1921
26,1266
27,422
26,1098
0,1800
6,4035
0,841
26,976
6,2936
0,568
0,673
0,1816
0,2143
0,976
0,576
0,1861
0,1982
0,1546
0,1138
0,1107
0,1798
0,2321
0,1605
0,2020
0,842
0,1397
0,886
0,2089
0,1941
0,2022
0,1519
0,3181
0,1438
0,2492
0,2070
26,1126
27,1175
0,767
0,2028
28,779
0,1598
0,477
0,1913
0,455
0,1524
0,4241
27,712
0,2064
0,431
0,1938
0,1837
0,2019
0,2238
0,813
25,1813
25,589
0,1773
25,1290
0,963
0,421
0,170
0,1685
0,1211
0,1448
0,710
0,2867
0,1385
0,2420
0,1813
6,3109
25,333
25,521
0,2449
0,2634
0,914
0,1777
0,2114
25,812
0,864
0,277
5,1814
0,309
26,1165
0,1744
0,878
0,2515
0,1856
0,964
0,1382
0,1333
0,2248
27,262
0,1848
0,2657
0,155
0,2797
0,1143
0,2162
0,629
0,1923
0,1155
0,838
0,1141
0,1640
0,195
5,1073
0,2441
27,154
0,2921
0,1684
0,781
0,1570
0,1898
0,3355
0,2284
0,952
0,863
0,498
0,2266
0,467
0,2331
0,1674
0,802
0,1536
0,2737
0,2052
0,2212
26,1204
0,2726
5,670
0,1782
0,889
0,2322
0,781
0,584
25,869
0,930
0,1886
0,1098
26,678
0,1537
0,872
0,1554
27,322
0,1795
25,652
25,563
0,1533
1,2215
0,483
0,1443
27,1048
27,725
1,1651
1,2314
1,1330
26,563
26,940
1,713
0,667
26,1234
0,1746
26,873
0,1431
1,661
1,413
0,329
1,953
1,1361
1,610
1,1573
1,974
1,833
1,1079
25,105
1,907
1,723
27,178
1,1028
1,948
1,1297
6,478
26,769
0,1505
27,360
25,884
1,2194
27,545
1,761
0,2867
1,2301
0,2747
6,2180
1,1573
26,1005
26,466
27,688
27,866
27,343
6,244
1,892
1,631
26,880
1,916
27,143
1,2388
1,1814
25,533
0,282
1,617
27,503
1,1121
26,877
25,748
1,1728
1,1220
6,2385
1,779
1,783
1,980
1,1225
1,1031
0,589
26,610
26,877
1,1970
26,300
25,500
1,1583
25,543
5,1306
26,486
26,306
1,1576
1,1148
26,885
1,2093
1,1699
0,146
28,701
1,1329
1,1402
1,719
1,1814
1,1143
1,1441
1,1944
1,1573
0,935
25,755
0,425
6,1496
26,703
1,675
0,2196
1,272
1,1222
0,1401
0,1250
25,179
6,1358
0,3592
0,1733
1,263
27,643
1,1320
26,610
1,1487
25,1072
0,3177
0,1667
18,209
26,1054
1,477
26,1840
1,1155
26,1206
28,293
1,1309
1,1752
26,1252
27,406
1,1938
27,1000
1,1102
27,396
25,1861
1,2618
28,212
27,548
1,723
26,1148
25,989
25,325
27,323
1,2639
25,475
26,1223
1,1869
1,1172
1,1704
1,1511
25,127
1,1980
1,1085
1,1774
1,1134
6,2671
27,602
1,2192
0,2033
27,255
26,221
27,583
25,565
1,2064
26,1134
25,228
27,707
1,1043
25,1289
0,512
0,1687
0,884
0,2396
25,1182
0,2564
0,2297
6,2517
0,1265
28,777
6,2101
25,223
1,2512
1,338
6,2652
1,1399
0,1430
27,443
26,558
1,1065
1,605
0,2497
1,2216
25,974
26,960
27,832
0,2212
6,1546
26,1298
6,1731
0,1914
6,3373
0,4157
27,1259
0,2004
0,2590
0,2141
0,1655
0,348
25,890
25,262
1,2623
6,1016
0,2897
6,1491
0,2545
6,2776
25,1603
0,2986
26,1485
5,1655
26,724
0,2006
26,637
0,898
25,654
26,763
0,3747
0,2112
0,1081
0,2893
0,3536
0,3702
6,768
27,450
26,551
6,1455
0,416
0,1164
28,1037
27,560
0,1014
0,394
0,227
0,3291
26,2961
25,634
27,463
28,297
26,1302
6,1832
0,1338
0,1386
0,772
26,611
0,1102
0,2859
0,2419
6,2581
0,1436
25,356
0,2236
27,881
26,1071
0,1696
26,813
0,1408
0,1841
0,2113
26,1533
0,1013
0,521
0,1683
27,625
26,236
25,652
25,367
1,1052
26,498
1,411
0,2219
0,448
0,2026
27,665
0,2399
26,679
0,2290
27,552
0,3376
0,1086
25,160
0,2278
27,721
0,2237
6,1838
0,3433
0,952
27,1059
25,121
25,1675
27,275
25,83
25,189
25,371
25,796
28,393
25,562
27,475
25,396
25,999
25,1337
27,86
25,472
25,1681
26,2349
28,674
25,749
25,555
25,550
25,1158
25,123
25,744
27,381
27,965
27,505
25,184
26,826
25,743
25,215
0,521
6,1074
0,1232
0,530
27,301
0,273
0,2139
0,3847
0,2122
26,1069
25,1238
28,341
25,706
27,597
27,269
25,499
27,248
27,92
28,177
27,905
0,625
0,1078
25,651
0,1847
0,1710
0,1361
0,230
26,1165
0,1507
0,1067
0,641
5,2616
0,2260
0,1754
28,731
0,1317
0,181
0,2073
0,800
0,2802
0,2188
0,1829
0,1895
0,1954
0,1807
0,1447
25,518
26,899
27,869
27,525
25,686
26,1193
26,1779
0,1251
0,1794
0,1731
27,618
0,1422
0,188
25,277
0,1320
0,1970
0,1509
0,1925
0,2345
0,704
0,1282
0,2208
25,980
0,334
28,1062
0,751
5,1266
5,1772
25,944
0,1634
0,1875
0,1386
0,1548
0,661
0,1302
0,1608
26,1434
0,1892
0,2348
0,2737
0,1637
0,2482
0,1312
0,1188
0,466
25,243
0,321
0,1511
0,1642
27,730
5,2637
0,1384
25,994
0,1585
0,1151
0,637
0,2039
0,1749
0,931
27,701
0,1991
0,2742
0,2216
0,1373
0,1334
5,1953
0,2518
0,2100
25,477
0,2120
0,305
0,1815
0,2830
0,2859
27,711
0,2482
0,2363
0,451
27,274
0,3627
0,1839
0,2663
0,512
0,760
0,1558
0,1870
0,2161
25,476
27,391
0,2095
0,1684
0,2132
27,491
0,1346
0,2640
6,885
0,3334
27,304
0,2486
0,846
0,1249
6,2238
0,3124
0,1155
0,2329
0,3992
25,596
0,478
0,545
0,2384
0,1469
27,95
0,1418
0,720
0,1051
27,418
0,657
0,716
0,3035
0,2094
0,1405
0,614
26,914
25,693
25,39
25,611
25,444
25,1451
27,696
25,3499
27,3018
27,1105
27,3730
26,1093
25,244
25,545
25,667
27,1691
27,2631
27,2380
27,1967
27,1441
25,1398
26,1538
28,473
5,3043
26,1454
26,329
0,978
27,470
28,381
0,565
0,1508
0,1022
27,867
5,1626
0,2410
0,931
0,1837
0,1906
0,421
25,1187
0,2222
0,1280
27,1266
0,2098
0,1576
0,2315
0,2720
0,819
0,2929
0,3610
25,305
0,1812
0,402
0,2659
0,2752
0,972
0,3790
0,1034
0,1059
0,2411
0,551
0,1132
0,959
0,3166
0,2181
0,1316
0,1981
0,1741
6,1600
28,576
27,954
0,2220
25,124
25,548
0,2111
0,1667
0,2043
0,618
0,2420
0,1397
0,704
0,691
0,1968
0,931
0,1914
0,854
0,1775
0,2358
0,2451
5,690
27,523
27,778
28,98
0,1825
25,981
0,494
0,607
0,1562
0,1472
0,845
0,1531
0,1741
0,788
0,860
0,2115
0,1176
0,441
0,2130
0,2837
0,946
0,1922
0,1146
0,3379
0,560
0,2313
0,2472
0,414
0,1058
0,1052
0,1984
0,818
0,1932
0,2898
27,976
0,1606
27,234
0,711
0,1936
0,1721
0,2019
0,686
25,422
0,1955
0,719
27,1035
0,431
0,1200
0,1487
0,2372
0,1698
0,2024
25,2316
0,2203
0,1563
0,1795
0,1859
0,2037
0,3179
0,1707
0,2298
0,930
0,2096
28,199
26,654
0,1736
0,2561
0,1279
0,1145
0,1292
25,328
25,540
25,614
26,1092
0,1876
0,2171
0,1118
0,462
0,1795
0,1679
0,2036
0,341
0,205
0,331
0,2141
0,2873
6,1005
0,2636
25,675
0,2306
25,618
27,714
0,2065
0,1231
0,1062
0,860
0,734
25,378
0,4292
0,1046
0,2335
0,467
0,730
0,1842
25,804
25,410
25,2338
27,420
25,492
27,492
27,130
25,740
5,2888
25,1450
27,59
27,188
0,1618
25,459
25,766
0,1524
0,1463
0,221
12,32
0,332
0,1959
25,1406
25,633
0,2486
0,1021
0,218
0,425
0,1529
0,1834
0,1718
0,1329
25,1679
27,1523
25,1193
27,593
0,536
0,1174
0,1658
0,1073
0,1058
0,2280
5,2150
0,853
25,1490
25,391
25,373
25,1176
26,434
25,2408
5,3048
25,1009
25,1484
25,563
27,835
0,1896
27,1174
27,226
27,1123
0,2265
25,58
25,770
5,2570
5,352
5,1831
0,1321
0,577
0,2426
0,3202
0,421
27,2942
27,536
27,155
25,1099
25,1468
25,2092
27,2805
27,548
27,1468
27,413
27,3869
27,2189
25,1486
27,840
27,876
27,1615
27,1300
27,968
28,1378
0,1098
0,4369
0,1046
0,2486
0,781
0,1799
0,1676
5,973
0,1405
25,551
25,1794
27,1835
27,4250
27,731
27,857
25,519
25,868
25,435
25,333
25,2260
25,1715
25,482
26,683
25,1654
25,1512
27,1746
25,443
27,503
27,1260
25,1719
25,710
27,186
25,2515
27,1750
27,431
0,1285
0,2152
5,1768
0,1988
25,1299
25,665
26,978
5,2993
25,537
0,2832
0,1316
0,770
0,1010
25,244
25,1128
25,181
27,1888
26,1142
25,1100
25,1722
27,1656
25,817
27,2494
27,4467
27,1320
27,658
25,660
27,1372
5,2819
25,805
27,736
25,483
25,879
5,2501
25,240
27,544
25,317
25,923
26,1081
27,1351
27,466
25,391
27,929
27,848
27,455
25,667
26,1056
0,2153
0,579
0,1620
0,306
0,527
0,1548
27,457
0,1564
0,801
0,1269
28,852
0,1225
0,1235
5,939
5,369
0,1304
0,1734
0,1706
5,2180
5,936
0,3197
0,1037
0,1090
0,1483
0,2766
25,228
0,689
27,511
0,3634
0,3746
0,1322
0,666
0,945
5,1624
0,819
0,1174
0,803
0,1838
0,485
0,961
25,1510
0,2380
0,539
0,892
0,1468
25,949
0,346
0,586
0,1940
0,1249
0,861
5,1589
0,2200
0,527
25,1004
0,2525
0,3543
0,723
0,1217
0,1521
0,1917
0,679
0,391
0,744
25,466
0,1767
25,1274
25,258
25,229
0,504
0,1002
0,1318
25,73
0,670
0,720
0,1155
0,1068
0,1418
0,1864
0,2625
0,1523
0,1294
0,1516
0,1559
0,1684
0,3918
0,540
0,259
0,360
0,2018
0,508
0,1729
0,221
0,1648
0,1239
0,2384
26,397
27,214
26,728
0,2584
0,267
0,194
0,877
5,1063
5,2465
25,1551
28,1145
27,665
5,2128
28,774
0,2365
0,970
0,2360
0,1495
6,748
0,1294
0,1578
25,264
0,783
25,466
25,307
25,56
25,576
25,435
0,2073
25,112
25,386
25,212
0,2385
0,2244
0,1485
0,1929
25,1711
0,2024
26,292
0,3682
0,1721
0,2100
25,1025
27,80
25,958
25,654
26,628
25,674
26,1084
28,431
27,111
26,303
25,202
26,548
25,223
25,129
25,129
25,343
0,1287
0,1691
0,1167
0,1299
0,1388
0,1275
0,1198
0,1901
0,1236
0,310
0,1669
25,1121
0,2093
0,2279
0,1185
25,1074
0,955
0,2335
0,566
0,951
0,1820
0,1316
0,2087
0,524
5,1824
0,902
0,783
0,2096
0,785
0,1392
0,200
0,868
0,678
0,1187
25,906
25,316
27,2587
27,2656
27,2195
25,552
25,815
25,188
26,91
25,174
25,584
25,264
28,616
0,2046
0,3919
25,411
0,543
0,1914
27,306
27,348
25,224
25,301
26,1298
25,1939
27,711
26,1040
27,2083
27,749
27,2635
27,732
27,2490
27,1394
25,1463
25,1059
27,3012
5,1341
27,206
25,729
25,532
27,668
25,1956
25,656
27,576
5,3239
5,1255
28,802
27,1185
27,932
27,761
25,274
25,905
27,1468
25,612
25,882
25,940
25,436
5,715
25,1397
27,128
25,967
27,919
0,586
0,1385
0,2440
0,1318
0,819
5,3268
27,137
25,809
5,617
27,441
27,617
27,1562
25,538
27,169
27,241
25,304
25,786
0,344
0,1369
26,948
25,294
25,892
5,2944
0,1683
0,2075
0,1794
0,934
0,2489
0,1366
0,2148
0,2344
0,1715
0,492
6,1124
0,1677
25,465
27,576
25,110
25,971
27,378
0,1262
0,2594
0,2060
25,1794
0,1537
0,410
0,1587
0,418
0,457
0,1330
6,3243
0,2932
5,3826
0,810
0,2543
0,2006
0,2040
0,725
0,845
0,1661
0,1065
0,1272
0,1918
0,2596
0,1464
0,1071
28,646
27,174
0,3032
0,1423
0,1658
0,844
6,1716
0,2147
0,2526
6,3381
0,2553
0,2179
0,1974
25,2000
0,1343
0,1066
0,450
0,526
0,1064
0,1855
5,1610
0,2351
0,1038
27,574
0,1773
0,2575
0,1683
0,909
0,299
0,574
0,2095
0,1810
27,596
0,1595
5,1398
27,738
25,823
0,2058
27,153
0,677
0,854
0,3432
0,1125
0,2697
0,1179
0,2770
0,1260
0,2129
0,152
25,1054
0,1539
26,1329
0,2374
0,1401
0,3606
0,1577
6,2116
27,417
0,1895
0,1198
0,2135
0,373
25,1343
5,820
0,1538
25,1008
0,1869
0,1476
0,2448
0,3130
0,797
0,1156
0,1610
0,211
0,1555
0,2531
0,1869
25,261
28,477
0,756
0,1810
0,2648
0,2462
0,3707
0,1554
0,2390
27,836
0,755
0,791
27,962
0,2881
5,330
0,2576
26,1030
0,506
25,850
0,3087
0,1695
0,679
0,2223
0,2740
28,1203
0,328
0,1198
0,2254
0,618
25,991
0,2190
0,1509
0,928
0,2415
0,1168
0,2324
0,527
27,484
27,348
0,3057
25,1397
0,1976
0,1800
25,1225
0,1059
0,1916
5,2190
25,521
5,2897
0,1961
0,1239
25,460
0,1919
0,2359
0,2508
0,1578
5,2596
5,1904
0,2373
0,3737
25,206
0,1835
0,1581
25,411
26,1389
0,2063
0,2141
0,1868
0,1915
0,257
6,244
0,1557
26,284
0,1048
0,2661
0,1009
0,518
27,1398
0,542
0,2937
0,2618
0,1636
25,90
25,1070
0,1870
0,247
5,2554
27,299
25,324
25,267
0,1366
5,1963
25,889
0,1960
0,1260
0,1556
0,982
0,320
0,2098
25,541
26,1246
0,527
0,1889
0,2242
0,1299
0,1798
0,1349
0,740
0,1178
27,751
0,1398
0,692
0,1985
0,415
0,1653
0,570
0,256
0,1087
0,1625
0,200
27,314
25,898
27,882
27,4169
25,668
25,425
26,820
27,655
25,440
27,1636
25,851
25,920
28,443
2,1055
26,894
25,783
25,658
25,945
25,955
27,1487
26,2299
25,615
27,978
27,993
27,448
27,945
26,1538
27,1105
25,1579
27,3762
25,517
27,1465
25,206
27,516
0,1185
0,1114
0,2016
0,888
0,1839
0,1068
25,758
0,1512
0,279
0,2214
25,1051
5,678
27,837
0,881
0,572
0,2024
6,1588
0,709
0,837
0,1534
0,2937
0,2300
0,2190
26,1814
0,2889
27,1199
26,1090
0,1033
0,1935
0,822
28,532
0,1589
0,1714
0,803
0,883
0,1518
0,1268
0,1283
0,1099
0,1354
0,2007
0,759
0,1987
0,723
0,876
0,1720
0,1395
0,3597
0,756
0,1020
0,1875
0,1270
0,611
0,1523
0,674
0,1267
0,751
0,557
0,835
0,276
0,810
0,2993
0,1033
0,922
0,1067
0,615
0,2031
0,392
0,1114
0,277
0,499
0,2193
0,1590
0,98
0,918
0,778
0,980
0,1739
0,1724
27,616
0,713
0,955
0,2419
26,883
6,2266
0,1693
0,1395
0,2406
0,2715
0,1402
27,322
0,356
0,1160
0,2366
0,2770
0,1783
25,956
0,1630
26,304
0,2131
0,1170
0,1778
6,1361
26,1537
6,1636
28,853
5,2024
25,849
0,1117
27,784
0,2635
28,831
25,196
0,2415
0,645
25,282
0,2551
27,626
0,436
0,1884
0,2529
0,2475
27,250
0,2963
0,1629
0,768
0,2102
28,929
0,1722
0,2638
0,2130
27,167
0,3031
0,2002
0,2212
0,1820
0,2349
6,2597
25,1100
25,599
0,1996
27,350
25,281
0,1423
0,373
25,186
6,1430
0,1872
0,2321
0,1315
26,2116
0,486
0,1938
0,3172
0,623
0,2582
0,318
0,1499
0,1252
26,985
0,2047
0,733
6,1695
6,502
26,582
0,2083
0,4658
27,885
1,1076
6,2405
28,958
0,1958
27,92
0,1673
0,2791
26,1289
0,2582
1,1363
26,1214
0,2882
27,480
1,1168
5,1766
6,1417
25,970
26,877
26,1275
0,597
0,2558
6,301
26,1545
0,1981
25,668
0,2888
1,1893
0,493
0,2470
6,2571
0,2214
0,1112
0,2541
6,2315
0,2041
0,1260
27,440
0,2312
0,1229
0,1427
0,1809
27,475
0,1011
0,1748
27,558
0,2068
0,1289
0,1063
27,603
0,1002
26,1468
0,1041
0,1891
0,1178
0,1968
0,1513
0,1788
0,1415
0,1980
25,278
25,599
0,2451
0,1271
27,220
0,1209
0,3060
0,2536
25,865
0,315
6,682
0,610
28,1536
0,2909
26,316
0,2374
27,389
0,2583
0,1010
27,269
0,1085
0,1070
0,1656
25,1644
0,632
0,2469
0,2816
0,2896
26,957
26,1120
0,2384
0,2132
0,1873
0,2607
0,1355
0,589
27,561
26,1318
0,743
0,1253
28,617
0,1313
0,1270
0,936
0,617
26,918
0,1716
0,1175
25,989
27,425
0,1604
0,1357
0,2084
0,1827
0,1428
0,2335
27,632
6,1316
0,1732
0,1640
27,453
27,208
0,1858
26,236
0,1734
6,2758
26,1194
27,227
6,2504
0,1180
0,2113
0,949
0,1516
25,807
0,941
0,663
0,635
0,1349
0,1013
0,1983
0,2029
0,1711
0,2900
0,284
0,2155
0,715
0,1661
0,2635
0,1347
0,1102
6,2075
0,1177
0,2543
0,2657
0,473
25,865
0,2739
6,886
0,824
0,961
0,573
0,878
27,299
0,1164
0,1677
0,2361
0,149
25,217
0,922
0,1354
0,1789
0,1089
0,512
0,1567
0,1326
0,1788
0,1018
0,820
0,814
0,2230
0,463
26,322
0,646
0,1684
0,2259
0,853
27,417
0,478
0,3161
27,357
25,640
0,1451
0,354
0,775
0,2274
0,521
0,2054
6,2794
0,2687
0,1231
0,1465
0,1361
0,680
6,1579
25,897
5,1979
0,4164
0,3041
26,754
26,172
0,795
0,303
0,4133
26,422
25,642
0,2833
0,4217
0,488
0,369
27,342
0,2379
27,190
27,680
27,360
6,1743
6,2852
0,1914
0,1984
0,927
26,971
0,1453
0,2156
25,1097
6,1919
0,1703
0,1214
0,2122
0,2048
0,489
0,1255
0,966
0,2759
0,733
0,2301
0,1918
26,736
0,1490
0,1752
0,2422
6,1847
27,617
0,2395
0,2687
0,626
0,660
0,635
25,487
0,830
25,1262
0,1343
0,1981
0,1777
0,2214
0,2039
0,2142
25,313
5,2727
0,3135
0,2138
25,271
26,693
0,2211
0,1608
6,890
6,1625
0,1724
0,2266
25,261
0,2464
0,1542
0,1680
27,649
0,1487
0,2867
0,1030
0,1419
0,865
0,1742
0,652
0,2166
0,3087
0,984
0,723
25,968
0,1910
26,1165
1,2486
0,1756
0,2776
27,418
0,4056
0,681
0,856
25,606
0,399
0,1966
0,3357
0,1995
0,877
0,1123
0,2557
0,2168
0,2663
0,472
25,147
25,603
25,400
6,312
0,1463
0,1437
0,1992
0,2180
0,2163
0,255
0,647
27,580
0,1828
27,438
0,3201
6,1663
0,509
0,2028
18,1020
0,2243
0,3545
0,748
1,1682
27,466
0,2895
26,1333
0,2442
0,1889
0,1054
0,1574
26,1067
25,977
0,3380
6,3881
0,4725
0,1372
5,2220
0,2301
26,1145
1,1799
26,1084
1,2423
1,511
1,1776
0,2911
27,502
1,1909
25,757
6,2265
27,784
28,723
25,735
26,467
0,2772
0,1561
25,125
27,674
0,590
0,794
26,304
0,420
0,723
0,782
0,2451
0,1708
0,776
0,1740
6,605
6,4060
28,279
26,810
0,2056
26,1865
26,1536
0,512
26,891
0,2586
0,3293
26,175
26,669
0,2422
0,981
0,1598
25,207
27,580
0,2804
25,693
0,1781
0,530
18,549
26,662
26,894
26,617
0,1894
0,2512
0,1074
1,1030
0,1876
26,724
0,585
27,480
27,890
0,927
0,1541
0,1635
6,2551
6,1069
0,3836
0,2435
27,730
0,1954
1,2259
0,725
0,1900
28,442
27,607
27,337
27,353
1,2053
0,3202
25,443
25,380
5,311
6,1972
25,1042
0,1993
27,658
0,3315
0,3166
1,1927
0,1176
26,879
0,1240
0,2792
0,416
0,734
0,980
0,360
6,1675
27,298
0,1688
0,400
0,924
0,1719
0,217
0,2522
6,2428
0,2636
28,751
27,312
18,1104
1,676
1,624
0,2252
6,4159
28,953
0,1636
0,3074
0,429
0,2584
25,973
0,2350
0,2009
0,1462
0,1163
25,1201
0,1905
0,2178
28,956
0,2510
0,1534
25,298
27,629
27,1056
27,334
0,2281
1,2275
28,641
6,2131
27,299
25,1094
0,1567
26,547
27,696
28,817
18,2583
25,1271
0,982
0,1318
0,2310
0,790
25,363
0,1384
0,1692
0,1608
27,964
0,592
1,1444
0,3263
1,1618
5,1250
0,2491
0,3447
27,646
0,2977
0,2741
26,1347
0,1882
25,956
0,1891
0,1003
0,538
0,1391
0,509
0,2303
0,1965
0,2319
0,2697
27,674
0,1054
0,2820
0,1172
0,3265
0,1917
25,230
25,791
6,2706
0,1937
0,2342
0,2121
0,1842
0,1059
26,1245
0,1965
0,2204
0,3235
26,1045
27,183
1,1225
1,250
0,3600
27,802
26,807
27,268
0,2563
1,1173
1,2375
26,834
26,856
1,1564
1,762
0,2771
26,1598
25,519
1,2850
1,2487
25,641
1,2655
1,1390
27,602
1,759
1,821
1,2481
1,1482
1,294
1,1915
1,1406
1,2857
1,2843
0,1398
6,2171
1,548
27,527
5,1362
1,666
26,981
26,723
1,1706
1,1900
1,873
1,529
26,1280
1,2188
1,1024
27,406
27,361
26,1513
6,1834
25,914
25,241
6,1095
27,115
26,907
1,1869
0,956
26,206
26,192
1,1783
0,2959
5,270
0,3172
0,1345
1,1877
1,327
6,1252
26,918
0,1198
26,910
0,1399
1,1963
25,571
0,1820
26,1207
26,174
0,1613
26,906
1,2446
1,1299
1,696
1,1017
1,2783
0,3236
7,1295
1,1026
1,538
0,2086
1,2041
27,712
1,352
1,3553
1,1026
1,1394
0,1657
1,1427
26,833
1,1451
1,296
25,1152
1,631
1,990
1,1880
1,2176
6,2718
1,983
0,1885
26,253
1,1936
0,1530
1,913
5,1675
1,1171
28,767
0,2734
28,1161
26,727
0,654
0,2641
0,2397
0,1247
0,858
0,969
0,3154
1,1339
27,908
0,2799
0,3176
0,2019
26,707
18,1884
0,1536
26,126
0,2277
25,653
0,1994
25,771
0,2660
27,1434
26,758
26,138
0,3023
25,2372
6,464
27,1044
6,1652
0,1705
27,647
28,659
0,1139
6,838
25,769
0,2485
26,1467
1,1195
0,5020
0,3171
6,1051
27,765
0,5177
25,180
0,2727
1,2091
1,1472
26,1797
26,1283
1,1927
0,1789
0,1788
0,3088
0,1512
1,868
1,1370
25,496
27,1016
0,2008
26,53
25,128
6,1251
0,2114
26,1838
6,950
0,2992
0,1830
6,1511
27,331
25,1247
6,1700
0,512
6,2205
6,1500
0,891
25,147
26,1484
0,2441
0,2115
0,1031
0,1481
26,1292
0,1452
1,1978
1,1428
1,764
1,1948
26,1162
25,931
1,1941
1,1486
1,1839
0,2070
1,1163
1,637
1,1013
1,514
5,1117
1,2962
1,1001
1,2221
26,1466
1,1295
1,1164
1,1710
0,1544
1,388
6,3503
1,969
1,1006
0,1906
1,821
1,2480
1,1368
27,430
1,1726
0,1503
0,2475
0,3307
0,2502
1,1643
0,1977
0,814
1,2298
6,1087
1,305
27,392
0,1224
26,480
26,1175
1,253
1,1690
25,768
26,1350
1,1965
0,2616
26,778
26,906
1,1044
0,2556
5,1206
26,965
26,1147
1,1382
0,3481
1,647
1,787
1,428
1,790
1,1837
28,745
0,1154
25,181
6,2242
1,2617
1,176
1,1030
1,2274
1,535
26,944
1,2409
26,1191
0,1420
28,469
6,3304
1,752
1,595
26,2167
1,1657
1,999
5,1166
1,584
1,347
1,611
1,679
1,828
1,1522
5,82
27,487
1,1234
25,741
26,1235
25,826
0,1534
6,2184
1,1997
25,951
1,1475
0,474
26,586
1,517
1,1501
1,1973
1,1490
1,491
1,1900
1,1410
25,431
0,2652
26,821
1,1877
1,779
28,737
27,611
27,622
1,1412
1,2468
27,1060
1,1736
1,1656
1,1782
1,2052
1,656
26,769
6,797
1,992
1,555
1,1994
1,1566
0,1252
26,929
0,2199
26,1085
0,2470
25,983
6,2966
27,207
25,259
0,2825
0,1638
0,467
0,1622
0,1470
26,1081
0,1582
26,1503
26,855
0,1600
0,3206
26,941
0,1018
1,1611
1,1560
0,4016
0,1629
26,1554
0,2146
0,2381
1,1182
0,1546
0,989
0,2160
1,2150
25,906
27,1213
6,3033
25,1539
0,2407
0,3711
0,2628
26,1090
0,2309
0,775
0,1082
0,4319
0,325
0,1124
0,1352
0,2777
27,196
0,917
0,3175
0,2557
0,2015
25,1130
25,1109
0,1656
0,1986
0,2263
25,918
0,476
0,1390
26,1199
5,1204
27,531
0,1819
0,1428
26,820
27,500
0,2270
25,117
0,3058
25,353
0,1595
26,1245
0,2216
0,2784
26,279
26,1180
25,506
0,2010
0,2663
0,1801
0,3138
26,1586
0,2344
26,508
0,474
0,3011
0,483
0,1163
0,2443
0,2545
26,1714
0,3465
5,1426
6,2900
25,1168
25,762
0,411
0,884
0,2629
0,656
0,1850
0,1674
0,1115
0,728
0,2386
0,3566
0,3637
0,1507
0,1072
6,968
25,980
0,683
0,2689
0,727
0,1156
0,480
0,366
5,559
5,894
5,1402
28,723
0,2045
0,1227
0,1642
0,660
0,1182
0,1770
0,744
0,2161
26,1699
26,1057
25,1360
0,2534
25,1097
0,3159
26,1257
0,2481
0,936
0,2790
0,982
25,227
0,3300
25,297
0,2651
27,583
6,2322
0,1271
0,897
0,1889
0,2462
0,1489
0,2153
27,509
0,1536
25,819
25,739
6,1576
0,2655
0,2042
0,640
26,987
0,1420
0,1743
0,2056
27,787
0,1686
25,1694
0,1310
0,512
0,2358
25,916
0,1443
0,2600
6,2755
0,628
25,101
27,367
0,3438
0,2525
0,3698
0,823
0,3067
0,719
27,761
25,230
28,928
0,2200
0,1998
0,1352
26,866
0,1605
0,1362
0,862
0,1916
0,1569
0,1047
0,323
0,933
0,805
0,1763
25,632
28,97
27,686
25,1362
25,347
25,223
25,583
25,384
26,741
25,188
25,169
26,483
5,2457
27,1154
25,1046
25,759
25,1035
27,535
27,1691
0,2177
25,886
0,447
0,2118
0,295
0,1018
0,1161
5,1858
0,1298
0,2445
0,1354
0,745
0,2200
0,1513
0,1348
0,884
0,2400
0,434
0,1705
0,1695
0,298
0,1871
0,478
0,1309
0,2045
0,1355
27,263
25,1156
5,1918
25,1129
27,625
25,890
27,736
25,955
25,943
25,965
27,811
25,343
25,182
25,877
25,644
25,1126
25,799
27,288
25,247
25,700
26,458
5,1111
5,1536
27,535
25,542
0,753
0,897
0,94
0,1294
0,1880
0,975
0,2046
0,721
25,434
5,1305
5,1971
5,2129
25,463
0,1616
0,770
0,1947
0,529
0,213
0,318
25,695
0,1421
0,297
0,1353
0,1320
0,591
25,1166
0,1057
27,587
0,2492
5,2505
26,855
0,2479
6,2058
0,2418
0,2715
0,2198
0,1904
0,1536
0,1286
0,1780
0,2297
0,2365
0,1317
0,314
0,1839
25,687
0,2488
0,1757
27,857
0,3689
0,2633
0,2085
0,209
0,1249
0,946
0,1717
0,1614
25,915
0,1099
0,1239
0,1392
0,2843
0,2227
6,534
0,950
0,2226
25,99
25,914
25,251
0,3980
0,144
0,1352
0,1900
0,1306
0,575
0,729
0,2982
0,2196
25,606
0,1832
0,749
0,2441
0,2074
0,3221
0,1385
0,2003
5,2885
0,2030
0,841
0,1743
26,1149
0,1547
0,1582
27,510
25,1042
0,616
0,3108
0,2605
27,588
25,342
5,2214
0,1857
0,2005
0,2133
0,1847
0,1845
0,1204
0,1320
0,3095
27,429
5,1132
0,2909
0,1479
0,271
0,2867
0,2090
0,948
0,1992
0,2250
0,2044
0,178
0,180
0,592
0,1736
0,765
0,1987
0,1702
25,313
0,2066
25,283
0,673
0,338
0,759
0,1561
26,426
0,793
0,1004
0,2071
0,1411
0,240
0,2448
0,947
0,2138
0,1976
0,2743
27,737
0,1105
25,494
0,1107
0,349
0,271
0,1950
25,320
25,44
27,82
26,1742
25,83
0,735
27,768
28,321
27,700
0,1239
0,2156
0,2259
27,697
0,442
0,2265
0,1959
27,366
0,1179
25,490
0,485
0,3281
0,1037
0,2373
0,4175
0,1068
0,1649
0,1087
28,663
25,436
0,1807
0,1220
0,1274
0,1922
0,1991
0,1257
0,1717
0,208
0,2298
0,749
25,648
0,674
0,1701
0,1517
25,1095
25,440
25,468
25,70
26,472
25,542
26,729
25,144
27,555
25,2092
27,529
25,99
6,4885
0,2003
0,3381
25,904
25,1040
25,244
27,660
0,1361
0,809
5,1035
0,1518
0,2543
0,1706
0,3067
0,2037
0,1853
25,359
0,2395
0,1857
6,2476
0,1129
0,1304
0,2016
25,930
0,912
0,203
26,912
0,1630
0,669
5,856
0,146
0,779
0,1667
0,204
0,1817
0,2785
0,1410
26,1081
0,1512
0,1326
0,3309
27,919
0,1425
0,884
0,1069
0,1380
0,572
0,2253
0,1806
0,411
0,1366
0,436
0,1988
0,1660
0,2603
0,2091
0,2344
0,925
0,1842
0,1339
0,1182
27,366
27,634
27,259
25,874
0,2381
0,1275
0,2002
0,1631
0,2319
0,1550
0,2630
0,455
27,1845
26,644
25,875
27,451
25,383
28,963
28,352
25,963
25,1178
27,320
26,2141
27,1240
25,416
25,1085
27,971
25,688
28,578
27,952
26,193
0,836
27,400
0,776
5,1300
25,1050
0,2057
0,2267
26,903
26,884
25,437
25,707
0,1366
0,1045
0,2261
0,1560
25,955
25,1180
27,596
27,128
27,382
27,562
27,586
25,790
26,346
25,1856
27,747
25,1076
26,252
0,1665
0,717
0,1868
0,1676
5,1756
0,1739
0,304
0,1436
28,522
0,1760
0,1445
0,1189
0,1777
0,1431
0,1221
0,573
0,1738
0,1036
25,1027
0,2116
0,2052
0,1803
0,1559
0,1124
27,394
0,1214
0,1452
0,812
0,1686
0,966
27,1024
0,1467
0,941
0,1415
0,1866
0,1174
0,1526
0,787
5,1461
26,2080
0,887
0,1778
25,390
25,838
0,792
26,833
0,1108
0,822
0,1414
0,928
0,625
0,722
0,1268
25,381
0,1390
0,864
25,100
0,2554
0,310
0,716
0,996
0,971
27,128
28,530
25,119
27,409
25,783
25,178
25,220
25,513
25,730
25,231
25,423
25,895
25,800
2,446
28,958
27,243
28,188
26,861
25,781
27,510
25,1013
25,602
27,1036
2,1006
25,205
25,345
2,592
26,64
27,509
25,285
5,1874
25,2225
28,612
25,258
27,184
25,835
27,313
2,1008
25,734
27,1234
27,1255
27,758
26,668
25,621
27,673
5,2077
28,699
25,904
25,798
26,323
27,406
25,105
25,1114
25,259
28,823
27,497
2,791
25,793
25,875
27,1165
25,1144
27,661
25,256
27,809
25,333
5,2093
25,897
25,428
26,353
25,311
27,728
25,943
27,671
26,752
25,399
5,2288
27,729
27,1397
25,1097
27,179
26,1773
25,774
5,2652
25,74
25,706
25,1203
27,394
27,158
25,75
25,1109
25,940
27,780
27,210
25,1339
25,596
25,535
27,519
26,1025
25,1074
28,667
26,866
25,242
25,273
25,212
25,1418
2,754
26,371
25,1324
26,840
28,764
25,1010
26,1208
27,529
25,830
27,438
27,127
25,1088
25,488
25,472
25,1703
26,879
27,556
25,1115
27,285
27,653
25,511
25,252
25,1680
25,352
25,574
25,302
27,154
28,628
28,190
25,117
25,205
25,128
25,156
27,720
27,704
27,698
27,698
5,1433
5,2637
25,337
25,709
2,887
25,1386
26,1006
27,930
25,1052
26,785
25,1092
2,1164
26,235
26,981
25,143
26,1146
25,798
6,2848
25,177
25,543
25,249
25,548
25,895
27,641
25,738
25,1107
28,795
27,142
2,432
27,1169
25,978
27,538
27,1004
27,720
27,741
26,1185
25,1152
27,209
25,362
27,171
2,588
25,680
25,1346
2,590
25,773
25,496
0,3157
0,768
0,2570
0,1517
0,3060
0,1353
0,2924
0,1375
0,2906
0,4059
0,3639
0,1238
0,958
0,1811
0,1631
0,2906
0,1062
6,2190
0,1913
25,1060
25,769
0,3212
0,2221
0,1681
0,3634
0,752
0,913
0,1115
0,3389
0,1985
0,1120
0,1972
0,653
0,2038
0,2791
25,870
0,617
25,703
0,4625
0,1559
0,3453
0,746
0,3058
0,970
0,1134
0,1445
0,3444
0,2392
0,700
0,598
0,503
0,1142
0,2986
0,698
0,2331
0,2189
0,2162
0,2691
25,911
25,524
27,463
26,463
26,486
28,633
26,885
26,644
25,184
26,153
26,947
26,675
25,264
26,851
26,148
26,269
27,464
27,294
27,316
1,2768
1,2736
1,482
1,705
26,284
26,1126
28,752
26,1348
25,1069
1,1187
26,1174
26,672
6,1725
26,558
26,1305
1,2608
26,1388
0,1135
1,2944
1,4112
1,2329
1,926
26,1289
1,2281
1,2958
0,351
1,1656
27,1056
6,1390
6,886
6,2972
26,337
25,593
27,324
25,494
26,645
26,256
26,661
25,889
27,464
0,964
0,1529
0,272
0,1666
25,1484
27,783
0,627
0,2847
0,1816
0,1928
0,1084
0,2348
0,2339
0,686
0,2286
0,599
0,255
0,2837
0,415
0,718
0,2327
0,954
0,1173
6,2165
26,465
26,404
26,577
26,509
28,96
26,291
26,101
25,555
0,871
0,1104
0,726
0,367
0,904
0,1352
0,1663
0,2516
0,2052
0,1148
0,1132
0,595
0,2519
26,352
28,482
27,494
25,684
25,835
26,2067
26,1530
26,1096
26,1296
26,953
26,826
25,1248
26,595
25,123
25,452
26,1013
26,676
26,1519
25,225
26,768
25,1145
26,885
27,375
26,225
25,236
25,623
26,222
26,187
26,340
26,1156
25,845
27,88
26,313
25,451
0,2342
0,2670
0,1604
0,3685
0,1118
0,1662
0,2867
0,2279
0,1003
0,1085
0,1266
0,2535
0,1680
0,1773
0,2483
0,1228
0,579
0,1641
0,1655
26,604
26,759
26,868
26,559
25,911
26,1436
26,643
26,182
26,338
28,578
4,1988
26,361
26,1125
26,1796
26,571
25,1008
25,636
25,1433
26,280
4,767
25,492
25,466
28,336
0,1804
0,1777
0,2397
26,473
26,774
26,835
6,3644
28,716
25,899
25,392
0,2761
0,1078
0,1515
0,2599
0,747
0,1297
0,1018
0,3681
0,1328
0,2007
0,2798
0,2634
0,2216
0,2093
26,1460
0,1378
0,3393
6,2387
0,1114
0,2862
0,2635
0,2625
0,1259
0,1020
27,429
27,418
26,589
26,927
25,720
25,326
27,138
27,340
25,137
25,508
25,885
25,906
0,1374
0,496
0,294
0,1089
0,1293
0,723
0,1008
0,867
0,407
0,1765
0,2017
0,385
5,1311
28,350
0,1930
0,2158
0,1078
0,1304
0,219
0,370
0,711
0,1367
0,1495
25,1570
0,1987
0,2322
25,1113
0,1201
5,1758
0,245
27,251
0,1613
0,1650
0,1160
0,2262
0,2722
0,2826
25,480
6,1152
0,610
0,1371
0,1543
0,1968
0,1517
0,1155
0,1875
0,833
0,899
0,2489
0,552
0,373
0,1297
0,1609
0,1859
25,1273
25,279
27,347
25,446
25,1123
28,128
28,912
26,599
5,6451
25,1148
27,565
28,579
28,94
25,1253
25,742
27,607
25,307
27,358
27,91
0,1551
0,1033
0,1556
0,516
0,146
0,354
5,2210
25,1753
0,639
0,266
0,495
0,2196
0,847
0,1258
0,2175
0,1751
0,1831
0,1805
0,1767
27,280
25,922
0,373
0,1532
0,440
0,574
6,2862
6,4480
25,692
27,632
25,1113
6,2990
0,1193
0,2065
0,1555
0,2427
0,1828
0,1205
0,2614
0,596
0,746
0,976
0,1547
0,2387
0,963
0,2925
0,1107
0,1007
0,1596
0,2288
0,2574
0,2289
0,2341
0,1100
0,1102
0,2118
0,1284
5,2247
0,1554
0,607
0,1337
0,1691
0,1593
0,2246
0,1798
0,1325
0,2047
0,405
25,446
0,2801
0,2178
0,1981
0,2575
0,348
0,146
0,1415
0,871
0,2078
28,410
0,1743
0,2969
0,2149
0,629
0,405
0,3146
0,1061
0,1480
0,1953
0,1239
0,1402
0,1008
0,451
0,1808
0,2494
0,2506
0,1476
25,1006
0,2855
6,3035
26,251
4,1288
25,1361
26,936
26,906
28,533
3,270
25,421
25,389
27,338
26,937
25,276
3,380
25,438
3,830
6,904
25,720
28,1039
0,3227
27,490
25,721
25,113
0,1497
25,1510
0,2104
0,1932
0,700
25,1255
28,149
25,1263
27,575
0,254
0,869
0,3204
0,1483
0,688
0,312
0,1637
0,2098
0,1009
0,1234
0,1459
0,768
25,1322
0,900
0,274
0,2113
0,1568
0,1750
5,1771
0,1744
0,1813
0,1229
0,1542
26,1001
5,1915
25,674
25,772
28,679
26,1490
26,1823
25,482
25,487
27,808
28,117
25,752
5,3984
25,980
26,1401
25,616
27,513
25,949
25,172
25,389
6,2688
25,865
25,577
28,632
25,56
25,333
5,1742
25,270
25,276
25,501
25,946
27,407
5,3300
25,928
25,294
26,1021
25,1058
25,1092
25,820
26,1030
26,756
25,855
25,443
26,636
0,626
25,1405
0,336
0,1229
0,1194
0,1477
0,3275
0,211
0,602
0,1865
0,1451
0,398
0,1525
27,776
28,380
25,502
28,392
27,449
25,128
25,1181
5,4356
0,2361
0,2713
0,1303
0,1938
6,2014
0,690
0,226
0,799
0,1361
0,2085
0,1763
0,3491
0,2066
0,984
0,1130
0,2723
0,123
0,786
0,823
0,3418
0,650
0,1363
0,1325
0,574
0,2015
0,2485
0,846
26,203
25,338
26,1251
25,367
25,170
6,2004
6,275
25,766
5,219
26,687
27,230
25,519
26,1389
27,405
28,202
28,335
25,597
26,810
25,773
25,622
25,309
27,254
25,849
26,772
27,482
28,500
27,312
6,1807
26,857
25,665
26,579
25,101
25,946
26,827
25,224
28,657
25,567
25,562
25,476
0,1906
0,989
0,1674
0,988
0,190
0,1392
0,1907
0,2131
0,1448
0,2569
0,1475
0,1226
0,1221
0,1381
5,1850
26,488
25,632
5,2541
0,1779
0,1170
0,1811
0,1927
27,564
0,1353
0,2400
0,884
0,2136
0,2872
0,2080
0,446
28,439
27,375
27,630
25,338
25,1279
26,686
25,339
25,219
25,499
26,815
25,1897
0,2405
0,1671
0,1649
26,921
26,622
26,466
25,919
25,1793
25,195
25,592
25,1205
0,1327
0,2074
0,1485
0,458
0,1459
0,452
0,1091
0,584
0,1713
0,648
0,944
0,1016
0,873
0,1935
0,1905
0,466
0,347
0,655
0,448
0,1154
0,1331
0,1964
0,1013
0,94
0,615
0,1507
0,2055
0,1782
0,637
0,602
0,753
0,977
0,920
0,1365
25,598
0,1491
0,2566
0,1603
0,236
0,1464
0,2147
0,2216
0,2423
0,656
0,2109
0,2174
0,670
0,601
0,2637
0,1826
0,1580
26,1512
25,783
25,298
25,393
0,1708
1,461
0,1121
26,1558
1,1339
28,1375
6,1109
25,868
0,4557
27,797
0,2799
0,1733
0,2543
0,1656
26,469
0,2976
0,2850
0,1356
0,1359
0,3771
26,1200
25,1110
0,3270
1,2194
1,802
26,1544
0,2550
6,641
1,3432
0,4102
6,4143
26,591
26,1154
0,1830
0,1944
0,3488
25,1295
6,1719
26,2180
0,1640
0,545
6,1655
0,3523
0,5126
0,2789
0,1112
6,982
0,3360
0,4455
0,1540
0,3229
0,2379
0,1939
26,1689
0,2598
27,337
0,1885
6,1971
27,882
25,1340
1,1447
0,2853
6,1024
0,3406
0,3023
0,1692
0,1292
0,1948
0,2176
0,1501
0,2767
27,991
0,3581
0,2307
27,905
27,1150
0,3355
0,1598
0,2188
25,1752
0,3700
6,3050
0,3269
0,2660
0,1470
25,161
25,520
0,2241
0,1496
0,1487
0,2725
0,291
0,1574
0,3465
0,737
0,2674
0,1506
0,1625
0,586
0,1644
0,1233
0,2460
26,1709
6,4487
0,2198
0,3420
0,2837
25,319
0,2287
0,2798
0,1875
0,1118
0,2031
0,1332
0,548
0,1609
0,2290
0,2141
27,722
0,1521
26,556
0,1676
25,948
28,140
6,3571
26,1333
28,679
6,3632
0,2095
6,1473
25,1114
6,2178
0,2972
6,2392
0,269
25,775
0,2876
0,3175
0,589
0,2919
27,1386
27,508
26,1025
27,1506
0,711
0,1530
27,696
0,1956
0,1407
26,108
27,1044
27,458
27,783
0,1443
0,2149
27,1023
0,1718
27,232
0,706
0,3954
0,2361
0,2070
0,2014
0,3760
6,3309
0,3066
0,2501
27,1064
0,1113
0,2594
6,2856
0,2012
0,2724
0,3938
6,2835
0,2397
0,3431
0,1834
6,3102
26,75
0,1615
0,743
6,2170
0,2269
0,2408
6,2549
0,922
0,416
0,390
26,1764
6,711
27,620
25,765
6,2412
25,1113
6,2115
26,1783
0,1570
6,2215
0,1415
0,2520
0,1060
0,2506
1,420
0,943
0,3375
27,1532
27,871
27,1117
27,1045
25,1185
25,895
27,859
27,300
27,527
6,2906
0,4233
0,2670
0,3470
0,1432
0,2513
0,2880
0,1570
27,859
25,326
27,437
27,1098
0,1640
27,573
27,1712
0,1668
0,570
0,3591
6,1630
5,2030
0,1595
0,2446
0,2055
18,957
27,643
0,5058
27,1140
0,391
27,655
0,687
0,1044
0,1325
0,2065
25,1148
0,2063
0,566
0,1493
0,1674
5,1011
1,2347
0,588
0,2174
1,1816
0,2280
27,837
0,2269
0,1422
0,739
0,2429
0,1192
0,1313
26,710
6,1713
0,2202
25,965
0,3050
26,1280
0,944
1,928
27,1187
27,1237
1,2169
28,482
28,925
27,601
28,1024
25,1059
1,1797
0,536
0,2881
0,3828
0,2294
0,867
27,866
0,3176
0,1979
0,1974
0,1674
0,2947
0,2145
0,4376
0,2811
0,4111
0,2060
0,1574
5,2179
0,689
25,674
5,298
0,444
0,2896
0,3472
0,2017
25,559
5,518
0,2322
0,3550
0,1586
0,1564
0,2617
5,1756
5,559
5,733
27,1808
27,134
27,559
27,530
0,2224
0,2998
0,816
0,649
0,795
27,366
0,1354
5,1428
0,3075
25,1536
0,4059
28,880
0,2905
25,758
0,855
0,4076
0,4165
25,1067
5,815
5,1999
25,543
5,731
25,947
25,1044
5,320
27,586
27,243
27,522
27,991
27,926
27,389
27,200
27,906
27,1294
27,1375
27,346
27,1471
27,443
27,891
27,1349
27,939
27,908
27,797
27,358
27,591
27,609
27,544
27,561
27,1239
27,1560
27,757
27,1825
27,1400
27,1130
27,167
27,514
27,1045
27,266
27,487
27,1500
25,765
27,762
27,1092
25,405
0,1858
0,1588
0,959
27,440
28,770
26,1055
26,515
0,2810
0,1104
0,418
0,3117
0,358
0,2499
0,1968
0,1150
0,1841
0,3172
0,1525
27,598
25,1298
0,3189
25,480
25,242
28,716
0,3918
28,585
28,537
0,3299
0,2545
0,3450
0,2014
0,2004
0,1831
27,187
27,807
27,195
5,2709
0,2645
0,3608
0,2154
0,3058
0,3542
0,3306
0,613
27,810
0,1471
27,804
0,2035
0,1827
0,4927
6,1957
0,1356
0,3072
0,669
0,2937
0,3506
27,723
0,1457
0,580
0,1459
0,1785
0,1925
0,3064
0,3010
6,522
0,2977
0,2492
0,1290
28,580
0,2209
25,733
0,2258
0,3863
0,1806
0,1427
0,2017
28,857
26,662
6,2676
0,850
0,924
25,192
0,2065
0,1566
0,2804
0,3717
5,2376
0,1945
0,3230
27,804
0,241
0,1789
0,1520
25,1619
0,1035
0,969
0,1220
25,1857
0,3455
27,3028
25,1671
25,2579
0,3150
0,3115
0,3134
25,956
25,949
0,678
0,429
0,1035
25,462
5,1435
25,1644
25,204
25,1457
25,904
25,367
0,2766
0,3366
0,1808
26,1750
0,2712
28,284
25,1419
0,2289
28,265
27,907
0,3689
0,1541
27,1895
0,888
25,1335
0,1540
0,1505
0,2019
0,1428
0,1989
0,2856
0,2906
26,1446
0,1068
0,4423
6,1321
0,2855
27,705
0,1422
0,4746
26,1361
0,1943
25,944
0,3108
28,1261
6,1291
26,1419
0,1834
0,2688
25,553
0,3243
0,1730
0,2292
0,832
0,3140
25,1222
0,2814
6,3094
0,1915
25,1166
0,1648
0,2640
0,2121
0,2095
6,851
0,1139
0,1793
0,1110
0,2542
0,2414
0,331
6,664
0,922
0,3143
6,485
25,1883
0,1550
0,868
0,2214
0,1943
0,2178
26,752
0,5209
0,1036
27,563
0,2032
0,1006
0,4445
0,2910
0,1401
0,1538
0,1732
26,637
0,2350
26,512
0,1478
0,1583
25,189
0,2850
0,3296
0,555
26,1666
0,2920
0,1231
0,1703
0,1506
0,1389
0,1709
0,2058
0,2081
0,2171
6,884
0,1068
0,1060
0,413
0,2079
27,319
6,722
27,894
0,2045
0,2547
0,1449
0,470
6,3332
0,1979
25,984
0,1098
0,1865
0,2049
0,1495
0,1703
0,1745
0,1925
0,2419
0,676
0,624
25,897
0,595
0,2451
6,3207
26,1118
0,1766
0,1494
0,2142
25,1254
0,1942
0,2879
28,884
0,2826
0,2291
0,1913
0,2943
27,1099
6,936
25,1143
25,334
25,1931
0,2222
28,907
25,891
25,514
25,2217
0,2527
25,1392
27,1883
25,483
26,96
0,2389
0,1374
0,1294
5,1877
0,2768
0,1755
27,802
0,897
0,2311
0,2561
0,1589
0,1431
0,1152
0,2132
0,544
0,3300
0,803
0,1094
0,1695
0,824
27,963
0,1932
0,1865
0,265
28,319
0,1784
0,1136
0,1351
0,2084
0,2743
0,3410
0,3096
0,1015
25,1916
0,2635
28,1046
5,1916
0,745
0,2121
0,4006
0,3304
0,2926
5,844
0,1240
0,2789
0,1961
0,1134
0,699
0,450
0,2350
28,874
0,1587
0,2659
0,2402
27,662
25,749
27,178
25,397
25,1511
25,883
25,942
25,602
25,1704
28,678
2,919
28,62
25,1131
26,1109
25,295
25,232
25,576
27,426
26,1002
27,111
27,217
26,1005
25,652
25,1064
26,1746
5,338
5,4120
26,1195
25,943
26,306
5,2055
27,682
25,841
26,1316
25,714
27,331
25,485
27,431
25,766
27,339
5,2698
25,195
25,464
25,928
25,602
25,104
28,237
27,275
27,656
2,939
25,323
25,82
2,942
25,1041
25,187
25,1016
2,767
2,1091
27,1045
27,1210
26,829
27,873
25,955
25,902
25,795
25,1096
25,918
25,188
25,824
25,523
25,494
25,849
26,1027
27,494
27,488
25,328
26,1088
25,1110
27,142
25,189
28,479
27,931
25,657
25,598
0,991
0,620
0,2272
0,2547
0,1115
0,2104
0,1464
0,1317
0,1731
0,1700
0,367
0,3281
0,323
0,1728
25,1116
0,1932
5,4691
25,1269
0,2464
0,1742
0,1404
0,603
0,2739
0,464
0,965
0,532
0,721
0,2043
0,2738
0,2165
0,2062
0,2084
0,2764
0,1816
0,2048
0,1426
0,2955
0,2745
0,3123
0,2407
0,2198
0,2679
0,2040
0,1447
0,2861
0,1305
0,171
27,755
0,211
0,1916
0,2231
0,1568
0,2104
25,604
25,293
25,675
25,995
28,654
25,348
26,1023
26,387
27,520
25,1058
25,256
25,145
27,529
27,209
0,1357
0,1029
25,1017
25,1715
5,573
25,361
25,1071
25,1188
26,747
27,258
25,177
25,659
27,159
25,162
25,1443
28,715
26,137
27,594
25,504
25,641
25,470
25,154
25,449
27,558
26,993
25,170
27,53
25,252
25,113
25,675
25,376
25,143
25,839
26,486
0,541
0,1335
0,485
0,1821
0,1773
0,758
0,417
0,1152
25,326
25,405
25,978
0,2159
26,1389
0,737
5,2648
0,1789
0,2958
0,1022
0,1203
27,425
0,2336
0,2013
0,226
0,1158
0,2501
0,229
0,812
0,2459
0,1136
0,808
0,1685
0,2008
0,1043
0,1652
27,305
25,663
25,312
27,462
25,1324
28,862
0,778
26,534
25,62
0,510
0,1286
0,319
27,813
27,719
0,1624
6,2467
0,2413
0,2755
25,185
25,1572
5,929
25,115
5,2767
5,2490
0,4445
0,2303
25,259
0,3087
5,427
0,3497
0,3325
0,1053
0,3656
0,2187
28,1525
5,1671
27,1274
27,253
27,823
27,2005
27,1529
27,318
27,1289
27,2160
27,310
27,671
27,1601
27,2613
27,880
27,871
28,586
5,2492
0,1419
0,3374
0,1296
0,1275
0,2532
0,303
25,343
25,341
5,1989
25,185
25,489
25,1291
0,2239
0,2115
0,3128
0,2761
0,473
0,737
0,2630
0,1270
0,727
0,3314
25,831
0,1749
25,230
0,4280
25,616
0,3671
0,1679
0,2591
0,670
0,3258
0,3716
25,819
26,1238
0,1392
0,2640
0,2587
0,638
0,2158
0,299
0,1018
0,1103
0,898
25,1871
27,246
5,2872
0,712
0,709
5,2233
0,2420
0,2954
28,1043
0,2534
27,446
0,1760
0,3016
0,856
25,574
0,1605
26,1178
0,2504
0,860
0,1715
27,632
0,817
0,742
0,1505
25,983
0,2355
0,2347
0,484
27,179
0,1323
0,661
25,222
0,1604
0,793
0,2398
6,2307
0,2480
6,2822
0,1397
0,934
28,458
0,3213
0,1604
25,667
0,1557
0,2037
0,1936
0,2255
0,475
0,1609
0,1206
0,1660
0,1892
0,3617
0,2768
0,2989
0,693
0,1497
0,762
25,831
0,2780
25,944
0,1204
0,2560
0,3825
25,421
25,258
25,127
27,193
25,231
0,4702
0,2407
0,2823
0,546
0,2930
0,3449
27,171
0,2924
25,2384
0,2486
28,723
0,1082
0,2672
0,2343
0,2284
0,2799
0,3014
0,2902
0,3296
0,1444
25,737
25,390
27,125
0,3700
27,809
0,1870
0,2355
0,2334
6,1513
26,1687
26,1481
0,2310
25,901
0,1237
0,2054
0,1482
0,507
6,4080
28,1348
0,1878
5,1418
0,1601
0,3037
0,3526
0,2578
0,2399
0,1632
0,1397
0,1632
25,315
0,2078
25,1411
0,2409
0,2657
0,1847
0,2301
26,502
0,420
0,2256
0,1758
0,1544
0,1313
0,1307
0,2265
6,2681
0,2294
0,1070
0,953
0,1811
0,2058
28,556
0,2307
0,510
0,1855
0,786
0,1605
0,2470
0,2656
0,913
6,1850
0,443
0,806
0,2606
0,2207
0,662
26,1078
0,1850
0,2121
0,2262
0,191
0,1237
0,727
0,1670
0,327
0,748
0,1547
5,2448
0,2500
0,2652
0,1985
0,1348
27,1066
25,710
0,994
0,1540
0,1471
0,1777
26,1269
0,2043
0,1401
0,2405
27,611
6,1156
6,824
0,1355
6,544
25,806
0,557
0,2143
0,1596
0,923
26,941
0,1820
0,3002
0,1340
0,2441
0,2328
0,1467
0,866
0,1525
25,992
26,258
0,2476
0,1017
0,1473
0,1579
0,239
0,1794
26,367
0,1525
0,1498
0,2116
0,923
26,734
0,1945
25,266
6,2850
27,575
0,2204
0,1260
0,1394
25,98
27,838
25,931
0,1142
25,746
25,190
0,1767
0,2046
6,3372
0,2035
6,2151
0,739
0,766
0,2231
0,2418
0,1472
0,2110
0,1678
25,277
6,3477
0,468
0,2943
0,670
0,1445
1,2241
26,1253
1,1065
1,2450
26,1062
28,1211
26,1504
0,904
5,2119
1,2015
1,667
5,1630
27,834
0,1914
26,1219
0,443
27,357
1,1453
0,2358
1,429
1,2088
0,1302
25,366
0,2320
25,535
6,5197
1,682
0,786
25,504
1,1919
1,1754
7,957
1,2753
1,2543
0,428
0,778
0,1472
0,3923
1,1795
0,1242
0,616
0,1223
1,1798
1,1921
0,1447
1,757
25,576
1,1938
26,874
0,2392
1,279
25,889
26,1122
1,161
1,1764
0,1494
1,1343
1,774
6,1804
1,1453
0,2534
0,2343
0,772
0,1493
6,1050
25,549
26,706
0,266
0,3349
0,2698
0,4274
6,743
6,1167
0,5320
0,4296
0,3162
25,647
26,1078
25,574
25,359
0,591
0,498
6,1263
26,448
1,1777
0,1083
6,3091
1,980
26,1369
0,1529
0,2198
26,179
0,1383
6,2068
28,1105
6,1742
27,495
6,2674
0,1604
27,644
1,2208
0,2145
0,4007
25,249
25,371
1,2412
26,596
6,417
6,765
0,1720
0,1626
25,175
25,301
26,1632
6,565
6,1300
0,2125
26,286
0,4128
27,1091
0,1346
0,1715
27,487
6,3145
27,140
0,2446
28,285
0,1967
0,2234
0,3273
0,1836
0,2178
27,862
6,2841
0,2804
5,1046
27,416
28,432
25,447
6,2257
26,2385
27,692
25,1032
6,1518
0,2225
0,4366
25,813
0,1526
27,576
0,961
26,1138
27,1075
27,499
0,3051
6,3456
0,2495
0,2168
1,742
25,750
0,1755
0,4332
0,762
0,2776
1,872
27,644
1,1174
0,2687
0,2158
26,974
27,812
27,860
0,1763
0,2180
0,1036
0,721
0,190
0,2752
0,3101
0,544
0,2223
0,286
6,3559
26,628
0,2449
0,2853
25,891
0,1756
5,1647
0,1029
26,1784
26,234
0,1861
1,1574
0,2605
6,2586
6,4984
0,2925
25,985
0,1139
25,600
1,1841
0,2197
1,1753
26,1659
1,1776
0,916
27,398
1,928
0,2651
1,1837
0,2723
25,845
27,314
1,511
1,856
26,629
27,511
0,2246
1,771
1,1319
1,1658
1,520
1,1174
1,1150
4,863
25,251
4,691
25,1098
1,407
27,551
26,412
26,775
26,611
26,323
26,975
26,1172
26,1187
27,417
27,307
25,70
26,844
26,910
26,1010
25,376
26,681
1,923
26,1856
27,109
1,2726
26,881
1,674
26,833
0,2273
6,3863
0,2563
26,943
0,1551
27,362
1,538
25,622
1,2103
1,325
1,1965
1,1406
0,1426
0,2139
0,2007
0,1972
0,2335
6,520
0,278
0,1662
0,1112
0,2902
25,881
6,781
25,1382
0,1179
0,1652
0,745
0,1970
25,861
25,681
0,1742
0,1132
0,2177
25,1338
27,565
0,785
0,2046
6,2372
0,2653
25,392
27,333
26,1936
6,2917
0,3814
0,2145
5,3357
0,2002
25,1540
27,585
0,4055
6,4066
0,2282
0,1263
0,749
0,618
6,2179
1,2326
1,4466
0,1976
25,1258
27,842
25,286
28,1041
27,416
27,293
27,461
27,221
28,705
27,624
27,901
6,2212
1,1066
0,901
25,977
1,1788
1,1426
6,2057
6,3562
1,1338
0,1345
6,2176
0,1769
1,2642
0,2437
25,216
25,722
1,2472
26,1214
25,1014
0,2478
0,3004
1,1691
1,1228
0,1910
1,2626
0,1037
25,1136
0,1641
0,1107
1,693
27,130
0,1359
26,322
26,748
25,436
25,236
0,1492
1,1060
0,2037
5,1686
1,1389
0,1947
25,1040
1,2046
1,2807
1,2054
1,1841
27,591
1,1640
6,2239
26,567
1,2053
6,838
1,2402
1,2247
0,2654
1,1774
0,2703
0,1448
1,2406
26,1627
1,2302
26,1391
1,669
26,820
26,1713
26,371
26,1935
1,3128
1,743
27,1503
1,724
26,1855
26,1164
25,187
26,1264
26,1231
25,946
26,1005
1,2918
26,1220
25,820
1,2405
28,683
26,1214
26,646
4,1253
4,344
4,464
26,205
26,1884
25,730
26,1155
26,604
26,695
26,882
25,758
4,619
25,337
25,1489
27,1255
26,482
26,594
26,1562
26,1340
25,575
26,178
26,963
25,1090
26,2397
27,926
26,607
26,416
26,919
26,619
26,1090
26,1027
26,407
0,1045
0,1316
0,1840
0,2385
0,1052
0,4331
27,689
0,2841
0,300
0,1604
6,5510
0,4032
0,2012
0,2390
25,425
25,286
26,804
25,1279
25,1116
28,732
26,967
4,1065
26,969
26,367
25,458
26,435
25,801
26,378
26,501
26,1015
26,1375
27,296
5,3026
27,209
27,130
25,686
26,864
25,1064
26,715
25,588
27,394
25,800
6,3583
28,1094
0,956
0,1251
0,1364
0,3436
27,617
0,2472
0,1219
0,1205
0,2353
0,283
0,548
0,1979
0,554
25,432
25,718
26,209
26,191
25,653
26,729
26,589
26,71
26,604
4,700
25,575
26,351
26,995
26,441
26,202
26,386
26,447
27,597
0,873
27,768
1,1072
0,653
0,1800
0,2979
0,1792
1,1731
1,2192
0,1322
26,774
1,1069
1,2127
0,1297
26,1268
26,196
26,323
28,429
1,1535
25,881
25,240
25,837
25,283
25,1596
25,1057
25,780
25,1414
25,261
25,1647
25,1352
25,1117
25,442
25,1036
25,811
25,478
25,98
25,185
25,1507
28,284
26,1475
27,296
26,80
27,254
28,412
26,661
26,933
6,1331
25,679
25,263
25,972
25,744
26,832
25,807
25,741
25,639
25,1799
25,1263
25,814
25,812
25,609
25,402
25,421
27,397
25,451
25,1412
25,373
25,664
25,1131
4,327
4,1389
4,502
25,1128
25,593
25,1027
25,1264
25,1122
4,371
4,395
4,179
4,298
25,1814
4,1083
4,2011
25,1391
25,819
26,586
26,168
27,532
25,596
28,442
25,242
25,252
27,267
25,762
26,1316
26,1084
6,1434
6,1648
18,767
0,2182
0,2109
0,654
0,1184
0,1269
0,1005
0,2192
0,495
0,2003
0,1899
0,1916
0,131
0,259
0,1988
0,1839
28,715
25,1171
0,2910
0,1959
0,900
0,673
0,867
0,2154
6,2951
0,2598
25,1042
28,212
25,592
27,952
27,1312
25,939
0,2061
0,334
0,436
0,3193
0,1709
0,2321
0,2852
0,1101
0,954
0,672
0,1632
0,1649
0,827
6,1862
0,1048
0,1127
0,1648
0,469
0,973
0,2258
0,1275
0,1278
0,3604
0,2226
0,2805
0,875
0,1395
0,1771
6,2201
0,2291
0,1006
0,2224
0,542
0,2008
0,2610
0,2303
0,2616
0,3629
0,2807
0,1459
0,1534
0,1078
0,1398
0,276
0,1812
0,3656
0,799
0,862
0,1462
0,1187
0,1749
0,2034
0,1395
0,1768
0,2199
0,745
0,1643
0,2642
0,1704
0,3274
0,1949
0,1512
0,515
0,2498
25,931
26,313
25,103
26,1336
26,565
26,498
25,711
26,1045
26,933
26,373
26,571
25,820
27,509
25,820
26,747
26,827
25,207
25,720
26,915
26,1144
27,712
26,721
25,360
26,1037
26,1337
26,302
26,793
25,316
28,550
25,200
4,773
26,864
26,757
4,622
26,683
26,1130
26,1416
4,349
26,1157
26,356
26,914
1,2901
25,952
27,601
26,1377
28,234
26,843
26,910
26,962
27,324
25,682
26,1360
26,527
26,161
26,1311
25,250
26,580
26,681
26,125
26,989
26,276
26,830
26,847
26,425
26,193
1,714
1,1540
28,453
26,995
0,3286
0,1796
0,3430
1,2265
0,2948
6,2329
6,1971
0,4223
0,839
6,2447
25,1263
0,2897
25,1396
0,2709
0,3099
6,2351
6,3324
0,392
27,193
0,1749
0,435
0,1521
0,4005
27,664
0,1872
0,1020
1,2553
1,1973
1,2589
0,3995
0,4209
25,340
26,938
27,690
0,2058
0,4360
25,366
1,3320
0,2719
6,1678
26,1992
0,1762
6,758
6,1006
6,2333
0,3479
0,1995
0,2839
5,2028
6,2505
26,471
1,3012
1,1095
26,386
26,1163
1,2148
1,2004
1,1657
1,2205
1,2490
0,1848
1,1718
5,1969
1,2361
0,1370
0,3057
1,1246
0,792
0,3689
1,1293
0,1206
0,1267
26,809
6,973
0,1963
0,774
0,2327
1,2127
0,239
0,1774
1,1833
1,1366
1,2450
1,1805
1,1451
1,1900
1,1312
0,277
25,926
1,1573
26,88
1,1794
27,645
0,2311
1,1844
1,1582
0,370
26,125
1,170
25,188
0,1903
27,215
26,1202
25,983
26,1455
26,768
26,1054
1,1084
26,1300
1,1780
27,322
27,657
1,2188
26,171
28,829
26,833
26,539
1,740
1,1566
1,1202
1,1387
1,1674
26,1380
1,1083
1,1169
1,3350
1,1539
1,985
1,2509
1,1815
26,445
25,932
26,1681
26,978
26,1057
25,724
5,793
26,469
26,503
26,753
26,605
5,673
26,1005
26,945
26,287
26,348
27,80
4,820
1,1062
1,1334
1,276
25,875
26,249
0,1664
6,2260
1,935
26,1217
1,982
0,1709
0,1250
0,1151
1,609
26,1062
1,2557
1,1844
27,372
26,721
26,802
1,1118
1,1891
1,1713
27,487
1,1947
1,996
1,429
1,2960
1,1163
26,365
27,729
26,199
26,403
26,307
1,768
26,994
26,84
26,1264
27,682
28,721
26,1059
26,1160
26,1567
27,485
1,152
26,1083
1,2269
26,1193
26,963
4,334
26,585
26,739
26,1392
4,1666
26,993
26,510
26,417
26,293
26,1054
26,427
26,1014
26,667
26,1087
28,590
4,472
4,1189
28,214
4,313
26,1062
26,615
26,280
26,355
25,888
3,734
26,360
25,404
25,109
25,947
28,245
26,391
6,2443
6,2800
25,247
26,1381
26,317
26,293
25,894
26,863
26,920
26,204
26,1465
25,465
25,391
26,823
26,1836
26,519
26,948
26,1385
26,796
26,622
25,395
26,861
26,1739
1,2219
26,684
25,517
26,549
26,116
26,828
26,535
26,675
25,436
26,181
26,692
25,726
25,158
25,962
25,483
26,333
26,1467
25,1051
25,968
25,871
25,412
4,894
26,499
6,2454
26,872
25,517
26,621
26,585
6,982
26,700
25,314
27,162
26,1219
26,1248
26,1272
1,775
26,806
1,3305
25,683
26,1039
0,2102
1,2944
1,1962
1,736
1,2435
27,296
1,3098
1,1765
6,1283
6,3084
0,977
0,1363
1,3381
1,2505
1,1996
1,2957
1,1120
1,1191
1,2231
27,1103
27,1068
1,3518
27,384
25,1132
1,1765
0,2436
0,1469
1,2235
28,918
1,2281
1,2557
1,419
0,1790
25,717
27,398
1,1715
0,443
1,2297
6,2527
6,1199
1,953
1,1042
1,1977
1,2554
1,2324
0,1123
6,1953
1,581
1,2181
1,2376
0,516
1,1882
25,235
1,2488
1,2320
0,1919
0,789
26,1710
0,2772
1,2031
0,2652
26,1641
27,781
0,1265
6,370
1,2235
1,1584
1,619
0,539
1,1953
1,2296
0,1251
0,2381
6,2397
1,1823
1,2890
0,1788
1,670
27,966
1,2194
27,834
28,851
1,1471
27,1404
27,814
0,3153
0,841
1,712
1,2050
1,3476
26,419
0,1456
18,3080
6,1273
27,864
1,2280
0,2178
0,1162
0,1716
25,1535
27,589
1,2599
6,1914
6,1710
0,1886
0,4200
27,641
6,4302
27,441
0,2797
0,2853
1,2391
0,176
6,3724
1,2233
0,2290
0,1208
1,3181
1,2812
1,3924
26,303
0,728
0,2022
0,2537
0,3056
0,712
6,2618
0,697
0,603
1,422
1,3087
1,3203
26,1031
6,1372
26,644
26,988
26,848
26,818
27,747
1,493
1,1341
27,583
26,1515
26,693
1,1653
1,3533
1,2205
1,3028
6,608
1,2895
1,2655
1,2884
0,2346
1,2204
26,990
1,908
0,229
1,2068
0,1940
0,1788
1,2205
27,681
1,2214
26,614
1,1790
1,3780
1,1351
26,1103
1,240
0,2314
1,2324
26,861
1,2284
1,3235
1,1930
25,1431
28,908
1,632
26,1438
27,257
25,507
1,3653
26,458
26,1040
0,3143
1,1293
1,1584
1,1227
1,950
1,975
1,2091
0,2110
0,815
1,2949
1,1425
26,673
27,456
0,3063
0,2901
25,1037
26,624
26,188
26,684
26,474
26,1060
25,1073
26,360
25,783
28,864
26,419
26,659
25,243
26,898
26,522
26,729
25,905
5,2656
26,1052
26,868
26,239
26,548
26,821
25,669
25,454
28,1034
25,147
25,385
26,1141
28,387
26,559
26,681
25,35
25,197
25,254
25,849
26,287
25,823
25,682
26,908
26,749
6,1435
25,498
25,434
6,2564
27,341
0,1070
25,1278
0,2663
25,966
26,554
0,1140
1,858
1,767
0,1527
0,2252
0,2081
6,4124
25,924
28,583
26,1639
1,3768
0,1211
27,685
0,4077
0,2469
0,2336
1,1710
1,2343
6,1611
26,1325
27,323
25,216
1,449
1,2926
1,4112
25,1355
1,2598
0,1438
0,668
27,243
26,1305
26,962
26,829
27,668
1,2228
28,306
27,364
6,2185
1,2168
0,291
1,382
26,397
25,547
1,1045
26,873
26,568
26,731
26,1560
26,580
26,597
26,479
25,639
28,607
26,402
26,890
26,188
27,467
26,1145
25,368
25,492
26,528
26,886
26,1884
27,286
26,416
26,1185
26,795
26,616
26,514
1,1357
1,1372
1,1692
1,765
26,224
26,568
1,2074
1,1975
1,2955
1,2950
1,1788
1,2192
26,1017
26,983
1,2038
26,177
26,1011
25,398
26,883
1,1937
1,2556
26,1345
1,854
1,1856
26,1410
0,2092
1,1027
28,832
1,1461
1,639
1,1323
25,350
1,2421
25,158
26,781
1,254
1,794
0,776
0,1445
0,872
0,351
0,930
0,1435
0,2123
27,183
26,622
5,1183
25,407
0,1687
0,820
0,2122
0,2120
0,1635
0,1559
0,624
0,800
0,1864
0,1989
0,346
0,445
0,3216
0,574
0,1620
0,2426
0,2204
0,959
0,201
0,335
28,680
27,689
6,2516
0,508
0,1574
0,888
0,511
25,519
26,754
0,912
0,689
28,540
0,915
0,218
0,358
25,520
28,1025
25,966
0,1887
0,1495
0,2071
0,2168
0,1139
0,1016
0,1659
0,1178
0,2181
0,1573
0,2266
0,2726
0,1973
0,1169
0,702
0,498
1,3904
0,3145
0,1639
27,98
25,652
28,899
6,2374
0,875
25,757
0,1800
0,2168
0,2393
0,1908
0,2550
0,1566
0,2359
0,2663
6,4464
6,161
0,4342
0,2558
0,2651
0,864
0,619
0,671
0,1497
25,1108
25,215
25,920
0,1300
0,1084
0,682
0,1969
0,1411
0,2184
0,2171
0,721
0,770
0,1147
0,1137
0,1859
0,1933
0,459
0,1677
0,1609
0,1711
0,1796
0,2353
0,1702
0,2097
6,3044
0,1966
0,2515
0,422
0,472
0,2318
0,1011
0,746
0,1135
0,375
0,1998
0,2247
0,695
0,315
0,1548
0,1471
0,1188
0,1886
0,577
0,2148
0,2801
0,1590
0,1838
0,1006
0,809
0,2020
0,858
0,2711
0,2283
27,494
0,4421
0,686
0,1394
0,301
0,1292
0,1621
0,782
0,659
0,2483
0,911
0,1051
0,363
0,476
0,476
0,452
0,1889
0,2148
5,1438
0,2818
0,1281
0,1752
0,1182
0,1235
0,669
0,766
0,1049
0,2470
0,1252
0,1955
21,1596
25,678
25,397
25,2025
26,1053
21,3457
26,1782
26,212
12,2626
12,1684
25,935
27,854
12,611
23,1641
21,348
26,939
27,507
25,702
12,2140
10,3389
12,1271
21,3866
26,958
12,2356
26,540
12,3326
12,2453
25,1161
18,2672
12,2867
26,1161
26,116
12,1165
26,621
26,554
12,1505
12,994
12,1808
18,4673
12,2968
25,946
26,512
26,582
27,146
12,843
26,981
12,141
23,1734
26,1159
26,1199
27,676
12,2417
27,998
21,324
26,943
12,1798
26,869
12,1069
12,2892
25,859
28,493
26,1017
25,1201
25,367
10,1503
12,3299
12,2373
12,1798
26,577
12,694
12,2391
12,2156
10,4747
10,1082
12,2976
25,1310
27,465
7,1461
27,158
26,860
12,720
10,2572
10,2735
10,1727
23,1340
26,416
26,1238
26,1248
26,567
26,1110
10,1100
27,403
26,458
12,320
26,1234
26,1565
25,904
26,812
26,629
12,562
26,1650
27,403
25,849
12,3002
25,1494
12,2319
12,2491
27,242
26,2218
12,2041
26,730
8,3092
12,2211
21,837
12,2826
25,695
12,1190
27,346
10,1949
26,1856
26,741
2,1480
26,960
7,3818
26,498
12,1902
12,2946
18,5156
12,992
27,514
25,824
26,1162
26,817
25,497
21,3833
12,1264
26,1475
12,2511
12,759
12,5221
18,1636
21,2126
26,897
27,655
26,617
26,1695
27,324
12,1899
26,1114
26,2285
18,1815
12,2166
25,2522
26,1352
21,1784
12,1590
23,1453
26,566
12,2089
12,2233
26,993
23,895
12,2727
12,752
25,672
12,1353
12,2289
12,2264
25,424
13,2042
12,1297
21,1264
23,1723
18,3939
26,1033
12,3964
12,1296
26,889
12,2112
21,817
26,1827
26,1649
26,346
12,1550
12,1344
18,1714
26,89
27,207
26,1021
27,219
26,414
26,1004
26,1518
25,2357
12,1895
12,1440
12,2272
25,2192
25,1195
25,900
12,5438
12,4981
26,948
27,578
21,713
26,262
26,1358
12,2485
26,1344
12,1760
10,239
10,1164
10,1988
12,3002
5,1375
10,2902
10,1158
27,700
25,412
25,644
25,195
25,230
25,164
10,2370
12,940
0,3451
26,663
10,2591
8,1535
12,2544
26,1134
12,2053
7,2944
10,1418
0,1765
10,379
27,140
25,790
6,2615
8,1810
11,1890
7,1802
12,1539
12,4191
25,251
28,679
12,1830
26,1228
12,497
26,212
0,1389
25,158
25,932
10,1392
10,265
12,2303
12,1234
12,2731
25,415
26,365
12,1501
5,1135
26,2482
26,1507
26,1158
0,5101
6,1560
5,1319
5,3306
0,1426
26,1513
0,4168
25,594
25,423
25,533
25,257
25,163
28,364
0,2669
27,299
0,5668
0,2492
0,281
0,1105
26,408
26,689
26,1497
0,3942
5,3554
5,2510
0,2881
0,4319
0,4991
0,2012
28,916
0,2961
27,937
0,4880
26,1496
26,1234
0,1588
0,3414
0,4594
7,1400
25,913
7,2675
26,554
0,1533
0,3350
0,1797
0,1863
0,937
26,1069
0,1283
0,3118
12,1105
0,1056
26,1149
26,955
28,794
25,442
26,611
26,1179
26,426
26,850
0,1400
0,4102
0,1364
27,747
0,2380
0,1589
27,647
0,3360
27,583
0,4710
0,4799
25,468
25,1039
25,363
26,594
0,1779
0,3658
26,1836
25,680
0,986
0,927
0,1994
28,562
0,2064
26,573
5,1108
12,2561
12,3033
26,936
26,903
27,102
27,528
28,356
7,3569
10,1602
26,793
25,829
26,1149
8,1651
12,2988
7,1165
12,2917
10,393
12,2292
12,2657
12,2045
12,1961
25,806
25,936
12,2774
10,1693
10,2122
23,341
10,1532
12,1868
0,3646
25,345
25,402
0,2269
27,703
0,1766
26,747
0,664
27,427
0,1652
0,1972
0,4182
0,1668
5,3554
0,1645
7,1991
0,4615
5,2678
0,2066
27,982
5,2160
0,249
26,1254
26,1998
27,341
0,456
10,2443
0,1207
27,461
12,1021
12,1330
27,700
27,834
0,2153
7,2337
10,1095
26,873
26,2028
25,357
10,1944
12,2749
23,1412
12,3011
27,206
26,556
10,1920
11,3447
7,3332
12,535
12,2179
10,2447
26,1969
27,258
10,980
10,924
10,2646
25,1016
26,1422
27,696
12,1209
27,821
10,3934
28,772
27,595
12,1019
26,1038
10,1555
26,1375
26,541
12,1943
10,880
26,1562
12,2545
7,2357
12,3692
10,4270
10,658
25,689
25,332
28,435
26,2224
25,142
10,3390
7,875
25,730
27,198
26,1109
25,231
10,2913
10,1557
12,2252
7,1378
26,742
25,587
12,1512
12,1024
12,563
12,545
25,274
10,2863
27,544
10,714
12,523
12,1226
12,977
26,152
7,342
10,1434
10,1670
18,952
26,1058
25,401
25,414
25,198
10,2572
28,345
25,890
25,1340
25,516
12,2847
27,261
27,147
10,2636
0,1029
0,1142
10,3449
26,597
12,540
12,2051
28,558
10,2564
10,995
25,1026
25,1303
10,1820
12,1802
10,2653
27,583
10,3740
26,1060
10,2383
7,540
10,821
12,1748
10,252
7,1273
25,209
9,441
10,2219
25,334
10,1751
26,848
27,1048
27,712
10,3917
10,723
25,537
8,2191
10,2396
8,1556
8,986
10,353
26,2020
8,2703
10,4078
10,626
10,1051
10,2604
10,3631
9,141
8,2984
7,2454
12,1793
25,1344
10,1839
12,2736
27,667
7,1519
26,1036
12,2955
10,1945
5,2542
10,2120
10,1546
10,1489
10,2629
10,3002
27,592
25,281
10,2190
7,653
0,3805
27,568
7,1363
10,1070
25,605
26,1026
10,1922
10,404
10,1621
10,897
10,2590
26,1759
25,281
26,1333
25,150
25,342
10,1728
21,2705
10,2120
26,480
12,3637
7,1626
28,776
18,2732
26,1078
26,944
25,171
26,944
25,518
10,2851
26,1425
5,1208
25,1036
25,141
25,544
12,1234
25,643
26,470
28,657
25,1092
5,487
26,426
12,3522
12,2177
10,2156
0,1643
25,543
10,562
25,1073
12,2245
10,2199
12,1448
7,2277
21,755
10,2817
7,2625
25,907
0,1270
26,1991
7,1050
26,1045
26,953
10,1977
8,960
25,44
25,292
26,1266
10,2259
26,756
12,1673
7,775
12,2314
7,1203
26,803
10,1685
10,1636
8,1835
5,3012
25,782
7,1203
7,1101
10,1821
7,1501
27,529
26,764
10,804
10,4050
26,994
25,216
25,318
10,3093
28,919
7,2559
12,4316
10,2576
10,4029
0,3941
10,666
7,2420
26,822
26,1547
10,1017
7,2298
10,3194
25,900
10,884
26,1041
25,869
26,652
12,3056
23,1943
25,1076
12,844
26,1227
26,1279
26,202
28,666
26,574
26,650
23,4885
25,1243
10,2124
27,67
28,441
27,131
26,1203
26,1077
26,937
25,290
25,1394
26,1866
25,738
12,770
26,698
12,260
12,2599
26,673
12,3624
26,1086
26,1777
25,962
18,3816
12,1224
12,1594
12,897
12,2417
12,1780
27,450
12,1372
12,1540
12,1625
23,1487
26,1893
21,1776
25,810
26,1009
26,697
27,420
25,783
12,1949
27,896
12,3898
18,5754
12,2462
12,3059
28,541
26,1878
26,985
26,313
26,754
12,1675
26,603
27,633
26,1499
27,584
25,1142
10,908
10,1791
25,1796
18,4156
25,980
12,967
10,3169
26,2118
21,2184
12,2359
27,484
12,2031
12,3926
27,605
12,423
12,1982
25,1369
12,3456
27,1271
7,5301
12,1510
26,1883
26,569
27,147
12,3953
10,1889
27,726
12,2843
10,2466
25,251
28,1571
12,1999
25,398
12,1228
27,631
26,1117
28,153
18,2477
12,1220
28,448
18,2404
18,5503
26,1093
12,1128
26,816
26,889
7,502
26,1425
7,1332
23,1391
21,2380
23,1159
18,1605
25,355
25,356
12,3374
25,873
12,2390
26,930
18,4027
12,1415
25,690
26,1740
25,1000
12,2635
25,1119
12,2090
12,1839
26,433
12,3370
25,675
7,3918
25,230
25,700
18,2757
25,642
26,1522
25,444
10,496
10,1119
26,506
8,2048
10,2214
28,602
10,1166
10,2388
10,2256
28,746
27,564
10,3015
27,1099
25,521
10,2283
10,2873
25,714
12,5546
26,50
28,760
8,2634
9,401
25,131
10,2238
10,1926
27,594
25,444
10,3255
26,226
10,3250
10,1863
10,3067
10,2568
10,99
10,1406
28,685
25,585
12,2607
8,931
26,1145
25,598
27,675
27,687
8,2581
25,1352
25,904
8,2174
26,268
8,2503
25,290
12,3807
10,2310
7,1021
7,5277
8,1907
26,961
10,1472
8,1473
8,1593
26,1051
26,1091
8,656
10,3059
7,1365
25,1401
10,911
27,209
26,654
0,1193
26,1005
26,238
26,976
28,95
0,2335
28,237
0,1206
8,313
10,270
8,736
8,1658
0,1533
0,2458
0,1993
0,1683
0,1160
12,1097
8,3427
25,250
8,2104
8,1794
26,845
8,1915
8,662
8,1120
8,910
8,1722
27,162
25,305
26,1021
28,176
27,1772
27,1434
27,1183
8,1801
26,409
27,547
8,263
25,185
25,254
8,2445
8,178
26,1146
10,1858
8,2121
28,930
25,825
25,583
10,1724
12,3207
12,4017
8,3194
8,1787
10,3349
26,468
12,2993
26,1168
12,962
12,3228
28,215
27,547
28,43
12,3069
10,1990
10,241
0,5785
6,2137
27,518
26,1326
6,1332
26,1723
25,722
12,1891
25,365
25,354
8,2341
26,1361
25,244
26,1739
26,344
8,2001
8,2250
27,718
8,1211
27,594
10,797
25,1072
0,1626
8,1808
10,677
28,342
12,2905
26,860
25,1055
8,962
12,2879
10,2187
28,1073
10,1341
25,772
28,790
8,558
0,125
10,480
8,1732
26,922
10,1158
8,130
25,307
25,187
26,775
8,708
27,351
12,3412
26,1708
8,1003
25,298
25,1003
0,2740
25,93
25,879
0,958
0,3936
0,4749
0,366
8,2145
12,4139
25,174
26,963
25,64
27,117
25,453
28,747
8,155
8,1931
26,368
8,2263
10,2448
28,792
25,204
8,3063
0,1854
0,1113
0,3219
28,340
0,404
0,1676
0,2736
0,2157
0,1614
0,621
0,3849
0,202
0,774
5,1659
0,2615
25,474
0,4282
0,4247
0,4123
25,1295
0,2168
0,461
0,2733
0,2946
0,2464
0,1726
0,1928
0,1035
0,1862
0,3900
0,795
0,2190
0,1164
0,1681
0,3875
0,1200
0,1818
0,1473
0,713
0,599
0,481
0,360
0,2676
0,1755
0,1073
0,947
0,1641
25,2155
0,2325
0,3499
0,2766
0,3331
0,4823
0,3570
0,820
0,3522
0,1360
25,796
28,828
25,517
27,682
25,1571
25,1116
25,813
27,797
25,85
25,273
25,1283
27,161
25,831
25,1149
27,805
27,411
27,313
25,1575
26,508
26,1147
25,790
27,692
27,816
28,227
27,730
25,390
27,398
28,979
25,661
27,208
27,317
25,82
27,172
27,436
28,1254
27,373
27,1231
0,647
0,1210
0,2923
0,1707
0,1263
0,2814
0,1872
0,2573
0,2320
0,589
0,4285
0,1336
0,2829
0,1339
0,1868
0,353
26,1444
0,3719
0,1886
0,1509
0,3526
0,593
0,2726
28,817
0,2396
0,3737
28,348
27,422
0,1314
0,1455
0,2982
0,1216
0,3815
0,1644
0,3211
0,2410
0,2603
0,824
0,1349
0,932
0,1432
25,766
26,904
27,102
25,521
25,287
25,788
27,636
27,162
25,985
25,1026
27,970
5,3343
27,433
25,253
25,1545
27,608
25,888
27,1152
25,1037
27,85
25,542
25,150
25,995
27,803
25,410
25,257
0,1939
0,2384
0,927
0,3491
25,856
26,355
27,528
25,554
0,2422
0,914
0,1949
0,1047
0,500
0,486
25,1653
25,158
26,897
25,606
0,1457
27,472
0,1688
0,3019
25,376
25,962
0,2631
27,223
0,3255
0,667
0,2845
0,1211
0,4115
0,1268
0,1095
0,1846
0,1352
25,928
0,597
0,1159
0,888
0,1358
0,1195
0,1106
0,1957
0,1572
0,1217
0,669
6,479
6,1471
0,1126
8,1187
26,1273
8,1206
26,409
27,579
0,4337
12,4559
12,1991
26,979
27,540
8,1970
5,548
8,373
8,753
26,635
25,1184
8,3232
25,1517
26,694
0,3394
7,2993
26,924
8,3119
8,276
10,117
8,791
0,1881
0,1726
0,3065
0,2615
0,1972
8,1153
12,880
27,447
27,379
27,785
27,290
27,658
27,328
8,1142
26,703
8,2026
0,2530
0,922
6,1666
0,1385
0,1274
0,1347
0,2580
25,1351
25,294
0,3739
0,2143
0,1220
6,2036
0,1539
0,1208
0,1899
0,668
0,2457
0,1469
0,744
0,3220
0,2555
0,686
6,496
0,1044
0,1787
0,3199
0,2511
0,2655
0,1746
0,289
0,2602
0,1520
0,1546
25,1108
26,158
0,717
27,168
26,999
0,1271
28,813
5,264
0,3295
0,2106
25,613
25,378
28,228
0,2804
25,391
0,1708
25,1080
0,2579
27,687
0,3065
0,3330
0,2827
0,1867
0,3843
0,1573
0,1634
25,982
25,1120
0,2029
28,472
0,2348
0,2749
12,4338
25,926
27,910
26,749
0,4983
0,2819
0,1286
26,1542
5,3055
6,1855
26,954
0,3580
25,496
6,1093
25,366
0,2242
0,2339
25,741
0,4130
26,1181
0,2121
0,2227
0,3053
25,1258
25,302
27,491
27,799
28,666
27,558
6,2724
26,1582
25,393
25,165
28,709
26,1065
0,451
25,1202
28,479
0,3089
0,1476
12,1449
26,366
0,1279
0,2547
12,3794
0,2200
0,2561
12,4344
25,371
26,1103
6,1310
27,465
0,4181
7,2980
6,1748
0,2616
26,463
6,4097
0,3636
25,1107
6,2964
6,671
27,1481
25,1275
0,1730
0,482
0,4856
5,912
0,2741
26,1979
26,584
25,590
25,748
27,439
26,469
26,1654
28,756
26,1617
6,3728
6,3979
27,578
27,624
0,2586
0,2691
6,2050
0,2239
0,2185
0,3420
0,1829
0,2189
0,961
0,3398
0,1633
26,404
25,246
0,5016
0,2673
0,3065
6,2397
27,257
27,658
26,1300
25,514
27,596
25,1166
25,682
25,682
26,687
27,145
25,364
27,367
27,1158
27,594
27,372
25,202
25,127
28,637
25,175
27,466
28,645
25,1008
25,1773
25,244
25,1906
27,765
27,279
27,122
27,234
27,943
27,439
27,777
25,750
25,1106
27,302
25,1627
27,555
27,324
27,1465
25,2524
27,962
27,1395
25,1060
27,1632
27,480
25,1807
28,226
25,825
25,499
25,886
2,123
5,1351
25,677
25,1041
25,680
25,777
25,79
27,519
27,443
27,209
27,234
25,546
25,723
27,915
0,1125
0,3801
0,2290
0,1720
0,1537
0,1347
0,3329
0,412
0,1158
27,589
0,434
0,1889
0,1513
27,301
0,3236
0,1644
0,2395
0,1706
0,2477
0,633
0,1361
0,681
26,1236
27,825
25,335
25,756
27,402
25,1583
27,2179
27,811
27,1231
27,2351
25,226
27,1466
27,384
27,1218
27,624
0,1654
0,3145
0,2014
0,2315
25,841
25,1073
0,1472
25,1209
0,682
0,1094
0,2281
0,391
0,758
0,5064
0,1465
0,3575
0,2487
0,2829
0,2705
0,1795
0,201
0,2677
0,2309
0,5209
26,214
0,1889
0,3036
0,1414
0,4223
0,1000
27,604
25,582
0,1284
0,891
0,982
25,1157
0,2884
0,953
0,1376
0,1496
0,2127
0,837
0,1349
0,1832
0,3133
0,928
0,3757
0,1441
0,1599
0,507
0,2127
0,2217
0,2156
0,1616
0,1680
0,2778
6,1774
0,848
0,2028
0,1135
0,1134
27,402
0,1195
0,800
27,424
26,1467
27,157
25,332
0,2795
0,1351
5,290
5,536
0,1959
0,476
0,172
0,1079
5,2107
25,460
28,526
0,1707
0,1439
0,2047
27,496
0,865
0,2515
0,2380
0,2948
0,2355
0,1084
25,1078
0,1483
0,1501
0,1959
25,269
0,2971
0,616
0,2596
0,2381
0,1827
27,578
0,1159
0,918
0,1615
0,2127
0,1233
0,811
0,1083
0,1326
26,339
0,2655
26,1405
0,5895
0,1757
27,573
0,1758
0,2222
0,3088
0,1297
26,499
0,4553
6,2813
0,2818
0,5876
25,1690
0,3078
0,4488
0,1034
0,1936
0,1343
0,1124
27,934
27,182
27,910
0,3181
26,586
0,2691
0,3017
0,5175
12,3270
6,661
0,2368
12,3597
0,992
0,2319
0,3011
27,438
0,2172
0,3757
0,2709
27,212
25,264
0,2146
0,2505
27,1355
27,261
5,3426
28,978
0,2166
25,359
0,2044
6,4837
12,4902
0,302
26,340
26,410
12,3439
0,814
6,496
28,897
27,93
27,278
27,835
27,805
25,248
0,3599
0,2180
25,847
0,677
0,2967
26,639
0,1769
0,5652
0,4060
27,763
0,2808
0,1095
25,215
12,2961
0,3349
0,3580
0,1403
0,3501
0,4382
0,2006
12,3340
6,3007
0,4064
25,604
0,3036
0,5595
0,2017
26,89
28,850
25,147
0,1999
28,310
0,1955
28,52
27,380
0,3862
25,336
25,292
0,2539
0,4959
0,3724
0,2213
25,753
0,2774
0,1842
5,2472
25,1005
0,678
0,697
0,2978
0,5356
0,5896
25,158
0,648
6,3702
0,3754
0,308
0,4311
0,2529
6,1731
6,456
7,2154
6,2930
6,1110
27,373
26,716
0,1893
27,136
26,95
26,275
25,713
28,690
0,752
0,1229
0,3523
27,80
0,2942
3,1021
12,5244
26,753
6,2969
28,815
0,2338
6,4051
0,1118
5,702
25,169
5,817
0,1927
0,3230
26,251
28,127
0,1022
28,215
6,4080
0,6869
0,1365
0,1374
0,3550
0,1177
0,987
0,433
0,2217
0,3488
0,1723
0,1349
10,763
12,5205
8,585
12,3581
8,2098
10,818
25,1079
0,3579
0,2518
5,2312
26,342
27,185
26,1626
26,884
6,2864
27,745
12,4451
0,1977
26,1442
26,1301
26,131
25,784
25,231
0,2121
27,452
4,1241
5,2543
27,310
0,1282
0,2524
8,1187
0,772
0,460
25,1122
0,1713
10,683
8,266
1,3725
0,1823
8,611
28,1284
26,1778
26,78
8,2829
0,939
0,3238
0,639
0,1772
27,458
26,717
18,3452
28,802
26,1147
0,3196
28,713
0,185
0,2175
27,122
0,4362
25,115
28,213
26,786
0,447
0,2180
0,4085
25,457
0,4378
25,346
27,771
25,569
0,3589
25,537
6,138
5,1004
0,2597
27,264
27,616
5,2164
27,181
0,1882
10,2941
10,1542
28,751
10,1103
11,2209
8,1953
25,211
25,753
10,2660
12,1874
10,3208
26,879
10,2078
26,732
10,1887
27,530
27,878
27,1002
27,742
27,582
25,395
25,853
23,2537
23,2263
10,2717
7,5123
10,2367
26,895
26,1236
12,2467
10,2172
12,2674
10,1830
10,2272
27,1155
27,631
10,966
7,146
10,1530
25,198
10,2799
23,1281
25,575
8,1042
12,2666
26,189
10,3756
26,1246
26,1637
7,2368
10,1643
12,2285
10,929
25,1008
8,3553
10,1258
25,300
28,426
25,708
10,2558
5,1934
10,3186
10,2731
7,4236
10,2459
10,2288
5,1756
28,633
10,3514
10,1929
10,2002
26,710
12,3185
10,466
12,1654
10,2571
26,558
10,1825
7,2051
10,2011
12,2884
10,1455
0,2154
10,2771
8,2714
25,240
27,446
27,1362
27,328
27,155
10,2247
8,1229
12,2576
26,663
25,1093
25,329
10,1552
26,480
26,845
7,1743
12,2490
26,574
0,2098
0,1664
26,680
26,555
10,2005
10,1597
10,2814
25,578
6,1855
10,3193
26,838
26,1269
25,259
5,1573
0,280
27,745
10,807
10,2106
12,2740
10,1537
26,1239
8,3080
25,602
10,1941
10,1552
0,5366
12,2905
12,1113
27,151
12,664
0,2587
25,1721
27,507
12,2359
12,724
28,118
27,399
27,213
27,442
27,1149
12,2691
12,549
25,194
25,1820
27,557
27,372
27,1168
12,287
0,2327
12,2243
12,3340
8,2018
0,2725
25,1151
12,2558
26,399
25,875
26,1567
12,865
8,1727
12,2203
12,2605
10,2152
9,634
12,614
28,1372
28,575
12,1935
12,2038
12,2028
28,785
10,2736
12,2805
27,626
12,634
26,507
25,253
28,753
27,559
27,222
26,765
0,1847
10,585
12,1335
5,2160
27,89
26,789
12,363
10,4104
12,3158
25,395
12,2233
12,963
12,3031
6,1631
12,2126
6,1458
12,2894
26,894
27,455
10,1432
12,1179
10,3133
0,720
0,2808
28,732
0,5156
25,148
25,1113
25,350
25,341
0,2884
0,1482
10,3865
25,207
25,240
0,2342
0,3172
26,1341
12,1778
26,418
0,1502
25,703
25,897
25,204
26,1084
0,3925
0,2627
26,850
0,581
25,466
5,3160
25,32
26,1510
26,1261
12,1426
27,211
26,517
25,823
0,1732
10,2253
7,3225
12,2247
27,177
27,222
12,2495
10,1255
10,1133
27,135
0,2396
12,430
27,187
25,242
8,1739
26,1773
5,3133
8,1635
0,1096
6,4649
27,723
12,2549
6,3519
26,276
25,517
0,2151
28,674
26,1681
0,1529
0,2564
12,2130
12,299
25,487
0,482
12,351
12,3851
12,1035
12,454
0,2575
10,3808
12,509
0,209
10,2533
12,1206
7,435
10,1712
26,1231
25,811
26,60
25,884
25,456
12,1711
12,2492
8,229
12,3022
26,1120
25,709
12,1232
0,915
28,774
25,956
17,753
25,169
6,1567
6,697
26,543
26,1132
12,3185
8,2651
26,1026
26,177
25,139
25,337
25,119
25,158
12,3137
12,2435
25,76
6,1594
26,1164
26,292
0,933
25,277
26,573
25,137
0,2768
12,4574
6,359
25,298
10,618
10,1663
25,226
0,760
25,260
5,2528
25,998
27,231
27,488
0,3518
25,217
27,147
10,2077
10,649
28,625
8,2676
25,410
10,4160
8,2944
12,1499
10,754
12,1505
8,3341
27,659
5,2179
27,629
27,522
27,664
27,1026
25,197
25,612
10,1653
8,2093
12,3448
10,2822
12,2687
26,1148
12,4275
8,3087
10,2135
26,904
12,360
27,332
27,308
26,1306
25,441
12,1927
12,1056
10,2505
26,944
25,982
25,316
8,2344
8,4509
8,1484
25,1511
8,2960
8,3072
12,4043
8,3221
26,1745
28,100
8,3523
12,2349
10,2142
27,411
26,1290
8,1196
27,784
27,761
25,1603
8,1155
25,903
10,2218
12,2892
26,955
10,2587
8,877
8,1168
8,2051
26,580
8,3224
10,833
25,508
10,1674
10,1039
10,2717
12,2043
10,973
12,2569
8,2912
12,1536
8,829
25,835
27,463
25,714
8,1571
8,1460
26,967
10,1581
8,431
25,159
25,558
25,275
27,343
12,2003
10,413
8,2799
27,299
8,3389
12,2418
8,854
12,2333
10,2278
10,3294
8,2323
27,778
8,3452
8,2343
26,1036
8,2312
10,2873
8,1482
25,511
7,940
25,384
25,609
12,2919
10,3748
25,564
27,191
25,672
8,1923
12,2946
8,2208
8,812
27,448
8,1030
12,335
12,366
12,667
28,1006
10,1935
10,1715
10,860
10,2959
10,459
10,4778
26,802
10,2958
25,307
25,277
12,3490
7,1599
8,2336
10,1667
25,279
25,278
8,2705
10,548
26,1201
7,602
8,1364
7,1329
10,2689
8,1372
10,2321
10,1270
26,1142
7,2043
27,150
25,310
8,2362
12,2733
26,1544
8,1397
10,1581
8,1410
10,1340
6,1095
8,1849
8,1508
10,1096
12,5162
8,2533
8,1517
8,1055
8,1270
26,546
10,3824
25,775
10,1042
10,1479
8,1454
25,815
27,152
0,4278
0,3859
25,363
0,1156
0,717
0,2020
25,1429
0,4421
0,1725
0,237
27,332
0,1931
0,3392
0,1941
0,1691
27,673
0,4303
0,5484
0,1125
0,1836
0,2189
0,4970
25,496
0,391
0,1081
25,232
0,1426
25,1525
0,1402
0,2356
0,780
0,4798
0,3557
0,2627
0,2791
27,868
0,1913
0,2830
5,2524
0,909
25,232
0,2887
0,4169
0,5338
0,3692
0,2995
0,1642
0,582
0,3666
25,777
0,2877
5,2991
27,514
0,1544
0,4624
0,4164
0,403
26,746
0,2169
0,2446
0,451
0,2209
0,2388
26,948
0,2413
0,3541
0,946
0,1478
0,729
25,1087
10,3015
25,423
25,794
28,1488
0,4097
0,4425
8,3515
10,2064
0,2893
26,767
0,3184
26,638
25,97
0,3574
10,363
12,1585
0,5396
27,454
25,807
5,1930
6,4886
0,2699
26,60
26,337
25,742
26,746
26,600
26,1279
12,768
0,1825
0,2640
26,726
25,1096
8,2270
10,2020
12,2864
5,2591
6,729
10,571
0,764
0,830
0,1918
26,1045
12,3547
12,1827
12,4237
26,104
12,2185
25,256
0,3435
25,129
26,1326
0,3707
0,443
25,802
0,1278
0,2109
5,1965
27,574
27,548
0,650
0,587
5,2268
0,4881
6,3294
26,1069
27,263
28,659
25,131
26,1261
25,152
0,3022
28,296
26,738
12,2142
10,2418
7,903
27,1844
25,823
10,2903
7,377
10,1696
25,754
25,1250
26,1287
10,3176
26,1289
28,1088
27,759
28,1230
27,461
25,1346
10,1922
25,1445
10,3450
7,1276
8,2006
28,1184
10,3168
8,1698
7,2172
8,1050
25,338
25,174
10,2307
10,3625
10,2968
27,1180
10,410
26,1469
10,1200
8,2416
26,766
10,2737
10,2614
27,645
10,2319
7,3312
10,3085
25,1168
21,1739
25,960
25,360
25,379
23,4713
12,428
12,356
12,2353
12,616
12,1017
25,1975
26,121
12,722
27,567
25,1073
26,478
12,2226
10,3060
10,1946
27,582
8,942
26,516
25,109
26,823
26,331
26,297
7,2075
25,342
25,466
26,982
25,218
7,3367
26,1449
10,548
25,566
26,1603
27,455
12,2360
26,1791
10,2421
10,904
12,2836
10,2830
10,1854
28,642
27,752
7,2511
25,338
26,786
26,348
21,2360
12,720
26,1087
12,2283
27,765
12,2008
26,877
12,2085
26,608
21,2856
23,2021
26,259
26,535
26,1048
21,1300
26,981
10,3260
10,1195
10,2634
10,2825
10,1828
10,2811
10,1860
12,4198
8,2714
10,1727
10,2233
10,1171
18,1198
10,2730
8,1085
10,1570
25,148
10,952
10,3235
25,929
10,1159
8,2543
10,1322
10,2080
10,1074
10,598
11,292
25,372
25,278
28,560
10,1688
10,155
10,3409
10,1771
10,2184
10,2617
10,3502
10,2536
10,1537
12,1003
27,975
10,1262
26,948
8,4267
12,984
10,4945
8,1277
26,792
7,1396
10,491
10,376
27,876
10,920
26,1141
27,1748
10,1565
7,3574
10,2770
7,2338
8,2716
10,1523
26,513
25,413
25,446
7,1078
26,798
26,899
10,2725
25,1188
10,2141
10,1150
25,800
7,2974
25,174
10,229
10,1403
26,1057
10,2401
7,2555
25,843
27,402
27,204
27,1774
7,3678
10,1329
10,808
26,867
27,104
25,191
25,186
25,206
7,644
27,150
27,204
25,42
26,1119
12,2436
10,1774
27,1082
12,3132
25,1211
26,1370
28,785
5,2384
27,338
27,551
28,828
25,1060
28,496
26,1076
25,1360
3,471
7,1903
0,4368
6,2492
26,1619
0,3449
25,1098
28,880
0,1733
6,2804
0,2024
0,3678
27,846
26,736
25,1568
27,573
27,564
25,1092
25,1061
0,3595
0,2054
0,3348
0,599
0,2393
27,305
0,1482
25,142
25,572
25,834
25,1631
25,1661
26,859
26,991
25,915
0,1735
0,2742
0,845
0,2222
25,514
25,567
25,618
25,920
27,2407
27,301
27,1016
27,775
27,890
28,359
27,867
25,898
27,808
27,1059
27,177
27,2025
27,359
27,376
27,369
27,1267
27,672
27,263
27,470
27,216
27,1522
25,2912
25,1494
27,1043
27,2463
27,310
27,823
27,146
25,1855
27,855
25,409
27,111
26,876
25,682
27,319
27,304
25,726
27,750
25,1916
25,1777
27,334
27,725
25,362
25,1506
27,280
28,716
27,543
27,365
25,289
25,553
26,1355
27,76
27,644
27,745
25,287
25,357
0,4514
0,4779
0,1519
0,3012
0,6124
0,1417
0,3573
0,292
0,2228
0,3383
0,533
0,281
0,2294
0,1339
0,1240
0,3297
0,2120
0,2165
0,2390
0,3709
0,167
0,1905
0,313
0,2051
0,3294
0,1377
0,2731
0,2995
0,3325
5,3017
0,3683
0,1927
0,1999
0,1990
0,2441
0,679
0,1065
0,3346
0,4416
0,1551
0,1228
0,5519
0,3951
0,1418
0,2558
0,1353
0,2409
0,2196
0,1909
0,3088
0,910
0,4787
0,2990
0,996
0,1114
0,458
0,1687
0,1164
0,798
0,2245
0,723
0,2699
0,593
0,3489
0,1891
0,2449
0,184
0,1338
0,1571
27,658
27,718
27,850
27,908
27,1358
27,105
27,76
27,1014
27,996
27,900
25,360
27,256
27,1399
27,31
25,1272
25,805
0,842
0,2018
27,990
27,1045
25,882
27,489
25,1570
25,1369
27,538
27,621
25,725
0,2188
25,243
0,3670
0,4806
0,1850
0,1321
0,1957
0,2077
0,762
0,3300
0,963
0,2407
0,1125
0,2917
0,4355
0,2813
0,1096
0,2824
0,2209
0,794
0,2550
0,1305
0,1521
0,1316
0,3910
0,1922
0,2364
0,1803
0,1785
0,305
0,3147
0,295
0,533
0,2910
0,1468
25,206
27,1128
0,2257
0,776
6,1000
0,3939
0,3884
0,480
0,4636
0,1411
0,3595
27,310
0,4946
0,1338
26,2631
0,402
0,1980
0,3137
0,2100
0,2416
0,2555
0,1750
0,1697
0,1542
0,1090
0,486
0,2634
0,1049
0,1977
0,1393
6,1207
26,2156
0,3349
5,3477
0,5424
0,1702
0,3392
0,3289
0,1852
0,649
6,2106
0,1886
26,809
28,781
0,2982
0,797
0,813
27,1774
27,874
0,3228
27,1157
12,1540
28,1095
3,1182
27,695
27,648
27,231
0,824
0,2834
0,916
0,1143
0,2880
0,2619
0,3964
0,1373
0,3237
0,1541
0,1137
0,3785
0,320
0,1061
27,580
0,2711
12,3049
0,4787
0,2962
0,1827
27,220
28,839
0,1385
0,1006
0,3343
0,2532
25,421
25,135
27,624
25,155
27,848
0,1226
0,469
0,890
0,2412
0,3253
25,717
0,2197
0,1337
3,1394
0,2956
28,519
0,3381
0,2627
28,483
8,2458
8,1851
8,1825
8,990
8,1540
8,1481
8,792
26,168
25,634
3,833
27,510
27,758
27,717
27,88
1,1473
25,402
6,607
6,2050
26,737
0,2076
0,1329
25,1266
25,49
26,1039
26,982
6,3501
26,428
27,218
3,841
0,1258
0,1207
25,402
0,1410
0,1269
0,1860
26,1482
0,961
26,588
26,1187
28,560
26,660
26,1112
27,1257
27,1081
0,1040
0,2886
0,1093
25,927
25,1042
0,651
0,195
0,5242
0,2682
25,1686
0,1448
0,1466
0,2980
25,1405
25,1145
27,153
0,1949
0,1728
0,1015
0,1593
0,4605
0,694
0,1993
0,672
0,1179
0,2913
0,1494
0,6089
0,749
0,1613
0,1960
0,3264
0,1758
0,2812
0,1348
0,1832
0,1841
0,1266
0,2931
0,173
0,611
0,1543
0,2175
0,2810
0,1512
0,3207
0,2288
0,2951
1,3562
1,2622
26,558
28,764
6,1423
0,3654
6,1378
0,1720
6,3435
0,2638
12,1033
12,2072
0,612
28,727
28,209
0,3163
0,4963
0,3678
25,790
6,887
27,343
25,650
0,3202
26,2635
26,1157
0,1064
27,499
27,88
27,148
0,1847
27,596
26,1060
0,2306
25,219
6,978
28,774
25,524
0,427
6,1880
6,1075
12,2372
12,1881
27,216
28,347
0,820
6,1456
0,3191
0,1571
0,3710
26,183
26,1163
27,629
25,569
25,264
28,556
0,2157
6,3953
6,2029
0,3211
0,2861
0,2911
25,861
26,1553
26,662
0,1095
26,1096
26,593
25,1176
0,2072
0,1350
1,1285
0,2132
5,1893
26,517
25,1226
0,3086
0,1332
26,2455
1,1188
1,4645
1,3106
25,721
3,750
25,571
0,3874
27,1427
0,3412
28,607
27,918
27,765
25,125
27,669
27,2509
27,496
26,349
28,581
27,1371
1,3898
27,368
27,774
27,413
27,426
27,205
0,2349
1,369
1,2278
1,2521
1,1937
26,1366
0,641
1,1012
1,4453
0,2709
3,387
25,578
1,885
0,989
26,1278
12,2860
1,1307
1,432
1,3165
0,2089
0,1966
0,439
0,1180
0,2060
0,834
0,2335
0,2386
0,1207
25,1234
0,2469
0,2666
0,125
26,183
26,1145
27,192
27,724
6,3844
0,3964
0,1752
0,1995
0,2499
0,2030
0,3629
27,170
27,352
0,925
0,2393
25,379
0,606
26,299
0,2103
0,1352
0,1843
0,1868
25,1027
5,1436
28,1200
8,1688
27,505
8,1108
25,1037
26,1092
26,543
7,3419
8,209
27,451
27,404
25,740
25,844
8,2107
0,651
8,2588
26,541
27,638
27,1295
25,1204
0,549
0,1622
0,2220
0,2664
0,433
0,1027
0,3317
0,3510
26,1369
26,925
0,2942
0,1234
25,1038
0,1205
0,1300
26,737
8,2251
8,2329
8,2270
0,2001
28,584
8,1299
26,1046
26,647
8,1867
0,1140
26,511
8,1506
26,1180
27,616
28,1454
26,1133
25,529
28,285
25,456
8,1695
8,1547
25,890
28,621
26,536
0,1566
26,787
28,676
8,1772
8,805
8,543
8,1950
25,206
8,1146
8,1219
28,745
8,2499
8,594
25,1060
26,763
8,1812
8,2691
8,2365
28,720
8,1871
8,602
8,1612
8,1868
8,2006
27,711
8,443
8,1694
28,999
8,795
27,1529
8,857
8,1421
8,1793
8,1828
10,2604
8,633
7,2097
8,1912
26,603
8,1437
8,2033
26,301
27,222
26,1172
8,2222
8,1751
26,697
26,1137
26,1948
8,1508
10,672
26,681
10,2175
25,1072
10,2531
10,1537
7,1452
8,1368
7,256
7,1239
7,2960
26,354
8,2264
25,598
8,2647
28,962
6,2339
26,113
26,1266
26,1383
27,424
26,931
10,1825
7,562
28,1453
10,1829
8,1899
28,579
26,972
25,970
25,436
4,1303
8,463
8,1429
10,542
10,1968
27,197
27,342
8,2249
26,978
8,1090
26,929
26,979
26,843
0,1424
0,3010
26,1015
8,2291
26,526
26,319
25,775
26,697
26,398
26,1488
8,801
8,974
25,1067
26,1341
25,690
27,450
8,582
27,475
27,332
8,2460
26,537
10,2166
10,2444
25,179
8,399
26,408
8,1132
26,880
10,1684
7,2329
26,1041
10,4582
25,1065
8,276
10,3303
8,2054
10,2080
8,1794
27,1560
27,792
26,2212
12,2515
8,397
27,472
10,1761
26,1101
26,1354
8,1963
26,1070
8,1521
10,1366
12,772
26,444
25,686
27,309
7,1228
7,2323
7,3130
10,1879
25,691
26,512
27,453
10,2125
10,742
7,1828
8,607
12,963
8,952
27,287
10,1211
10,1429
8,342
26,1156
12,2262
26,721
25,1046
25,1866
27,558
7,1755
25,935
26,166
26,1049
25,668
10,3049
10,3273
10,782
10,1258
10,2746
28,75
7,2419
7,1773
10,3441
7,966
10,2421
7,2417
10,1369
10,745
10,944
10,720
25,383
10,2905
8,814
10,3083
10,1664
25,677
10,2196
10,1375
25,1096
25,995
10,2985
10,548
28,854
27,707
25,847
27,153
27,359
25,616
10,2186
27,622
25,177
8,801
27,591
27,714
8,1802
10,1535
26,1164
7,1657
26,1602
10,1269
10,2047
10,1691
10,686
10,2168
25,559
10,2094
10,4122
10,2463
10,3468
10,1083
10,801
10,3182
25,1080
10,2437
27,1401
8,560
27,378
27,1095
10,4128
10,2025
10,2840
10,690
10,2288
26,1142
10,1382
10,978
10,1161
7,3052
10,1002
10,1929
10,2050
10,2031
25,789
25,752
10,1718
25,1089
25,524
10,2184
7,3228
6,2405
26,2023
28,764
26,852
8,1471
18,3111
10,1401
26,689
26,611
10,3080
10,2333
27,520
27,1850
10,1637
10,1800
10,2752
10,2893
7,2569
10,2622
10,3252
25,917
10,2277
26,1466
10,1419
25,535
10,1085
8,618
26,1035
28,150
8,2680
27,1049
12,3438
27,1564
27,610
7,1025
10,1759
26,1474
27,420
10,3595
27,283
27,1046
8,1505
8,279
8,1220
8,2106
8,2492
26,1021
10,675
26,320
26,983
10,2247
25,1233
28,316
26,821
27,1104
9,107
26,746
25,207
26,430
27,744
25,200
27,1951
25,421
10,1349
25,1352
10,2142
10,1404
10,2500
8,2998
8,1474
8,1005
8,4544
8,2117
8,166
8,643
8,1752
8,2232
8,1370
8,1333
8,1611
8,1287
28,668
8,643
8,1693
8,1615
8,2776
8,2712
25,130
8,2266
8,2062
8,1767
8,1681
8,2504
8,264
8,672
8,3021
8,2658
8,1698
8,2523
25,1119
8,316
8,1837
8,342
8,2720
8,660
8,436
8,1734
8,1379
8,1734
8,1927
8,2071
8,1329
8,2018
8,1944
8,2014
8,2084
8,3640
8,1834
8,631
8,1600
8,1491
8,1702
8,2194
8,2064
8,2064
8,654
8,246
8,1079
8,2394
8,2735
8,737
8,2631
8,2014
25,188
25,449
8,2363
8,543
8,2197
8,783
8,2663
8,1724
8,2263
8,3036
8,2017
8,2945
8,545
8,2657
7,1030
8,1562
25,1416
8,831
8,1456
8,941
27,1343
25,393
27,1591
27,759
7,2654
8,583
27,833
27,293
27,1086
8,848
8,587
8,905
8,407
7,3544
25,1263
8,1834
8,1889
25,502
8,2473
8,1704
8,1061
8,3182
27,892
7,6536
26,3756
8,2283
8,1075
8,2137
8,3354
8,2210
28,839
8,2668
8,2813
8,2301
8,1510
8,587
8,2345
8,344
8,645
8,1978
27,852
8,527
8,2799
8,1225
8,530
8,792
8,1558
25,677
8,2928
8,1631
8,4404
8,1302
8,405
8,2565
28,1252
27,924
27,1835
8,686
8,948
7,1632
27,863
26,710
25,908
8,1388
0,2801
0,2100
0,3002
0,2395
0,3017
0,740
6,769
0,591
0,891
26,876
6,1763
27,984
0,2594
1,3507
26,1092
28,546
1,1300
25,260
8,1570
8,3218
28,441
8,2288
8,3373
25,152
26,1112
8,2047
8,2351
25,82
8,1833
26,671
8,1014
8,1461
27,1117
8,3111
25,155
25,282
25,566
8,207
8,2579
8,1094
8,1783
8,1137
8,2644
8,4385
8,3632
8,2687
8,1224
8,2861
26,839
8,1230
26,564
8,478
8,2263
8,3124
8,3077
8,1804
8,3464
27,378
8,2617
8,314
8,2556
25,1463
8,3737
27,518
8,2145
8,3961
8,586
28,673
25,112
8,1598
26,1179
8,3190
8,2106
27,344
28,1416
8,1929
8,2417
8,3282
8,1047
8,2711
26,619
8,268
28,929
7,4716
25,426
25,431
7,2609
8,2092
26,1288
26,1041
8,1986
27,439
8,930
8,928
25,486
8,1442
8,1306
8,780
8,1048
8,2724
8,997
8,532
8,2083
8,1310
8,1710
8,2603
8,930
8,1859
8,852
28,1258
8,1982
8,3389
8,1155
8,885
8,420
8,1213
8,1966
25,950
26,1367
8,3242
8,4145
8,2298
27,1369
8,2889
8,2487
8,2898
8,2706
25,1041
8,619
8,2203
8,493
8,1773
8,1057
8,1599
8,2072
8,1872
8,1678
8,422
8,3656
8,746
25,1385
25,1183
8,2221
8,2274
8,294
8,2527
8,2585
8,714
8,1054
25,1091
25,120
27,624
8,1534
8,795
8,360
8,2617
8,558
8,1507
8,2094
28,919
8,622
8,2344
26,1086
8,1601
8,1996
26,462
8,641
25,203
25,255
8,1045
26,730
8,746
26,171
26,1144
26,818
8,1615
8,1849
28,124
26,759
8,365
26,1190
8,1987
8,386
8,1122
8,1318
8,2392
8,2156
8,3225
26,1521
25,288
6,2553
1,2759
0,2820
27,723
0,2288
27,1210
27,1283
0,2339
0,718
1,1633
26,1010
0,1388
28,424
6,2693
26,1055
26,508
0,3161
25,404
25,510
25,657
0,2878
27,468
0,2421
6,2660
0,1726
6,2205
6,2485
25,566
0,3354
5,2742
0,2680
0,810
0,881
0,1534
0,2396
1,2996
25,1721
5,2579
6,1483
26,2247
0,2546
6,1260
8,429
8,1692
8,1479
8,1450
26,866
26,569
0,872
0,791
28,610
8,1653
0,2042
8,1585
8,1823
8,1029
8,1320
0,1213
25,731
1,2609
0,2941
5,3831
26,1349
0,2738
5,2966
1,1832
1,4455
26,342
6,481
6,164
1,3348
1,2927
6,2037
1,425
1,3249
0,2799
0,2395
0,1852
1,2996
1,4376
27,250
6,2858
26,992
26,1049
1,6078
27,83
27,497
1,3859
0,2601
28,344
27,577
0,2360
1,508
1,3670
1,3584
26,1295
25,414
26,1241
26,1437
27,533
0,2084
0,1204
8,1365
8,2352
8,495
8,563
8,2075
8,1708
8,1581
8,969
8,1318
8,3034
8,1942
25,910
8,2220
8,819
8,3790
0,2058
26,1195
26,465
0,1523
0,2113
0,2166
5,1728
6,2919
0,468
0,2141
1,3071
27,690
0,935
0,1478
1,4092
0,305
0,1618
0,502
27,729
27,537
25,755
1,2821
1,3967
0,1789
28,1014
1,1841
27,467
1,4665
1,1849
25,1281
25,945
1,2903
28,1273
6,1533
1,1984
0,3404
1,1264
27,935
27,708
1,2629
1,512
1,2183
6,1949
1,3109
1,3256
1,1165
7,4376
8,1492
25,1192
8,692
27,865
8,1612
27,707
25,1021
26,103
26,181
25,191
25,646
27,263
26,758
25,313
25,596
25,538
25,562
25,523
8,2296
8,2142
8,2733
8,3961
8,1121
7,2844
8,2112
27,568
8,3188
8,633
7,3203
28,887
8,2945
8,1965
25,1345
8,792
8,1963
8,2611
8,2634
8,2528
8,780
8,522
8,2077
8,689
8,1236
8,2402
8,1504
27,1430
8,538
8,421
8,2050
8,1186
8,2872
8,1187
8,2830
8,2139
8,930
8,1802
8,1442
8,1845
8,2093
8,1426
27,96
8,3717
8,1905
8,1531
8,463
8,2062
8,1340
1,1906
1,2282
0,809
6,859
6,1154
0,4033
0,492
0,1820
0,1670
0,2620
0,4739
28,665
1,1172
27,1218
1,2492
25,438
1,1800
1,3349
1,3595
27,165
0,1738
0,3249
6,3096
27,548
25,1638
26,287
0,1071
0,773
26,665
25,781
26,81
0,2651
0,411
25,842
0,1602
6,2276
0,2516
0,2537
0,1271
27,581
27,107
27,350
0,2082
0,2575
0,1664
0,2784
0,1761
6,1914
0,3450
0,2632
28,367
25,996
0,2259
0,1028
0,1457
0,3466
0,1650
0,2360
0,358
0,3181
6,2654
0,3069
27,105
8,1092
25,171
25,732
26,1229
26,1196
25,1542
26,1425
26,536
25,583
26,4181
26,908
8,2562
27,336
26,443
8,2720
26,114
25,967
25,2113
8,1217
8,1102
25,218
0,2756
6,1351
1,1759
0,2207
6,3808
0,1041
1,2446
1,3303
1,3167
0,3964
0,2225
6,2772
25,781
0,1748
25,395
0,1441
25,1041
26,411
0,2969
0,4449
0,1065
0,3224
0,1206
27,273
0,2116
0,1125
27,400
26,1640
27,797
0,1952
25,261
25,927
0,2069
0,2756
0,1237
0,852
0,682
6,1029
0,833
0,2891
0,1777
26,358
0,3205
1,1971
0,3180
1,1740
7,1281
6,1243
25,596
27,472
26,555
0,3070
0,2862
6,1831
1,3130
1,3890
26,1163
0,2763
8,2302
8,1859
8,2447
26,831
7,2969
28,672
26,727
28,601
25,436
8,1372
8,2941
8,877
8,2213
28,760
8,472
1,1368
0,4079
27,243
1,2708
1,2825
1,2069
1,1550
0,2774
1,1786
0,1175
1,2375
0,1569
26,1014
25,717
25,464
25,661
1,2816
1,3765
1,2668
1,3062
27,117
27,299
1,2672
1,2695
1,2596
25,2078
26,672
28,625
28,211
27,329
1,533
1,394
1,3738
26,955
26,270
1,3630
5,1369
8,1801
8,503
18,1926
25,956
8,1892
18,1872
8,1566
8,1918
8,1425
8,2794
8,1191
25,141
8,1320
8,109
8,2662
8,1859
8,1110
8,749
8,1487
7,1217
8,1161
27,402
7,2510
8,1612
8,2530
8,1553
8,1989
8,2419
8,427
25,719
25,916
8,1448
8,2234
8,1509
8,807
27,1823
8,1633
28,391
25,232
27,1125
25,749
8,3163
8,1923
8,980
8,491
8,306
28,344
8,2567
8,659
8,1409
8,1574
8,2783
27,267
8,2491
8,1303
25,1354
26,418
8,1660
8,555
8,922
8,1141
8,2214
8,445
8,362
8,1934
8,357
8,280
8,890
8,1691
8,1012
8,1854
8,1968
8,1237
8,978
8,1383
8,1334
8,533
8,1034
8,1325
8,2222
25,262
25,496
8,1115
8,1642
8,1369
8,852
8,581
8,2649
25,1465
8,226
8,212
8,624
8,1421
28,683
8,869
8,2050
27,926
8,287
8,326
8,2055
8,650
28,237
28,678
25,590
8,2705
8,1878
8,560
7,841
8,594
8,821
25,454
8,2263
8,1333
28,735
8,253
26,1145
27,700
25,1050
25,1221
8,1938
0,1781
4,1260
6,1552
26,464
26,581
0,1102
25,118
0,2242
1,2675
0,2219
0,2618
0,2823
25,193
25,1352
0,2056
0,1464
0,3738
0,4642
25,1103
0,3403
0,5058
27,90
0,1502
25,903
25,755
25,266
5,2530
25,227
0,5457
27,1178
28,1195
25,1345
27,1079
0,1741
0,785
1,1876
0,2709
27,3390
28,572
25,1032
0,1206
0,3972
25,817
25,324
0,1225
6,2058
0,2124
0,3665
0,1574
0,1134
0,1210
26,1424
1,492
0,940
1,455
28,708
27,1645
27,662
25,1952
28,388
27,1165
27,1561
28,1603
27,1635
27,601
27,1426
5,1672
5,3704
25,433
0,2822
0,1552
0,1700
0,5091
0,1113
0,2513
0,2526
27,348
0,1894
0,2827
0,3076
5,2529
0,1711
0,427
0,1256
27,205
27,1510
27,1930
0,3433
25,656
5,2557
27,1367
25,703
25,599
27,304
25,377
25,370
25,215
27,1264
27,1023
25,1139
27,317
25,340
25,460
25,656
0,2666
0,4342
25,778
26,1470
27,885
25,1277
0,790
0,2648
27,262
27,263
0,2767
27,640
0,2058
0,3034
27,620
25,1015
0,1537
0,556
28,229
0,5868
27,141
25,927
25,783
27,695
0,4993
0,1626
0,484
0,3577
0,5169
27,356
0,3007
0,1568
25,327
0,2486
25,258
0,391
28,1405
0,2082
0,2813
0,622
0,3916
25,585
5,756
0,2711
0,1654
0,542
0,643
0,2347
0,1928
0,1068
6,2755
0,1986
0,2316
27,806
0,3432
0,5684
0,3928
26,1385
0,2471
0,2440
0,862
0,580
0,1664
0,3826
0,1904
0,3038
0,3771
0,2618
0,2239
0,5820
27,110
0,2353
0,1962
0,3728
26,2264
5,1843
0,5707
0,1300
0,1672
28,292
0,632
25,1622
27,479
0,3241
0,4405
27,1738
27,1981
25,509
27,1751
27,2000
27,1149
27,1918
0,178
27,3694
27,782
27,1521
27,533
27,397
5,268
5,1163
28,797
5,2776
0,1809
27,258
27,490
5,2258
0,1452
0,445
0,2880
0,3623
0,1128
5,1556
0,1063
28,264
28,872
25,1268
0,738
27,531
0,978
0,1150
0,4019
5,871
25,590
25,605
0,2133
0,712
0,2947
0,2934
0,450
0,422
0,3200
25,298
0,3151
0,1821
0,2018
25,883
0,3081
27,751
27,550
0,1041
28,540
26,1057
6,2626
26,820
6,2829
0,2480
0,3675
0,3518
25,1998
6,1609
0,4581
0,1638
27,700
0,4085
28,1137
6,1813
27,528
0,5875
0,2403
6,2563
0,2125
0,4132
0,2805
0,813
0,1404
0,1846
0,769
0,2126
0,1534
6,1232
27,963
6,1028
25,385
0,1003
27,119
0,638
25,158
25,882
25,231
27,2704
27,897
27,1931
25,1180
27,1111
26,1122
5,2002
25,851
25,171
25,460
26,420
0,2732
0,3248
25,376
0,521
5,305
0,2777
0,872
0,1407
5,3267
0,3747
0,1474
0,2604
0,532
0,2902
0,3699
5,2168
26,207
26,883
0,4023
0,483
0,2103
0,887
0,644
0,954
0,3388
0,852
0,933
0,2057
0,1157
0,3846
0,572
0,999
0,1008
0,2886
25,990
0,121
0,2806
25,369
5,3380
27,311
25,48
27,744
25,1645
25,555
25,449
27,106
27,949
27,404
27,832
25,245
27,717
25,1437
27,192
27,1388
27,927
27,1148
5,2000
27,1400
5,2714
26,78
27,690
27,2611
27,825
27,990
25,587
27,847
25,979
27,332
28,774
27,652
25,613
0,2351
28,1049
27,311
27,469
5,2154
27,541
25,1757
25,31
25,1786
27,1908
27,2464
28,1564
27,1489
27,2773
25,531
27,1644
27,605
27,1881
27,1636
27,535
0,1846
25,217
25,492
25,277
0,485
0,921
0,1494
0,2791
27,794
0,429
0,662
5,974
0,224
0,1847
0,1454
0,2384
0,2034
0,2384
0,600
26,639
0,4547
0,3901
0,3102
0,897
25,1061
0,755
5,2282
0,1466
0,1404
0,1235
0,3609
0,2202
0,2838
0,2801
25,951
5,1790
0,1903
0,296
0,1822
0,3918
6,597
6,244
6,1040
27,558
0,755
25,672
0,4470
28,781
6,1937
27,390
0,4042
0,1012
27,660
0,1733
27,1344
0,190
0,2682
25,121
25,201
25,673
5,1507
5,689
0,2782
0,2078
0,1590
0,1813
0,2300
0,2011
26,1105
0,2006
0,450
0,689
0,826
0,1243
27,414
27,1012
27,479
25,398
0,3411
26,1467
1,1893
1,3087
1,3174
0,1199
1,720
27,511
0,530
0,835
0,2275
1,1212
0,780
1,2181
26,1550
27,873
0,1826
27,571
0,2983
1,2308
0,962
6,3427
0,3206
0,4611
1,522
1,1457
1,650
0,1568
26,1248
1,848
27,413
0,809
0,1323
1,3076
26,1143
25,368
0,735
0,3184
27,880
0,2841
25,471
0,3545
1,977
0,1051
0,1791
28,2362
26,485
0,6980
0,4004
27,704
25,125
25,97
6,2578
25,427
28,1350
0,2908
28,1054
0,2173
0,971
0,1806
0,1361
0,1554
25,1344
26,1454
0,2075
0,1103
0,3194
0,540
25,93
25,377
0,3451
0,2702
0,906
0,322
5,1231
0,1579
26,1802
5,659
5,529
0,1986
25,960
5,2438
0,4296
5,1862
25,688
0,1503
28,133
27,1000
5,125
5,808
25,1053
27,765
5,94
27,459
25,1815
0,2576
0,3152
27,270
25,2141
0,557
5,890
27,807
27,810
27,1328
27,1973
5,849
27,1310
25,101
25,803
27,918
27,368
25,985
25,682
25,312
27,2538
25,580
27,1425
0,2942
0,4027
0,1640
0,1770
0,4600
27,1036
0,1869
0,2317
0,2417
0,1301
0,2495
0,1578
0,1817
0,2211
0,4306
0,952
6,2641
6,1980
0,1409
0,2303
6,1635
0,1689
0,1675
0,4509
27,795
0,4221
6,1537
25,929
25,1111
6,929
0,634
0,2353
6,1787
0,3269
25,1244
27,1244
0,4406
0,2939
6,1763
25,1070
6,2624
0,2498
25,964
0,598
0,2785
26,1615
0,3455
5,857
5,240
5,906
0,4554
0,1173
6,1695
0,3669
27,157
0,1893
0,1651
0,3065
27,850
26,873
26,841
25,165
0,1587
0,2511
0,2938
0,2083
28,893
0,2530
0,649
0,374
0,2127
0,1395
0,292
0,1977
0,2880
25,231
25,920
27,595
0,1297
0,2312
6,780
0,2407
25,400
0,3735
0,2613
0,2321
0,2210
6,1348
0,632
28,759
0,1870
0,1378
0,170
0,1106
0,520
27,640
0,748
0,806
0,1323
0,875
0,2547
6,1233
6,1840
0,1699
0,3517
27,535
0,4386
0,1445
1,1751
0,3444
0,3814
0,2233
25,893
0,1173
6,1620
6,295
0,1970
0,527
0,1406
0,3174
27,1655
0,1156
28,1039
0,2985
0,1611
0,931
25,197
0,4224
27,804
0,1428
0,4359
25,1376
25,283
0,4728
0,2214
0,3341
0,4307
27,819
0,2053
27,1365
28,933
0,1836
0,676
0,1550
0,1333
0,2759
0,3826
0,3693
25,1579
0,1348
25,1210
0,3761
6,1997
0,4158
0,2055
28,996
25,424
0,4559
26,216
0,1130
0,3437
0,3260
0,763
0,708
28,482
6,505
6,2460
0,555
0,1364
27,157
0,2475
0,787
27,623
0,3523
27,937
5,1962
0,1423
5,1679
27,269
0,2537
0,642
0,867
0,2790
0,1777
0,1802
27,536
0,1082
0,567
26,1063
27,528
0,2667
25,841
0,1312
0,2749
25,243
0,2533
0,2784
6,545
0,868
6,1220
26,1075
5,891
0,2341
0,1693
27,323
25,753
25,1259
0,2147
0,4034
0,3076
6,1496
0,2682
0,1511
6,2722
6,527
27,655
5,1626
0,242
0,1630
0,4191
6,3272
0,2237
0,2418
0,5149
0,3161
0,2189
26,374
28,1180
6,1033
0,1002
0,1268
6,2127
0,4341
0,1760
0,5008
0,682
0,844
0,6237
6,3647
6,1513
0,3071
26,1197
0,5480
27,720
25,1344
6,1736
25,1342
6,3591
0,989
0,1705
0,2120
27,797
6,4003
0,7413
0,1230
0,3190
25,279
0,850
25,632
28,959
0,3388
0,2905
25,726
0,1755
0,3653
0,4406
0,664
0,789
0,3813
26,1490
0,4327
27,135
25,737
6,1984
26,800
0,3643
6,489
6,1444
27,639
1,2222
0,2135
1,2717
0,4055
25,286
25,363
0,2382
0,648
26,1902
28,988
1,785
0,4165
0,3437
0,2034
0,1385
0,7128
6,2040
25,1098
0,900
0,3119
0,1428
0,1497
6,643
0,2670
0,3673
25,252
0,654
0,2706
1,3015
0,3704
26,980
0,1095
0,1986
0,2624
0,1563
0,4323
0,3636
1,2371
25,171
27,272
0,3133
6,1829
25,300
28,221
0,3454
27,1466
1,1514
0,2450
0,3325
27,460
0,1457
0,2130
1,1664
6,921
0,2484
0,472
27,778
0,4778
0,2954
28,482
1,1458
6,838
1,1396
27,709
6,1774
0,2279
25,552
5,356
25,593
0,1398
27,344
25,906
25,586
27,1345
27,1528
27,886
25,691
25,758
27,67
27,985
27,1150
27,576
25,437
27,1473
25,755
27,1207
27,1266
27,751
27,1121
25,810
28,315
28,992
0,1419
0,1610
0,5571
0,2103
0,1160
0,2417
0,1820
0,3449
0,1628
0,3876
0,1437
25,1383
0,1911
25,993
0,1350
0,3265
0,3041
26,747
26,1084
26,269
0,1761
28,94
0,2019
0,2183
0,1599
0,1588
0,2248
0,3962
0,4175
0,1644
0,1499
0,3083
28,386
26,844
0,3559
25,1153
5,1747
0,3368
0,4524
5,170
5,1669
0,1701
26,174
0,172
0,255
6,1557
27,2813
0,3717
0,3152
26,1471
0,2070
5,1302
27,384
0,1347
12,2457
25,963
12,2350
0,5198
0,1314
8,1012
25,1098
0,2367
0,2298
0,1356
0,1095
25,1075
0,4381
28,573
0,2041
0,3604
27,928
26,1263
27,1039
27,573
27,2249
28,140
27,646
25,558
27,598
27,889
5,2515
0,2675
28,912
27,277
27,717
25,558
27,2327
25,630
27,1578
25,376
27,621
27,710
25,1632
5,1157
27,1330
25,899
25,986
27,1006
25,1935
27,768
27,802
28,601
27,803
25,2116
25,718
25,517
25,1107
27,304
27,970
27,788
27,769
27,453
27,643
27,1111
25,319
5,615
25,842
27,875
25,180
27,750
27,560
25,740
27,887
27,1271
25,975
27,554
27,1001
25,1549
27,801
25,1165
25,1171
27,801
27,440
27,1513
27,1460
25,267
25,392
26,318
25,1213
27,468
25,378
25,1140
25,861
28,478
27,638
5,1152
25,352
27,838
25,1308
25,1090
28,1029
25,435
0,2232
5,2986
27,915
25,1384
27,333
0,2253
0,1694
0,3843
0,1629
0,3027
0,1750
0,4791
0,2705
0,2472
0,2388
0,3872
0,3223
0,2141
28,817
0,731
25,146
0,1798
0,1364
0,1286
0,557
0,1134
0,2645
0,1206
0,674
0,2301
0,3233
5,2731
0,1143
0,237
0,730
0,2125
0,1881
25,1835
0,2506
0,4059
26,1295
0,2709
25,1375
27,463
0,2147
0,2468
0,404
0,2952
0,4559
0,3654
0,2909
0,1570
0,2514
0,3749
0,1477
0,1959
0,1302
0,1002
0,720
0,3413
0,1320
0,4753
0,2090
0,2362
0,3817
0,1024
0,3232
0,1636
0,3131
0,634
28,926
0,936
0,2880
0,2100
0,6731
0,2731
25,717
0,1001
26,774
25,765
0,1400
0,3925
25,837
25,286
0,1837
0,2261
0,1796
6,3577
26,722
6,2093
0,765
0,1474
25,331
0,1543
26,948
28,1093
28,271
0,5410
25,223
25,264
26,427
0,2858
0,4245
0,1887
0,1825
0,1843
0,1664
26,1469
12,2669
26,973
0,2246
0,772
5,3434
0,1762
0,2502
25,194
0,4374
0,4534
0,1027
6,796
0,4668
0,1425
0,2314
6,2223
0,2055
0,771
12,2477
0,2178
0,2235
0,1776
5,645
0,2076
26,1447
0,326
0,2713
0,1511
25,642
27,626
27,266
0,2258
0,2796
25,1614
0,4233
0,1163
5,1509
0,762
25,1005
0,3514
0,688
0,2055
0,1315
0,2627
5,2615
25,663
27,2697
27,496
27,1648
25,1208
27,1987
25,219
27,1435
25,444
27,391
25,1191
25,2528
27,142
5,1847
27,410
27,1179
5,857
25,200
26,518
5,2709
25,474
27,648
27,459
26,1074
28,314
5,622
25,354
25,734
0,952
0,3687
0,851
0,533
0,971
5,1919
25,327
25,285
25,377
0,2362
0,1020
0,2360
25,1563
0,3343
0,2147
0,4046
6,2101
0,3391
0,1926
0,4105
25,655
25,254
25,93
27,1283
27,2052
27,1427
25,958
25,151
27,1045
25,390
27,956
27,1308
27,174
27,445
27,120
5,923
25,366
28,726
0,1941
0,3787
0,2629
0,3613
0,1247
0,1751
0,2685
0,937
0,740
0,4941
0,999
0,1617
5,2845
0,2904
0,898
0,627
0,901
5,1346
26,720
26,781
25,755
25,168
25,1425
0,5193
0,2728
0,2250
0,3933
5,976
5,2645
27,1245
25,790
25,371
27,407
28,298
28,59
26,511
27,1180
25,933
27,162
26,551
27,273
27,465
27,390
27,544
27,693
28,727
27,319
27,537
27,225
27,975
27,412
27,2380
27,721
25,690
25,189
27,951
27,2369
25,419
25,1176
27,1513
27,2265
0,1616
0,559
0,496
0,3802
27,243
27,53
25,314
0,3476
0,2037
0,1711
25,834
5,3100
5,943
0,177
5,2390
0,1910
0,2497
0,3837
0,4862
0,2896
0,238
0,849
0,2080
0,2231
5,1778
0,1802
0,1622
0,3056
5,2930
27,526
25,410
27,855
26,1973
27,1971
27,686
27,337
27,2414
25,1146
25,600
25,488
27,526
27,2259
25,869
28,893
5,658
28,266
0,2743
26,780
27,1170
27,351
0,1466
27,968
5,833
5,2347
0,2755
5,1071
0,1244
0,1537
27,640
0,5894
0,2082
0,3156
0,1349
0,2052
0,2450
0,677
0,401
5,2332
25,690
0,4237
0,1700
0,2030
0,336
0,4455
25,219
0,2538
25,761
25,789
0,1505
0,4045
0,1743
25,708
8,538
5,1656
25,1213
0,2119
0,389
0,1989
25,257
12,2718
26,1075
25,541
6,1407
28,1286
6,3978
25,574
28,765
0,1372
0,8555
0,1304
0,1509
28,678
0,1060
25,1253
0,541
0,1599
5,1967
0,643
0,1695
0,2111
0,4729
0,612
0,1113
0,3297
0,4122
26,874
26,1810
0,871
26,1082
5,995
0,2941
0,4374
5,602
5,931
0,3786
25,1072
0,2028
0,2006
5,2368
0,2304
6,3160
0,2763
26,988
27,390
25,226
5,1080
0,3848
0,517
5,1292
0,382
26,1255
0,3741
0,2133
0,3401
27,944
0,2192
0,1166
0,740
0,2657
28,1226
0,6070
0,4220
0,5341
0,3943
6,2247
26,806
0,2395
27,263
25,604
25,2159
0,1525
0,2050
0,2663
6,3045
5,2335
0,4914
0,2297
6,2502
6,1582
0,1397
0,7057
0,1991
27,417
0,2928
25,1628
0,3742
0,3174
0,2095
0,1118
0,2195
0,4504
0,1933
0,3992
27,358
0,4475
0,2644
27,928
25,805
0,3264
0,754
0,3424
25,556
0,4225
0,1034
0,2614
0,1039
0,2262
5,2066
0,1732
0,716
0,3087
0,550
0,1172
0,616
27,553
0,2105
26,1119
25,746
0,1480
6,4718
0,2413
0,1688
0,1742
0,2290
0,3695
0,3759
0,2804
27,323
28,532
0,2845
0,2625
0,2164
25,568
27,500
25,150
25,314
6,2326
0,757
27,593
26,1101
0,999
0,4498
12,1150
0,3579
6,2319
0,3179
0,1947
0,1235
0,1937
0,1071
0,5001
26,134
0,3190
0,2907
0,889
27,534
0,1761
27,852
27,733
0,2523
0,1674
0,787
0,2024
28,47
0,1484
0,4601
6,1714
0,2002
26,1749
5,1281
0,3603
6,3088
0,3953
6,779
5,1488
0,2875
6,4488
0,2810
0,944
0,1390
25,1478
0,5061
0,3972
27,312
27,46
0,323
0,3975
0,5425
0,3423
0,1750
0,2221
0,873
25,967
6,615
0,3916
6,1774
28,803
8,624
8,2876
8,2573
8,1402
8,823
8,962
8,2155
27,175
8,3574
8,2430
8,2574
8,3368
8,2842
8,1566
8,1811
8,4150
8,3429
26,1127
8,1183
25,202
8,434
8,1488
27,328
8,1849
8,2267
25,166
25,887
8,2068
8,485
8,521
8,1898
8,2701
8,1400
8,2215
8,394
8,2344
25,598
8,968
8,1827
8,1499
8,3294
8,1584
26,1588
8,1650
8,3410
25,396
8,2851
25,100
27,866
25,444
8,3949
27,665
8,170
8,1549
8,2302
26,1691
8,1744
8,2267
8,1222
8,1881
7,1341
8,2768
8,2263
8,2659
26,553
8,2510
8,2968
8,858
26,1103
25,251
8,1136
8,2501
8,1745
8,1741
8,1664
8,2706
8,557
26,2235
8,2626
8,1042
8,2054
8,2322
8,2129
8,1584
8,1757
8,2317
25,1223
8,1976
26,1160
8,3579
8,2639
8,3312
8,2914
8,2915
25,1207
8,2211
8,3460
26,811
26,490
26,660
8,1609
26,1017
28,141
25,613
8,823
0,3083
8,932
8,1096
8,1486
26,639
8,1632
8,3224
7,1563
8,1606
26,500
8,610
25,367
8,2367
8,590
8,1983
8,2136
28,243
8,1332
8,1144
8,2869
8,2123
8,1386
27,502
8,2931
28,829
8,1244
8,4019
8,2498
8,2322
8,2413
27,274
8,1894
8,2792
8,1989
8,291
8,1748
8,3323
8,1919
8,2633
8,2172
26,1485
8,2224
26,1730
8,2898
27,1449
8,1571
8,2160
8,5309
8,2139
8,1537
25,255
8,3582
8,1581
8,1855
26,791
26,88
8,814
27,834
8,2080
27,237
28,811
27,835
27,755
25,977
8,3153
8,2403
8,1051
28,914
8,2708
8,1495
8,2560
27,170
8,3518
8,2867
8,2371
8,471
26,688
26,642
8,745
8,1783
8,387
26,191
8,995
25,665
8,1826
8,2651
26,618
8,2575
8,2904
8,2270
8,844
25,704
8,283
8,2402
28,625
8,676
27,472
25,1135
8,2198
25,732
8,2334
8,2832
8,2542
26,3443
7,1791
26,1005
8,1765
8,2884
8,2709
8,1818
8,1414
27,512
8,2600
8,2527
26,97
26,1109
26,197
8,89
8,1946
8,2343
26,822
0,3856
26,747
1,2063
1,544
8,1798
8,2934
8,2743
8,5468
8,407
8,1403
8,1137
27,680
8,2423
27,537
27,867
28,1041
8,759
8,686
8,1099
8,2890
25,745
8,1112
8,2791
8,746
8,2589
1,1229
28,396
25,987
1,2486
1,1193
26,820
26,775
1,729
1,1401
27,691
27,172
25,385
1,682
1,792
1,1113
1,2336
0,3371
27,586
1,2939
27,1040
0,732
0,2854
25,1366
0,3035
26,1237
5,2042
5,3354
0,3422
0,2029
0,286
0,174
0,757
0,4690
25,264
25,332
25,365
25,556
25,790
25,344
0,3823
0,1569
0,1162
0,1407
28,97
6,2769
27,948
0,2672
0,1530
0,3666
5,579
0,3177
28,978
26,514
26,1120
5,3075
0,1544
0,4607
0,6869
28,331
0,2491
0,3945
0,4761
0,2317
1,577
0,4287
27,822
1,1775
26,341
0,3055
0,464
0,2197
0,3395
0,3951
0,3230
25,774
25,909
27,651
27,1273
1,3468
27,996
26,1638
6,3020
25,380
25,737
0,4919
1,3431
25,116
25,84
25,81
0,1610
26,1808
0,4391
28,1094
0,3566
1,2677
0,4209
25,661
0,482
0,1150
6,2304
0,2106
0,1194
0,890
6,327
0,2677
0,3214
1,1869
0,1947
0,3508
6,2132
6,1852
0,5132
0,2642
0,1427
27,727
0,3529
26,624
0,1861
0,2997
0,3522
0,1603
0,2120
0,3296
28,629
25,752
0,3885
6,4248
0,3426
5,2972
25,777
28,1072
27,202
0,1773
0,135
25,884
25,575
27,1066
5,4825
0,2286
0,3961
0,3776
0,3011
27,649
25,2297
27,1031
0,999
27,571
27,917
25,592
0,4007
0,3636
0,2178
0,3945
0,2672
0,294
0,3645
0,1464
25,2646
27,1420
27,1025
27,2763
25,123
0,891
27,2251
25,1464
28,761
25,586
27,54
5,301
28,969
25,216
0,2613
0,111
0,1175
0,4627
0,750
7,1580
7,1418
28,465
27,657
25,240
25,667
25,184
25,173
0,1294
0,506
0,1269
5,2907
0,2477
0,3670
0,483
0,1128
27,836
0,3495
27,480
0,291
25,997
28,1203
0,3780
27,363
25,564
27,698
5,629
25,1097
27,816
27,695
6,2919
27,181
26,351
28,1032
0,2315
0,341
0,2496
26,1558
25,239
0,1643
0,3780
0,2948
0,650
0,3112
0,285
0,2300
0,366
0,1842
27,1169
6,2986
0,1999
0,3663
5,2113
6,2730
0,858
0,1606
0,1560
0,2544
0,2630
0,3637
6,2918
0,3166
27,221
25,1165
25,417
0,467
0,2356
0,824
28,1062
0,1055
0,1384
0,1741
25,678
0,5267
0,2099
0,691
28,970
0,2463
5,1992
0,2778
0,3194
6,1755
6,1329
0,1564
6,3235
0,3245
26,340
1,1563
27,251
25,1199
0,4419
0,1510
0,4512
1,2397
0,3493
25,1113
0,2802
0,1435
26,998
0,2505
0,640
27,695
0,1673
25,948
28,469
0,807
27,557
6,3366
0,3999
0,3152
0,303
0,2231
0,2860
0,2785
0,3187
28,573
6,1334
0,4254
0,2077
0,586
0,2389
5,2587
26,1004
26,752
0,1905
0,2863
27,753
27,398
27,1620
27,275
0,829
6,1087
6,1291
6,609
27,1958
0,3959
0,2394
0,3806
6,1164
26,1384
1,945
0,3449
27,869
0,2469
5,2086
0,1849
1,569
0,3397
0,5801
0,5020
26,744
5,2719
0,3150
27,737
0,4334
1,1766
0,1787
0,3180
27,570
0,1228
26,778
0,1615
0,5557
0,4643
1,936
0,5644
0,4107
1,2929
0,3100
26,1500
1,1137
1,4480
1,1912
1,3360
1,4459
1,1233
1,889
8,1146
1,2967
1,1191
26,276
26,469
1,2447
0,207
1,1580
0,437
26,1071
5,1912
1,1972
1,2656
1,1044
1,2164
1,2443
1,1542
1,1586
1,2144
28,936
0,322
0,3097
1,983
1,3162
1,1444
1,1094
1,3195
0,2182
1,2399
0,2308
0,2234
26,614
0,1105
1,1740
1,948
1,1362
1,2387
1,666
26,1313
26,711
1,902
1,1296
1,645
25,886
1,2491
0,3287
0,2857
1,3447
1,452
1,651
0,933
1,2745
0,2944
1,2583
26,1048
1,2567
0,4548
1,3246
0,1806
1,1598
1,1420
1,851
1,3281
0,155
27,685
1,2533
0,3201
6,1768
0,3335
1,3268
1,1923
6,440
6,2506
28,932
25,994
1,1337
1,1893
27,388
1,1577
25,1103
28,1266
1,5007
0,3127
0,1035
25,602
1,2194
1,195
0,2343
0,1520
6,3034
25,657
26,1425
1,3384
0,1993
25,498
1,2326
0,3131
25,270
1,2554
1,1704
1,1865
1,2268
1,991
1,1541
1,754
27,297
27,228
27,117
1,1034
1,2510
1,434
1,1536
25,276
0,2440
1,2451
1,2498
1,2600
27,972
1,2927
1,1762
0,2862
1,2109
1,2134
28,175
0,974
26,925
0,1370
25,796
1,1781
26,1567
8,3321
8,662
26,1222
1,2708
1,886
1,1450
8,1761
25,399
25,1637
8,2935
8,629
26,267
8,2194
25,1095
0,2158
0,2791
27,341
28,174
0,1911
6,2531
0,2582
1,1620
25,369
25,788
27,674
27,1552
0,439
28,1061
1,590
1,1295
0,3376
6,1239
27,720
0,1658
27,51
0,1979
0,2652
25,869
0,1099
0,2841
6,2064
0,721
0,1045
0,2523
1,1135
1,1513
0,601
25,1029
0,802
0,2053
25,954
0,2163
0,2649
27,607
27,720
8,2181
8,2563
8,331
8,2415
27,532
8,2088
8,2249
27,323
8,1348
8,2520
25,1023
26,2516
7,1818
26,842
26,387
26,1013
8,2173
8,1358
27,375
28,802
27,798
27,134
8,1126
27,338
8,1674
26,1141
4,988
26,913
8,2137
8,2130
8,861
8,1663
0,2859
0,5665
0,1752
1,2849
0,3465
0,2522
0,2961
1,3427
27,236
0,2447
1,1689
1,1286
0,341
1,1302
0,1288
1,2430
0,881
25,679
26,1099
0,1847
0,1464
0,3652
28,879
1,953
6,805
6,1243
0,1111
0,3556
1,799
0,377
0,1825
1,3978
0,1290
27,621
26,765
28,898
1,3375
0,1786
1,2148
26,1545
1,1366
0,2888
1,2915
1,1874
1,1475
25,102
0,2683
0,2258
25,419
26,1082
27,412
27,361
28,719
27,804
27,1029
28,1057
25,878
1,1452
25,2098
27,1118
27,2661
25,121
26,1037
6,2683
27,513
0,1043
1,2900
1,1028
26,1303
0,602
0,573
1,2750
0,832
27,571
1,2222
0,2050
0,3032
1,795
1,1280
1,2140
1,1016
1,1050
28,703
0,1478
1,1920
26,1171
25,819
27,455
1,1307
1,3566
0,2587
28,1257
0,2775
28,374
7,1763
1,2847
1,1937
7,1085
26,1178
6,217
28,649
1,2068
0,817
6,633
0,1193
6,470
1,1193
1,1285
1,1852
0,1689
28,1022
1,1624
0,1388
1,1082
6,2066
0,1914
1,1941
25,177
25,857
1,1960
1,2062
26,2034
25,374
25,140
28,291
6,842
1,2676
26,246
26,1057
25,630
1,398
26,518
25,683
1,1174
26,282
26,464
26,1119
26,1166
26,1156
8,3634
8,2257
8,2464
8,2984
8,4374
8,2370
8,1120
27,205
8,803
8,1912
8,3650
8,2049
27,832
8,2048
27,523
8,884
8,1052
7,1807
8,1611
8,2203
8,2775
8,3466
26,536
8,1363
8,1824
8,1978
8,3121
8,2571
8,2580
8,3799
7,1444
8,2612
26,750
8,1409
7,1748
8,2814
27,729
8,1503
8,3697
27,876
26,540
27,404
1,2382
0,1912
26,1018
6,2289
27,1531
1,1481
0,1887
0,2241
26,967
0,2787
0,1603
6,715
26,1044
26,382
1,1375
25,753
25,174
0,2044
28,597
1,3697
0,1943
25,730
1,621
1,1383
26,1203
1,2178
1,1205
27,528
6,2520
6,3424
6,1315
25,410
0,820
1,2082
26,1656
27,969
25,1479
0,1170
25,359
26,882
25,949
26,941
26,148
25,898
1,2557
26,837
25,1181
0,4234
27,680
27,505
27,1433
0,2907
0,939
1,2243
0,4403
1,720
25,181
6,2607
25,217
25,82
0,4023
28,101
27,3682
27,840
25,2205
25,722
25,786
27,926
28,691
27,1889
25,1031
27,735
25,522
0,1251
25,454
0,3312
6,2642
26,732
1,2129
25,898
0,2646
1,1468
0,1151
26,1325
28,991
25,132
0,2045
1,1461
8,1691
7,2987
7,1149
8,585
8,347
26,928
8,1112
8,1175
8,2536
26,1606
25,883
8,2475
8,821
25,319
8,2179
8,2835
27,1103
27,2055
27,385
27,802
26,1069
26,288
8,2152
8,3655
8,1896
8,2025
26,732
25,580
8,2496
26,557
26,451
8,2044
8,603
8,465
8,1517
8,3000
8,468
25,785
26,1443
11,1461
26,347
11,2022
26,376
11,2325
26,165
25,1139
26,1206
26,1003
26,915
28,619
27,594
26,496
12,2506
28,578
26,516
26,324
27,228
25,893
26,183
26,674
26,524
26,932
26,769
26,1085
26,613
26,735
28,683
25,1102
25,405
26,237
26,643
26,818
26,716
26,131
26,1429
11,599
26,333
11,979
27,495
11,1643
25,607
25,894
11,2319
11,730
11,1889
25,481
25,314
26,882
26,682
26,686
11,668
11,1933
11,5437
26,1337
27,429
26,202
11,1433
25,187
11,1835
11,2294
11,229
11,996
11,1260
27,179
11,1050
25,773
11,2824
11,2436
25,612
26,1183
11,3201
7,840
26,836
18,941
27,1644
21,997
12,1741
27,1142
25,226
28,2688
27,975
27,623
26,444
27,264
26,922
26,1372
26,549
26,250
26,571
27,571
26,551
25,518
26,719
27,910
26,687
26,599
27,484
26,450
26,777
27,188
26,624
26,174
26,700
27,144
25,1101
26,1102
26,282
26,1071
26,1080
11,2263
26,29
26,726
12,1890
27,493
26,991
8,1321
11,2341
26,819
28,72
25,953
11,1519
25,470
26,277
26,172
28,485
26,231
26,1920
21,1898
12,3018
26,1341
26,818
28,1142
25,288
25,471
26,2092
26,629
12,1242
27,190
26,205
11,3910
11,2127
25,345
25,349
12,1453
25,356
25,490
21,1206
25,550
26,1186
28,519
26,1375
26,1033
25,939
7,5194
12,2628
26,589
12,1427
23,227
18,881
26,1910
21,2382
12,3174
26,673
12,1675
26,1160
26,449
26,601
11,1129
26,1470
26,500
27,696
26,1096
11,2619
27,55
26,955
25,567
11,2734
11,1861
13,2323
26,719
11,1232
26,632
26,764
26,1020
26,978
26,715
26,939
26,138
26,595
26,835
26,1054
26,787
26,774
26,555
26,519
26,593
11,2470
27,601
26,972
27,241
26,668
7,230
26,1254
26,487
26,907
26,581
26,390
26,206
26,653
25,811
26,985
26,201
26,905
26,135
26,798
26,731
11,2860
26,1041
28,309
26,501
18,566
28,793
26,1044
10,1344
27,1120
7,1045
28,917
25,795
12,2755
27,349
25,858
26,912
7,2777
25,318
26,885
25,179
28,407
28,132
27,86
27,165
21,2734
26,655
28,294
25,820
26,1515
18,1198
27,1634
28,1353
26,546
7,2386
27,506
26,284
26,462
26,710
12,1788
26,481
26,1114
26,324
26,773
26,842
10,834
28,559
10,2240
26,1778
26,489
12,1585
25,1075
25,823
25,934
26,1140
18,3445
26,544
25,23
26,1541
26,240
25,266
27,340
12,2216
26,178
26,820
25,857
25,335
25,312
12,1783
26,664
25,578
26,1162
26,163
8,3233
26,307
10,548
26,926
8,2229
26,829
28,263
26,751
25,551
25,170
12,1360
26,817
25,322
26,1433
25,1138
26,502
25,983
10,2153
7,1369
26,885
7,1018
26,752
10,3713
26,1158
25,465
28,256
25,244
26,1289
7,2179
26,724
25,917
18,1971
26,506
18,1494
12,922
26,832
26,564
7,2679
26,1604
27,383
27,577
26,572
26,904
26,721
7,879
10,3667
26,688
26,818
7,4303
10,1377
10,2436
25,657
10,2188
25,752
27,285
7,1451
25,1146
18,1587
7,780
7,202
26,322
26,229
25,481
26,754
25,80
12,706
28,680
26,1352
7,1360
28,71
7,1659
28,390
26,629
26,754
26,602
10,2587
26,1139
26,650
26,835
26,672
12,2590
7,2792
26,615
26,763
26,787
27,300
26,486
28,594
27,567
27,391
26,851
21,2472
27,63
26,263
12,3112
26,452
26,777
26,973
25,920
26,355
28,597
26,1624
26,798
26,734
12,3660
26,875
25,628
26,432
27,1094
28,562
26,808
26,686
12,554
26,822
26,2277
27,248
12,1101
26,104
12,2457
26,2337
12,503
26,709
26,552
26,162
26,1019
28,310
28,332
27,526
26,974
26,531
26,653
27,467
25,709
27,474
10,1381
26,512
26,1896
26,473
26,422
26,269
26,1629
26,872
27,468
7,3562
25,43
25,560
26,612
18,1454
28,798
18,3519
26,852
26,645
7,3694
26,448
26,369
26,1193
8,1543
26,978
26,935
25,670
25,302
26,618
26,525
26,747
25,544
26,1104
26,853
26,776
28,613
26,753
26,250
25,276
26,641
27,326
25,445
26,384
28,588
26,1352
26,473
26,806
23,2794
26,2238
25,500
27,692
25,1091
26,903
26,629
25,649
26,532
26,1126
26,267
18,1459
26,776
27,417
26,315
26,1477
12,4563
25,698
26,797
25,981
23,2794
26,1325
26,2278
28,698
12,4249
25,415
26,1016
26,1075
25,262
26,1689
26,921
12,2477
28,458
25,352
26,943
26,644
27,139
8,1403
26,861
26,61
26,642
25,348
26,740
26,1166
26,697
27,133
28,404
26,652
28,662
27,215
28,356
25,560
26,859
26,107
25,452
26,1359
26,2635
26,1548
26,1032
28,126
26,527
7,2663
28,607
7,1028
26,925
25,1125
26,1501
7,3105
7,2758
26,1604
26,832
26,91
26,748
26,692
26,824
25,952
25,490
25,1135
26,540
25,224
26,1271
26,1198
26,605
25,116
27,385
25,1763
26,196
26,777
26,933
26,949
26,2005
28,720
26,1188
26,643
26,643
26,1182
26,678
12,2652
26,113
26,349
26,1185
26,537
27,439
18,2119
12,1883
26,333
25,459
26,1026
27,138
12,1921
18,1915
18,394
27,387
25,1301
27,40
12,2540
26,610
26,898
26,1168
25,345
25,321
28,255
26,1028
28,535
26,729
26,1355
26,754
26,292
25,705
18,3211
12,1707
26,1819
26,916
26,438
26,911
26,440
28,432
26,246
28,656
27,751
27,1551
25,693
26,71
18,3963
27,289
18,2913
21,1698
7,1384
25,789
7,2087
10,1116
7,2352
12,1162
26,1335
23,2274
25,1132
12,1353
26,867
12,1193
28,169
28,255
26,337
26,1632
26,162
28,375
26,807
28,628
12,1515
26,1276
25,780
26,888
26,186
26,366
25,884
26,358
25,842
12,1752
26,111
23,948
12,359
26,1017
12,852
26,230
21,670
11,1739
7,1123
18,383
10,1600
26,298
10,1850
12,1016
26,833
26,949
7,374
26,272
26,1517
26,770
26,785
25,406
10,1015
7,2189
27,720
28,1108
7,2467
25,586
8,3007
18,1511
26,1526
12,2155
26,639
26,723
26,635
25,454
26,310
12,1795
10,626
7,3191
7,1568
10,986
27,136
7,3431
26,940
12,4023
7,2833
13,883
25,1487
23,3025
28,369
27,130
12,1673
26,1207
12,3153
26,680
28,620
12,2542
25,806
27,653
27,1176
25,644
27,477
27,612
25,778
7,560
25,206
26,1056
25,336
7,1354
7,3445
26,837
25,601
26,669
10,727
26,558
12,2083
10,1528
10,273
26,723
10,1425
26,548
0,151
12,2304
12,2604
10,1557
12,2285
25,774
26,881
9,3111
26,571
10,1816
12,1410
7,1312
25,370
10,1727
27,150
26,1210
26,1001
25,250
10,3258
25,393
25,1341
25,340
27,791
26,849
12,1958
27,205
28,556
25,1070
12,1102
12,1905
26,887
10,536
25,302
25,1050
25,334
26,1194
25,500
26,125
25,440
26,564
18,2633
18,3963
26,763
18,897
27,292
25,510
18,669
25,153
25,179
27,232
26,325
26,128
27,387
26,1405
26,384
25,715
27,636
26,948
8,2258
26,1073
25,974
26,1263
26,684
26,451
26,1165
26,780
26,817
26,634
25,205
27,338
18,1639
28,202
25,659
25,907
26,644
26,888
26,408
26,1015
27,309
26,1963
18,4658
25,836
26,1031
27,292
25,680
26,1461
18,1221
26,1274
27,704
25,1087
26,836
28,866
26,282
26,1084
26,769
18,1936
26,1418
8,1446
25,750
26,610
25,887
8,1939
7,2029
7,2835
26,922
26,887
28,694
26,436
26,984
8,717
26,512
25,576
8,1024
25,1134
26,188
25,1330
26,1582
25,319
8,1668
26,1018
26,147
26,766
26,758
8,1558
8,1503
26,539
27,217
26,1944
26,414
25,1016
18,2271
25,877
18,2571
28,764
26,817
27,513
27,402
28,1187
8,2354
25,1436
27,427
26,779
28,840
25,1500
26,497
26,426
8,2751
26,882
25,892
7,1356
8,1293
8,559
8,398
8,235
26,977
8,570
8,1091
28,705
26,531
26,842
8,384
8,1970
26,1162
8,2473
8,2095
8,1162
8,1309
27,568
28,915
25,197
18,2274
18,3639
18,2261
18,4663
18,3527
27,427
27,672
25,668
26,1104
25,1062
26,1387
26,87
26,1165
25,1162
26,223
25,760
27,1146
25,271
25,419
8,578
8,788
8,1126
28,426
8,1310
26,1319
7,2956
8,1875
26,846
8,2139
8,1582
8,1153
8,2235
8,2671
26,984
8,1708
8,2497
8,2690
26,754
28,643
8,1566
8,1893
26,829
8,2184
8,283
26,820
8,2334
7,1336
8,2589
8,660
8,1516
8,1648
8,925
26,660
8,933
26,290
8,4036
25,482
8,807
8,1134
8,2451
7,2985
8,1545
8,1743
8,2289
8,1042
8,606
26,1367
8,1397
8,1344
8,461
8,2121
25,1207
8,1580
8,1765
27,461
27,711
8,2093
8,2667
25,1042
8,823
8,1724
8,1490
8,116
8,2453
8,2314
27,176
8,2590
8,2055
25,355
25,876
8,2305
8,2904
27,489
8,2759
8,2529
8,1597
8,2610
8,1301
8,1186
26,582
8,2845
8,3021
8,2471
8,1622
8,2249
8,1453
27,1269
27,493
7,1831
8,3039
8,2980
8,1119
8,1616
8,2699
8,1278
8,126
25,507
25,172
8,1800
8,1105
8,1169
8,367
8,1075
8,269
8,216
8,1203
28,942
8,2286
8,1447
8,1077
28,778
25,997
27,823
27,1170
27,992
27,702
25,1093
8,1352
8,830
8,885
27,1210
8,2031
8,1243
8,801
8,1790
8,225
27,760
7,672
8,1992
28,605
8,2308
8,1556
25,1354
8,1662
25,328
26,854
8,209
8,2597
8,2288
8,825
26,839
8,1910
26,652
26,1214
8,1006
8,2011
27,828
8,1398
8,1262
8,1955
8,510
8,1879
8,2513
8,1934
8,516
26,626
27,771
8,1827
28,595
26,496
8,1833
7,2686
26,679
8,1806
27,822
8,1647
8,1885
25,1154
7,3538
26,1038
8,1239
8,1748
8,3143
8,625
8,1155
18,5398
25,456
23,3406
26,736
26,904
28,370
26,964
8,2837
25,1530
8,1537
28,1108
27,1193
25,1182
27,1673
26,562
27,967
18,3715
25,1921
25,1019
8,874
8,2100
8,1054
28,885
8,1303
8,1472
8,1226
8,2465
8,1708
8,2869
8,1676
8,1748
10,2373
28,930
27,431
8,1645
8,2218
26,1042
8,2912
8,196
8,1731
8,1003
8,943
8,735
8,1366
8,701
8,1774
27,381
28,68
8,1898
8,1948
8,2482
7,2677
8,1759
27,652
26,1101
8,1041
26,1173
8,1166
26,1225
8,1691
8,1909
8,2865
8,1001
26,838
26,584
25,309
27,691
8,1956
8,1962
26,883
26,1241
25,32
25,204
28,969
27,578
27,101
27,235
28,578
25,982
8,2608
8,638
8,1664
27,235
28,286
8,2270
8,2519
27,1319
8,2389
8,2932
27,102
8,1074
27,895
25,212
25,532
25,2355
8,3300
27,358
8,2612
8,2286
8,540
8,1669
8,958
27,438
25,1173
8,845
8,1930
26,732
28,843
26,1111
27,684
8,2226
27,186
8,3195
8,2942
8,2778
27,170
27,180
8,449
8,2236
7,661
8,2970
25,1015
8,1004
27,902
8,2189
8,2454
28,1065
8,1698
8,2786
8,2377
26,356
27,451
26,536
26,984
8,1739
8,2359
8,2576
8,375
8,834
8,2602
8,641
8,2882
27,511
8,915
25,1120
8,1685
8,2702
8,1847
27,554
8,2479
8,1915
8,3407
8,841
8,582
8,435
8,876
8,1056
8,2022
25,1464
8,2962
8,2604
8,274
8,3773
28,210
8,1252
8,2379
8,2431
8,5393
8,1568
8,625
8,3574
8,3833
8,850
26,2044
8,2323
8,2676
8,1573
8,2703
28,732
26,889
25,1593
8,2891
8,1165
8,813
8,2227
28,328
8,404
8,837
8,1795
8,1622
8,1257
8,329
8,1918
8,1936
8,347
8,920
8,137
27,896
8,1151
8,1681
8,1562
8,2020
27,474
28,851
8,2310
8,1264
8,2768
8,1887
8,1268
8,2607
8,456
8,1495
8,1182
8,2287
26,1625
7,1235
8,2378
26,1464
8,712
28,736
7,4933
27,681
26,522
8,1728
26,718
8,405
8,1962
8,1659
8,1332
25,962
8,1089
8,853
25,219
25,473
25,272
26,718
7,2321
26,1353
25,1611
26,1021
26,703
26,908
26,611
27,504
26,106
26,662
27,1038
27,615
27,430
26,1374
25,246
28,315
26,475
26,789
25,679
26,892
25,707
26,512
26,2361
26,1263
7,5019
25,615
28,631
27,318
27,792
26,2008
12,3179
8,2936
26,1024
7,905
26,792
26,323
25,86
8,716
8,2291
28,546
25,322
8,970
26,562
26,229
8,1624
8,1397
26,255
28,1109
8,1378
25,1179
8,392
25,186
8,1514
8,817
8,2160
25,1537
7,858
7,319
8,1120
8,1980
8,2482
8,1909
8,360
8,336
8,1246
8,2095
8,2105
8,1792
8,1067
25,220
8,1187
27,1277
8,2193
25,684
8,914
8,1740
8,1961
8,1805
8,1064
25,683
25,867
8,2690
25,398
8,2504
8,451
8,709
8,1860
25,389
27,505
8,1198
27,840
27,168
7,3768
27,1420
7,5527
27,1012
8,1210
25,375
27,851
25,1227
27,484
25,1537
27,792
25,1432
8,687
8,475
8,247
10,2461
27,1565
26,262
28,336
8,412
8,1110
8,2650
8,2042
25,200
8,1667
8,2135
8,3571
8,1389
8,1684
8,2460
26,1807
8,1783
8,925
8,2502
8,1425
28,198
8,749
26,1250
8,2375
25,651
8,3145
27,1594
27,539
8,3075
27,729
27,531
28,1609
8,3402
8,970
8,707
8,2119
8,1084
8,2657
8,1424
25,1314
8,2696
8,2394
8,1922
8,2609
8,1167
8,1054
8,789
27,1306
8,869
8,2402
8,3073
8,960
8,3310
8,1659
8,1202
8,2645
26,1006
28,479
28,226
8,1447
8,264
8,1625
8,2397
27,1139
8,761
27,677
26,508
7,1832
8,1123
8,865
8,1049
18,4308
25,529
26,242
28,488
25,808
26,945
26,2025
25,323
7,6117
26,556
18,3929
26,734
26,323
28,927
25,645
26,779
26,593
27,637
25,731
26,668
27,283
26,389
27,2968
27,1239
27,563
27,954
25,1336
25,943
26,489
25,1110
28,273
27,1195
25,1092
25,367
26,223
8,730
27,964
27,1551
27,2416
26,430
27,202
7,2051
26,93
27,917
27,1063
25,989
8,447
26,1510
7,2008
26,518
8,1855
8,1414
27,719
8,2584
8,227
12,2674
7,1849
26,592
25,710
27,775
8,1934
27,786
27,446
27,827
27,940
25,687
26,877
27,777
27,938
25,182
8,2706
8,1906
8,1786
8,2112
8,2695
8,1510
8,1446
8,1020
8,1496
8,1130
8,2390
25,194
25,579
8,2689
8,796
8,133
8,1632
8,437
8,2220
5,1258
8,3746
8,1144
8,382
8,3078
8,2964
8,337
8,2810
8,1307
8,1075
8,3197
8,2245
8,3241
8,1754
8,2624
26,738
8,576
8,1870
8,1874
25,1301
8,2563
26,773
8,2267
8,3255
27,950
27,836
8,379
25,659
8,578
8,1239
27,634
25,564
25,911
8,744
26,865
8,3933
8,2751
25,558
8,2283
8,1749
8,3239
8,3615
8,2346
8,2483
8,2359
8,3537
8,1227
8,708
8,1741
8,954
8,647
8,779
8,1747
8,2133
8,2696
27,736
8,2662
26,1704
8,3017
8,2566
8,1319
8,1408
8,2325
25,739
25,1442
8,2337
8,1428
28,300
8,305
8,1893
8,1889
8,1911
8,948
8,1337
8,2380
8,1583
8,2119
7,1583
8,893
8,1694
8,1569
8,1248
8,1882
8,1564
8,1961
8,418
8,1489
8,1451
8,1950
25,572
8,694
8,2947
8,130
8,2034
8,2843
8,355
8,2470
8,677
25,1159
8,1586
27,806
25,221
8,2401
8,2094
8,1900
8,1136
28,421
26,476
8,2659
8,1279
8,1699
8,1645
8,1973
8,3092
8,2930
27,299
7,3329
8,3291
8,1452
8,1727
8,2573
8,1561
8,1932
25,1325
8,1720
25,857
8,2887
26,600
27,110
8,1915
8,1377
8,577
8,570
8,866
8,2850
27,514
10,3553
26,1012
10,2300
25,506
8,1541
26,1259
26,1008
8,724
7,2344
10,1318
25,1471
8,899
8,2487
27,520
10,1692
8,2200
8,1104
8,186
8,1069
8,2090
25,441
27,285
28,552
25,190
10,4155
25,340
10,2291
28,113
28,304
26,727
18,4551
18,4099
28,372
25,546
7,1950
10,1006
7,2027
26,603
26,1844
18,2483
10,2434
25,1194
26,252
10,4753
28,712
8,3164
8,1544
8,4811
8,2806
27,548
8,2183
10,1480
10,4218
8,2995
26,1757
8,2558
8,1505
10,2274
8,4276
8,2915
26,1021
8,518
8,1727
8,3074
8,710
25,830
8,318
8,1890
25,379
8,2893
8,1269
8,892
8,549
8,1281
8,2143
8,3413
8,1674
8,1885
8,967
8,2375
8,834
8,2220
25,559
8,993
8,1216
25,451
27,543
25,225
25,588
12,3291
8,199
27,1399
8,1362
10,830
8,1379
8,1926
8,850
8,1499
8,793
8,2722
8,1530
8,2487
8,1945
8,773
8,551
8,944
8,2077
8,2003
8,2606
8,218
8,1464
25,1161
25,450
8,2406
8,2019
8,731
26,2207
8,1105
26,562
8,1029
8,245
8,174
27,619
7,1181
25,144
25,198
10,1336
8,1629
8,2633
28,703
11,1871
26,1067
26,1161
25,418
16,2079
26,56
27,212
25,810
27,544
26,918
25,764
28,1294
11,2521
11,4535
11,1798
11,1957
11,2342
26,250
26,1276
16,2077
27,656
26,656
16,2618
16,4523
16,1895
11,3820
16,1367
27,926
26,511
26,504
25,650
16,3406
26,317
26,689
26,951
26,1096
11,3052
27,970
11,997
26,925
11,948
25,866
26,1377
11,1099
11,2009
25,196
26,902
11,499
11,1503
25,604
25,910
11,2949
27,342
11,1773
26,166
25,1033
26,802
26,821
25,208
25,319
26,676
26,1428
26,147
26,905
25,634
26,565
28,589
26,788
26,605
27,418
26,588
26,957
26,327
26,381
26,555
26,222
7,3317
25,185
26,673
27,98
26,827
26,847
26,1236
27,476
26,635
26,327
11,1285
25,475
25,542
26,536
27,526
25,592
27,590
26,621
26,1416
25,122
26,246
25,1113
26,498
26,982
25,626
26,218
26,499
11,953
16,1326
11,563
11,1863
26,1445
26,385
26,605
11,2089
11,2324
26,418
11,1560
11,1679
11,792
26,822
11,2758
28,550
11,522
26,499
26,1146
26,662
25,277
25,495
11,773
11,1414
25,1541
11,1626
26,207
26,506
25,1374
26,864
26,802
26,432
11,867
26,616
11,1452
25,316
25,389
26,305
26,681
26,1248
11,570
27,192
11,3067
27,557
26,1081
26,1247
11,892
25,730
25,863
26,993
26,854
25,1035
26,1559
26,908
25,1015
27,1008
28,665
26,119
25,253
26,1111
26,357
26,564
26,531
25,637
27,825
28,365
26,920
26,369
27,611
26,1016
27,522
26,95
26,635
26,1509
26,2464
26,1030
27,583
26,698
26,372
26,736
26,390
26,626
25,848
26,374
23,1960
26,889
26,900
26,667
26,103
25,312
26,1135
26,559
26,2070
26,128
26,2675
26,882
26,681
25,1155
26,326
26,2134
26,1360
25,557
26,1929
26,1400
26,261
26,485
26,66
26,473
26,683
26,1486
26,554
26,523
8,2084
26,1086
26,402
8,1681
28,613
5,2027
1,2749
6,533
0,1859
0,419
0,2361
0,4284
0,3354
0,416
1,3035
1,3618
25,1008
0,1782
1,467
1,1272
26,481
8,1862
25,112
25,532
8,913
8,2469
8,1779
8,2895
28,897
8,2098
8,3037
26,1442
8,973
8,4709
8,3150
8,1272
8,802
8,1795
8,313
25,747
8,1626
8,1807
8,1918
8,1983
28,836
8,1414
8,3839
8,4072
8,503
8,1811
8,1303
8,1353
28,242
8,973
8,1913
8,2735
25,576
25,1036
28,829
26,562
26,119
8,2670
26,475
26,503
8,2668
8,2647
8,1442
8,2194
8,187
25,251
26,241
8,1846
8,861
8,3132
8,2184
28,556
25,1082
27,664
8,1987
8,1787
8,1687
25,539
8,1081
8,2075
8,2450
8,1629
27,790
8,2574
8,366
25,371
8,1317
8,3561
8,3110
27,361
8,562
25,566
27,551
27,962
8,1931
8,3300
10,5279
26,448
26,1087
26,1139
26,712
25,712
25,1028
26,462
25,883
26,773
25,1170
26,2240
25,68
18,3199
25,991
27,485
26,418
25,861
27,469
27,188
27,453
8,1150
26,407
25,210
18,2977
26,1424
18,4882
26,604
28,711
26,1297
26,1039
25,195
18,4147
7,1142
7,1687
25,659
26,408
28,1022
28,879
26,729
25,855
26,68
26,547
26,121
26,281
25,152
26,874
25,215
26,1070
27,508
26,395
26,979
26,745
7,890
7,2051
26,233
26,314
8,1106
18,2765
25,601
26,241
28,755
26,884
26,690
18,5134
26,2816
18,3873
25,869
25,378
26,373
7,1521
26,1068
25,323
27,535
25,271
25,450
26,882
26,1218
28,553
26,660
25,703
8,981
26,1006
27,411
26,688
26,1467
26,1027
26,1217
25,1117
26,1376
26,831
26,1482
26,1131
26,373
26,789
26,1280
11,2969
26,995
25,1016
27,744
27,399
26,597
26,592
25,807
26,600
26,223
26,1617
26,585
26,572
26,1537
26,855
27,511
25,516
28,570
26,1111
26,1639
27,564
27,426
11,3792
7,2542
26,939
26,783
26,837
26,1011
26,1209
25,873
26,954
26,443
27,537
26,624
26,1546
26,493
27,1152
26,143
26,816
27,501
11,2465
26,746
18,748
26,419
11,3327
26,892
26,794
18,4749
26,826
26,421
26,1046
18,2107
26,1343
26,1319
26,1103
26,247
26,1117
25,360
27,98
27,485
26,770
26,564
28,703
25,244
25,257
27,267
26,693
28,463
26,1049
25,302
25,283
26,1346
26,1144
28,510
27,190
26,842
25,641
26,1826
26,940
26,291
28,648
18,5125
26,1001
25,959
25,882
27,452
26,269
25,468
26,580
26,381
28,515
26,353
26,687
26,1103
18,1651
26,1352
26,984
26,767
26,921
26,576
26,1283
26,1160
26,796
28,420
26,377
26,1576
26,554
26,211
27,542
26,718
26,778
25,951
25,792
26,657
8,1257
18,1181
18,2343
25,734
25,1296
26,550
25,547
27,466
26,207
26,101
25,660
25,185
25,233
25,347
25,833
27,468
26,427
26,241
26,1076
25,238
26,877
25,998
26,1750
8,2208
26,973
26,956
26,368
26,1303
7,2633
26,1030
26,304
8,1898
26,506
26,635
25,832
26,1718
18,3597
26,535
26,301
26,484
12,1464
25,409
27,242
26,1146
26,449
25,740
23,3002
7,2860
7,2554
25,593
25,809
26,270
26,1034
26,889
26,316
26,1405
25,742
26,432
18,146
26,915
26,580
26,1567
7,2495
25,150
26,1226
26,946
26,448
27,778
8,2643
21,3972
27,176
27,871
28,227
24,300
26,389
28,149
28,685
26,956
26,111
26,825
18,3019
26,210
7,4103
25,734
26,603
25,331
28,380
26,299
26,437
23,1569
27,270
26,908
25,599
26,1066
26,984
26,723
26,317
28,735
26,538
26,721
25,691
25,922
26,1210
26,655
26,274
26,853
23,2010
27,872
26,1556
26,837
26,717
25,569
26,674
26,1506
12,3967
26,453
26,416
25,343
27,363
26,602
25,1347
25,759
26,1568
27,422
25,170
26,455
18,4084
26,1315
18,2452
26,1291
25,2068
26,1081
25,621
26,895
26,1288
27,585
25,406
27,572
26,759
26,906
26,1121
26,1022
26,663
25,1560
28,749
26,589
26,598
25,1008
25,1005
26,527
8,3748
26,1134
26,1133
25,1817
18,4287
27,275
25,497
25,477
26,1067
25,1678
8,3456
26,1082
28,496
26,256
26,717
8,2185
25,227
26,1827
26,653
25,363
25,640
18,3002
25,180
25,453
7,2739
25,675
25,576
7,772
7,1603
7,2765
7,479
25,418
7,2504
27,494
26,1224
18,1100
7,6301
26,1650
26,677
8,2186
26,298
18,4241
26,1289
18,4529
27,305
26,772
26,1278
26,1037
7,1894
26,961
25,185
25,791
28,564
28,611
25,154
26,740
25,675
8,1921
25,250
27,361
26,1347
25,755
8,3181
26,1029
27,563
27,889
26,776
28,1249
25,538
26,1118
7,2717
26,506
7,2825
26,1001
26,608
27,235
26,1044
25,288
27,1348
25,401
25,385
26,776
26,844
25,441
28,535
26,1633
26,538
26,234
26,1334
26,865
26,910
26,777
25,951
26,502
26,643
25,285
26,1214
26,888
27,609
25,206
8,1536
26,1409
25,359
26,1340
25,1653
26,898
26,1209
26,1397
26,721
26,1208
26,478
26,1944
26,840
27,1130
26,1431
26,1866
26,837
25,449
16,5273
16,2493
16,3714
27,470
27,111
27,695
28,301
25,320
16,2425
16,2821
16,1155
16,2673
27,860
26,1699
16,414
26,814
25,540
11,3260
25,526
16,2656
25,295
26,754
27,99
16,2320
26,275
16,2775
26,214
25,103
25,371
16,2782
11,784
16,2394
26,1107
11,1743
11,2923
11,3142
11,2709
26,2547
28,660
27,509
26,861
26,213
26,626
26,587
24,131
26,553
26,853
26,422
26,92
26,186
26,462
26,698
26,794
26,533
25,306
26,106
26,467
28,134
28,426
26,362
26,1313
26,1055
26,190
26,294
26,190
11,946
26,1105
28,395
26,755
11,2973
26,1328
28,280
28,356
25,526
26,1155
25,1219
25,878
26,1031
26,811
26,376
26,619
11,1463
26,1095
26,1321
11,558
27,1334
25,168
25,244
11,1249
26,870
11,893
25,278
26,545
25,891
27,157
28,1024
27,459
27,506
26,858
25,692
11,1067
25,1179
27,733
27,407
25,1432
25,621
25,973
11,3052
26,712
26,819
26,1251
25,544
18,675
26,464
26,1048
27,588
26,105
26,258
26,448
26,580
26,479
18,4954
26,1112
26,909
26,1015
27,332
27,576
25,679
26,2134
11,4009
11,3637
11,3198
26,703
28,372
26,875
26,80
11,435
26,667
25,840
26,830
25,1138
26,179
26,546
27,281
27,494
25,814
27,376
26,969
26,646
11,2089
26,169
28,655
26,1422
26,1103
28,938
26,722
25,723
25,769
26,901
18,5789
26,831
26,394
26,406
16,1116
16,2371
27,181
26,337
11,3296
11,186
27,61
26,331
26,2019
26,1030
26,191
26,441
25,372
26,907
26,245
11,733
11,2523
25,308
11,1384
26,1157
25,1887
26,640
11,1467
27,392
11,1620
11,3292
26,1265
26,672
26,87
26,759
11,2648
27,365
26,1059
16,366
26,165
16,5429
26,879
26,594
16,4371
25,503
26,1065
11,879
26,1239
16,2627
25,363
13,3676
13,2606
13,3011
13,399
27,1003
13,1263
13,2945
13,2783
13,2940
13,2171
11,998
13,2708
27,1191
11,1116
13,713
13,462
25,1121
25,2069
13,2329
25,1620
13,3472
28,335
13,1799
13,949
28,278
25,868
25,860
13,3877
25,1008
25,1656
13,1396
27,1279
27,808
27,692
27,1442
28,1018
25,1291
25,2213
13,1614
27,1680
27,2050
27,1660
27,1155
27,2032
27,1663
27,3023
27,3029
27,1372
27,652
27,659
25,525
27,2254
27,1226
27,1869
27,529
27,1085
27,2961
27,837
27,2450
27,3155
27,1230
28,1369
27,423
27,400
27,2174
27,1053
27,810
27,1854
27,945
27,865
27,621
27,1061
13,1797
27,1168
11,507
28,620
26,1368
27,1205
27,254
28,416
27,1257
27,1395
27,483
27,888
27,1383
27,592
27,496
27,1254
27,1617
27,718
27,1368
27,1134
27,221
27,303
27,1776
27,669
27,314
27,367
27,315
27,609
27,315
27,574
27,1219
27,517
27,1426
27,1319
27,843
27,785
27,3369
27,371
27,808
27,1364
27,198
27,405
28,575
27,709
27,462
27,843
27,899
27,1495
27,578
27,1064
27,542
27,1610
27,865
27,1786
27,2421
27,2875
27,353
27,2371
27,1861
27,2557
27,1946
27,663
27,1238
27,311
27,694
27,244
27,423
27,704
27,2010
27,2581
27,942
27,2040
27,1170
27,2039
27,1695
27,1894
27,1805
27,1354
27,1268
27,1529
27,1143
27,248
21,1002
27,822
27,546
27,1394
27,1978
27,2769
27,605
27,1751
27,545
27,1299
27,1976
27,377
27,957
27,1107
27,1046
27,314
27,661
27,1721
27,646
27,270
27,1649
27,947
27,888
27,1021
27,1107
27,320
27,1343
27,1047
27,1894
27,1991
27,2314
27,529
27,2721
13,733
25,2142
25,748
25,1424
27,262
27,730
27,2482
27,292
27,750
27,1469
27,584
27,1040
27,689
27,289
27,241
27,1712
27,591
27,859
27,545
27,1086
27,793
27,425
27,2214
27,992
25,741
25,2872
13,1780
25,763
28,475
25,1574
25,565
27,750
25,479
13,4249
28,615
26,646
28,299
27,1106
27,1224
27,416
27,1563
27,682
27,2021
27,855
27,1074
27,1608
10,2646
12,2706
25,1197
12,1767
10,2119
26,791
10,1305
12,1477
10,2877
10,1014
10,3208
12,3592
10,2788
10,2108
25,1112
25,1464
25,715
27,834
10,2390
10,2513
10,2905
10,926
7,1154
5,4287
12,2381
10,2686
10,420
5,1180
10,1106
25,192
5,563
10,4453
25,703
27,746
27,1313
27,1356
10,1982
25,555
25,2985
10,2160
28,716
12,3550
10,2575
10,529
28,1202
27,616
10,368
10,1704
10,1675
25,872
7,560
10,1189
10,1367
27,577
10,3009
12,5313
27,821
10,3517
7,1405
10,1235
10,1542
10,1790
10,1471
10,2050
10,297
10,2051
26,396
10,397
10,307
25,166
12,3550
12,2679
10,2052
12,3841
10,3341
23,2749
10,2017
27,112
25,2848
6,1572
12,3490
12,3577
12,3151
12,590
25,267
12,2889
12,4636
25,1533
25,163
10,416
25,686
25,1179
10,2735
25,354
25,613
27,101
27,461
26,1260
0,1807
26,272
25,822
0,2724
25,1459
25,765
25,319
25,270
25,115
5,1244
12,864
0,4940
5,2300
26,2160
0,2264
10,1992
25,1057
10,3603
10,1381
28,216
10,612
12,3797
8,3466
10,988
25,134
10,3079
10,2546
10,3663
25,696
12,1254
27,101
12,2143
12,2483
25,440
0,5003
5,1990
10,3913
12,3661
26,1174
0,3371
0,1615
0,1261
0,3447
27,1368
27,660
27,318
27,360
27,2181
27,1137
27,548
27,984
27,2436
27,1734
28,374
27,1011
27,880
27,669
27,332
27,1064
27,1942
25,2810
25,1864
27,590
25,2558
25,2649
27,1107
25,697
25,1567
27,1080
28,1166
27,2048
27,1004
27,780
27,1314
27,2285
27,1164
25,1761
27,482
27,1552
27,401
27,812
27,1509
27,988
28,939
27,345
27,518
27,1644
27,1377
27,1024
27,822
27,366
27,1330
27,872
27,646
27,959
27,227
25,505
28,316
10,2220
10,919
5,1919
10,1747
10,695
27,106
27,705
27,641
25,297
27,892
26,430
25,375
25,1696
25,274
28,432
25,718
27,656
25,680
25,64
25,324
10,3464
27,1174
27,184
27,401
27,1537
27,441
27,168
26,348
5,774
25,231
12,1818
26,381
25,1226
27,846
28,199
26,1352
25,325
10,1381
25,1133
27,1842
27,221
27,1724
28,1062
27,506
27,1143
11,1529
27,2661
27,2375
12,2921
12,2961
26,1607
10,2950
10,4626
12,2176
26,1844
12,1660
25,238
7,2953
10,2926
10,1900
25,728
10,2721
10,2189
10,1362
10,2448
10,517
27,67
12,2465
10,3530
26,286
10,1008
10,2691
12,1221
10,2076
7,2409
12,3086
10,3114
27,145
25,120
10,1350
12,1029
25,2513
10,629
12,868
25,442
10,3911
10,2508
12,761
12,2807
12,1713
10,1560
18,394
10,1253
25,100
10,515
26,508
26,700
25,738
10,989
27,663
5,3224
5,421
10,2879
27,1047
25,1300
25,1354
26,133
25,1222
12,1270
26,1545
25,299
25,604
28,784
26,1239
13,639
25,678
26,522
26,357
26,753
25,88
28,625
10,554
10,1202
27,1098
25,288
27,1245
25,1450
27,926
25,702
27,331
25,1489
25,936
10,1036
25,280
7,1463
10,2822
10,2154
10,1896
7,2573
10,2659
12,3027
12,669
25,136
27,824
27,575
25,220
10,2475
14,1526
5,236
23,2156
25,723
10,966
7,3018
26,1138
12,1380
12,1197
26,1263
23,2046
27,656
28,638
25,907
25,1089
25,967
10,2221
7,1358
10,1227
25,412
7,276
10,2272
25,192
10,2504
9,103
10,1140
7,2700
25,397
25,270
26,1395
25,217
7,2973
12,2992
27,496
10,940
10,3524
26,1125
10,4861
27,720
8,3023
25,441
10,847
10,1082
10,1549
25,193
25,208
25,398
7,4993
7,775
7,3771
25,1023
25,336
25,148
25,444
5,2057
5,3049
10,3304
25,511
25,513
26,849
25,823
28,582
10,1945
10,1988
27,688
10,626
25,550
27,366
25,968
25,840
25,2191
25,109
13,2919
26,2805
26,1570
11,2098
26,1914
10,2186
7,3957
25,2134
7,3393
10,676
26,840
26,313
10,4394
23,1509
25,977
10,478
12,1901
25,1556
10,471
12,1669
12,2215
7,298
26,808
9,151
12,2866
25,450
10,2569
10,4478
12,2161
7,1756
7,793
10,1433
10,552
10,1809
8,2852
25,497
27,1423
10,890
10,143
27,214
27,428
12,3212
7,733
12,1513
10,4133
12,1663
12,3946
23,1693
12,2544
10,588
10,2550
8,3218
5,2626
10,1334
12,2118
10,1398
25,515
28,425
25,506
27,379
10,2093
27,276
10,1620
8,2691
7,273
7,680
26,1115
7,273
7,1397
26,513
25,454
12,2269
26,912
27,950
26,1329
12,662
25,605
27,406
12,1839
12,1348
21,1869
10,1265
12,3355
12,357
27,247
10,1035
7,2908
5,2999
10,2627
26,994
5,3180
18,1932
5,989
7,4014
7,777
27,214
26,697
26,279
25,429
27,269
12,1888
12,2448
26,1446
12,2490
13,1403
26,1238
27,316
13,1144
26,2365
25,415
7,1977
26,893
7,309
26,292
25,551
25,511
7,859
7,770
26,838
6,549
10,840
26,872
27,487
26,696
25,293
12,2117
25,331
25,225
7,1496
26,1323
12,1736
7,472
7,2135
25,211
10,1102
10,2631
25,182
12,2594
26,196
25,320
10,801
7,2509
27,472
25,745
27,405
27,658
25,877
12,411
12,4520
0,4235
0,2592
0,414
27,133
5,2856
27,669
0,1868
25,637
27,532
27,593
25,150
25,867
0,3424
12,2769
0,2433
0,794
25,407
0,4278
0,567
0,2105
25,527
0,1227
0,2229
0,5401
0,2277
0,1201
0,3121
0,3101
0,1917
27,477
0,2631
0,2405
0,1131
0,1714
0,6480
0,1876
0,934
0,2771
0,5982
0,2098
0,2359
0,1580
0,195
0,2207
27,863
0,2019
0,4032
0,1779
0,1053
0,3549
0,296
0,1261
0,1367
0,2894
0,1677
0,3088
0,2277
0,2850
25,1620
0,1656
0,461
0,2481
0,2067
0,2159
0,2146
0,3904
0,873
0,2902
0,2476
0,1722
0,3212
0,640
0,1615
0,2427
0,851
0,2132
0,799
0,1000
0,1394
0,625
0,2620
0,1752
0,1676
0,3469
12,4724
0,2108
0,4939
0,2518
0,2670
0,867
0,2121
12,2346
12,2820
0,3995
0,1679
0,2284
0,2546
5,765
5,461
0,1294
0,2459
0,2078
0,548
0,1703
0,3401
0,1583
0,3133
25,461
0,4067
0,1443
0,800
0,1922
0,985
0,2917
5,1623
0,1612
0,2042
0,939
0,1158
0,1754
0,4338
0,342
0,301
0,1502
0,1316
0,1546
0,3867
0,610
28,597
0,3794
0,1844
0,1737
25,862
0,1215
0,3338
0,926
0,965
0,571
0,3449
26,2633
0,823
5,1996
0,1901
0,1953
0,3076
0,4633
0,1914
0,2749
0,405
0,779
0,1373
0,2265
0,4516
0,1310
0,1185
0,1011
0,2396
0,3232
0,1355
0,3311
0,3856
0,2610
0,1143
0,812
0,2248
5,866
0,1729
0,396
0,100
0,164
0,1642
0,1137
0,2691
0,3565
0,3531
0,966
5,663
0,1095
0,858
0,1929
0,3063
0,1354
0,2024
0,3195
0,2043
0,4719
0,3171
0,5258
0,4025
0,1254
0,837
0,1338
0,2641
0,2013
0,2569
0,2191
0,5036
0,2110
25,467
0,1591
0,3749
25,863
0,904
25,145
25,143
27,400
0,2711
25,697
0,827
27,502
0,1627
27,246
0,2480
0,344
27,284
27,1055
27,1818
27,1049
27,1377
28,1169
25,707
25,944
27,997
27,549
27,1267
0,471
27,329
27,805
27,1187
27,282
25,1763
27,1537
25,806
0,555
27,483
0,1243
0,3529
27,1017
27,557
27,340
27,566
27,708
27,990
0,878
0,1210
0,3184
25,975
0,3820
0,2904
0,1835
27,705
27,789
27,218
25,302
25,808
0,245
0,421
0,632
0,948
0,2342
0,372
0,2525
25,286
25,128
28,393
0,1884
0,1866
0,2256
26,1392
0,896
27,611
27,398
27,246
26,614
26,468
25,670
25,493
5,947
27,718
27,481
27,589
27,648
27,1031
27,616
27,995
27,697
25,212
25,743
25,590
27,1116
27,1133
0,1303
27,349
25,303
27,49
27,471
27,629
27,550
26,348
0,179
27,768
0,1302
0,733
25,287
0,1063
25,95
27,124
0,901
0,312
26,326
28,319
26,211
27,728
25,87
0,793
28,606
27,460
25,314
25,256
25,989
0,823
0,1617
28,145
27,90
27,1003
25,185
25,390
25,142
26,454
27,585
26,758
27,236
5,664
25,321
25,841
25,501
25,380
25,300
27,739
27,648
27,178
0,4161
0,1948
6,2974
0,2560
0,4480
0,1509
0,473
0,3023
0,3061
0,486
0,2307
26,788
0,452
0,429
0,851
0,2435
0,1005
0,2062
0,3221
0,2161
0,2136
0,3394
0,1505
0,3515
0,2087
0,3912
0,2906
0,2372
0,2356
0,3315
0,1246
0,1268
0,1561
0,244
0,1007
0,347
6,1473
0,448
0,1039
6,316
0,3605
0,3001
0,2470
0,4354
0,3912
0,806
0,2481
0,906
0,2301
0,5255
0,3238
0,1962
0,2312
0,2176
0,367
0,1566
0,1557
0,2840
0,2990
0,596
0,1002
0,638
0,3208
0,2336
0,2137
0,4706
0,2852
0,436
0,1115
0,1495
0,3087
25,1261
28,60
0,1206
0,410
0,3340
0,1420
0,1469
0,1535
0,822
0,3310
0,3223
0,2078
0,2816
25,108
26,279
25,952
0,1765
0,970
0,2094
26,627
28,92
0,697
0,1851
0,2469
0,2018
0,5205
6,3110
0,1955
26,2020
0,1513
0,6054
0,4496
0,2915
0,906
0,1826
25,1636
0,2457
0,2151
0,1884
0,4817
0,3956
0,2916
0,3117
0,2157
0,2302
0,2024
0,1736
25,686
0,3657
0,5025
0,6161
0,587
0,6129
0,3999
0,2541
0,1528
0,5312
0,2572
0,976
0,278
0,2822
0,539
0,6996
0,1668
0,1187
0,4250
0,359
0,2969
0,943
0,732
0,1052
0,1024
0,2076
0,2245
0,6271
0,2706
0,2104
0,1938
25,1352
0,1172
0,1035
0,2716
0,265
0,3166
0,2443
26,1096
0,3736
0,2701
0,1192
0,2255
6,813
12,4646
12,3376
26,1022
12,2029
0,3508
0,1232
27,403
0,2189
0,1892
0,762
26,556
26,883
0,2446
0,2131
12,3968
0,803
12,5436
0,4214
0,2935
0,814
0,2117
0,2273
0,569
0,1899
0,4304
25,93
25,666
0,5779
12,4225
6,1754
0,4367
0,574
0,1405
0,2126
0,4078
0,497
0,2987
0,2930
0,537
0,4314
0,1850
0,864
0,1754
0,2452
0,1022
28,987
0,1434
0,1798
0,532
0,1471
0,4142
0,3666
0,2159
0,1545
25,303
0,932
0,2303
25,1221
0,1402
0,3364
0,1297
27,284
0,2916
0,3274
0,1689
0,3659
0,1067
0,1742
0,1839
0,2371
0,2779
0,387
0,853
0,925
0,298
0,3073
0,220
0,2442
10,2035
0,1772
0,3600
0,2864
0,3925
0,1266
0,458
0,3066
0,1720
0,2207
0,2806
0,1117
0,2095
0,1865
0,1746
0,1622
0,3669
0,4758
0,2287
0,916
0,2608
5,547
0,1874
0,920
5,1138
25,135
0,1691
0,3877
5,332
0,1275
0,990
0,2255
0,1182
0,1907
0,1704
0,2414
0,2340
25,689
0,2279
0,3391
0,3643
0,2161
0,2335
0,3297
0,1714
25,242
0,1232
0,939
0,1447
0,2972
0,3061
0,2545
0,5141
0,2132
0,3868
0,2220
0,1185
0,751
0,2673
0,1635
0,5752
0,1105
0,2937
0,1903
0,5407
0,536
0,4598
0,2126
0,1964
0,957
0,1955
0,3195
0,3577
0,2967
25,625
25,294
0,2602
0,3710
0,2808
25,943
0,2419
0,1180
25,233
0,3772
0,945
0,2212
0,4387
0,3526
0,4905
0,1432
0,2255
0,1741
0,349
0,1369
0,828
0,1576
0,932
0,1032
0,2845
0,4451
0,178
0,2775
0,1179
0,2725
0,787
0,691
0,3502
0,2915
0,3263
0,2767
0,1395
0,1266
0,215
0,1338
0,957
0,901
0,1301
0,810
0,1325
0,1780
0,3962
0,3738
27,790
0,1283
0,1176
0,1097
0,1626
0,1199
0,2748
0,5353
0,5036
0,3643
0,923
0,4671
0,4378
0,1792
27,788
0,4540
0,2831
0,4571
0,3565
0,3611
0,2997
0,1128
0,4925
0,1577
0,741
27,538
28,769
0,1424
0,2462
0,583
0,4842
0,4875
0,803
0,3724
5,1421
0,6121
0,2172
0,661
0,3519
0,3560
0,954
0,2972
0,1559
0,2588
25,1159
25,1274
25,792
0,4055
0,2284
26,1510
0,4731
0,2458
0,2422
0,4073
27,555
0,2158
26,1433
0,3519
0,4555
0,1188
0,4249
25,1280
0,1433
0,1959
0,1895
0,2324
0,4659
25,1468
0,2949
25,344
0,2045
0,1694
25,181
0,3993
25,306
27,344
0,1755
0,2913
0,4975
0,1364
0,2011
0,2669
0,4219
25,243
0,2784
26,1773
25,511
25,423
27,857
0,3197
26,1386
0,2399
26,1307
0,3137
0,3589
0,1072
0,3899
26,1065
25,1029
0,2971
0,4149
0,3829
25,1001
0,3054
0,2175
0,3614
0,2579
0,4629
0,1808
0,1878
0,1610
0,852
0,2630
25,1047
0,3971
0,2974
0,3981
0,2956
0,2142
0,202
0,3506
0,2287
0,1208
0,1109
0,1324
0,1691
0,3240
0,2025
26,1856
26,1449
26,1977
0,5596
8,535
0,4415
0,3145
0,1271
0,3874
25,206
25,80
26,211
25,265
25,389
0,714
6,1852
6,1533
26,683
6,496
26,535
25,668
0,1269
0,2699
0,4056
25,132
0,960
0,5843
0,4392
0,3484
0,2686
0,1661
0,5235
0,1965
28,1237
6,2734
6,969
0,5126
0,7597
6,2240
27,934
12,1979
0,3317
0,1479
12,1014
5,2285
5,1352
12,1058
12,883
28,193
27,931
0,1584
26,1807
0,1098
0,1715
0,705
27,934
0,2709
0,3490
0,1482
0,1347
0,1946
0,2125
0,2862
0,3160
25,146
0,3082
0,1455
0,1913
0,4068
0,2862
0,4219
25,1727
0,2060
0,939
0,4125
0,1977
0,2431
0,3063
0,2810
0,249
0,4411
12,2929
27,323
0,2146
0,1409
25,241
0,2320
0,4038
25,915
0,4855
26,1804
0,1079
0,4990
0,1861
0,1938
6,3069
0,2129
6,2800
5,878
0,1162
5,1283
0,5392
26,548
0,3016
0,5612
0,4042
0,3010
0,3346
0,2698
0,2492
0,1959
0,1985
27,1577
0,3598
0,3254
0,3399
12,2738
0,1917
0,339
0,666
0,4685
0,2570
0,2508
25,2313
0,138
0,3144
0,4458
0,4270
0,3172
0,2839
0,775
0,2603
0,4783
0,3812
0,3953
0,5784
5,1615
0,4575
0,2230
0,1352
0,4101
0,7862
0,490
0,4192
0,2797
0,2713
25,258
0,5386
0,1932
0,2646
0,3851
0,3721
25,465
0,1371
0,2625
0,1831
0,1638
0,1607
0,1934
0,4992
0,4318
0,3639
0,767
0,715
0,824
0,2227
0,3680
25,500
0,3205
27,268
0,5885
26,2649
0,4996
25,221
25,402
28,144
10,2472
0,2495
27,804
27,811
27,211
25,935
10,969
10,1641
10,4588
28,471
10,2451
28,127
12,5038
26,828
12,2482
27,513
12,1343
5,3473
25,2333
12,2066
5,757
26,1901
27,637
25,349
27,2140
10,2299
10,1328
10,2958
10,1769
12,2846
10,1524
25,2046
0,4066
25,455
27,1047
8,3248
27,105
5,3953
25,985
0,1443
0,1701
25,461
12,1015
27,462
25,706
25,1355
12,328
10,2954
0,2571
10,2221
12,2349
12,694
12,1188
25,727
10,2035
0,6335
10,853
25,627
0,1445
0,2699
0,1341
0,787
0,1649
0,1419
0,661
12,2334
27,747
26,1525
10,1039
0,1261
12,2216
10,368
25,837
0,1787
25,236
25,540
0,2176
26,1236
0,1103
0,1422
21,3273
26,238
5,282
12,1397
27,475
25,814
27,621
26,379
10,3181
12,1102
0,3652
10,3063
12,3045
12,1261
10,1870
10,763
25,684
12,1646
6,4209
12,844
28,1153
25,1224
0,2293
0,1511
25,167
1,1469
27,604
0,145
12,4207
0,1876
0,5520
25,223
25,141
0,780
12,2596
4,1559
0,3091
0,3168
27,556
21,4116
6,667
0,4223
10,419
0,3362
0,3609
0,3856
0,4000
27,828
10,3694
10,3004
25,1079
0,1569
27,743
0,2575
0,890
10,1105
10,359
26,2001
10,1882
26,1734
10,2311
7,2083
25,934
10,1644
10,381
25,512
0,1404
0,3801
0,2346
6,2588
0,1953
0,1150
0,1362
0,1472
0,3928
27,4244
27,1361
27,767
27,1718
27,2730
27,1010
27,1492
27,1831
27,479
27,1176
28,1270
27,2253
27,800
27,1234
27,3137
27,1537
27,315
27,3598
27,1265
27,542
27,1408
27,1416
27,1931
27,98
27,598
27,1806
27,830
27,1423
27,1105
27,1389
27,1668
27,1519
27,618
27,1336
27,1463
27,1440
27,1856
27,2035
27,1142
27,939
27,941
27,580
27,1614
27,1353
27,818
25,285
27,881
25,1323
25,992
25,2202
25,780
25,833
5,2419
5,2101
26,376
25,2246
25,1307
26,169
25,1383
25,339
25,447
25,1188
25,1174
27,825
27,839
27,416
27,407
27,1205
25,584
27,683
25,864
27,572
27,616
27,499
25,819
27,678
27,902
26,201
27,124
25,387
25,1383
25,1486
25,1481
27,941
26,202
25,150
25,128
27,291
26,692
26,809
26,873
26,465
25,2084
26,2493
27,1750
25,671
25,741
27,511
27,1090
27,574
25,1678
25,567
26,1160
26,570
26,2832
26,863
26,1833
5,294
5,980
25,1153
25,1746
25,554
25,647
25,829
27,186
25,1123
27,545
27,159
25,847
27,1035
25,786
26,902
5,901
25,339
25,440
5,467
26,1068
27,772
27,676
27,381
27,1729
25,1516
27,912
27,2073
25,1794
25,1012
25,611
25,1714
27,1287
28,511
27,1280
27,1971
27,2106
27,1832
28,69
27,1438
27,3096
28,1004
27,2381
27,832
27,778
27,1618
27,1339
27,480
27,1155
27,2650
27,1370
27,1416
27,2234
27,3567
27,2427
27,1197
27,1281
27,652
27,1770
27,1841
27,143
27,112
27,968
27,1335
27,1792
27,1585
27,1308
27,1452
27,887
27,426
27,916
27,1824
27,2862
26,797
27,379
25,841
26,312
27,1937
27,1138
27,769
25,1507
27,469
0,682
27,544
0,876
25,365
0,1703
0,3905
0,1631
0,1578
0,4090
0,360
0,2344
0,3160
0,2571
0,651
0,2950
26,597
0,1658
0,1390
25,601
0,467
0,1830
0,3209
0,590
25,558
0,617
0,3422
5,3115
0,2299
0,1053
0,860
0,2404
0,1910
25,353
12,1271
12,577
0,475
28,406
25,115
25,256
27,360
26,1641
12,3521
28,1116
26,1332
0,1863
0,2674
0,951
0,2147
0,3747
0,2210
0,4483
0,1042
0,2417
0,3168
0,1000
0,177
0,2035
0,3108
26,108
0,1286
0,2103
0,1805
0,1388
5,3573
0,889
0,1372
26,2027
0,3902
0,3683
23,1049
18,1027
27,633
28,1316
0,1371
27,992
5,229
0,477
0,1430
5,561
0,1252
0,223
0,1241
6,2097
27,726
27,1034
27,1107
0,3709
0,1033
0,534
0,449
0,1279
0,2780
0,2589
28,98
28,429
25,538
25,65
27,641
25,291
25,65
25,71
27,435
0,1955
26,187
27,238
0,1451
0,1845
0,1582
0,2144
0,777
0,1204
0,1395
28,955
25,898
0,649
0,430
27,61
26,891
27,561
26,2066
25,89
25,202
25,1607
25,1261
27,1175
5,2316
27,1128
27,243
0,1234
0,1859
0,2423
26,460
0,2633
0,1621
27,393
25,653
25,992
5,1265
25,725
28,379
27,1382
27,42
25,266
25,120
25,607
26,1844
27,333
25,1660
26,1538
26,935
28,200
27,1107
27,1209
26,1639
27,1920
5,732
26,781
27,131
27,283
25,2135
26,1047
25,586
25,321
10,3304
26,1399
5,758
27,189
27,235
25,481
28,777
27,496
27,577
27,315
27,1345
27,952
27,1460
25,630
28,737
27,687
27,765
27,764
27,840
25,656
27,343
10,1762
25,270
27,250
6,2963
25,321
0,3101
27,274
25,248
28,867
25,307
25,640
25,275
25,456
12,962
25,598
25,589
25,235
27,243
27,155
27,338
27,382
0,1224
0,2809
5,146
26,49
0,1309
27,460
27,816
27,1175
27,272
0,903
27,1112
27,486
27,427
25,527
0,101
27,206
28,1682
27,588
27,1273
28,780
27,490
28,1560
27,1359
4,743
28,2819
27,139
4,1220
4,2710
4,4542
4,2268
4,3136
4,2082
3,10
28,1167
28,2705
4,695
4,7738
28,114
28,79
27,513
27,1453
27,506
27,1109
27,245
28,767
28,3479
28,362
25,78
25,597
26,1149
27,1725
27,2337
26,102
25,1379
27,786
26,1039
25,1052
0,1410
27,566
25,802
25,98
0,447
0,55
0,875
0,1046
27,295
27,754
27,572
0,712
25,502
0,394
10,618
0,2078
0,759
0,2959
27,3487
27,432
27,325
27,1234
27,1358
27,1969
25,810
25,1438
27,1133
27,781
27,485
27,537
27,261
27,1978
25,113
27,1010
27,2299
27,1262
25,172
27,872
27,457
27,248
27,2105
25,741
27,1874
25,483
25,2202
27,408
27,1555
26,1307
12,574
25,740
25,110
25,208
25,1375
26,384
27,898
25,720
28,209
25,539
28,217
27,895
26,1194
25,1345
27,795
25,157
25,553
25,93
25,233
27,483
25,2150
27,1612
26,743
26,1250
5,639
2,877
5,1288
27,2294
25,1748
27,1794
27,697
27,999
27,654
25,279
27,640
25,262
27,1487
27,788
27,2470
27,807
27,642
27,847
27,1311
25,900
27,1360
27,1201
27,580
27,672
27,684
26,1113
25,918
26,1396
25,306
25,293
27,1404
28,1205
27,1887
25,479
25,396
27,416
25,1228
27,1099
27,662
27,736
25,343
27,402
27,1407
27,378
25,1099
27,1723
27,712
25,1374
27,3294
27,618
27,1758
27,317
27,1346
25,161
28,513
25,751
25,1208
27,754
27,1432
27,1257
27,923
27,702
26,1763
28,704
26,454
26,572
27,1230
25,511
25,894
27,798
27,2197
25,1044
25,1485
25,1119
27,484
25,196
26,1251
27,611
26,1473
5,1561
27,1855
26,1698
25,1217
12,4869
25,314
25,567
25,422
26,340
25,212
27,320
27,785
27,297
10,555
25,789
26,1494
25,1928
27,802
25,229
25,1104
10,2613
25,808
25,489
25,894
25,132
25,403
25,572
26,1295
25,851
25,173
25,168
25,377
26,2404
26,1129
26,1553
26,1157
25,740
25,582
26,1181
26,1273
27,483
25,1576
5,1399
27,1062
25,452
25,547
25,185
27,1129
25,142
25,638
25,618
25,227
27,247
0,3214
0,1499
0,1631
0,1531
0,2071
0,2031
0,1866
25,314
0,1392
0,2252
26,1677
0,3973
27,1122
27,1064
27,670
27,1030
27,1130
27,1062
0,4862
0,1837
0,4713
0,3708
0,916
0,4595
0,3500
0,690
5,3022
0,2344
5,3626
10,909
10,3515
12,4273
0,603
25,504
25,103
25,205
26,652
0,805
0,484
25,854
26,1849
12,4409
0,923
5,563
26,219
27,517
25,271
25,220
27,335
26,407
26,450
0,349
0,855
12,168
0,3138
12,562
25,975
0,1927
26,481
25,1035
10,1102
26,1184
26,1249
10,612
12,1250
12,840
12,1201
25,430
25,403
26,1096
0,2210
27,440
25,154
10,484
27,514
28,793
25,441
10,1097
27,278
25,1451
27,948
25,226
25,172
27,2527
25,714
25,323
25,381
26,95
25,269
25,292
25,720
26,260
10,1779
28,723
5,2032
25,679
26,1309
26,875
26,1280
26,1476
26,975
26,1577
2,1522
25,404
26,1436
12,871
26,870
26,373
26,500
27,858
27,521
27,907
25,654
25,166
26,565
26,1885
27,640
27,736
27,405
25,144
5,1020
25,455
27,465
25,141
26,887
25,410
27,841
25,142
25,886
0,3244
25,733
27,994
25,553
25,503
25,314
25,921
0,1865
25,242
25,343
26,318
5,3081
26,1728
26,1606
26,1076
25,775
12,1613
10,2703
12,1498
25,432
25,2331
26,530
25,182
25,1406
10,3675
28,132
25,762
25,555
27,195
10,1648
10,1137
12,2133
25,284
25,299
10,532
27,210
25,625
25,119
27,964
27,419
27,338
27,549
27,1312
27,776
27,1548
25,1242
27,420
27,1401
25,1789
25,217
2,1367
27,2078
25,2350
27,807
27,489
25,2311
5,4131
26,1957
26,209
10,1822
10,2466
5,339
25,169
26,2676
12,3054
10,352
25,517
5,2163
10,711
10,3225
26,1727
12,2889
10,3755
5,3960
10,4812
25,745
10,1435
25,253
23,1388
25,312
26,1571
28,1160
27,174
25,773
27,704
27,2599
26,714
27,572
27,1190
27,880
27,703
25,179
5,2921
10,3148
25,311
27,2179
27,1356
27,1673
27,604
27,1571
27,961
27,829
27,1009
27,2238
27,1906
27,999
27,878
27,2056
27,3112
27,670
27,1525
27,2917
27,1616
12,3910
27,1241
27,2644
27,929
25,1285
27,567
27,3528
27,1849
12,805
26,392
26,850
27,818
25,719
27,940
25,1258
27,2402
27,1852
27,1786
27,1337
27,2441
27,1555
27,708
27,1684
13,1523
27,4197
27,680
27,1848
27,1259
25,1426
27,1334
25,347
25,342
25,718
27,3588
27,528
27,923
27,1540
27,2462
27,1208
27,3681
27,2292
27,1121
27,1369
27,1918
27,402
27,425
27,555
27,1154
27,249
27,337
27,1342
27,721
27,607
27,1194
27,847
27,178
27,497
27,467
27,269
27,388
27,418
27,2288
27,1281
27,1002
27,3227
27,372
27,1232
27,2187
27,2097
27,1812
27,1769
27,1630
27,486
27,1371
27,655
27,2312
27,523
27,292
27,783
27,850
27,344
27,115
27,654
27,3879
27,3282
27,1430
27,2612
25,616
25,1936
25,1697
25,755
27,1832
27,1071
27,2146
27,1814
27,1772
27,570
27,304
27,300
27,483
27,557
27,512
27,1538
27,1103
27,1857
27,1429
27,665
27,3343
27,1892
27,1921
27,515
27,2556
27,424
27,2400
27,388
26,1332
25,449
10,3733
10,1036
25,795
10,2374
25,406
25,1428
10,2181
5,4193
25,318
25,201
25,128
25,266
25,209
27,789
27,867
27,703
27,1514
27,703
27,2233
27,2544
27,814
27,289
27,4122
27,3381
27,1219
27,424
27,717
27,2252
27,732
27,322
27,3028
27,1111
27,1703
27,850
27,1892
27,187
27,1455
25,967
27,808
27,801
28,222
25,1119
25,1437
25,477
27,384
27,1359
27,1162
27,501
25,1468
25,1949
25,1184
28,255
27,1221
27,943
27,1027
27,1541
28,1029
27,2093
27,1900
27,1700
27,2046
27,589
27,993
27,1758
27,2925
27,1221
27,198
27,395
27,2341
27,1282
27,2228
27,885
27,1511
27,357
27,312
27,3461
27,3870
27,2347
27,743
27,3130
27,1579
27,440
27,298
27,1819
27,1801
27,3198
27,767
27,2506
27,1850
27,2649
27,2577
27,1706
27,1661
27,2425
27,3507
27,2219
27,2696
27,2229
27,3459
27,239
27,138
27,365
27,403
27,703
27,589
27,397
27,169
27,376
27,427
27,325
27,558
27,360
27,424
27,744
27,224
27,877
27,655
27,526
27,222
25,1139
25,112
28,622
25,1064
27,790
25,2186
27,908
27,1428
27,863
27,79
27,1583
25,1578
25,1038
27,1163
27,1192
27,645
27,506
27,214
27,728
27,749
27,690
27,1525
27,1540
27,297
27,1543
27,939
27,605
27,930
27,838
25,420
27,711
27,1148
27,495
25,2897
27,827
27,441
27,892
27,602
27,2119
27,1908
25,1979
27,1019
27,1576
25,1416
27,2682
27,393
27,1554
27,1449
27,493
25,1723
27,838
27,1778
27,624
27,1248
27,2770
27,1079
27,2907
27,966
27,1694
27,1349
25,1221
25,341
27,2557
27,1052
27,754
27,1827
27,1632
27,1541
27,572
27,2754
25,231
27,2171
27,928
27,315
27,263
27,80
27,888
27,544
27,616
27,659
27,1086
27,318
27,198
27,983
27,207
27,553
27,1451
27,4294
27,1704
27,638
27,2185
27,1387
27,2032
27,2446
27,2265
27,5595
27,2268
27,507
27,1071
25,160
0,2788
0,2407
0,1186
0,836
0,798
0,235
0,2875
0,2445
0,1683
0,2055
0,2017
0,1680
0,2617
0,1050
6,3010
0,676
0,855
0,2976
0,1322
6,2433
0,1003
0,311
0,2392
0,2051
0,2426
0,2508
0,2563
0,1544
0,2153
0,702
0,903
0,734
0,808
0,932
0,2528
0,1869
0,1780
0,714
0,971
0,2704
25,1953
0,2947
25,1470
0,1979
6,594
0,3117
6,2370
0,2578
0,3016
0,2471
0,2959
0,1490
0,1242
0,2886
0,1118
0,1810
0,720
0,774
0,1162
0,1580
0,3749
0,653
0,546
0,605
27,398
25,885
0,1082
27,130
0,1565
0,1936
25,93
0,2149
0,2222
26,986
26,635
25,896
26,814
26,437
26,233
26,642
27,301
27,587
26,930
25,273
25,1620
25,1262
25,443
26,622
26,1909
26,1996
26,579
26,1036
26,1017
25,749
25,1450
25,1035
25,1061
25,462
6,5020
26,67
26,277
27,686
25,1105
26,1318
27,1029
27,303
26,1466
26,1120
25,908
25,802
27,726
25,853
25,262
0,1007
0,730
0,1134
0,2084
0,599
0,1946
0,810
0,522
0,3769
0,1289
0,1837
0,1445
0,1091
0,782
0,2610
0,1096
0,1193
0,2484
0,1207
0,1265
0,1315
0,566
0,1404
0,502
0,3705
0,221
0,4706
0,1015
0,1289
0,3139
0,2533
0,1087
25,506
6,3749
28,334
27,673
25,1076
0,7463
0,1198
0,3879
0,6613
0,3117
28,413
27,152
0,1039
0,2234
26,188
0,5165
0,2267
0,1574
0,2302
25,692
25,156
27,868
27,565
25,464
26,300
26,293
26,1395
27,903
27,354
27,751
25,857
27,279
25,307
27,1766
27,467
26,1697
26,172
27,1015
26,424
25,686
26,522
26,1011
26,520
26,841
28,134
27,709
26,1367
26,947
25,826
26,696
26,300
25,481
26,546
26,878
26,749
26,682
26,497
25,663
25,70
25,1119
25,1160
26,657
4,202
27,447
26,644
0,2517
0,2153
0,763
0,1324
0,2103
0,937
0,1126
0,3118
0,2310
0,2143
0,820
0,1089
0,1641
0,2312
0,1172
0,1811
0,3062
0,1463
0,2784
0,1726
0,1830
0,2724
0,1282
27,390
6,1914
26,121
6,1401
25,807
26,31
26,1336
27,397
27,529
28,258
25,962
25,96
26,613
0,2238
0,1949
0,3132
0,2280
0,2910
0,2747
0,2592
0,1516
0,949
0,1411
0,1795
0,725
0,1310
0,778
0,865
0,3974
0,1436
0,367
0,380
0,2336
0,1951
6,3365
0,784
0,1575
0,3210
6,1487
0,1991
0,249
0,2132
25,1094
25,732
26,201
5,2230
25,105
0,2231
26,1398
0,2944
6,2525
26,302
27,301
25,634
25,703
5,2364
25,602
25,850
6,509
6,434
6,2104
28,567
6,4543
5,2654
0,354
0,1163
0,2253
0,1677
0,618
0,733
0,2774
0,2399
0,2314
0,1395
0,2735
0,1672
0,2633
0,575
4,1380
25,936
26,989
26,1200
26,1005
26,1643
26,97
26,732
25,238
26,1095
4,357
26,791
26,636
26,852
28,642
26,833
25,987
25,1420
25,442
27,312
26,1727
26,947
25,943
27,311
6,2677
25,827
4,1153
4,679
4,996
4,1952
26,2070
25,538
27,118
25,966
6,2360
26,543
26,841
6,835
26,110
26,921
27,810
27,1377
25,1374
26,384
26,901
1,2978
26,421
1,2539
26,694
28,1300
25,669
1,389
26,763
1,1583
26,1140
26,1234
1,1243
1,852
0,2415
0,1804
1,2777
0,1176
26,1406
1,2296
0,651
0,2605
1,1445
27,226
27,248
0,3131
26,851
25,382
1,2125
0,2749
1,1105
6,1228
1,2320
1,3548
0,1574
0,1839
26,1146
28,711
0,2201
1,3267
5,2505
1,2352
28,131
1,740
26,894
26,585
26,1337
26,987
26,292
26,1380
26,188
28,658
25,665
26,717
26,239
26,735
26,1518
26,821
26,594
26,1211
1,930
1,2462
0,3587
1,2202
0,578
0,752
1,2362
1,2974
0,3120
1,2128
1,1225
6,1858
6,2425
0,979
1,2206
6,3232
5,2341
1,1962
27,466
0,2944
26,639
1,2387
1,928
0,1141
0,2098
1,2535
25,1062
1,2439
1,1370
0,1909
1,1706
27,604
26,771
0,721
26,976
1,1932
1,2830
25,1400
26,622
25,1564
25,558
25,821
0,348
0,2529
0,2244
0,897
1,504
1,561
26,1306
1,2721
26,806
25,614
0,1433
27,250
26,1025
1,2897
25,300
25,992
26,873
26,1672
28,685
27,593
25,1045
26,632
26,351
26,507
26,853
25,175
25,1299
25,441
25,1127
25,757
25,646
26,1042
25,865
26,892
26,595
25,1516
25,1129
4,1197
25,95
25,278
27,604
28,508
1,608
27,837
25,908
1,1368
26,989
25,955
1,2686
0,552
1,2131
26,1509
0,1818
1,776
1,1710
1,445
27,359
26,723
1,2443
26,1325
6,1335
27,1057
26,945
1,2035
1,2490
26,617
26,670
26,759
26,1729
26,2565
26,2858
26,1078
26,986
25,780
26,429
26,374
26,1100
1,875
26,1022
26,856
26,566
0,2302
0,1217
0,1051
0,1226
0,984
0,366
0,2692
6,2724
0,1517
25,436
0,2350
0,3064
0,2037
25,1170
0,726
0,218
0,658
0,2071
0,2739
0,2181
0,2664
0,1623
0,2741
0,542
0,1953
0,4011
0,1783
0,718
0,555
0,891
0,2423
0,458
27,466
0,1583
26,557
0,2101
0,2813
0,915
0,2196
0,2742
0,2713
0,4504
0,992
0,2197
0,1732
0,703
0,1346
0,2317
0,1866
0,2962
0,2215
0,1218
0,1996
0,934
0,4607
0,1055
0,4423
0,760
0,1142
0,417
0,1132
0,2402
0,2809
0,1879
0,2198
0,1977
0,1220
0,825
0,1459
0,2735
26,345
26,867
25,1586
26,261
26,700
26,929
26,431
26,883
26,842
26,1957
26,367
26,1160
1,2445
26,386
1,1267
26,905
26,912
1,463
1,1531
26,415
26,173
1,3609
1,2125
25,350
25,716
26,418
26,162
25,329
26,437
26,760
26,863
26,969
26,1146
26,674
26,597
26,612
26,334
25,602
26,819
4,687
26,435
26,389
26,1089
26,1624
25,629
26,442
25,389
27,598
26,852
26,964
26,1278
27,473
26,856
25,682
26,523
25,244
26,1257
26,1039
26,1053
27,606
25,962
26,675
26,1233
25,543
26,849
26,974
26,1061
28,518
26,753
26,878
26,54
26,274
26,995
26,981
26,1301
26,634
26,866
26,764
28,648
25,404
26,715
26,737
26,666
25,822
25,448
1,1442
0,1408
1,2368
0,1033
1,2794
1,654
0,2268
6,1612
0,1595
26,1275
25,1195
0,1403
25,316
25,518
1,2092
26,1677
26,229
26,460
26,844
26,941
5,1416
26,1142
1,2929
27,532
1,1588
5,357
26,643
1,2347
27,382
1,1770
1,1776
1,2103
25,922
26,1147
1,469
1,2471
1,707
26,162
26,442
25,1249
25,471
26,1296
26,1744
25,1236
25,1176
25,251
26,1063
0,3088
0,4611
0,3781
25,892
0,4724
0,896
0,4322
0,3063
0,1285
0,4751
0,4983
0,2750
0,1285
0,2890
0,2497
28,194
27,280
26,434
6,3210
25,839
26,1722
26,1302
25,2328
25,874
26,1106
28,370
26,815
26,1421
0,4257
0,4090
0,4249
26,379
26,698
26,964
18,2066
25,108
27,673
5,2859
27,662
6,2588
26,942
25,41
26,422
0,3104
27,327
0,2145
0,4137
0,3132
0,2537
0,2325
0,4175
0,1697
0,1170
0,3188
0,6210
0,1956
0,1712
0,1332
0,1580
6,1335
0,456
0,3184
0,964
6,3207
0,3879
25,1177
0,3872
0,4195
27,190
0,2809
28,512
0,750
0,3753
0,2517
0,1644
0,2948
0,1942
0,7559
25,575
0,3440
0,2403
0,5374
0,1429
0,1552
0,1752
0,966
26,1655
5,2425
0,3623
0,952
0,1653
26,1458
27,463
25,870
26,1317
26,421
26,931
26,707
27,1401
25,627
26,449
26,689
26,497
26,826
26,540
26,232
25,610
26,922
26,1973
27,371
28,260
28,241
26,278
1,1705
1,798
7,2501
1,2195
25,468
1,3146
26,695
26,836
25,694
25,768
26,206
26,1147
27,364
1,2648
28,106
25,852
26,382
28,231
26,241
26,627
26,957
26,329
26,840
27,682
5,1504
27,449
25,782
25,672
26,351
25,486
25,564
26,549
26,463
26,344
26,1173
25,739
26,957
26,368
26,359
26,676
26,269
26,637
25,141
25,257
25,1055
26,564
26,1044
26,764
26,883
26,990
26,1137
25,74
26,827
27,300
26,1120
25,757
25,926
26,477
25,518
26,286
26,657
26,518
26,404
26,745
26,241
26,1261
26,873
26,537
26,999
26,724
26,1210
26,773
28,366
25,135
26,506
27,290
26,1260
26,878
26,803
26,1121
26,1029
26,538
26,1055
26,123
26,1264
25,374
26,808
25,408
26,757
26,424
27,182
26,932
26,776
27,309
26,487
26,1572
26,644
28,1078
26,570
26,1086
26,321
26,731
25,557
26,624
26,954
26,441
25,985
4,435
25,634
4,296
4,237
25,275
25,694
25,133
26,1212
26,774
26,662
4,885
26,1173
25,307
26,465
28,686
25,219
26,795
26,1386
26,469
25,1123
27,314
27,604
26,1253
27,1111
26,706
25,234
26,2278
4,769
26,1452
25,1013
25,361
26,819
25,803
0,7191
27,644
25,987
25,863
28,609
0,4506
0,3141
0,6045
0,1295
26,394
25,548
25,387
25,2030
27,1036
26,1183
26,872
25,236
26,846
26,521
26,534
26,208
25,761
26,673
25,633
25,687
27,1503
26,435
26,904
6,3790
27,678
26,653
26,1583
26,531
28,814
26,212
26,435
26,559
27,92
26,312
26,1912
26,483
27,230
26,859
26,727
26,1569
26,608
26,485
27,179
26,718
26,511
26,1491
25,2130
25,277
26,127
26,153
26,1096
25,141
25,1285
28,790
26,790
27,49
26,622
25,836
25,1025
25,986
25,514
25,1568
26,546
28,385
26,796
25,996
25,880
26,776
26,447
26,152
27,924
4,609
8,416
4,2798
8,1606
4,1089
26,600
26,1259
4,1327
26,1070
4,1057
4,406
4,811
4,790
4,705
4,641
26,1181
25,446
4,256
25,1539
4,1130
4,1004
4,741
4,1283
4,414
25,847
4,917
4,657
25,662
25,1286
8,1379
25,1217
25,2249
25,896
26,339
28,549
27,809
26,632
26,1344
26,341
26,635
26,597
25,604
25,855
26,623
26,830
26,1358
27,949
26,1353
27,1144
27,1326
26,1084
26,522
26,1011
26,921
28,503
26,516
26,930
26,653
26,904
27,1536
25,2556
25,1551
25,571
25,1727
25,2034
25,2393
25,3186
25,2766
4,1455
4,836
4,1145
25,2940
4,1296
4,1608
26,814
25,1699
26,655
25,1246
25,4255
25,1523
25,791
26,2296
27,1399
25,273
27,1818
27,1222
28,582
27,1471
25,802
25,746
25,262
26,93
26,560
26,874
26,781
26,306
25,810
27,444
27,779
27,2022
26,776
26,589
26,362
26,2203
26,263
26,1460
25,849
25,949
26,499
26,1161
0,1693
0,3124
0,3191
0,1336
26,1109
0,952
0,2693
0,364
0,974
0,1414
0,1383
0,2129
0,454
0,5303
27,1086
0,3672
0,2954
0,3355
0,890
0,3226
0,2363
0,548
0,2058
0,4397
0,4877
0,1561
0,2527
0,4312
0,1382
0,3661
0,3796
0,5094
26,1675
0,2276
0,2414
0,1282
0,1674
0,3158
0,1114
0,904
0,3813
25,1939
26,1806
4,1744
4,1764
25,955
4,728
26,1016
4,1199
4,746
25,775
4,904
4,767
4,1108
4,1802
4,200
8,1154
4,769
4,780
26,740
4,924
8,966
25,550
25,476
8,681
7,1806
8,875
8,1928
25,481
8,1554
26,99
25,207
25,1261
25,508
8,249
8,693
8,441
8,774
28,70
26,916
8,841
8,920
25,771
8,649
8,1665
25,3712
25,1623
25,1297
25,165
25,476
25,1327
25,777
25,1814
25,2018
25,2186
25,1318
25,1221
25,954
25,1291
25,1310
25,2108
4,527
8,2407
7,989
8,1843
25,1142
8,600
8,1461
25,654
8,508
8,2100
4,1189
8,1670
4,373
4,739
25,550
25,445
25,985
25,1486
25,574
26,271
26,148
26,638
25,492
26,332
25,311
26,203
26,943
26,1107
25,602
26,1282
25,709
27,1064
25,1120
25,292
26,1591
4,1107
26,508
27,612
26,162
26,139
25,982
25,832
26,86
26,951
4,2527
25,1418
25,938
25,306
4,736
4,726
4,1241
4,633
4,881
4,757
4,1069
25,649
26,688
26,713
26,274
26,226
25,633
26,982
25,209
26,1139
25,752
25,408
25,1013
26,877
26,574
25,311
26,2574
25,893
25,626
25,1054
25,1197
26,869
25,833
27,1276
26,875
25,800
27,780
26,755
26,906
27,900
25,1093
25,1212
25,515
25,1003
25,636
25,1326
4,1026
25,680
4,615
25,1010
25,1154
4,995
25,1400
26,815
26,773
4,1420
25,935
25,1350
4,745
25,1374
25,755
25,250
25,383
4,1255
25,1388
4,1043
26,1412
25,893
26,883
25,1219
25,1134
28,674
4,1179
4,1687
4,588
26,1396
25,1003
4,289
26,912
4,368
25,1672
4,955
4,899
25,1322
25,1101
25,390
4,1127
25,342
25,281
25,1540
25,962
25,480
25,1583
4,727
4,789
25,2405
25,1125
25,1148
4,1061
4,783
4,2490
4,1115
25,1297
25,658
25,482
25,679
25,733
0,3129
1,2104
1,274
0,3148
27,519
1,1331
1,1355
0,551
1,1852
27,264
0,3147
5,1234
26,1286
25,838
25,321
25,156
6,1610
1,1359
26,1164
27,443
1,1389
0,1560
0,1043
0,1017
1,2237
0,2480
26,1188
1,2044
6,2464
1,2721
27,816
26,1334
27,1096
28,1112
1,680
1,1259
25,791
1,1227
0,1924
6,3181
1,2123
0,2131
6,1641
0,2030
0,449
25,422
0,425
1,1621
0,2215
1,1927
1,1822
1,595
1,1875
27,609
28,1067
1,880
26,680
0,4647
1,1548
25,343
1,1663
26,543
1,2313
1,1391
1,2668
0,1450
26,1535
1,1758
1,1889
1,1946
0,2293
26,1007
1,1645
1,459
0,438
1,1663
1,1979
1,560
25,643
0,1414
1,1603
1,2104
25,604
1,2056
26,1123
25,444
1,1353
1,635
1,1011
0,2637
0,924
0,780
27,398
27,756
26,918
1,1494
6,381
6,563
27,447
0,1719
28,451
0,1512
0,1064
0,1433
0,986
0,2194
0,2382
25,548
0,2294
26,853
0,2754
1,760
1,2775
1,1264
27,656
0,1129
0,2613
1,1796
0,2049
27,363
0,1063
1,2412
1,1822
1,797
1,615
1,2182
26,228
27,142
6,2776
1,2906
27,402
1,1181
1,1010
0,1983
26,1325
0,543
1,2439
26,1187
0,292
0,779
26,473
0,1084
0,3125
1,2275
0,3143
26,1391
0,2908
27,214
0,888
0,959
26,967
27,179
25,318
26,532
26,903
26,685
26,203
26,1730
27,397
26,848
28,449
27,303
25,359
26,1190
25,598
25,181
27,936
26,983
26,1722
26,1337
26,622
26,347
27,153
1,1736
1,1449
1,3834
26,298
27,172
1,1195
1,2287
1,3035
25,358
1,2071
1,2150
27,630
26,813
26,788
26,626
26,775
26,1672
26,264
25,709
1,862
1,3067
26,915
26,1120
26,215
25,560
26,845
26,946
25,448
26,1168
25,108
26,828
26,949
26,1060
26,1330
28,158
26,447
1,2749
26,753
26,1134
0,2762
0,1633
0,2298
1,2031
0,2042
25,686
28,613
25,762
0,2530
26,990
1,2676
1,294
1,638
1,380
1,296
6,2521
1,761
1,899
0,1713
26,1045
1,1558
25,395
1,1720
28,1806
0,1407
6,2957
0,1168
26,1056
26,187
26,313
27,252
0,109
1,2868
1,1299
1,2973
27,668
0,2446
27,143
0,1366
0,584
1,2534
1,923
25,692
26,921
26,968
26,333
25,207
26,1048
25,713
25,508
26,789
1,3486
26,715
26,900
26,505
25,1290
26,771
26,730
26,3221
26,1268
26,547
26,1060
25,193
26,313
26,260
26,59
27,866
26,847
26,845
26,924
26,699
25,1425
26,47
28,705
26,204
26,197
26,892
26,525
26,1018
26,295
25,126
25,877
26,230
26,437
26,766
25,853
26,1332
4,985
4,745
28,127
26,350
4,4016
26,331
0,725
1,1459
0,1912
0,922
0,1103
0,2498
0,2810
0,1452
0,1524
0,1196
0,1367
25,1586
0,1345
0,1987
0,2307
0,1698
6,2987
25,127
6,689
27,563
0,2478
6,2822
25,320
0,2096
0,1598
0,527
0,1938
25,739
0,3005
0,1607
6,1576
6,1502
0,2850
27,250
0,2246
25,363
0,2670
0,1305
0,799
0,1642
0,2089
27,613
25,202
0,1838
6,1862
6,2415
0,4904
0,2054
26,1587
25,763
0,852
25,160
0,3153
6,2344
1,1405
25,133
0,3099
27,276
0,1680
0,3081
6,2544
6,825
0,1340
0,2569
0,1256
0,1393
6,3433
0,1465
0,1580
0,1590
27,603
0,1985
25,2742
0,378
0,1028
0,3202
0,1805
0,2056
0,660
6,3454
6,361
6,353
0,1306
0,273
0,1286
0,780
0,651
25,1126
0,2164
0,203
0,1906
0,1449
25,93
0,1204
0,3183
6,2554
25,217
0,2310
0,2770
0,1986
0,2026
25,1256
0,1654
0,2371
0,1225
27,482
1,2277
0,678
27,368
26,440
27,845
0,2039
0,2630
0,3637
6,1898
0,1273
6,3944
27,482
0,1887
0,633
27,552
0,1572
1,242
0,989
0,886
27,1024
1,383
6,2092
0,2185
0,2617
0,2412
26,2106
27,662
27,450
25,1174
6,337
6,2163
27,821
0,1906
0,3115
6,1424
0,2400
0,4662
25,875
0,2650
25,1546
0,3384
0,1456
27,278
26,845
26,2200
0,2638
0,2641
1,2066
1,3672
28,752
0,4284
0,3041
27,696
6,1724
28,150
0,284
25,1265
0,2225
27,370
0,2023
0,1845
0,1540
25,764
0,1753
27,269
25,1184
27,641
0,864
26,821
0,1097
0,1116
0,2228
0,1639
0,2003
0,826
0,485
0,680
0,940
27,146
26,585
0,1851
0,2089
0,1844
25,1763
0,1699
5,1429
0,1131
0,1746
0,1569
0,1926
0,1590
0,1253
0,2222
27,1080
0,1873
0,1979
0,1037
0,541
25,197
25,266
0,978
0,1407
0,1850
0,2305
26,766
0,576
0,2387
0,1947
0,2202
0,1662
0,2041
0,589
0,3177
0,1754
0,1786
0,1916
27,814
0,1182
0,1451
0,2007
0,462
0,2443
0,2600
0,1890
27,321
0,1531
27,129
0,3510
0,785
0,1955
0,2776
0,996
0,438
27,105
0,2983
0,776
0,3312
0,2421
0,3197
0,1317
0,1937
25,876
27,535
25,292
25,287
27,72
27,218
25,186
6,829
0,614
25,386
25,622
6,374
27,879
27,1632
27,1055
27,1413
27,1359
25,1758
26,2741
25,103
27,431
27,1396
27,424
25,773
27,432
0,1379
0,1764
27,248
25,921
25,449
25,530
28,1635
5,2464
5,1432
25,1091
25,1118
5,1426
0,727
25,1263
0,3504
0,2070
0,2163
25,848
28,929
0,1920
27,450
0,2108
26,1580
0,1909
0,2110
0,2262
0,1204
0,1011
0,168
25,247
0,2074
0,2531
0,3885
0,2179
0,1574
0,2659
5,433
5,685
0,467
25,351
25,872
27,317
0,1520
25,1122
0,705
0,2795
0,122
0,3227
0,1124
0,2616
0,1766
0,3060
0,2224
0,2604
0,3372
0,2452
0,2070
0,2122
0,1914
0,267
25,438
0,1454
0,353
0,1016
25,602
0,2206
27,225
0,2486
0,2415
26,1661
0,2355
25,306
0,1703
0,539
0,1159
0,2031
0,2340
0,965
25,532
28,812
27,883
0,1374
0,1473
27,773
0,1641
0,1667
0,2231
0,1727
0,680
0,1342
0,2000
0,1924
0,1551
0,1443
0,1996
0,2024
25,142
25,162
25,220
25,548
27,202
27,276
27,522
27,761
27,481
27,2646
27,989
27,383
27,1124
27,1007
27,297
28,893
25,790
25,264
25,1457
0,453
0,416
0,1809
0,3143
0,2693
0,4301
0,3884
28,898
5,1183
5,2136
0,2556
0,2060
28,1043
5,2975
0,2257
0,703
6,2046
0,1332
0,332
25,1211
0,1566
27,814
0,3198
0,644
27,286
0,810
0,2594
26,689
0,1766
0,3580
0,866
0,1122
0,2275
0,483
0,2097
0,822
0,2826
25,1120
0,1255
0,1941
5,629
25,114
0,1618
0,1410
0,1693
25,1992
0,908
0,1246
0,954
0,2003
0,1745
0,2788
0,1879
0,534
0,1311
0,2171
26,443
0,832
0,2270
0,1835
0,1844
0,464
0,1967
26,1912
0,1798
0,1060
26,873
26,1122
27,417
5,409
0,1175
0,1834
0,3015
26,1037
0,1257
0,2250
28,415
0,3772
0,2962
0,2268
0,2036
0,1753
0,2037
0,286
6,2086
0,855
0,2271
5,2660
0,901
0,2057
0,766
0,1147
0,2495
0,2885
28,1435
0,1703
0,1929
0,419
0,1580
0,2076
0,975
0,1350
27,566
0,596
0,2071
0,597
0,1600
0,337
0,1611
0,1180
0,1654
0,1558
0,1504
27,513
0,1540
0,2239
0,1857
0,1255
0,2238
5,863
0,1865
0,1858
0,1361
0,1684
0,2044
0,2406
0,3094
0,2019
0,2580
0,1916
0,2284
6,2852
0,2228
0,866
5,1811
0,758
0,3666
5,4653
27,764
27,2503
27,1381
28,756
27,960
27,2511
25,1268
25,811
0,1213
27,2995
27,1294
25,1338
0,4375
0,2919
28,938
27,1677
25,1977
27,2035
27,1347
27,569
25,559
5,3957
25,1123
0,2628
6,402
0,2974
0,813
0,4039
5,965
0,168
0,507
0,1458
0,1523
26,139
0,1126
0,2875
0,583
0,425
0,548
0,1367
0,886
0,1504
0,2572
0,1532
0,2562
25,1508
0,1021
0,2395
25,1300
0,2229
0,2481
25,1189
0,2624
0,3861
0,2254
0,2031
25,1289
0,2256
0,1698
0,1999
0,2553
0,1963
0,1837
5,1424
5,1140
28,965
0,1363
5,454
25,903
0,3314
25,832
5,841
0,2312
0,2380
0,818
0,1970
0,458
28,473
26,1177
0,630
27,966
0,1391
6,1685
5,2849
0,2243
0,3339
0,1950
0,1836
26,1283
0,2266
0,2100
0,2191
0,997
0,897
0,1173
0,1676
0,1824
25,1605
0,3374
27,569
0,1539
0,4281
0,1091
0,1426
0,3052
0,2736
27,775
0,1280
25,550
0,2903
0,5136
0,1823
0,1263
0,1121
0,1111
0,3961
0,2475
28,780
27,371
28,140
0,1544
27,426
27,735
27,260
27,768
27,634
27,540
27,630
0,1753
27,295
27,1798
5,2502
0,2218
0,2924
5,421
5,238
0,2297
0,951
0,1301
5,2822
0,2576
0,2800
0,1993
0,2156
27,312
0,2614
0,2951
0,1652
0,2392
0,1748
0,2455
0,565
27,810
25,1319
0,2491
0,1322
0,1400
0,1798
0,3049
0,2057
0,3000
6,2662
27,887
0,2147
0,778
27,466
28,1163
6,1579
6,2329
27,1724
0,866
25,870
0,808
25,1236
27,855
27,642
27,612
6,1793
0,1706
6,2316
27,513
28,1056
0,3117
0,1869
0,2674
0,2696
0,1661
0,2016
0,1571
0,703
0,620
0,452
0,291
0,3628
0,3296
6,1869
27,351
0,3438
6,1363
27,905
0,2891
0,182
0,2227
0,1003
0,3050
6,1865
26,1043
0,2332
26,141
0,1485
0,1540
0,1099
0,1916
0,1838
0,278
0,1382
0,1261
0,495
0,1757
0,1502
0,1770
0,2083
0,2262
0,1076
27,1687
0,791
0,2963
0,2802
25,1103
25,927
25,1063
0,905
0,1324
25,926
6,2625
27,703
0,2536
0,1592
6,2056
0,1038
27,470
27,398
0,1821
27,1366
0,1373
0,1019
25,1719
0,2135
27,743
0,634
27,623
27,642
0,1540
25,1467
28,286
27,906
0,1243
0,897
0,2095
0,496
0,2420
0,2745
28,1160
27,328
0,1908
27,404
0,1959
0,1730
0,2141
25,489
0,1321
0,1666
0,1778
0,1926
27,243
0,2679
0,1618
0,2182
0,169
28,666
27,556
0,1972
25,348
0,1715
0,1003
0,1465
0,1911
0,1608
0,2047
0,462
25,518
27,764
27,550
0,838
27,472
0,1156
5,1327
28,1195
6,1707
25,976
0,2447
6,3075
0,2436
0,1324
0,391
6,1700
0,2291
0,1671
0,668
0,2403
0,537
0,1611
0,3532
6,2407
25,723
25,342
28,173
28,679
25,592
26,1087
26,917
25,1272
25,940
26,957
26,1682
26,843
27,603
26,654
28,363
26,896
1,742
1,3311
1,285
0,1529
1,1533
1,2506
26,833
25,602
1,1353
28,145
26,604
25,682
25,518
26,665
26,958
26,289
25,1037
4,1155
26,912
26,1318
4,2007
25,768
26,1172
26,154
1,2051
26,929
27,601
26,1215
26,1797
26,1033
26,2077
25,394
25,615
26,1509
26,619
26,163
4,922
26,1622
25,1011
25,815
4,585
26,1214
26,1058
25,188
25,573
26,425
26,1124
26,1021
26,1158
27,445
26,707
26,723
4,218
26,997
27,594
25,534
25,939
26,1372
26,526
26,1509
26,1079
26,813
26,288
26,1378
26,451
26,245
1,1829
1,1577
25,645
26,1327
27,57
1,1605
26,712
25,891
26,547
1,3692
0,2651
1,1986
26,397
0,386
0,3443
26,267
26,874
26,728
1,963
1,757
1,2658
0,2065
27,605
26,928
0,564
1,2340
1,3572
1,385
25,630
1,2435
1,2462
1,2914
1,2115
26,884
1,1461
0,425
1,938
28,1305
25,960
1,531
6,2491
1,1222
1,2332
1,1633
1,1949
1,2234
1,2325
0,1965
26,1240
1,977
26,1145
0,1912
1,2901
1,1428
1,2584
27,145
1,1523
1,1347
1,706
1,2301
0,1012
1,1032
1,2120
25,643
26,512
1,1968
25,216
26,929
25,1212
26,792
1,1268
1,3978
1,2441
25,1543
25,727
0,1534
26,805
26,388
1,1671
27,433
26,1324
5,2885
1,1714
1,1594
1,692
26,1192
28,530
1,1587
27,721
0,2159
26,1357
0,815
0,549
0,568
27,293
1,1549
25,223
25,529
1,1969
1,1011
1,352
0,253
25,830
26,1033
26,1121
25,1156
1,1589
27,353
0,2066
26,551
25,739
28,884
27,313
0,2353
1,1785
1,1376
26,490
1,954
0,1956
1,1546
1,1813
27,301
1,1142
6,3098
0,372
25,1710
0,1086
1,1512
1,1190
0,607
0,2738
0,431
0,1134
0,340
0,147
0,2004
0,524
6,1349
1,914
28,376
6,1869
27,485
1,1904
1,1582
1,1723
1,1580
1,1370
5,3331
25,780
26,1331
1,1368
26,307
0,305
0,1174
5,1342
1,2023
1,813
0,1089
6,688
0,707
1,501
1,1480
26,226
1,1548
1,192
1,1588
25,826
1,2033
25,855
1,1755
1,953
1,1070
26,1219
27,229
0,2424
1,2325
27,274
0,2575
1,1617
1,1420
1,1224
1,1198
1,379
1,501
25,635
0,1082
0,494
26,263
1,1687
1,772
27,498
27,1100
1,1694
0,3177
27,661
1,1424
26,861
1,568
1,1403
1,1879
1,1022
0,483
0,610
6,1941
6,618
1,1632
0,1942
26,955
26,1150
26,766
1,1992
1,931
1,2889
1,455
1,984
1,1062
1,1504
1,1389
1,1353
1,1592
6,1341
26,287
1,2250
26,1619
1,2956
26,926
6,1834
0,2009
1,1710
1,1676
1,677
1,2068
5,2279
1,1046
1,3410
26,919
1,2074
1,1963
5,565
1,2271
1,2851
26,584
1,1659
1,2770
0,329
1,1070
1,968
0,2239
26,1454
0,1322
0,1104
1,1980
25,500
1,2381
0,1122
1,710
1,2136
0,2332
25,1537
1,1850
1,1702
1,505
1,373
25,788
1,1057
1,450
25,985
0,1653
28,302
1,2334
0,3656
27,604
6,2189
0,2350
1,824
0,721
0,1888
1,1081
1,1938
6,823
6,789
1,990
1,929
1,1732
1,1222
1,1450
27,267
27,1257
1,548
0,1213
0,2580
6,1555
0,2586
27,634
0,1901
0,2320
6,1346
0,2988
1,1537
0,2235
0,1906
0,2508
0,801
1,1895
1,1212
1,1124
6,2010
0,5485
25,863
25,199
0,2738
26,1090
25,577
28,401
27,1008
1,1290
6,2685
25,244
26,414
26,650
26,678
0,3658
1,1710
25,1126
26,1292
6,924
0,2782
6,1895
0,849
0,3361
0,3722
0,1716
0,2573
27,82
27,1106
27,1641
27,158
0,2156
28,855
6,1849
25,1504
0,2836
0,726
0,2411
0,3481
6,1725
0,1777
26,1323
1,746
25,799
5,2379
27,784
27,1318
25,183
0,1869
25,423
6,2402
0,1652
1,1382
1,972
1,1405
1,1666
26,749
0,1892
1,1343
6,2302
0,1420
6,1606
0,2595
0,1558
0,3302
6,3212
1,1885
5,888
6,723
0,2712
0,413
6,1780
0,2007
26,1569
0,334
6,2516
0,1548
27,739
1,1458
28,1158
26,324
25,461
1,1880
26,688
0,2142
25,167
6,630
1,2432
27,415
6,2641
0,2216
0,2420
26,173
1,540
1,869
27,461
0,2368
25,698
0,2693
0,2474
1,1055
0,224
7,2048
28,918
0,1313
0,1937
0,2205
0,2686
1,1562
28,1007
0,2520
1,769
26,1071
0,1532
27,420
25,969
1,1200
1,876
1,2249
1,2178
25,173
1,1129
25,430
0,1650
1,1434
1,893
0,942
26,668
26,1545
0,861
0,760
1,1802
1,565
26,534
26,1200
6,2278
1,1301
1,2979
6,1650
0,2203
0,691
0,1824
0,1342
28,973
0,1179
0,1034
6,1986
1,1598
5,2286
0,2262
25,98
0,2184
25,267
0,605
6,2962
26,3463
25,981
0,1931
1,2262
0,806
26,1640
0,3222
0,1167
1,317
1,398
0,947
0,1782
0,3030
0,1125
1,1062
0,2164
27,447
27,336
26,686
0,890
1,1698
0,1448
0,1539
27,875
26,862
26,1418
1,2563
0,2275
1,2133
0,2477
1,1672
1,2679
25,1684
1,1888
1,1909
0,2234
0,1548
0,1825
1,1184
0,2255
0,986
1,679
27,784
0,2500
0,456
6,1164
1,2177
0,451
1,1302
1,633
1,1074
6,1173
1,1717
0,3040
26,1132
0,1454
0,2532
27,826
6,2632
0,2028
0,2011
0,1181
26,1107
0,1020
0,1609
6,1876
6,615
0,2610
26,678
0,2075
0,1756
25,942
0,2830
0,1738
0,1531
0,2452
6,890
0,3498
5,737
6,556
27,955
0,3706
0,3411
0,1408
0,1387
0,1930
0,2030
25,1139
25,469
0,2118
0,3361
0,2047
25,272
25,355
27,554
6,2004
27,363
0,1822
1,2318
25,755
0,1924
0,3136
0,2875
6,2221
0,2988
26,1385
0,1242
6,1655
0,3986
26,1156
1,2286
6,2357
1,2991
0,1132
0,1788
26,1371
26,1434
0,1613
1,1229
0,1591
0,1585
1,1963
1,1756
1,2746
27,751
27,553
26,2501
0,1677
0,540
27,541
0,629
6,1987
25,449
27,57
1,1238
1,2062
1,1988
0,1370
6,2817
0,2222
26,813
26,714
0,2331
18,2351
1,1139
26,541
6,2347
1,708
1,1815
26,1190
0,2807
0,1507
27,671
25,516
0,2670
1,1066
0,1295
0,2388
1,2158
26,1415
0,1753
25,824
27,723
1,1625
0,2136
1,2168
1,1845
27,693
1,2734
1,1639
0,2097
26,959
1,950
0,2557
1,2350
1,375
26,1201
26,963
0,1699
0,1701
27,602
1,2123
1,2258
0,1010
0,2922
0,2554
1,2008
0,1517
0,1459
6,1804
25,479
28,229
25,439
0,192
0,996
1,1978
0,1632
26,769
26,671
1,1730
0,443
26,582
0,1925
1,1499
1,1796
1,1237
1,994
1,1941
1,756
1,1428
0,463
0,1565
0,3047
6,3380
25,432
0,2855
0,1634
27,546
0,2029
0,1775
0,2816
0,1448
0,861
27,153
0,744
0,1011
0,1065
25,1538
0,2979
0,2073
0,1847
0,2073
0,2747
5,1673
25,1086
0,2562
0,1612
0,3757
0,822
0,2556
0,3140
27,845
0,2859
0,2564
5,770
5,378
0,2911
0,693
0,3379
0,2267
27,816
0,1509
0,1700
0,1621
0,567
0,2751
0,2261
0,2443
0,281
0,367
0,2096
0,3010
0,966
0,1844
0,1808
0,604
0,3832
0,804
25,504
25,1410
5,2825
25,1950
5,1445
27,538
27,865
0,1989
5,786
0,2855
0,3198
0,289
0,2615
0,2080
0,3196
6,2361
0,943
0,1865
5,1617
0,954
27,398
0,2881
0,2392
0,1999
26,776
28,578
5,1292
25,544
25,782
27,879
25,338
27,745
25,727
27,402
27,1021
28,256
27,1106
27,250
25,907
5,2001
28,941
6,2216
0,3889
0,327
0,792
0,3569
0,2504
5,1603
5,1819
26,129
26,702
0,829
0,2616
27,262
0,454
4,368
0,2421
0,1222
27,431
0,2393
0,1966
0,488
0,2701
6,2544
0,1626
0,2222
0,3648
0,2986
25,1454
28,310
27,857
0,984
25,242
0,2693
0,2425
0,2516
0,1998
27,894
0,2584
28,1216
28,1186
0,1994
0,3215
0,2719
0,293
0,1061
0,475
0,3130
0,2513
0,2549
0,1427
0,559
0,2799
0,1277
0,1766
0,2365
0,2451
0,2108
25,415
27,727
25,297
25,1035
25,207
25,630
26,372
25,1233
25,1088
25,580
0,1496
0,1741
0,2881
27,454
27,748
27,898
27,947
0,1938
27,789
0,2666
27,900
27,541
27,106
0,2695
27,364
5,2721
0,1756
6,354
0,1441
6,1707
0,1716
25,304
0,1067
0,1788
6,3571
26,504
26,539
0,1723
5,2067
0,1956
25,624
0,2710
0,1463
0,2122
0,380
25,500
25,113
25,432
0,2062
27,896
0,770
0,3360
27,1416
0,3461
26,458
0,2530
5,914
5,171
0,1711
6,1094
6,956
0,4106
25,1413
27,328
0,1191
0,2641
0,2189
0,1334
0,3010
5,754
27,433
0,1044
0,3094
6,2760
1,2676
26,418
28,1177
27,387
27,336
1,577
1,2358
5,1988
0,1425
27,563
28,356
1,1496
1,1480
1,1668
26,964
1,2545
1,2152
1,806
1,721
0,2260
26,1267
26,760
27,231
26,762
28,320
26,1034
26,1462
1,1771
26,578
26,1606
0,2516
1,3377
1,2957
1,1360
25,404
26,1128
1,2489
0,2939
26,1195
1,2312
1,2398
25,1290
26,1414
8,1445
26,211
8,1915
27,643
27,238
26,809
25,352
8,1349
26,831
27,283
25,587
26,672
8,1825
26,663
25,483
25,622
26,590
27,572
26,1080
26,487
0,1394
25,456
26,201
26,1126
0,2026
1,2248
0,1443
1,1988
1,1607
0,1876
0,495
0,1565
1,2257
0,2468
25,371
0,3603
0,1954
26,777
25,524
0,1266
25,692
26,807
0,3177
0,2499
28,908
25,286
0,1192
0,2787
26,591
28,591
27,200
6,2615
7,904
1,1882
0,2266
1,765
0,639
1,2709
27,424
1,1930
1,1603
0,2498
6,2234
1,2294
1,899
1,2179
0,1901
1,939
0,1504
0,1744
1,1681
25,658
26,274
1,1450
0,1077
0,1248
0,3257
1,1982
0,1091
26,850
27,1047
0,956
0,2558
26,693
26,694
1,1921
26,1150
1,1604
0,2861
26,1414
0,3147
27,412
1,2083
0,2861
1,1927
27,368
0,1907
0,2410
1,654
1,1761
26,601
1,1678
26,494
0,3005
1,3825
0,3060
0,929
0,1073
0,2504
25,325
0,2540
27,587
26,1393
25,235
1,1383
0,1246
0,946
1,1244
0,1608
26,1035
0,2854
0,1133
25,1250
0,3046
1,601
26,1156
6,1682
0,980
26,213
0,1189
0,597
25,708
27,1873
0,1761
26,375
0,1689
1,2451
0,3913
25,910
25,617
1,2701
1,1382
0,2696
0,2865
1,237
1,1753
1,1789
26,638
1,2669
27,191
6,904
28,454
1,1720
8,236
28,105
8,310
27,453
26,108
26,1259
8,1386
8,1362
26,537
26,921
0,2070
0,543
28,510
1,3545
0,2287
0,362
0,3020
0,1929
0,2881
0,1139
25,842
0,2463
26,613
0,1815
0,2514
26,422
26,495
27,238
26,335
1,2846
0,2136
25,531
25,804
26,203
26,676
25,893
26,1184
28,173
26,679
1,3444
0,111
26,1032
1,3596
1,1761
1,1643
1,3053
27,829
27,518
25,483
26,1314
26,807
25,240
25,975
25,350
8,1813
26,569
26,448
26,230
28,897
26,1929
26,1073
26,1496
25,603
26,109
25,608
26,246
28,593
0,3417
25,974
6,1976
0,3736
0,3391
0,1791
25,2205
1,1147
6,2154
0,2952
0,1229
0,1582
26,1084
25,1170
0,1222
0,2056
0,1082
0,2215
0,588
0,2371
0,1751
27,231
0,2452
0,2309
0,1604
0,418
0,2018
26,1134
27,709
27,171
26,852
0,3213
25,546
0,1835
0,2200
0,2673
25,154
0,2220
0,2295
6,3001
0,1335
25,1032
0,2667
0,1766
25,417
0,2177
27,598
0,4192
0,679
0,2088
27,744
5,2924
0,1198
0,1236
5,2140
0,1631
0,2477
0,1852
6,2538
0,950
26,2120
25,747
25,1332
0,3234
26,1094
0,3525
0,783
0,1187
0,2478
28,1523
0,3090
27,306
0,2387
0,426
0,1125
6,2112
0,2040
26,527
26,777
0,2136
0,1136
0,1532
0,475
25,1082
28,957
0,2762
0,1630
0,1117
0,389
6,2306
25,436
0,1004
25,953
0,1969
27,472
0,1215
0,1467
6,1293
28,264
0,1040
0,1207
0,1205
25,886
0,1967
0,2752
0,3710
6,3610
0,1445
5,1375
0,2500
0,1077
0,2615
6,2389
6,2013
0,2715
0,1557
5,351
0,708
6,2426
5,1762
27,906
0,2374
0,2866
0,2610
25,157
0,2329
0,2545
0,3136
0,2830
0,1595
0,1701
27,896
0,2507
0,3350
0,1357
0,1879
27,783
0,1250
0,2360
0,1309
25,1078
0,2612
25,426
0,2543
0,1934
0,1918
0,2787
0,360
0,2580
0,333
28,389
25,722
27,490
26,504
0,848
0,1108
0,1868
25,793
6,2712
0,1546
0,740
27,280
16,3014
28,726
16,2723
16,1865
16,1771
16,1675
16,2400
26,1129
26,2461
16,4513
16,3153
25,737
16,3106
27,250
27,1230
25,414
16,793
16,1864
26,1702
28,540
16,4216
16,2312
16,4183
16,2153
16,883
16,4975
16,3907
26,990
16,2640
16,2189
16,773
25,1116
27,253
16,2160
26,980
16,927
26,418
25,804
16,1650
26,1403
16,2482
28,535
27,240
16,2406
26,294
16,1682
16,3879
27,709
27,1206
28,602
27,203
27,396
27,1254
16,2033
16,3098
16,896
16,2914
16,2144
26,1354
26,1022
16,2098
25,630
25,247
25,660
16,4066
16,2926
25,246
16,1245
16,185
16,2724
26,529
16,503
16,2200
16,1484
26,1428
25,604
16,3704
26,1092
16,453
16,1483
26,808
16,1457
16,1405
26,801
26,1131
16,3453
16,2480
16,368
26,703
26,1248
16,244
16,3309
26,478
16,1612
16,499
25,894
16,1919
16,3219
16,2256
16,3027
26,1117
26,917
26,928
26,790
16,2490
27,549
16,3673
16,2869
25,161
25,210
25,1488
27,899
16,3223
26,305
25,369
16,1212
26,949
26,1521
28,833
26,1422
16,1945
16,462
27,630
16,2657
27,231
16,3226
16,3003
27,2155
16,3880
16,1035
16,2193
27,148
16,3252
16,386
16,4792
27,119
26,603
16,3822
16,3058
16,3948
16,1493
16,4279
16,3593
16,5561
26,1414
26,500
27,582
26,996
26,1531
16,3246
26,1383
26,168
16,4721
26,636
16,3508
16,2902
26,1904
16,508
26,192
16,815
16,2493
16,4323
16,1516
16,5167
27,654
25,571
27,365
27,459
26,611
26,1004
16,4321
16,4160
27,93
16,1803
16,4355
16,1764
16,4572
26,1135
27,494
27,383
16,1756
16,3017
16,5248
16,2970
27,807
16,4103
25,469
16,1179
26,1125
16,5388
25,2549
27,1249
27,405
25,1490
25,2336
25,2584
25,1208
25,4373
25,2301
25,455
4,1335
25,2534
25,1192
25,1438
4,1495
4,1435
4,1362
4,900
8,509
25,184
25,650
4,1137
25,1331
27,678
4,3160
25,330
25,2440
4,1565
8,1957
4,1132
25,469
26,586
8,1374
8,2346
8,442
8,898
8,2144
26,1235
25,944
26,302
27,1177
26,761
26,1205
26,526
26,474
4,539
8,377
8,2290
25,915
8,1368
8,1772
27,569
7,771
8,1417
8,1935
26,788
8,975
26,909
25,1035
26,1051
4,1328
25,957
25,2752
25,2386
25,4897
27,1187
25,2683
25,954
4,1736
4,956
4,887
27,557
25,357
25,832
25,3103
27,851
8,1843
8,2750
8,2277
8,1096
27,546
8,2748
8,3633
8,1000
26,1431
8,1510
26,652
25,654
27,595
26,1326
26,1215
25,893
26,819
26,972
26,853
8,2323
26,1133
26,563
1,2270
26,514
1,2224
26,1032
26,1240
25,805
28,447
8,1500
25,592
26,581
25,1109
26,1582
26,1043
25,741
26,969
0,2184
8,3230
26,1153
8,128
27,137
25,579
8,801
27,487
26,994
8,1139
28,534
8,2499
8,2124
8,1121
8,2658
8,656
26,727
25,1532
8,2450
28,653
8,1766
25,806
27,985
1,1350
27,609
1,2236
1,1220
1,2603
1,2725
1,1172
1,3612
8,1940
26,249
8,858
8,2290
25,541
26,759
8,1333
26,876
25,1242
27,642
26,294
8,1172
8,864
25,894
8,483
25,769
26,896
8,394
26,870
25,585
8,1457
8,1280
1,2925
1,3657
26,1299
1,1455
1,2987
26,1028
8,1301
26,1040
26,903
8,3040
25,567
8,2434
8,1584
26,919
26,870
8,1298
8,1372
27,429
8,1852
8,2027
8,2857
26,687
26,415
25,817
25,721
8,2153
8,1329
8,2064
26,510
8,455
4,2276
26,983
26,1472
25,901
26,704
26,1222
25,1179
26,3991
25,502
25,1432
26,871
8,859
8,2062
25,392
25,470
28,478
26,1431
28,492
26,467
26,516
27,729
26,1092
27,1022
25,755
26,751
8,1097
8,2367
26,1687
8,1230
26,687
26,532
8,2706
26,1095
26,1108
25,1640
7,715
26,2067
26,1082
26,1523
8,1152
26,280
28,633
26,500
26,852
26,790
25,120
26,1147
26,757
26,852
27,630
26,671
26,546
26,1240
27,1020
27,656
26,1098
26,1254
26,1461
26,1796
25,872
26,714
25,836
27,465
27,773
25,390
28,208
26,783
26,335
26,1423
25,356
26,907
25,226
26,2720
26,113
26,812
26,278
26,415
26,616
26,487
26,796
26,328
25,271
26,364
26,946
26,477
26,699
26,1221
26,698
26,1125
25,693
25,552
26,1326
28,468
26,229
26,118
26,1194
26,233
25,1429
25,3535
25,3015
25,4409
25,1104
25,4911
27,1147
25,2659
25,2703
25,2059
25,5420
25,3736
25,1302
25,872
4,816
25,1134
25,2094
25,1194
4,484
7,2708
8,2094
8,726
8,600
8,2529
4,2814
4,315
25,739
25,931
25,1556
25,1363
4,456
8,1982
4,202
4,871
26,1279
4,394
26,385
26,1378
25,1976
25,1004
25,1853
25,628
27,705
25,1123
25,1892
25,2671
25,1400
25,2028
25,1311
25,1539
27,338
25,3398
26,750
27,375
25,1148
25,1277
26,975
25,470
26,442
25,227
25,430
26,1041
26,217
25,706
25,4765
25,1233
25,823
25,1610
27,2183
25,1103
25,577
25,1355
25,1009
25,745
26,817
26,617
25,1384
25,988
25,1320
25,1617
26,1133
25,823
25,839
25,212
25,2788
25,922
27,994
27,519
27,670
25,3517
27,327
25,3718
27,1314
25,2814
25,3029
25,2985
25,2315
26,885
26,1886
26,1015
26,1019
26,714
26,1212
26,990
25,431
26,853
26,1009
26,474
26,351
26,395
26,628
26,518
26,302
26,942
26,277
26,376
26,433
26,577
26,684
26,834
25,1661
25,1439
26,446
27,1729
28,737
27,1009
25,3301
25,2674
27,1075
27,1174
25,1847
25,2250
25,2009
25,4435
25,3344
26,209
26,712
26,555
26,1072
25,2976
25,811
25,1464
25,1223
26,865
26,705
26,335
26,1498
25,717
27,560
26,840
26,615
26,695
26,906
26,1051
25,411
26,203
26,459
26,1662
26,736
26,749
25,309
26,1250
25,414
26,1108
16,2170
25,557
26,645
26,1167
26,1127
26,937
23,2230
26,516
25,813
26,117
27,430
27,1258
27,436
27,345
27,283
27,998
27,321
27,1994
26,666
27,358
27,2568
26,232
26,463
25,703
26,314
27,1233
11,1301
11,1558
26,1059
25,824
25,948
27,947
28,1211
11,2113
25,809
25,846
26,1003
27,921
28,280
27,834
27,409
27,310
26,855
26,803
27,289
25,1389
25,256
27,525
27,1783
12,1562
27,904
27,1533
26,1435
26,476
26,278
26,851
26,746
27,636
27,797
26,595
27,1200
27,398
27,933
27,475
27,620
26,176
27,296
26,1167
28,840
26,79
26,518
26,668
25,753
26,391
26,1012
26,75
26,89
26,564
26,620
26,626
26,673
26,821
26,573
26,564
26,795
26,497
26,357
27,279
26,239
26,366
26,950
26,543
28,719
26,755
26,636
26,701
26,1071
26,248
26,875
26,1332
26,596
26,1031
26,2496
27,690
27,1471
26,222
26,1784
26,226
26,502
26,78
25,999
26,664
26,186
26,866
26,200
27,303
25,992
27,348
26,1024
26,682
26,1500
26,1380
25,198
26,616
26,635
26,545
26,1167
26,569
26,1308
26,878
26,734
26,926
28,653
26,977
26,732
26,940
26,913
26,2342
26,1410
27,451
16,2761
16,2041
25,629
28,385
25,2031
28,95
16,1301
25,733
16,1861
16,1531
27,278
27,1124
25,823
25,1125
26,778
25,1145
26,554
16,1414
26,518
16,2129
27,725
27,318
27,267
27,1515
27,840
27,1107
25,812
26,918
27,578
25,1055
25,1929
27,1138
26,885
26,1545
27,1198
27,682
27,403
27,667
27,722
27,1095
27,261
27,573
27,491
25,213
18,1295
26,646
18,1022
25,1019
18,744
16,2537
26,1678
26,759
25,481
16,3061
16,2281
16,696
26,1144
16,2147
16,488
16,1579
16,989
16,2320
16,1871
25,77
26,279
26,1104
26,1166
16,2721
16,2961
26,810
16,2929
16,612
27,1255
16,2577
25,267
16,1026
25,1401
16,1786
26,622
16,1575
26,2095
16,3918
16,3041
26,1891
16,2779
16,1677
27,916
16,3184
16,1417
26,177
16,391
25,435
25,818
26,1630
27,1067
26,1399
26,1444
26,1382
16,243
16,1509
16,2316
26,1358
28,706
16,2076
16,1854
16,1976
16,1183
26,637
26,1155
16,4057
16,4044
16,2204
16,2955
16,2328
26,1226
26,371
25,327
27,673
16,3141
25,427
26,629
16,2286
25,609
25,223
16,3350
16,2270
16,2096
16,3361
16,2166
26,430
26,610
27,142
16,1887
26,560
16,1545
16,1388
26,670
25,712
16,914
16,791
27,249
26,1188
26,1170
25,808
25,191
16,3133
16,2970
26,1296
16,2148
25,1816
26,867
25,235
25,507
28,634
16,962
26,820
26,514
25,456
16,2617
26,1389
25,1321
25,2627
16,3012
26,1759
26,1335
26,2243
16,2322
16,1111
16,729
16,2018
16,2085
26,1251
26,1247
16,2627
25,328
25,582
26,460
28,497
16,3977
26,1499
16,2050
26,903
26,738
16,1220
16,2660
26,605
16,3651
16,1367
26,839
16,2798
27,679
27,988
27,1409
16,1201
27,1327
16,2122
26,3541
25,438
16,1956
16,1909
16,1787
16,1712
28,406
26,1037
16,3054
26,781
6,122
27,697
26,717
16,1982
26,805
25,324
26,1079
26,613
16,3932
16,2830
16,2463
16,3305
28,233
27,521
26,437
28,289
27,482
26,975
26,612
26,1272
16,1820
16,1854
25,61
16,2602
27,160
16,2335
25,432
26,535
26,919
26,267
26,672
16,2767
16,3743
16,2424
26,291
28,535
16,1643
26,795
28,211
16,2273
16,2723
16,2470
25,510
16,2417
26,1832
16,501
27,733
16,2258
25,930
16,1728
16,885
18,1767
16,1901
26,442
25,754
16,2256
16,1493
27,1012
25,793
16,2706
16,1261
27,958
25,190
16,1422
25,94
27,833
26,327
26,628
26,885
26,762
26,518
26,667
25,799
25,644
26,1143
26,1074
25,881
27,538
26,763
26,720
27,1162
26,887
26,670
26,706
26,645
26,111
28,832
26,1462
26,1247
26,847
26,961
26,803
25,635
25,1396
25,506
26,466
26,266
25,375
26,414
26,811
26,2362
25,1055
26,1224
26,787
26,464
26,672
25,2023
26,967
26,807
27,822
26,886
16,533
26,775
25,529
25,952
16,2166
25,1984
27,976
27,856
16,1108
16,1056
16,2232
16,1236
25,714
16,4738
28,642
16,3468
27,636
16,3583
16,3509
25,218
16,1489
16,2434
26,572
16,2577
26,591
16,1022
16,2065
16,554
16,1797
16,2897
16,2094
16,1822
26,543
16,2145
16,1164
16,524
26,1526
26,385
26,458
28,154
16,3201
26,91
26,478
16,1606
16,1706
16,3211
26,1071
27,421
16,1610
27,189
16,2571
16,437
16,2132
16,3154
16,1762
26,1672
16,2936
25,351
27,692
16,1293
25,618
16,1830
28,761
25,390
25,931
26,726
26,1186
16,3715
27,469
16,539
16,1644
26,1355
16,3416
16,860
26,849
16,2816
28,597
26,1024
27,753
26,432
16,2450
16,3002
16,2806
26,2092
26,909
16,2165
25,925
25,99
26,1024
16,952
16,2425
16,3644
26,1570
16,1569
25,181
27,151
27,728
27,815
25,471
16,2452
27,758
16,2740
26,1653
16,2386
16,3184
16,1167
16,3290
27,457
16,2456
16,2121
25,467
26,207
16,2881
16,860
26,2261
26,1058
16,400
16,3022
28,276
27,451
27,697
16,3985
16,2495
26,122
16,349
27,546
26,1015
16,2660
16,2213
26,1311
16,3318
16,2462
16,804
16,639
16,2244
16,1988
16,617
27,397
16,2895
26,1078
16,1180
16,1359
16,1371
16,3398
16,1486
26,779
27,501
28,441
16,2985
16,4754
16,1824
25,788
26,403
26,863
16,4127
16,2239
16,2483
16,2935
16,2555
16,2774
16,3620
25,469
26,313
27,592
16,2761
16,2644
25,600
26,1063
16,2555
27,145
16,2410
16,1467
27,236
16,2189
27,87
16,602
28,481
27,728
16,2440
16,2074
16,4633
16,1479
16,1992
16,3435
16,1200
16,2676
27,582
16,3131
26,450
25,635
26,806
26,912
3,903
3,1755
3,1478
3,1346
3,1519
3,1479
3,1432
3,1315
3,912
3,631
3,65
3,1269
3,1556
3,1926
3,808
3,1627
3,1664
3,650
3,348
3,927
3,1535
3,790
3,1433
3,838
3,1741
3,1523
3,417
3,1271
3,1747
3,1640
3,1236
3,1510
3,2619
3,2340
3,383
3,453
3,1225
3,476
3,1685
3,682
3,1297
3,1846
3,1525
3,1192
3,1245
3,1033
3,1674
3,816
3,1876
3,971
3,2097
3,1760
3,1967
3,952
3,1800
3,2886
3,1583
3,1032
3,2424
3,2911
3,1291
3,1633
3,677
26,920
3,1381
3,1123
3,1509
3,1028
25,513
3,375
3,562
25,899
3,2187
3,744
3,831
3,1474
26,952
26,710
3,1181
3,2203
3,489
3,605
3,1313
3,1064
3,324
3,1575
3,1620
3,1235
3,785
3,1207
0,813
3,1055
3,1621
3,1665
3,1224
3,1199
3,1175
3,1121
3,1235
3,997
3,1095
3,1922
3,1457
3,522
3,320
3,1842
3,1509
3,2088
3,2434
3,2498
3,763
3,1488
3,1371
3,1405
3,1080
3,2036
3,1074
3,1455
3,1968
3,1316
3,2276
3,1869
3,1863
3,2516
3,1339
3,668
3,2115
3,2135
3,2800
25,472
25,886
25,382
25,1559
3,1730
25,1088
3,2279
3,1449
3,2495
3,1138
3,904
3,1444
3,1933
3,544
3,1011
3,500
3,1440
3,666
3,702
3,2596
3,2322
3,3645
3,1333
3,1370
3,1002
3,1752
3,868
3,1761
3,1512
3,804
3,1413
3,1112
3,1439
3,2443
3,2497
3,2029
3,2378
3,1092
3,1539
3,943
3,3484
3,2652
3,3257
3,2360
3,1624
3,2135
3,2647
3,1594
3,1580
25,300
25,1476
25,856
26,705
26,1555
3,981
3,1310
3,679
3,1279
3,1031
25,1023
27,659
3,859
25,1583
3,585
3,1386
3,1612
3,1155
3,1241
3,784
3,723
3,1314
3,1203
3,2301
3,905
3,1418
3,2208
3,294
3,2622
3,1812
3,586
3,1855
3,1330
3,932
3,1756
3,638
3,1598
3,533
3,1112
3,380
3,1674
3,730
3,1062
3,1612
3,2155
3,2224
3,4363
3,1791
3,1690
3,1355
3,1081
3,1234
3,371
3,709
3,974
3,1016
3,1469
3,255
3,1462
3,607
3,852
3,1637
3,1749
3,1988
3,456
3,934
3,978
3,406
3,1550
3,1339
3,1438
3,335
3,1516
3,1557
3,363
3,1454
3,1715
3,1312
3,843
3,1358
3,1293
3,1817
3,1088
3,540
3,1216
3,1686
5,209
25,155
6,1424
25,385
25,503
6,449
3,235
3,1008
3,932
3,132
3,1209
3,950
3,543
3,714
3,1242
3,716
3,1318
3,693
3,2202
3,516
3,190
3,1251
3,366
3,289
27,373
25,976
25,664
28,1022
27,804
25,699
25,1345
25,895
27,1691
27,773
27,574
2,606
25,280
6,1899
25,586
26,742
2,296
28,63
27,776
27,1557
27,867
27,602
27,277
5,1387
25,1058
27,508
26,440
27,194
27,470
25,896
28,320
27,374
25,1313
25,926
28,947
26,747
25,289
25,620
25,1661
27,406
27,260
25,1358
26,756
26,1056
25,564
25,497
5,1931
27,200
25,155
25,358
27,1183
25,631
25,708
25,610
25,411
5,2723
25,695
27,489
25,120
25,597
25,255
26,338
26,1027
27,521
27,488
25,876
27,241
25,263
27,1296
27,512
27,702
27,193
27,286
27,1016
27,294
27,698
25,1458
25,506
27,715
25,959
3,340
3,890
3,1329
3,1275
3,1205
3,946
28,390
3,2217
25,298
3,1690
25,1781
27,824
6,2535
25,629
25,1422
6,3143
3,1711
3,1484
25,802
3,975
25,298
27,600
27,870
28,507
28,503
28,352
3,1925
3,1901
3,1510
3,660
3,1485
3,3068
3,918
3,1952
26,1428
3,2150
3,1591
3,862
3,1326
3,1441
3,1130
3,1759
3,1609
3,1468
3,238
3,1722
3,1798
3,2107
3,1505
0,225
3,1572
3,1295
3,1636
3,2424
3,1355
3,535
3,1119
3,1575
3,1767
3,1354
3,1559
3,1071
3,797
3,832
3,342
3,778
3,2331
3,2336
3,1552
3,1470
3,1802
6,3247
25,1334
3,238
3,1173
3,1340
3,1529
3,1182
3,701
3,1383
3,239
26,798
0,2492
25,680
3,1422
3,833
25,1693
3,1575
3,1675
3,1368
3,1064
3,45
3,748
5,23
3,1762
3,894
3,1211
3,1600
3,1598
3,1812
3,2149
3,765
3,1378
3,1254
3,1408
3,1323
3,1484
3,806
3,1469
3,960
3,958
3,1390
25,622
3,853
6,2923
0,4827
25,565
0,4630
6,3769
6,2734
3,1303
3,2752
3,1138
25,714
3,152
3,1545
3,2002
3,1755
3,1737
3,1061
0,402
3,1823
25,1056
3,2314
26,1163
25,427
25,1334
25,968
28,644
27,548
25,200
25,1863
0,2897
3,1834
25,830
25,733
26,537
28,662
0,3403
0,3553
0,3580
28,708
25,252
28,479
6,3147
25,336
6,752
25,1342
3,502
3,820
0,2547
3,692
3,1048
25,1252
3,1605
3,1797
3,610
3,269
3,796
3,2830
3,972
3,1586
3,1652
3,1395
3,1592
3,1522
3,1255
3,1634
3,1014
3,765
3,393
3,1643
0,801
3,389
25,319
0,1084
25,882
25,263
3,410
25,966
3,1050
3,1517
0,3583
3,1287
3,1865
25,500
3,1335
3,1969
3,1165
3,1272
3,1995
25,869
3,1069
4,340
25,934
3,1240
25,585
0,2225
27,489
25,648
25,1105
26,691
25,1681
3,1758
3,602
3,765
3,1381
3,1010
3,1296
3,488
3,258
3,1394
3,1083
3,2062
3,367
3,1698
3,1798
3,1790
5,2256
3,1945
3,567
3,1445
3,1173
3,1333
3,1645
25,1570
3,673
3,198
3,1350
3,594
3,1773
3,2653
3,882
3,1095
3,420
3,192
3,813
3,487
3,2185
3,779
3,1462
3,1384
3,1044
3,553
25,200
3,1508
3,1141
26,1048
3,823
25,162
25,615
28,731
25,700
25,947
0,1132
0,1529
6,1503
26,535
26,855
27,317
3,2096
25,333
25,581
3,815
3,1920
3,2595
3,558
3,1906
3,540
3,1841
3,1054
3,1744
3,1011
3,431
3,870
3,1486
3,1839
3,653
3,334
3,663
3,642
25,711
25,789
25,302
3,702
25,1673
3,595
3,1162
3,1580
5,2180
3,1257
3,448
0,2120
3,990
3,1848
3,1275
3,429
3,343
3,1923
3,227
3,554
26,886
26,1533
3,1348
3,593
3,1424
3,913
3,1595
3,1350
3,1419
3,302
26,1437
25,753
25,369
25,148
27,155
27,484
25,1006
28,277
28,288
26,947
25,97
26,545
25,153
25,828
26,493
27,424
27,607
25,229
27,611
25,365
27,473
27,1476
25,305
25,969
25,422
25,513
27,933
25,1073
27,830
26,195
25,172
27,1045
25,651
25,896
2,257
25,875
26,313
25,316
27,367
27,100
25,351
27,951
3,2635
3,420
3,453
3,1815
3,1505
3,1389
3,183
3,684
3,1936
3,863
3,2323
3,1657
3,499
3,526
3,2214
3,687
3,1081
3,721
25,189
25,1315
25,655
25,816
25,456
27,190
26,145
27,562
26,800
5,1892
25,939
25,873
28,216
5,836
25,884
27,212
28,720
25,694
25,1154
25,410
27,1138
27,1809
26,558
27,436
25,995
27,2462
25,307
27,263
25,417
25,887
2,817
25,133
2,79
3,1513
25,495
25,288
3,500
25,204
25,92
3,1611
3,999
3,2023
3,1774
3,521
3,1933
3,560
3,1052
3,796
3,1476
3,1761
3,3271
26,546
26,756
25,227
3,1858
3,1295
3,1685
3,483
3,969
3,1312
3,1370
3,1699
3,1355
27,447
27,515
25,724
25,270
25,403
25,584
27,257
26,463
26,486
28,159
27,751
25,513
26,720
27,711
25,1378
25,1433
25,1134
25,322
2,1068
28,760
25,227
25,269
26,765
26,485
25,118
25,317
25,95
28,630
25,600
25,1004
28,166
25,337
25,151
27,338
25,619
25,410
28,595
25,662
25,326
27,488
27,428
27,726
26,1009
25,914
25,774
25,389
3,1622
3,520
3,1751
26,277
25,833
3,2031
3,449
3,1609
3,2180
3,1930
3,817
3,1684
3,371
3,722
3,712
3,1441
3,592
3,968
3,1729
3,1465
3,1418
3,2047
3,601
25,885
3,913
25,1056
3,1230
3,1722
3,2588
3,1745
3,2037
3,1560
3,1555
3,1832
3,1586
3,1540
3,1487
3,2288
3,482
3,1703
25,228
27,321
3,2395
3,794
3,1398
25,586
25,794
3,2103
3,1632
3,468
3,1826
3,546
3,2352
3,2309
3,1572
3,1954
3,1794
3,1703
3,772
3,687
28,1148
0,2966
0,4213
25,1412
27,591
0,2264
25,1243
3,255
0,2678
0,1418
25,728
0,1905
0,1954
0,2417
26,1102
0,926
0,2495
0,1906
0,3192
0,3026
0,1792
0,1796
0,2781
0,4373
0,2112
0,2642
0,462
26,514
0,1099
0,523
0,1507
0,2111
0,2601
0,1287
0,1129
0,1264
26,556
27,628
25,820
0,960
0,842
0,1340
0,2597
25,930
0,2042
0,218
0,1218
0,2020
0,376
0,2602
0,324
0,1369
0,3306
0,2606
0,1899
0,3033
0,349
0,2962
25,1008
6,2271
0,2769
0,2589
28,603
0,1965
0,1515
0,2244
0,3635
0,2048
0,2846
0,3417
3,1674
3,1718
3,1303
3,627
3,543
3,3824
3,776
3,1922
3,589
3,1331
3,987
3,1633
3,824
0,892
3,1523
3,718
3,1497
3,1422
3,844
3,721
3,1422
3,1413
5,1718
3,1859
3,1259
3,502
3,1162
0,391
3,1790
3,207
3,1957
3,226
3,1352
3,1849
3,1858
3,1330
3,1272
3,1320
25,1610
0,1680
5,3732
5,1100
3,1111
28,912
3,3325
0,2155
25,615
5,2526
3,3351
3,2424
3,2970
3,990
3,1745
3,1513
3,2833
3,1441
3,1587
3,1775
25,1092
25,99
0,2453
0,2699
0,1484
25,362
0,2928
3,1969
3,534
25,1855
25,866
3,2216
3,1471
3,1432
25,396
26,257
26,572
26,601
3,1865
25,614
0,2012
0,1757
3,1284
3,1937
3,1840
3,1987
0,732
3,1447
3,1144
3,2362
3,1092
3,311
3,1214
3,811
3,442
3,565
3,1320
3,877
3,1704
3,1851
3,724
3,1920
3,2558
3,3554
3,1515
3,916
3,2106
3,587
3,2063
3,2275
3,1667
3,2161
3,1951
3,418
3,1109
3,1184
3,3271
27,106
25,429
26,992
25,244
25,434
25,792
27,426
25,382
27,209
25,474
28,522
25,593
25,726
2,547
3,2692
3,3627
25,644
25,474
25,139
25,885
2,837
25,656
25,729
27,906
25,229
6,2877
25,215
25,159
3,1653
3,1849
3,1484
3,1323
3,1350
3,1297
3,711
3,919
3,460
3,853
3,1706
3,757
3,1210
3,1414
3,677
3,1252
3,759
3,1995
3,1324
3,1982
3,2158
3,1581
3,1595
3,1710
3,1589
3,2147
3,1351
3,1678
25,687
3,375
3,1465
3,1606
25,1287
3,1521
3,1416
3,583
3,978
3,2823
3,1383
25,1086
3,1856
26,674
3,1554
3,2302
3,3350
3,1996
3,1393
3,636
3,1005
3,1528
3,965
3,1621
3,1770
3,1051
3,652
3,1108
3,368
3,1479
3,1914
3,485
3,1277
3,1643
3,2080
3,1434
3,1491
3,1205
3,1372
3,1497
3,1710
25,508
3,1130
3,426
3,1434
3,1025
3,703
3,2322
3,1434
3,1975
3,2811
3,2344
3,221
3,1324
3,386
3,682
3,777
3,1140
3,1612
3,539
3,1850
3,1018
3,559
3,739
3,277
3,1142
3,1463
3,1036
3,1560
3,1640
3,1573
3,1380
3,1076
3,1634
3,1287
3,1681
3,1578
3,661
3,1469
3,1314
3,1677
3,1828
26,460
0,1377
25,341
26,948
0,3991
3,1321
26,666
0,3242
25,735
3,1500
3,1268
3,2129
3,757
26,1250
16,2528
26,1143
26,1430
16,2515
16,2952
16,1376
26,137
16,3284
27,305
26,1389
26,190
16,4380
16,2487
26,753
16,2228
28,203
16,2749
16,1499
16,1082
16,1339
16,3362
16,2796
26,469
28,608
16,2408
16,3848
16,3216
16,1437
27,67
16,1520
27,325
25,591
26,326
25,684
26,386
27,232
16,2174
26,1178
16,2314
26,766
25,604
26,1371
16,1712
16,1962
16,2069
16,2029
26,1462
26,650
16,3775
26,939
16,143
16,576
16,2878
16,579
26,1229
25,578
16,957
26,988
16,1881
26,1019
27,161
16,2489
16,2593
16,1768
16,3250
16,3188
16,444
16,746
26,882
26,349
26,749
26,174
26,285
16,1199
16,450
16,1365
16,3728
26,1003
28,62
16,1012
26,1050
16,3214
16,2401
16,2770
26,784
28,530
16,2389
25,445
16,1648
16,1250
26,1398
16,5231
25,597
26,2020
16,3408
25,808
16,1831
26,853
16,1070
16,2343
25,536
16,2108
16,2021
16,2533
26,788
18,283
16,2424
16,598
16,2726
16,810
26,932
16,2580
26,707
16,1630
27,471
26,820
16,2448
26,330
16,576
16,1780
25,349
16,2537
16,2697
16,1033
16,749
16,2549
16,3396
16,1546
16,2239
26,2036
26,1312
26,891
16,480
16,635
16,1575
16,468
16,2254
26,536
26,683
27,1181
3,838
3,552
3,2683
3,886
3,2039
3,2629
26,1384
25,868
3,1552
0,3147
0,2992
25,1388
0,1205
0,360
5,2810
25,177
0,912
0,2125
0,2911
0,1500
0,3540
0,2931
0,1914
0,2488
0,1693
0,826
0,902
0,2487
0,2963
0,1894
0,373
0,2152
0,1315
0,681
0,1911
0,2465
0,2152
25,984
6,4103
0,2377
0,1767
0,2340
0,2190
0,3224
3,1136
25,246
3,2732
3,3271
26,242
26,1091
27,919
25,738
27,700
25,1495
25,305
25,557
25,1036
25,983
25,1486
27,462
0,2979
25,651
25,997
26,1719
25,85
5,1633
0,3608
27,576
0,3627
5,2838
27,279
27,489
25,548
27,162
28,870
26,107
26,142
27,205
25,365
27,187
25,230
27,806
25,1050
28,704
25,758
25,675
25,918
27,658
25,111
25,294
25,165
25,111
25,75
27,519
25,86
6,3311
6,3050
28,114
26,1049
0,2910
0,1213
0,1776
0,3020
0,1617
0,1616
0,3410
25,954
0,4429
25,1896
0,1158
0,3421
26,734
26,896
26,778
27,699
0,945
25,1584
27,676
0,448
0,1578
0,2341
0,5686
0,2749
0,1945
0,2220
0,1927
0,3441
0,3945
6,4195
5,2809
6,438
27,342
25,728
27,268
27,422
26,1092
26,1171
26,455
25,278
25,111
25,982
27,205
25,367
6,2142
0,2546
0,3209
0,1857
6,3903
0,304
25,838
0,2424
0,2842
0,5858
0,6553
0,1532
0,2680
0,2392
0,3067
0,1756
0,1759
0,3004
0,1046
0,2480
0,3855
0,3499
0,2692
0,2180
0,145
0,1372
0,3118
0,1157
0,1908
0,1330
0,2635
0,863
0,2058
0,387
26,1140
0,3258
0,628
0,1987
0,1110
0,1516
0,2350
0,2004
0,174
0,2380
5,3129
25,587
25,531
27,419
25,341
27,328
25,208
25,503
5,2769
25,523
25,400
25,1071
25,551
27,622
25,397
25,60
27,694
25,587
27,404
0,2749
0,492
0,2451
0,3796
0,3744
0,2483
0,2253
0,5116
0,2763
0,568
0,1341
0,417
0,1818
0,1368
0,1740
0,4149
0,740
26,575
0,1788
26,1781
0,1840
0,2111
0,347
0,2562
0,3154
0,2774
0,640
28,1298
27,938
27,899
27,1010
27,409
28,301
27,1209
27,1566
27,802
27,662
27,779
25,295
25,364
26,1205
27,370
27,548
27,666
27,695
27,1186
25,198
25,714
25,38
25,189
26,236
26,939
0,3192
0,2250
0,1498
0,3729
26,439
25,279
0,2548
25,1108
27,878
0,1471
0,2201
16,1042
26,802
26,848
27,834
26,545
25,1625
27,778
25,834
25,657
25,1180
25,662
16,3757
16,539
26,1239
27,639
27,127
16,2280
16,1674
16,1998
26,1076
26,1029
16,3254
16,4407
27,812
16,3506
25,509
26,1007
27,612
16,1581
26,1123
18,1904
25,1194
26,866
16,1154
16,1686
27,175
26,2238
16,717
27,524
16,2924
27,111
25,568
26,1199
25,244
26,588
16,2948
26,482
26,185
16,2013
25,462
26,397
25,72
16,827
16,2494
16,1305
16,2480
16,997
16,1433
26,3220
16,1088
25,607
25,1652
25,997
25,1096
26,916
25,1011
26,323
16,3253
18,1815
26,687
16,2620
25,1199
26,682
27,1392
27,885
25,1051
25,1308
27,611
27,710
27,969
27,670
16,2684
27,504
27,413
27,328
28,846
27,967
25,1101
27,473
27,327
27,538
27,740
27,905
27,1047
27,260
25,591
16,1540
27,442
26,1035
27,1025
25,1030
25,699
26,243
27,109
25,409
25,287
27,551
25,605
25,1234
3,1086
3,2847
3,2825
3,4236
3,2901
3,1664
3,1213
3,831
3,1683
3,1775
3,1952
3,2094
3,2647
25,1483
27,832
27,424
27,511
27,581
25,421
2,1635
27,576
27,1112
25,485
25,648
25,282
27,390
25,777
25,1094
16,3063
26,1079
27,202
25,1232
28,373
27,724
26,1320
2,822
25,660
25,505
2,916
27,401
27,694
26,255
25,161
25,499
25,982
25,1028
25,884
25,311
25,842
25,670
25,1138
25,1695
16,1307
28,611
26,839
25,686
25,888
26,516
28,230
25,351
25,217
25,764
25,505
26,351
25,145
25,617
25,2616
26,806
27,227
28,664
27,533
25,489
26,529
25,291
25,656
25,430
28,371
27,380
25,241
6,2244
0,3360
25,828
25,230
25,964
0,797
0,1676
27,421
0,3258
0,3591
0,3447
0,830
0,3918
0,3557
0,1724
0,3599
0,1661
16,3042
16,1841
16,2046
28,824
16,1433
16,1413
25,461
25,1055
16,2671
16,2349
25,481
26,549
26,354
0,125
0,3278
6,516
0,5249
0,863
0,2456
26,1029
0,445
26,1713
6,917
6,3274
0,2536
0,6210
0,720
0,1698
0,747
27,112
6,2071
25,1016
27,468
0,4136
0,2002
0,2136
0,3748
0,2126
0,1297
0,669
0,2110
0,1501
0,2827
0,2504
0,1577
0,1751
0,1807
0,4330
0,2840
0,2631
0,4471
0,4517
0,1345
0,711
0,5046
0,4054
0,3864
0,3167
0,4027
0,3454
0,323
0,384
0,3180
0,1182
0,3630
0,1125
0,3222
0,3110
0,3873
0,3762
0,2247
0,2385
0,1938
0,2903
0,5875
25,1300
0,3044
0,1411
0,5830
0,1224
0,1207
0,1655
0,1961
0,4913
6,2186
0,2688
0,498
5,2436
0,2711
0,1942
0,3860
0,1076
0,776
0,1473
0,1325
0,1705
0,2657
0,613
0,597
0,4380
0,1569
0,2591
0,2770
0,1746
26,1421
0,1892
0,2900
0,1002
0,1998
0,2407
0,3171
0,5566
0,2182
0,4500
0,2901
0,1325
0,1366
0,2265
0,3895
6,540
25,850
5,4464
0,1305
0,3271
0,3269
0,1055
0,3484
0,6669
0,793
0,1757
0,182
0,775
25,471
25,724
25,578
25,1621
25,1660
26,445
27,170
25,640
26,210
26,1197
25,850
25,518
26,263
26,258
27,243
16,817
27,535
26,571
25,246
27,621
26,880
25,722
27,184
5,1198
6,295
0,2492
28,245
27,1188
25,682
6,590
25,442
25,134
27,276
25,825
27,370
27,611
25,509
26,583
26,645
25,593
27,93
27,105
27,175
25,1030
25,551
16,1257
16,628
25,1038
25,710
26,873
28,159
25,264
26,1036
26,302
26,464
26,168
25,369
26,693
16,2093
16,632
25,347
16,2450
16,4288
16,2783
16,3238
27,370
27,354
16,3436
16,1179
16,2848
16,575
16,3998
16,1056
16,1339
26,492
16,581
16,158
16,3665
16,2290
16,1527
26,1803
16,2804
28,576
27,528
16,1674
16,1443
16,1981
16,1108
28,566
16,1694
16,1605
26,979
16,1607
16,3498
26,1131
16,1249
26,772
16,2948
25,311
16,3733
27,505
16,2895
16,2837
16,4490
16,3444
26,398
25,274
26,254
16,3832
16,1240
16,2998
26,801
16,3293
18,533
25,879
25,783
27,404
27,522
16,2201
25,729
26,1059
16,1976
16,922
26,862
16,768
26,1439
16,1694
16,369
25,653
16,2042
16,2229
26,1775
16,1013
16,2459
16,1375
26,658
25,332
27,334
25,523
26,1201
26,961
16,2759
18,1832
16,1854
26,1768
18,2105
16,2807
27,229
16,1781
16,1816
16,956
27,783
26,1091
16,2470
26,634
26,1578
25,388
16,2937
26,1509
16,2206
16,1644
16,1806
25,304
18,1617
16,1576
16,2579
16,2523
27,546
27,481
27,487
26,997
26,1407
18,1673
25,478
25,526
16,1291
25,711
26,1796
25,598
26,1050
18,2631
16,1434
16,4084
16,2433
25,1196
16,3577
16,2470
16,2093
18,1882
25,687
16,1556
16,1649
26,760
27,885
16,2250
25,767
16,2623
18,1933
16,1305
25,118
28,979
25,252
27,774
25,1105
25,482
25,1062
16,3723
16,2565
25,842
26,370
25,285
27,536
16,2201
16,913
16,1949
16,763
26,546
16,4179
27,373
26,868
26,787
25,754
16,549
26,67
26,163
27,831
18,2126
16,266
27,215
16,2174
16,1162
27,652
26,1320
16,1462
26,976
25,323
16,711
16,3278
26,575
16,1615
16,4644
16,3302
26,1038
27,88
26,1150
26,900
16,1832
28,479
27,424
26,959
18,1393
25,1125
18,4801
26,472
16,3330
16,2150
25,52
25,993
26,729
16,2014
25,840
25,317
26,1370
26,1052
26,395
18,1288
26,334
16,2678
27,1455
25,777
25,916
25,1157
25,742
16,418
26,661
25,1151
27,371
27,863
27,558
27,344
26,500
26,1296
16,3250
16,3372
26,1227
16,2870
25,848
25,1128
25,329
28,519
26,633
28,853
16,3307
26,487
16,2425
16,2725
26,1376
26,1471
16,1339
26,1397
28,1397
27,234
27,1251
25,1606
27,1376
16,2526
25,877
25,1319
25,240
25,630
25,365
27,417
25,407
28,754
25,852
25,1440
28,366
25,822
25,1240
25,805
25,161
25,754
27,1259
25,267
26,947
27,549
25,1614
25,144
16,2937
25,196
25,1889
25,141
28,95
27,855
16,3595
28,670
26,809
16,3548
16,589
25,876
26,1310
26,1691
26,900
16,2762
16,1535
16,2426
25,141
16,1616
25,332
16,3925
26,264
27,86
26,808
25,303
16,1631
26,1901
27,678
16,1644
16,2451
26,830
27,109
16,1666
16,3171
26,748
16,2349
26,1394
16,1850
16,4189
26,694
16,2942
16,1584
25,335
16,2294
25,354
16,856
26,1019
16,2199
25,194
16,1470
26,98
25,476
27,262
16,4081
16,3185
26,1247
16,1775
16,2239
25,930
16,2077
16,1498
16,3556
16,2028
25,683
26,1310
26,260
16,543
16,666
16,4089
16,3233
26,1096
16,3262
16,2566
16,2389
25,343
16,2545
16,2264
16,2061
27,459
16,1341
16,1441
3,785
3,1539
3,1530
3,1067
3,536
3,492
3,1662
3,864
3,325
3,1246
3,1459
3,1117
3,1156
3,980
3,1294
3,1159
3,546
3,747
3,1087
27,515
26,906
25,539
27,1484
25,351
27,504
27,663
26,408
25,626
27,1042
25,417
27,819
25,549
28,214
25,101
27,811
28,479
25,483
27,513
26,2455
27,1185
2,860
26,447
26,981
27,447
25,519
26,186
27,254
27,626
25,817
27,677
27,728
26,1096
27,881
26,757
25,336
25,468
26,837
25,266
28,124
27,594
26,259
27,959
25,832
27,670
27,597
25,660
27,501
27,703
25,139
26,774
25,759
25,718
3,1500
3,1336
3,1523
3,433
3,1640
3,1345
3,1470
3,1234
3,1689
3,1068
3,1304
27,605
3,1051
25,2009
3,1835
3,535
27,94
26,780
27,618
3,3314
3,1963
3,2222
3,987
3,1795
3,1612
3,674
3,217
3,425
3,686
3,2135
3,1892
27,381
25,457
27,173
26,768
27,631
28,661
27,1659
27,1309
2,726
25,666
27,1319
28,350
27,720
27,828
27,308
25,1750
27,1386
27,595
25,138
25,453
28,96
28,255
0,553
0,3143
0,1451
0,212
0,2237
0,2124
0,2488
0,945
0,214
0,2218
0,1037
0,3806
25,1654
0,3178
0,806
28,1013
27,528
0,1736
25,1300
0,1946
25,435
27,561
26,759
26,232
25,145
25,604
25,1051
27,368
25,141
27,717
25,878
26,866
25,456
26,918
27,513
25,964
3,1456
3,1601
3,2939
3,918
3,2456
3,1916
3,2243
3,627
3,2685
3,2866
3,2647
27,533
25,492
25,329
28,1143
26,878
25,458
3,1670
3,2725
3,2601
3,2527
26,948
25,1199
27,701
3,1527
3,1579
3,2052
3,1276
3,1268
3,1633
3,1620
3,2335
3,1391
3,1380
3,2175
3,1727
3,739
3,1040
3,3271
3,2952
3,3249
3,2515
3,3064
3,4646
3,2618
28,1016
3,4024
3,1530
3,1627
3,2456
3,1393
3,2649
3,1755
3,2646
27,115
3,1129
3,4191
3,2576
3,3919
3,1337
3,620
3,2493
3,1964
3,827
3,2649
3,591
3,762
3,1152
3,412
3,1246
3,952
26,1227
3,899
4,149
3,727
3,1849
3,1139
3,242
3,817
3,988
3,293
25,343
25,179
27,585
25,2398
3,1692
3,1011
28,412
25,416
26,1218
25,544
25,193
26,1058
25,460
3,1416
3,2001
3,1683
3,943
3,1128
3,711
3,952
3,1275
3,445
25,529
28,881
25,825
25,758
28,955
25,192
25,699
3,512
3,1171
3,1680
3,628
3,599
3,1268
3,846
3,1417
3,236
3,987
3,1236
3,2010
3,975
3,1226
3,1241
3,2957
3,914
3,1258
3,473
3,1887
3,783
3,2263
3,801
3,153
3,1285
3,1508
3,989
25,476
3,982
3,1757
3,965
3,783
3,219
3,1431
3,1135
3,1304
3,1127
3,1276
25,1420
3,901
3,1299
3,1289
3,1101
3,1408
3,903
3,1470
6,1323
3,1018
3,573
3,1080
3,1225
3,799
3,1698
3,696
3,859
3,509
3,1839
3,653
3,2164
3,1156
3,838
3,1057
3,378
3,1784
3,845
3,787
3,1302
3,399
3,879
3,1117
3,1250
3,2267
3,1380
3,1551
3,1162
3,1860
3,1798
3,1360
3,689
3,588
3,1200
3,952
3,2128
3,1028
3,1379
3,1141
3,357
3,358
3,508
3,1015
3,426
3,2011
3,1953
3,1838
3,1175
3,328
3,1079
3,986
3,3098
3,1086
3,980
3,1315
3,903
3,1693
3,145
3,1091
3,779
3,2014
3,1816
3,1996
3,1264
3,1780
3,654
3,465
3,1669
3,2029
3,1613
3,1059
3,905
3,534
3,2231
3,1871
3,2545
3,670
3,1645
3,674
3,1480
3,1701
3,1363
3,1517
3,238
3,1358
4,607
3,733
3,1485
4,1608
3,1924
3,209
3,1759
3,1674
3,623
3,623
3,361
3,1078
3,1481
3,1650
3,730
3,1684
3,315
3,1790
3,1549
3,1929
3,575
27,528
26,477
27,229
6,647
28,286
25,94
27,132
25,130
27,1012
25,661
28,634
25,700
25,248
25,964
27,116
27,165
27,424
25,611
25,677
25,795
26,706
25,993
26,663
25,902
25,615
28,475
25,175
2,713
27,397
25,1031
2,968
25,999
25,194
25,1844
3,231
25,734
3,2284
25,634
28,358
28,576
25,550
27,128
25,150
27,414
3,2688
3,1632
3,1236
3,1679
3,501
3,1750
28,731
3,2732
27,997
3,786
3,690
3,2253
3,1951
3,764
3,1906
3,1396
3,1764
3,752
3,469
3,1971
3,1976
3,1866
3,1228
3,1455
3,687
3,2108
3,2394
3,1027
3,1848
3,346
3,846
3,638
3,1097
3,485
3,741
3,886
3,1567
3,1839
3,844
3,2541
3,2041
3,865
3,1470
3,1503
3,1265
3,459
3,155
3,597
3,1509
3,1570
25,787
2,209
26,311
25,877
25,387
28,786
27,443
25,647
27,377
25,146
25,71
25,102
25,930
25,1035
28,742
25,321
26,528
25,917
28,765
3,1743
3,2543
3,2317
3,2017
25,759
27,598
25,983
28,865
28,414
25,953
26,871
27,752
25,313
3,1919
3,2187
3,2841
3,2645
3,2271
3,2045
3,1865
3,1413
3,1816
3,437
3,1611
3,1710
3,1677
3,674
3,1159
3,473
3,1791
3,1096
3,763
3,1512
3,1209
3,1598
3,1069
3,873
3,809
25,304
3,1919
3,1255
25,1258
3,2486
25,900
5,1854
0,4281
6,1886
25,843
25,1026
5,3412
3,755
25,1496
3,439
3,788
3,198
3,576
3,783
3,421
3,1131
3,183
3,803
3,717
3,290
3,1997
3,1085
3,1125
3,2228
3,571
3,546
3,513
27,486
3,1289
25,907
3,2012
3,1373
3,1523
3,429
3,918
3,1525
3,1001
3,677
3,544
3,843
3,282
3,1168
3,1317
3,754
3,2117
3,2031
3,1450
3,1884
0,2180
3,1508
3,1513
25,1746
3,1327
3,1380
3,1827
28,1209
3,1670
26,1517
25,137
3,1610
3,920
3,1300
3,1704
3,1506
3,1319
3,1665
3,1373
3,630
3,1483
3,407
3,1669
3,1446
3,305
3,1666
3,401
3,1325
3,2109
25,1137
3,2163
25,334
3,1862
27,290
3,1981
3,1640
3,1468
3,2239
3,1199
3,2536
3,444
3,1311
3,2003
3,954
3,1514
3,1358
3,1296
3,2075
3,1712
3,138
3,960
3,2271
3,1419
3,1729
3,1019
3,806
3,1029
3,191
3,1951
3,1367
3,1877
3,1244
3,3978
3,174
3,1313
3,1219
3,1694
3,2762
3,2020
3,1849
3,1932
3,247
3,535
3,1330
3,1013
3,1669
3,1759
3,362
3,2245
3,1694
3,988
3,752
3,1036
3,2252
3,665
3,1984
3,1029
3,1534
3,1002
3,909
3,1277
3,1239
3,1127
3,1767
3,1666
3,1277
3,486
3,1248
3,1497
3,1112
3,962
3,686
3,1362
3,875
0,805
3,615
6,1929
6,1692
3,515
27,391
3,964
3,601
25,817
3,1701
3,1277
3,591
3,1439
3,1005
25,521
3,700
3,924
3,1210
3,1451
3,809
3,1532
3,351
3,1372
25,853
3,1275
25,1440
4,1852
3,782
25,393
3,969
25,1053
3,1396
3,1459
3,615
3,201
3,339
3,1463
3,1375
3,1298
3,1921
3,1010
3,2457
6,1691
3,701
3,1358
3,1699
3,1567
3,2498
3,1690
3,307
3,1383
3,983
3,1615
3,1478
3,1215
3,1466
3,2943
3,360
3,1068
3,1854
3,424
3,1937
3,1159
3,1948
3,2071
3,1456
3,1615
3,916
3,2917
3,1345
3,262
3,2276
3,1528
3,1785
3,2512
3,805
3,505
3,2777
3,547
3,1772
25,1116
3,2006
3,1605
3,1464
3,806
3,285
3,1933
3,1724
3,660
0,540
3,918
3,1605
3,1489
3,1632
3,1513
3,1275
3,2171
3,1881
3,649
3,2394
3,1913
3,831
3,2610
3,2326
3,483
3,797
3,1835
3,1516
3,1170
3,1237
3,1272
25,758
26,1376
26,133
3,1288
3,1089
3,479
3,553
3,1804
3,831
3,416
3,808
3,1084
3,604
3,2093
3,1565
27,662
3,1070
3,1437
3,4028
25,956
3,318
3,464
3,1596
3,2880
3,788
3,1365
5,1118
25,1262
25,633
25,871
26,499
0,4828
27,361
0,1530
0,2935
0,4236
5,293
26,1313
5,1651
26,702
25,1263
26,1415
5,2251
5,105
3,1809
3,1594
3,2179
5,1979
6,2639
0,1246
0,896
25,373
0,1984
0,4305
25,704
6,2288
26,1635
26,1385
25,408
25,1394
5,2131
3,1777
3,358
3,303
3,940
3,861
3,1526
3,798
3,1615
3,2326
3,1312
3,1263
3,874
3,991
25,1376
3,1432
3,1071
3,293
3,1771
3,992
3,966
3,915
3,1200
3,1467
3,468
3,1175
3,1510
3,976
3,1439
3,385
3,632
3,342
3,1684
3,2453
3,1458
3,1135
3,953
3,1457
3,1372
3,1554
3,1938
3,1728
3,1492
3,1315
3,2192
3,817
3,947
3,1348
3,2631
3,564
3,1495
3,1875
3,1797
3,2212
3,996
3,2102
3,1239
26,1622
3,889
3,875
3,1573
3,582
3,640
3,287
3,446
3,300
3,734
3,1542
3,1076
3,1665
3,195
3,894
3,548
0,464
3,2159
3,2150
3,489
3,359
28,1071
3,569
25,1080
3,2105
3,1440
3,708
3,783
3,209
3,2027
3,2135
3,2269
3,1257
3,2160
6,2392
3,703
3,482
3,342
3,2148
3,1606
25,425
3,775
3,2710
3,2148
3,1967
3,943
25,381
25,833
25,1037
27,831
25,359
26,1284
27,817
28,1053
27,779
3,1523
3,1786
3,1791
3,1627
3,2138
3,2039
3,2173
3,907
3,1769
3,1151
3,2534
3,1882
3,955
3,1160
3,1136
3,2420
27,250
3,1838
3,643
27,1690
3,2113
26,406
3,881
3,259
3,1612
3,1575
3,1268
3,325
3,1291
3,544
3,1555
25,900
3,765
3,356
3,541
3,1687
3,1394
3,1472
3,1281
3,1156
3,1889
3,1721
3,589
3,1166
3,1458
3,588
3,1558
3,1691
3,1373
3,1222
3,224
3,1345
25,1259
3,1400
3,965
3,1374
3,918
3,1246
3,1976
3,1733
3,1070
3,1825
3,850
3,1625
3,715
3,1335
3,391
3,1485
3,660
3,472
3,1333
3,947
3,1371
3,426
3,981
3,793
3,1376
3,1199
3,1463
3,938
3,1595
3,1047
3,1274
3,777
3,1439
3,1909
3,1752
3,1074
3,1650
3,1793
3,1799
3,1642
3,1347
3,1861
3,1571
6,887
3,311
3,705
3,675
3,578
3,1096
25,1453
3,1979
3,1792
6,1518
3,1747
3,439
3,1517
3,1664
3,569
3,820
3,295
3,1193
3,689
3,1540
3,1454
3,508
3,1062
3,693
3,1357
3,422
3,1601
3,1151
3,1108
3,1729
3,1502
3,1561
3,325
3,407
3,313
3,1609
3,2580
3,1409
3,1488
25,1489
3,1631
3,1271
3,1544
3,475
3,1526
3,1441
3,1483
3,371
3,1694
3,1959
3,1380
3,1593
3,1343
3,1565
3,465
3,1854
3,1009
26,1448
3,438
3,903
3,2210
25,467
27,366
27,1218
27,468
27,365
26,893
18,1509
27,60
25,914
25,1045
27,1160
27,1203
27,782
27,225
27,702
27,794
26,410
27,291
27,276
27,806
27,220
28,481
26,725
27,863
27,1396
26,469
25,276
18,1085
26,614
25,974
25,210
27,1729
25,707
27,748
27,285
25,187
28,709
25,475
27,121
27,1311
27,903
27,289
27,848
27,696
27,677
25,953
25,664
28,451
27,461
27,391
27,649
27,519
25,78
25,1137
26,1033
25,187
25,659
6,2688
25,745
26,941
6,1478
25,587
2,248
25,1792
27,1264
27,887
25,150
25,529
25,1394
25,221
25,823
25,855
28,554
26,621
25,920
26,253
27,123
28,851
27,92
27,300
27,1106
27,1342
25,712
27,1294
25,413
25,700
25,371
27,400
25,1218
25,301
27,162
27,484
25,189
25,1552
27,304
2,1143
27,454
27,446
27,170
27,200
28,498
25,448
26,378
26,1055
27,700
27,939
26,411
27,692
25,944
25,518
26,1677
26,477
26,124
27,269
27,333
25,1538
26,210
25,56
25,525
25,429
27,811
25,1117
27,650
25,623
25,157
27,614
27,791
26,2037
26,903
25,285
26,445
26,510
28,305
25,1074
26,993
25,170
25,162
25,99
25,1079
27,139
25,308
28,89
25,431
26,815
25,1017
26,305
25,263
25,909
27,498
27,558
26,423
25,215
25,641
25,154
25,891
27,581
1,2177
0,3935
26,1448
0,1787
1,1013
26,648
1,1290
26,936
0,2148
5,1610
0,1388
0,1426
0,1664
0,2197
0,1802
0,1792
0,1225
0,521
0,1711
6,1976
0,2561
6,1604
0,3368
0,3422
26,857
0,2607
1,1938
25,743
6,1634
0,2500
0,1290
0,1925
0,1745
1,2089
26,1335
6,2374
5,498
0,605
0,916
28,697
0,2381
0,2964
26,1506
5,2578
0,2286
25,130
27,504
26,1045
5,668
27,1490
27,2056
25,1238
25,1280
26,218
25,1419
26,233
5,1436
25,171
25,1396
25,1621
26,1788
25,588
25,2064
5,1567
0,313
0,2229
0,2448
0,2856
0,1039
28,864
0,1022
0,3348
0,1536
0,1306
0,2479
0,3504
0,3768
27,349
25,420
25,149
25,161
6,3427
0,1352
0,1571
0,1781
5,2137
0,1986
0,3291
26,1571
0,988
0,3440
0,5136
0,1191
0,2171
0,2931
0,2170
25,1157
0,1568
0,2582
0,2551
0,420
0,1981
0,2136
0,3364
5,1932
0,1634
0,1519
6,1731
0,4563
0,2317
27,517
27,1926
28,1273
27,2105
27,1321
27,614
28,565
25,69
0,640
0,1020
27,940
27,1565
27,447
27,1219
27,651
4,25
27,169
27,2034
25,1308
27,421
28,1035
28,98
27,796
27,1128
0,2248
25,546
25,175
25,1346
5,2458
27,1145
27,61
27,108
27,1182
27,741
27,271
27,1031
25,952
5,2211
0,2986
0,2586
28,1693
0,1570
0,1378
27,414
27,1161
27,389
0,3151
0,3567
0,2945
0,3043
0,3230
25,519
5,3414
0,1207
5,2225
0,3931
0,1612
0,2144
0,446
0,810
0,756
0,1852
6,2386
0,2361
25,1003
0,2046
0,2509
0,2314
0,339
0,1861
0,2136
0,598
0,2264
0,2391
0,1181
0,2455
0,1766
0,2194
0,2329
5,2217
0,2540
0,3724
0,1608
0,1274
0,1434
0,2020
0,1477
0,1261
0,764
27,373
0,1631
0,1107
26,430
0,1425
0,1369
0,1747
25,669
0,1205
0,3783
25,544
26,532
6,2132
5,2186
0,1741
0,2161
27,541
0,2462
0,1853
0,1763
27,740
27,395
0,2678
27,637
0,1494
0,1934
0,2309
0,1366
0,1919
0,1042
5,1794
0,487
0,1908
0,1765
0,1722
0,1545
0,1164
0,553
6,1557
5,1797
27,237
0,1184
0,1969
0,1264
0,1053
0,1642
0,1275
25,1022
0,690
0,3102
25,1419
26,282
0,1022
26,448
0,3714
0,554
0,2371
5,4030
0,2838
25,866
0,2904
0,492
26,1097
0,1701
0,2026
0,1182
0,121
27,289
0,2016
0,776
6,393
0,3513
28,1180
0,1681
6,2573
0,904
0,3425
0,1441
0,2702
6,537
0,2042
25,1199
0,1098
0,3320
27,907
25,353
0,3170
0,675
0,1960
0,2249
0,2278
0,1747
0,2660
0,1022
0,133
0,1217
25,819
0,1675
0,2127
0,991
26,1007
0,2029
28,617
26,1082
0,1076
25,1266
0,1563
28,828
0,2118
0,1233
25,615
0,2266
0,1014
0,2003
0,1728
0,1316
0,419
0,1140
0,699
28,726
6,2136
0,1287
0,463
0,1947
6,3623
0,1652
0,472
0,295
26,1178
0,721
0,549
0,2161
0,2691
0,331
0,286
0,1923
0,2345
0,2365
0,401
0,2192
26,973
0,1048
0,2237
0,1953
0,1097
0,2241
0,985
0,2214
27,575
0,2343
0,1598
0,1981
0,1694
25,1201
5,1499
0,1312
0,1882
0,930
0,1806
0,1565
0,1605
0,1615
0,1184
0,2762
26,648
0,2305
0,3116
28,1156
0,2744
0,2445
6,2389
27,550
0,1986
0,1286
0,1246
6,2599
27,477
0,1039
0,1242
0,2143
0,2102
0,1154
27,379
0,1279
0,1321
0,532
28,1157
6,1681
5,1425
25,906
0,855
27,506
0,2247
26,1121
27,248
0,643
0,764
0,1422
6,2962
0,2360
0,615
0,1844
0,718
0,1007
27,431
0,1524
0,1633
25,1109
0,1515
6,1868
0,2709
0,627
26,1192
0,2007
6,3563
25,424
27,850
25,74
25,450
0,113
25,755
0,276
6,2408
0,636
0,1407
0,3797
0,1323
0,3350
0,2754
27,1053
27,266
27,1532
27,815
27,891
27,3056
27,2006
27,759
27,462
27,1116
25,154
27,105
25,339
25,392
28,693
0,3364
0,1252
0,3023
25,1898
27,489
0,383
27,2131
27,1375
27,859
25,1933
27,421
27,1908
27,916
27,419
27,523
27,1387
27,37
27,421
27,511
27,900
27,680
2,15
27,810
25,574
27,570
27,949
27,653
27,593
27,502
25,241
25,294
5,2164
26,2077
25,247
27,1863
27,130
27,663
25,250
27,431
27,437
25,376
27,1340
27,620
26,546
25,1025
25,659
27,242
0,3407
25,572
27,383
25,492
27,384
27,2329
25,827
0,2335
0,1567
0,2498
5,1844
27,388
0,560
0,2198
0,2520
0,1589
0,673
0,1334
0,2725
0,775
0,2296
25,1695
0,656
5,1577
0,1874
0,898
0,2759
26,1510
0,1364
0,330
0,857
25,1076
0,1334
0,1046
0,1132
0,559
0,2830
0,3261
0,1405
5,2173
0,3082
0,4132
0,2681
0,1328
0,354
0,1127
0,381
0,505
0,1153
27,281
0,2628
27,197
0,641
28,1327
25,1039
0,1953
0,530
0,301
25,316
0,1198
0,1198
0,1775
5,1428
26,235
25,676
0,671
5,805
0,1832
0,1742
26,341
0,1921
0,284
0,403
27,602
0,2493
0,878
0,1834
0,1039
27,211
0,1313
0,1128
26,1141
0,2329
0,3486
25,918
0,3242
0,593
25,786
0,1085
0,2656
0,2149
0,3595
0,2507
6,888
0,2860
0,815
0,2696
27,979
25,1088
0,2636
5,572
27,719
5,2225
25,142
0,2508
0,3894
0,3252
0,1526
25,1688
25,417
0,2621
0,605
0,1127
0,2721
25,361
0,2989
0,3349
0,4558
0,2184
0,664
0,2830
0,3030
0,2706
0,3962
0,856
0,3632
0,772
0,568
0,1644
5,3064
27,694
6,1900
0,1926
0,1338
0,462
0,2123
1,2623
1,814
1,1324
1,1837
6,2681
6,2070
0,2303
0,842
27,291
25,2277
0,1236
1,829
0,450
1,1852
26,523
0,1928
25,146
25,128
25,429
0,2610
26,709
0,1665
25,303
0,1755
25,260
0,1685
6,3267
0,2203
0,1333
26,817
0,430
0,3565
0,1555
0,3372
1,1939
1,908
0,1879
0,2680
28,1792
27,655
26,211
0,2360
0,1721
28,936
27,863
1,2200
27,715
1,2474
1,2718
0,3181
1,1873
26,1320
1,528
27,864
0,2215
7,1886
26,1466
28,619
1,2249
1,817
1,1241
1,2160
1,2403
0,1763
28,1561
0,474
6,2684
25,142
1,2809
0,2426
6,3409
1,2467
1,948
1,2447
0,645
1,2547
0,1704
1,1181
0,2270
0,2988
0,1719
0,2587
6,1889
1,1912
0,1712
1,1436
6,1780
0,1486
0,350
26,1644
1,1026
0,3655
1,2963
0,2496
27,285
26,1560
1,940
27,139
0,381
1,2120
0,1284
1,2185
0,2184
0,1585
1,3581
0,1426
0,2400
0,3178
0,3324
26,601
0,2495
0,674
0,2570
0,2050
0,1328
25,547
0,3758
6,2816
0,690
0,783
0,3347
0,2131
0,5317
27,944
26,968
27,154
27,862
27,598
0,3539
0,2765
0,1226
6,3990
27,732
25,447
28,1544
6,1450
25,2139
0,2146
0,4078
0,1269
1,2377
27,295
0,2259
6,3014
26,891
25,29
26,1237
6,1779
26,937
6,1250
25,858
25,303
1,1852
6,1596
6,2042
0,2716
26,873
1,2150
25,657
25,111
1,2014
26,553
1,2962
28,833
1,65
26,1273
0,2576
0,248
1,985
27,493
1,1439
0,2521
1,1522
6,3107
5,1393
1,2282
0,724
1,2359
1,1576
5,871
26,626
0,2126
28,1217
6,2062
1,2481
6,798
1,2440
0,1194
1,1149
25,712
25,341
1,931
1,1044
0,402
27,750
1,1030
1,1038
0,1358
0,2489
0,1718
6,1513
27,799
26,677
27,781
27,353
1,2020
0,2533
1,1230
0,809
0,3743
1,873
6,2167
27,740
0,623
6,2452
0,996
0,2943
1,1677
1,1393
0,1553
25,1428
1,2339
27,393
1,1356
0,1364
6,3341
1,1347
0,774
26,1677
0,1196
0,1981
25,324
0,2381
25,206
0,2397
1,1087
6,2527
1,1700
0,905
0,1816
25,38
6,3728
6,438
0,3237
0,2045
0,1183
0,2782
26,872
26,121
27,418
1,1565
27,355
27,1055
26,739
0,2590
1,1071
26,1081
0,2819
0,2817
0,1064
26,733
0,2745
0,2414
0,2054
6,562
1,1653
0,4088
27,152
0,1062
26,781
25,1137
26,1305
0,698
0,1099
1,1557
0,1415
0,3016
27,710
0,1663
1,1649
25,866
25,648
28,1219
0,4655
6,1336
0,1248
0,884
0,1487
6,2288
1,2645
0,3205
25,132
0,2537
0,2493
0,3251
26,1970
6,2621
26,1083
0,1479
0,3121
26,265
27,286
27,735
26,1063
0,4326
27,686
6,2090
0,4268
28,363
27,129
0,1088
6,2352
5,2538
1,651
6,2221
27,823
0,1603
0,1627
6,3461
6,1821
0,3849
0,1815
26,1320
25,623
27,1175
25,1546
25,850
25,440
27,255
25,1699
25,132
27,1001
27,1311
1,2202
25,971
27,556
0,1456
25,592
27,200
25,225
25,1478
0,2699
25,1021
25,573
27,1236
25,1763
25,1206
27,781
27,369
1,1642
1,493
0,2033
1,1237
1,1315
27,483
27,753
26,864
27,759
0,1731
1,2043
27,308
6,1418
25,227
0,593
27,537
25,221
0,2205
27,859
0,2690
27,553
27,483
1,1483
0,1289
0,1538
0,2576
0,1459
0,1197
27,1770
25,1122
25,751
27,337
25,871
27,328
25,315
25,1168
27,612
27,713
27,712
27,682
26,1590
1,4153
1,4870
26,1149
26,947
0,1008
25,160
27,788
0,2647
1,751
26,1901
25,186
25,653
1,2890
26,829
25,736
25,408
25,1705
0,2718
27,125
0,1584
6,3445
26,358
1,139
26,637
1,2985
0,2483
27,304
0,2529
5,1026
0,869
25,824
0,882
0,2917
27,329
0,1905
0,3938
0,1202
0,2050
0,1604
0,2529
0,1471
0,2312
26,1373
27,1340
0,163
27,447
25,1209
26,318
5,326
26,387
25,599
26,1131
5,2714
28,74
27,1047
0,2404
0,3032
5,1059
0,1981
0,3956
27,925
27,1310
0,3488
0,657
0,2862
27,217
5,2391
0,2852
25,1293
0,2750
0,2215
0,3131
0,3961
0,1589
0,2717
27,651
0,2444
27,1797
25,336
0,3125
27,1913
0,2671
0,970
0,1782
25,930
0,1275
25,610
28,1010
27,1201
0,3274
0,2930
0,2611
25,922
0,1800
6,1638
0,562
6,2241
0,2042
0,2686
0,929
0,898
18,2052
0,596
0,686
0,2381
6,2388
0,447
0,2865
0,3140
0,642
0,1840
0,1388
0,1673
27,721
0,2091
0,864
5,337
5,1192
27,697
25,1012
25,562
5,187
27,181
27,396
27,1531
27,842
27,1575
27,696
27,657
27,851
25,1388
25,1855
5,1923
27,208
5,1502
5,1923
28,465
25,21
25,1125
0,1389
0,968
0,2771
0,3143
0,3115
25,513
0,2426
6,1068
25,159
25,509
0,2634
0,2325
0,566
0,1463
0,791
0,3139
0,3688
27,853
0,1752
0,2874
0,2397
0,2607
0,2167
5,1050
0,1395
0,3175
0,1068
25,538
0,2063
0,1025
25,494
25,315
25,545
27,685
6,1704
0,1444
0,1861
0,2274
27,422
0,618
27,829
0,2805
0,2625
0,472
27,719
28,1319
0,2972
0,1068
5,2460
5,1422
5,2243
5,2152
0,1703
0,667
0,2798
0,2117
0,2799
0,2539
0,1447
0,2341
0,2452
0,405
0,2684
0,650
0,811
25,956
0,759
0,3389
28,944
0,2491
0,178
25,1188
28,675
27,302
5,1782
27,1578
27,468
25,227
25,1170
25,65
26,948
25,612
0,785
0,2012
0,2274
25,1129
0,1581
25,528
5,1363
0,907
0,2134
0,1972
0,940
0,457
27,448
0,2309
0,3115
0,2229
25,435
27,753
0,2353
0,2772
25,180
0,312
27,220
6,2024
0,2414
0,3348
0,646
0,2053
0,467
0,1425
0,664
27,159
0,640
0,1547
0,2779
0,3762
25,382
25,572
0,1581
0,961
5,2758
26,599
0,549
7,3289
0,3181
0,3262
0,636
0,880
0,900
0,3780
0,362
0,2900
5,2805
0,2779
5,1421
0,1076
0,3850
0,1591
0,1106
0,2959
6,2901
0,439
0,2801
25,1139
0,1579
5,2424
0,2832
0,926
28,123
28,759
25,258
25,397
25,1442
25,265
27,224
27,1681
27,2132
27,559
25,449
25,1013
25,1143
28,435
27,580
25,2005
27,1146
28,902
27,528
0,1780
5,1255
26,868
28,318
26,224
25,1442
5,1957
0,3279
0,1385
0,1937
0,893
0,1348
0,3373
0,2986
0,1166
0,963
0,1995
0,1640
0,473
25,205
0,589
0,1511
0,1444
0,1701
25,384
5,1274
0,3220
28,263
0,3821
26,2431
0,1906
28,59
0,764
0,93
0,1107
0,2136
0,3234
0,833
25,1114
0,2624
1,1590
6,2666
26,648
27,484
0,553
25,63
26,979
0,504
26,1216
26,1466
25,548
25,980
6,2470
27,887
1,1901
0,2767
27,494
0,1554
27,1088
0,3994
0,3583
6,1633
0,2258
0,629
0,3470
27,105
27,126
0,1173
0,2095
0,3159
0,2028
0,4188
25,985
0,3495
0,2129
27,900
25,1381
0,2626
27,1488
0,2025
0,2564
0,2261
27,1288
25,709
27,1133
27,1239
27,1175
25,1286
27,391
25,990
27,862
27,1819
0,2089
25,999
28,752
28,138
27,808
27,610
27,608
0,2095
0,1168
0,2165
0,2853
0,1601
0,2009
0,4346
0,1424
0,2012
0,2785
27,906
0,1927
0,1808
0,2342
6,1468
6,1675
26,1083
6,2808
0,1989
0,1618
0,2742
0,995
0,974
0,2810
0,3777
6,2849
0,562
25,385
0,1678
0,657
26,698
25,1926
0,3427
0,1040
0,2390
0,2171
0,1285
0,2515
25,754
0,1756
27,915
0,2809
0,447
0,2832
0,1974
0,2521
25,720
0,1812
0,2558
0,1887
0,535
0,1104
27,504
0,2367
26,964
0,1491
25,1137
0,1523
0,5173
6,3777
26,295
0,2945
26,871
6,2368
25,1826
25,486
0,2483
0,1720
0,1879
0,1013
0,3714
6,558
0,1825
25,549
25,1018
0,640
25,395
0,2072
25,475
0,4072
25,1339
27,1262
25,266
25,2061
27,148
25,1258
27,618
28,715
0,1451
0,1827
0,2179
0,1069
27,289
0,3186
0,2070
25,844
0,2743
0,1757
0,1473
0,700
25,858
0,2342
0,1825
25,1331
0,3130
25,1388
0,883
0,3073
27,751
28,717
0,3017
28,819
26,1217
27,365
27,306
0,2716
25,966
0,848
0,3394
0,1284
6,3996
6,269
6,1421
25,994
6,2967
27,1055
0,2238
0,711
0,1792
0,2036
0,296
0,667
0,1631
26,343
0,3152
0,1449
25,1126
0,827
26,444
27,823
25,2244
1,2013
1,1153
1,1754
1,1850
0,2078
26,348
28,730
1,753
26,1203
1,1481
26,958
26,905
26,555
1,2401
27,337
1,2193
25,772
0,1256
27,842
28,479
26,280
0,3575
0,834
1,1327
0,3502
0,603
1,2185
0,2976
26,580
26,944
0,2579
0,2107
26,937
26,197
25,437
28,811
0,2943
1,1881
25,133
0,3523
0,2655
1,2836
27,488
1,3288
27,964
0,772
1,943
0,1731
1,3044
26,1232
28,724
1,2523
1,2034
1,2100
26,752
1,128
1,605
1,570
1,811
1,1348
1,1890
0,1012
0,1486
25,1188
28,839
1,952
28,745
1,2046
26,2076
1,2465
0,1884
0,3323
1,2025
1,2268
6,3080
28,174
6,2655
0,2059
6,3163
27,1069
0,2534
0,1002
1,2163
1,998
26,1011
0,400
1,1966
0,903
0,3073
26,1385
1,1734
6,1810
0,95
0,2409
25,643
1,2254
0,1403
1,2120
0,368
0,911
1,2446
1,1391
26,806
0,442
1,2049
1,1880
1,2122
1,1393
1,1648
28,180
0,3092
1,2431
27,392
1,1776
0,2696
0,3393
0,2047
1,1344
6,2620
26,1325
1,1037
1,2948
1,2774
1,2531
26,924
26,1115
0,3064
0,2533
0,3750
27,374
0,2342
0,2235
0,2721
27,86
0,3080
25,279
27,295
27,448
1,2405
26,1262
0,2756
0,1705
1,2062
0,3373
0,2285
0,1642
27,1090
28,230
1,980
26,128
26,1144
0,2124
0,2095
0,455
26,687
1,1213
26,606
0,1840
1,2202
27,496
1,2010
0,3836
1,1562
1,1961
1,1426
26,1323
0,3405
26,1022
0,2707
26,194
1,450
1,3010
1,1897
0,549
0,1448
0,1916
26,1426
27,756
0,1975
0,3142
0,2506
0,2360
0,951
25,346
0,454
6,285
25,299
0,3302
26,116
0,2619
25,1123
0,572
0,2358
25,1032
0,1142
0,1119
0,1780
0,2098
25,622
25,255
0,3179
0,1755
0,723
0,745
6,2353
25,1103
0,4677
6,1674
0,591
27,613
0,4715
25,605
0,2060
0,2939
0,2046
0,1330
0,2285
0,2523
0,493
0,1679
25,1545
28,1100
27,1406
25,1620
25,494
27,290
0,1492
0,1484
0,569
5,2320
0,2505
0,2390
0,2323
0,399
0,480
0,419
0,3717
26,1059
0,3697
0,1996
0,1449
0,3291
0,450
27,1263
27,1812
27,901
27,374
27,1397
28,157
27,931
27,459
27,757
25,1458
27,427
27,1717
27,146
27,766
25,543
27,1648
27,1939
27,574
28,800
27,687
27,1116
27,816
27,301
25,979
27,1939
27,211
25,1938
27,572
27,941
27,232
27,284
25,326
27,1005
27,330
25,1110
0,2650
28,207
5,654
0,1830
26,1351
0,4601
5,1799
25,194
25,592
25,893
0,2350
27,321
0,315
25,278
0,3249
25,1253
0,2752
0,3861
0,2296
25,572
25,145
25,172
26,604
25,443
25,254
25,405
25,160
28,459
25,1068
5,2298
0,3137
25,165
0,2001
0,2510
0,2429
0,2546
0,3920
0,2613
0,2083
0,4086
0,3995
0,2794
0,1961
0,60
0,2472
0,3302
0,844
0,2700
0,2013
0,2870
0,1704
0,2501
0,2262
0,749
0,671
0,2903
0,883
0,1157
0,943
0,3149
0,920
0,4578
0,4064
0,3394
25,1440
28,1128
0,3747
0,3606
0,750
28,1146
25,1593
0,1643
0,3491
0,2543
5,1985
0,1857
0,2839
0,3588
0,888
25,504
27,138
0,2753
0,2180
0,2469
0,3475
0,2812
25,762
0,4227
0,2904
27,635
0,2400
25,864
0,2627
6,1698
0,776
0,2343
0,3155
0,1931
0,2826
27,1953
27,356
27,1132
27,669
28,1068
27,1262
27,487
27,212
5,205
28,632
0,3055
27,39
25,136
25,1000
0,1401
26,337
0,636
0,3730
0,2017
0,3857
0,2160
0,2757
0,2933
25,889
25,2367
28,233
27,604
27,1295
5,2019
0,1879
5,1931
0,2098
25,897
0,459
0,947
25,2052
0,2538
0,550
0,330
0,1819
0,1923
5,3118
0,2886
0,1258
0,2303
0,1304
25,535
25,327
25,1056
0,1117
0,2030
0,3098
0,1931
0,969
26,1460
6,2294
0,500
0,3569
0,3639
0,2753
28,831
0,4785
27,720
25,688
0,3352
0,1607
0,2217
0,344
0,1631
0,518
0,1568
27,667
27,843
0,3300
27,373
25,899
0,3138
0,971
25,402
0,992
0,972
0,636
0,2168
5,2561
0,2877
0,2646
0,652
0,4331
5,1799
0,1121
28,435
25,305
0,1569
28,425
0,2094
0,2814
0,2186
0,3598
6,2445
0,2590
0,4153
0,3767
0,1162
0,1287
0,2709
25,961
6,4325
25,186
0,4389
0,3065
0,342
5,2479
0,557
0,3122
26,658
0,2083
26,1368
0,846
27,381
0,625
0,794
0,5218
0,1386
0,134
0,2510
0,218
0,3367
0,873
0,838
5,1079
5,325
0,2408
0,2208
0,407
0,383
0,841
0,1664
0,3155
0,800
0,2926
25,956
25,2388
0,2023
27,1142
28,828
27,880
27,1636
25,860
27,823
27,1283
27,237
27,1142
27,1927
25,954
27,366
27,332
27,617
27,763
27,478
27,403
27,2407
27,945
27,694
27,916
27,707
27,726
25,1005
27,1036
25,955
25,545
27,865
5,1712
27,1137
25,1285
28,678
27,983
27,734
27,266
27,1226
27,648
5,303
5,1324
5,215
27,1054
27,807
27,797
27,262
27,399
0,2457
25,107
25,951
27,569
0,1431
0,2710
0,1207
0,1540
0,2221
0,2931
0,2488
0,3370
25,579
26,1403
0,2608
0,4351
25,433
0,2198
0,3988
0,4438
0,1660
27,855
28,1059
25,961
25,1150
28,730
27,32
5,2613
26,392
0,2493
0,894
0,1656
0,873
27,846
26,1892
25,1350
0,4098
25,733
0,3436
0,2778
5,2562
0,2915
6,3320
0,2005
25,363
25,656
25,1087
25,1158
27,281
0,1228
0,790
0,1277
6,1908
28,104
0,675
0,247
5,192
0,2494
0,2660
0,763
0,1220
0,2485
0,3518
0,975
0,3249
7,2093
6,2428
0,1247
0,1043
0,1959
0,1912
6,2312
0,404
0,2019
0,610
0,2472
0,1487
1,379
1,1165
0,3067
0,1287
27,1030
0,1832
26,904
26,674
28,471
0,1041
0,1137
5,2537
27,515
0,1811
27,259
25,797
0,1792
6,2500
28,993
1,326
26,929
0,2732
0,2485
0,548
27,476
25,704
28,1373
0,1446
0,2405
27,297
0,939
27,56
6,2424
0,2152
0,2456
6,2388
28,740
27,707
0,2237
28,376
0,357
0,370
0,1956
0,324
5,1302
0,1643
6,1958
0,1358
0,3133
6,2709
0,1719
27,196
0,645
0,2472
25,417
0,1445
0,1278
28,1099
0,2153
0,3108
0,1923
0,783
0,232
0,580
26,1040
0,283
0,2076
0,1620
0,1763
0,861
6,703
0,1500
0,2079
0,1728
0,1879
0,1583
0,1108
0,1727
5,929
0,986
25,805
0,1261
0,1308
26,719
0,693
0,1722
25,233
0,840
27,196
0,1640
0,1098
0,2695
0,329
0,1634
0,1376
26,755
27,126
0,357
26,933
26,1270
0,2268
0,2342
25,1358
0,432
26,1002
6,2300
0,1962
26,780
26,595
25,1126
0,1876
26,569
0,2673
0,1189
0,2323
0,948
0,836
0,2325
6,1755
6,780
25,1160
0,4271
0,2350
27,603
0,1965
25,118
0,1068
0,1911
0,2097
26,749
0,983
0,1516
27,181
0,1567
0,706
0,1756
6,2267
0,550
0,1299
6,3134
6,1571
0,2458
5,2658
0,2933
0,1937
0,2948
26,1016
6,1442
0,987
6,1873
0,789
0,2835
27,886
0,2213
0,2509
0,1379
0,2034
0,1771
0,2606
0,2683
0,426
0,425
0,2348
0,1192
27,922
27,721
28,1002
0,4361
27,870
1,1641
0,1649
0,2038
28,653
25,1047
25,522
0,2690
25,108
25,467
0,1971
0,2525
26,1929
0,2269
1,1850
6,2569
0,1992
26,824
0,1897
0,2434
27,615
0,2179
0,2243
0,2801
0,1966
0,1619
0,3046
0,2942
25,505
0,2958
1,1902
26,1441
0,2817
0,1988
1,751
1,1096
27,858
0,2238
27,614
0,1477
0,1218
0,2228
0,1320
25,173
0,2768
0,1578
0,1220
0,1888
0,3158
0,896
0,1900
28,1029
0,1860
0,1735
0,1269
0,1386
0,437
26,695
6,3570
18,877
27,804
0,2853
6,3153
0,1771
0,1667
0,2534
0,2340
27,862
28,1098
0,2314
27,435
0,2284
0,1917
0,1320
0,1002
25,842
25,313
0,752
0,1922
28,1217
0,759
0,2933
27,470
0,1596
0,1843
27,92
0,791
5,2054
0,409
26,376
0,2499
6,1984
6,2206
0,1929
0,3320
0,727
0,2052
0,2797
5,972
0,2082
5,279
0,3191
0,370
0,3146
26,1248
0,1177
0,1594
0,767
0,681
0,2427
27,110
0,1004
0,1903
0,915
26,1283
0,2701
0,1126
26,915
0,639
0,435
28,1183
0,1378
0,618
0,3860
0,1687
0,870
0,1963
0,1851
0,849
0,2352
0,1159
0,139
0,1073
0,2123
0,568
0,295
6,2576
0,1744
0,2059
0,2726
6,1002
0,1557
27,418
6,831
27,680
0,1631
0,1091
0,767
28,754
25,746
0,1948
0,881
25,197
0,3092
1,501
0,2068
0,788
0,3003
0,862
0,2252
0,1351
0,2708
25,2269
25,1087
6,2742
1,1381
0,2040
0,625
0,2638
0,4002
27,400
25,290
27,860
25,595
0,2625
26,801
0,2616
0,448
28,1469
6,2184
1,2188
0,1294
25,506
0,1067
0,1830
0,4657
0,1676
0,334
26,846
27,756
0,1011
26,1189
0,1888
0,747
0,2910
26,1721
6,2449
0,593
27,1027
1,2122
27,983
0,2063
1,425
1,2233
0,3071
0,733
0,2406
25,652
26,118
0,396
0,1307
0,2314
0,1686
1,882
1,490
25,624
1,345
1,1356
0,2056
1,1708
1,423
1,876
1,1158
0,765
27,569
25,917
1,1365
0,1974
0,1444
0,3629
26,1128
5,2103
0,913
0,1460
1,824
0,475
1,2626
1,2092
0,2544
0,4456
0,2515
0,2146
1,2495
1,550
1,2211
0,3165
1,1482
0,2342
26,956
1,1058
27,604
26,544
1,804
1,358
0,1025
1,711
1,2138
1,285
0,1743
1,1381
0,473
0,1474
0,1217
0,839
26,1536
0,1483
1,754
0,2353
0,1163
0,2536
0,1128
0,6280
25,222
0,1272
0,1981
6,2912
1,1258
27,781
28,1468
0,1300
1,2202
27,521
1,1720
6,2107
1,484
0,1764
0,737
28,1070
26,797
0,1235
1,1127
1,2169
0,1040
26,288
6,2613
0,2122
1,1219
26,1300
0,1505
0,2838
0,2090
0,5367
0,1963
0,2118
6,2542
27,446
27,652
0,571
1,1902
26,1781
26,238
26,1431
0,2561
0,2630
6,1709
1,1492
26,1250
25,1355
27,226
0,755
0,995
0,1566
1,1953
6,2334
0,3180
1,2630
1,1740
0,2625
1,1775
6,4545
1,2224
26,1620
28,356
26,803
6,1630
1,2115
25,291
25,466
27,202
0,2433
0,1562
26,145
0,1489
0,1747
0,897
0,1788
0,1765
6,2204
0,1312
0,1936
0,2506
25,481
0,1873
0,673
1,1350
0,1041
1,88
0,3654
18,1848
1,1722
0,1854
0,3979
0,2836
0,2444
0,2281
26,1425
1,959
27,798
1,2439
0,1333
6,479
6,1057
27,824
26,775
0,1940
26,1340
25,837
25,597
0,2184
26,651
1,2299
0,2670
0,2780
25,959
1,1846
0,1743
26,899
26,1076
0,2452
27,1155
0,243
0,1973
25,491
0,1879
0,1422
1,283
1,1822
0,2252
1,1537
0,2586
0,2727
1,410
1,944
0,3104
1,1367
1,1416
0,2019
26,1171
0,2102
1,1600
0,1366
1,1383
26,1262
26,1788
1,1290
1,2524
1,2560
25,645
27,377
1,2337
0,4234
1,2326
1,1388
6,1255
26,1218
1,2175
1,1352
0,2937
1,1229
26,631
0,1181
0,1519
1,2266
1,2239
1,2002
1,1749
1,1337
1,2012
1,801
1,2226
26,1311
1,2388
16,1902
26,357
26,2035
26,265
26,576
26,1233
16,1633
16,2130
15,1498
15,2787
15,1187
15,2231
15,1584
16,963
16,2020
15,1551
15,1508
26,1324
25,892
15,1633
25,766
15,2550
25,79
15,1621
27,470
15,1889
28,555
25,763
15,628
15,905
26,791
15,2587
26,805
15,1587
15,709
25,1394
26,1260
26,1440
15,2784
25,854
16,3923
26,1189
15,1701
15,1725
26,359
26,631
25,196
25,590
25,650
17,1885
16,2206
26,482
25,678
27,347
27,545
16,2559
27,794
26,790
27,1026
21,2861
26,320
26,364
27,586
25,806
27,1051
27,662
26,891
16,3788
26,114
16,2594
15,2074
26,424
25,693
15,1685
25,1260
15,2925
15,2823
26,1280
15,3117
26,233
26,361
16,347
16,2165
16,1782
16,978
16,2183
26,1035
16,2123
16,1751
16,3511
26,991
16,731
25,444
16,2519
16,1914
16,2431
16,2878
16,1958
26,744
16,628
26,742
16,2491
16,1329
16,2412
16,2938
27,495
27,928
27,1019
27,355
27,146
26,238
27,495
25,646
27,446
26,212
27,466
16,2923
16,3292
16,3695
25,1493
16,596
27,687
27,504
16,1095
25,881
26,1287
16,3038
16,2425
16,2279
26,921
26,359
16,1251
25,494
16,2369
25,897
16,1882
16,1094
16,1621
16,1033
16,3373
27,528
16,3293
16,1652
26,901
16,1287
16,1769
25,706
26,647
16,667
16,1819
16,1512
26,1737
16,529
16,1650
27,871
27,395
27,1085
25,753
26,570
27,438
16,1508
27,177
16,3086
26,1087
16,2093
16,904
16,1152
25,111
26,401
16,2345
27,138
16,1170
16,91
16,1206
26,1389
28,718
16,3225
16,3825
26,804
26,759
16,208
26,2796
27,360
28,538
27,1108
27,1255
26,334
27,145
16,568
16,3424
16,3390
16,3558
26,428
25,878
25,725
27,1018
26,796
16,531
28,766
26,1340
16,2019
25,408
16,2035
16,3289
26,1458
28,151
27,974
25,638
26,620
16,2295
26,1268
26,1228
16,841
16,1447
16,2312
28,484
16,536
16,2327
25,623
25,663
28,681
16,600
16,2516
16,1948
27,250
27,563
16,2963
25,1177
27,356
26,872
26,821
27,462
16,2879
16,1202
16,2956
25,124
25,289
26,801
16,1632
16,947
25,339
25,251
26,991
16,1305
16,2191
16,919
27,723
17,1738
25,1057
27,1147
17,1745
21,2413
27,558
21,3688
17,2585
13,1882
17,2226
18,1577
26,1225
25,185
25,441
25,465
7,342
18,1435
26,198
26,1292
17,595
25,689
17,1586
27,633
26,640
27,359
25,761
17,1619
18,1057
17,1901
25,1095
25,1728
16,2595
26,779
26,935
26,361
27,685
16,324
26,1384
25,108
26,593
16,535
26,1223
21,1707
27,197
16,2194
27,471
25,559
28,928
16,2321
26,784
26,726
17,2374
16,1786
16,1862
17,555
26,1706
27,594
17,2666
17,769
25,916
18,2150
26,1002
17,150
25,841
17,4034
26,2741
25,1165
17,2422
26,563
27,887
18,1335
27,610
18,1330
27,1018
26,580
26,286
17,2499
17,2385
25,781
17,1393
25,506
17,797
25,1203
17,2062
25,447
21,2735
17,430
25,925
28,841
17,680
18,2634
25,625
25,276
26,1361
26,1117
21,1646
25,486
18,627
17,421
21,2808
17,434
27,118
25,914
27,540
25,193
25,54
17,640
17,97
18,2824
17,1644
18,665
17,140
17,3270
17,2021
26,1119
25,319
25,1008
26,836
17,946
17,1995
27,1960
18,2148
25,1181
27,1159
27,1113
27,940
17,621
27,1735
18,2575
18,2879
25,320
25,908
27,295
17,1616
21,1110
17,1427
17,2044
25,719
17,2241
26,1108
17,833
17,2861
25,1310
21,2005
27,1071
17,367
17,1509
17,1244
17,1289
17,2110
21,3537
26,1173
27,1074
26,1274
21,2067
25,673
17,647
27,537
26,1068
25,747
17,2359
27,438
27,2598
26,1225
27,674
25,1424
25,1272
27,1000
25,938
25,599
21,2800
21,2744
17,2048
26,288
17,1060
21,2304
26,290
26,207
18,2016
27,731
17,1029
25,903
17,308
17,2126
17,1298
18,3587
21,1391
18,1980
17,545
17,2166
26,1011
18,898
17,2218
26,837
17,2290
21,1631
25,173
25,723
25,598
17,1817
25,266
17,2905
26,127
25,834
18,1712
16,3179
16,3023
16,4221
26,1711
16,998
16,1692
16,766
25,840
16,3168
16,2679
16,1887
16,1886
26,1565
15,505
15,600
21,1873
15,526
15,963
25,331
26,1874
15,1365
25,1152
15,1299
26,928
26,1134
26,279
26,553
15,1830
26,1162
15,1450
15,2253
15,2024
26,228
26,130
25,555
26,1092
26,850
26,1244
15,656
15,1498
16,2629
27,575
16,1553
16,3130
16,1238
25,820
28,867
25,335
25,316
25,440
16,3819
27,451
26,899
16,2481
26,1058
26,1141
16,2852
25,956
16,3479
16,3191
27,586
16,836
16,1157
27,782
26,748
25,109
16,937
25,624
27,785
26,322
16,2964
27,372
26,978
26,759
16,1994
15,1466
27,390
25,632
27,512
26,926
15,2457
16,1172
27,182
26,306
25,515
27,793
25,670
15,205
26,668
17,1240
15,1786
15,330
15,1065
15,3783
15,1914
15,2099
25,235
25,171
25,417
25,224
25,206
17,964
25,291
25,811
27,213
23,2254
25,246
17,1173
17,930
26,1416
17,3320
25,782
27,920
26,262
25,1198
26,1362
26,668
25,1749
28,689
26,432
15,1503
17,1543
25,1031
15,1707
26,1050
27,623
26,588
15,544
25,592
15,1711
25,200
26,548
17,732
26,1000
25,1061
17,1282
15,1648
15,2378
17,2112
15,2360
17,1122
25,346
15,2126
26,414
26,1254
27,204
26,356
26,1612
26,558
25,532
15,1083
26,613
26,645
15,813
26,1298
27,700
26,291
25,283
15,714
15,1159
26,1462
15,3755
26,1263
26,1060
26,713
27,607
27,146
15,1221
11,1697
10,2855
10,1947
10,2423
26,1036
15,1385
27,347
27,1019
18,3505
15,409
25,967
15,2321
15,2010
15,1980
27,329
27,315
25,321
15,2257
26,1031
15,621
15,2265
15,1458
26,1463
25,502
15,2542
15,988
26,755
25,754
27,487
27,745
25,600
16,820
16,1961
16,1429
16,1200
16,3061
27,153
28,182
16,2825
16,2938
16,1822
16,2143
26,825
26,1317
16,2623
26,1198
16,2457
26,1194
25,227
28,547
28,474
25,221
16,1826
25,582
27,148
25,624
16,1885
26,76
26,1047
16,400
16,1398
25,415
16,1530
25,645
16,2537
25,237
25,784
27,423
16,2006
26,2238
26,1108
26,1167
16,2582
26,950
16,1910
25,619
26,922
27,667
26,1364
16,1317
16,1333
25,831
16,2241
26,985
16,695
26,1312
26,1320
26,661
16,1485
16,1294
25,861
16,2258
16,1453
27,68
27,346
16,1789
25,724
27,489
27,1325
25,711
26,1024
16,2784
16,850
16,2185
16,1153
26,452
16,2663
16,1583
27,351
25,645
27,102
26,923
16,1324
16,1744
16,1436
25,998
28,256
16,797
25,244
16,2189
25,566
25,830
26,662
16,924
26,914
16,1777
16,1645
16,1059
25,440
23,2677
25,747
26,1342
26,562
16,1749
17,2660
18,1919
26,1199
21,1892
18,2770
25,843
17,839
21,2333
17,506
26,929
27,519
17,576
23,2890
21,2881
28,872
21,2505
21,2367
26,776
21,2790
25,447
17,2068
17,2195
25,528
17,2621
16,2879
16,2089
16,1083
25,985
17,2006
18,1099
27,760
13,2723
27,561
17,1436
25,991
21,917
21,1097
16,675
16,458
16,1995
16,2313
27,285
16,1789
21,1538
17,1070
17,493
25,921
17,2212
21,2378
18,3732
26,1518
25,907
17,2602
17,1967
26,1926
21,1782
26,148
27,695
17,2252
18,884
25,995
16,1172
16,3140
21,802
25,359
25,539
16,3482
25,911
26,679
28,725
21,2297
25,1293
27,437
25,914
21,1920
25,778
26,857
26,1085
17,487
26,1068
16,1189
26,1145
25,707
17,614
16,1623
16,1058
26,760
27,692
25,855
16,1992
26,390
26,783
27,405
16,1758
25,882
28,1360
27,109
25,1045
25,89
27,1028
16,2656
16,2344
16,1644
16,3814
26,226
27,406
27,519
26,288
16,426
16,997
25,398
25,144
27,292
16,1136
16,1275
16,2232
27,932
16,1811
16,1372
25,211
16,1202
27,108
16,1941
16,971
16,970
25,262
25,316
16,2092
25,482
25,96
16,979
25,764
26,1053
27,786
16,2141
25,644
16,2026
16,3481
16,1287
26,864
16,2514
16,1839
26,1666
16,1560
16,1803
16,1737
25,785
26,989
16,3384
26,192
26,835
25,360
26,931
27,482
16,1199
16,2523
16,1895
16,1478
26,552
25,650
16,1788
16,2105
16,2593
16,2780
16,1576
16,1521
26,885
16,1410
16,1816
25,178
25,220
16,407
16,2056
16,1555
16,2381
26,1269
16,3012
28,747
16,2093
27,167
26,745
26,276
16,590
16,4040
16,405
27,709
27,938
27,793
16,2634
25,700
28,928
16,961
26,2399
16,3550
27,413
25,358
16,4893
28,538
16,1580
25,846
26,1410
16,3949
26,580
26,1391
16,3650
16,2762
16,1367
16,4178
26,740
25,108
26,1197
16,3316
16,1848
16,1793
11,2900
16,2749
16,2722
16,3040
16,3924
16,3121
16,2775
26,651
27,1467
27,208
27,114
16,1448
26,904
16,3522
16,2251
26,134
26,800
16,1101
25,875
16,1101
16,557
25,581
27,610
16,1716
16,1368
27,328
16,2404
16,1909
16,1717
16,970
25,526
16,4874
27,421
26,942
16,2486
16,2823
16,3694
26,744
26,366
26,757
17,1617
25,224
26,856
27,369
25,137
26,749
21,2280
25,626
17,2574
27,411
26,816
25,405
18,1813
26,963
27,253
27,448
17,425
21,2531
21,2825
17,667
25,847
17,1303
17,453
26,1123
17,2102
18,2836
27,714
18,737
28,848
18,565
25,279
25,907
21,313
18,2108
18,535
25,685
17,2341
25,1136
26,476
26,481
26,436
18,2278
17,2328
25,347
17,1128
18,2785
26,1312
26,1093
26,257
25,751
18,1093
26,677
16,2254
26,146
16,2664
26,1491
16,3520
25,370
16,1593
26,1447
25,502
25,218
25,785
16,2172
26,714
16,2783
27,403
16,2021
25,1074
25,465
25,72
16,1959
16,1967
26,534
16,3584
26,1335
16,2161
27,341
16,3802
16,5332
27,625
16,3490
16,943
16,1019
16,1165
16,1995
26,1268
16,1483
16,488
16,2882
16,2754
26,1735
16,2049
26,1288
16,1669
16,1429
16,1212
27,266
16,783
26,1075
26,710
25,522
16,1397
27,117
25,791
26,967
16,1580
25,406
26,875
26,1507
21,2427
26,1186
7,537
26,968
16,841
16,1109
26,734
16,1686
16,1944
25,666
27,359
28,60
26,1206
18,1425
25,669
25,622
25,438
25,1250
25,691
27,1177
27,1782
27,823
27,847
25,1008
27,823
25,792
25,1331
25,165
25,176
27,215
25,635
27,199
25,359
26,477
18,2381
18,1258
26,1130
18,516
25,1500
25,899
27,192
16,1038
25,552
25,909
25,823
26,593
16,2167
16,3376
16,1973
16,1972
16,867
16,523
25,897
16,338
16,1470
16,881
18,509
26,1356
25,1114
26,565
25,839
25,243
25,516
25,1632
25,671
27,1134
25,269
25,687
26,436
26,1093
27,235
26,884
26,301
25,587
26,825
27,535
18,758
25,791
26,1032
25,710
26,622
26,894
18,2303
18,671
18,1337
28,101
27,499
18,1096
18,975
25,1092
25,275
25,750
18,2464
27,505
25,742
18,2446
26,935
26,911
17,1341
27,265
21,1309
21,2493
18,848
21,2720
18,1913
21,1387
18,1242
26,1350
16,1939
27,260
16,2211
18,1275
16,1063
16,2920
26,1587
16,3132
26,910
17,2617
26,839
16,2563
27,395
16,2135
26,239
27,448
26,1871
27,566
26,1292
18,556
18,451
26,572
25,248
17,1605
25,82
25,205
18,1415
25,716
23,1066
21,2617
18,3358
25,474
18,850
18,2353
26,930
25,885
18,1783
18,243
18,1504
25,118
25,874
25,845
27,197
28,815
25,675
25,818
27,42
25,337
26,556
27,331
26,392
18,1114
27,446
25,476
18,626
17,1366
27,845
24,663
26,254
21,1745
21,2638
26,936
18,1879
25,444
21,702
27,493
28,523
18,1040
26,406
18,3293
25,928
27,830
18,1845
18,1773
18,2845
25,670
25,327
18,1353
11,529
17,1875
18,765
25,900
25,2488
18,694
26,1196
21,2010
27,649
17,1820
18,979
21,1109
26,1041
18,2946
18,636
18,2637
26,1111
18,807
18,364
18,422
25,1491
17,1431
18,342
18,501
17,1663
18,2304
25,527
16,1624
23,828
18,2479
24,1891
26,248
18,894
25,639
18,3051
26,1154
17,1431
27,818
25,181
18,3344
26,1144
17,607
25,1001
18,1998
25,917
17,345
17,3506
17,1150
17,1570
22,583
18,1350
16,181
18,1182
18,974
17,339
18,1559
18,2049
26,806
25,376
25,2158
21,2021
21,1253
25,1050
18,2123
26,715
25,547
25,440
25,2639
26,1354
16,1934
18,908
18,1394
18,1012
7,574
21,1564
21,3800
17,2591
17,2226
10,486
17,1539
25,1289
17,949
17,597
26,1178
27,948
26,178
17,2982
25,2558
18,1484
11,1623
18,1579
18,622
17,1345
17,2419
17,3054
17,1187
21,1015
17,58
25,190
21,2190
25,682
25,963
27,521
25,190
17,516
26,2340
25,1404
17,2968
17,1797
17,904
17,2053
27,933
17,2703
25,805
25,1308
18,525
27,289
25,318
26,1569
17,692
17,461
17,731
25,1583
18,492
18,2194
18,1462
26,697
18,1970
26,391
18,468
25,524
18,938
26,546
26,1054
12,1840
26,254
25,1009
17,1973
25,1165
25,558
18,1381
25,454
26,858
25,1680
18,1756
25,311
25,240
25,195
17,2445
25,1010
18,2035
26,1341
27,546
18,1786
26,269
18,886
26,972
18,1382
18,3220
28,1018
18,601
25,1626
26,1218
27,417
26,1248
18,647
18,2095
18,172
17,2014
27,1350
28,434
18,2180
18,2773
18,948
18,1219
26,1144
18,1559
18,1509
25,1323
21,2421
25,271
26,989
18,638
17,1860
26,177
23,599
27,411
25,694
25,337
17,1609
17,2258
17,276
17,2115
26,228
26,799
27,669
25,345
25,279
25,161
25,1271
26,1649
28,756
27,276
17,2202
25,1197
18,1575
18,2105
27,885
27,1219
27,298
26,207
27,119
25,457
27,177
27,1099
26,1231
27,629
26,1026
25,1970
26,968
25,428
27,868
27,515
25,654
26,1158
25,828
18,1914
25,1254
18,732
25,275
26,1711
25,677
25,1102
21,2663
17,1685
27,1096
27,1742
18,1719
26,1142
25,474
25,183
26,443
18,1848
26,963
18,1385
17,1191
12,496
27,402
17,174
27,1039
27,292
27,559
27,101
15,1860
25,753
21,2354
27,785
26,806
26,1296
17,789
18,1262
18,1881
25,719
18,383
25,1067
17,969
18,851
18,430
25,175
17,1308
25,1231
26,282
25,1434
25,881
18,217
25,393
25,375
2,201
26,155
26,767
26,239
26,167
25,234
25,1067
25,962
25,130
25,1686
25,122
28,831
26,1041
25,191
25,948
25,272
25,458
25,1159
25,134
25,540
28,152
26,779
17,1717
18,150
25,432
26,741
23,918
26,1014
25,943
18,1738
27,420
17,966
26,548
25,122
25,1515
25,685
25,829
21,1480
25,1226
18,1379
26,607
17,1431
18,2086
18,676
18,1651
17,2009
25,352
25,1296
17,1315
17,1005
17,2235
26,948
18,1732
26,1279
25,743
18,332
18,1390
18,215
25,975
25,1091
26,743
18,2179
26,420
17,1385
25,526
18,2433
21,3073
17,365
17,2982
26,864
18,1719
18,2855
18,1297
25,460
23,3012
27,963
26,816
18,2059
26,1055
26,1206
17,3237
28,472
17,2456
26,1028
25,1278
26,1556
25,892
17,1919
17,1468
18,612
18,1135
26,1010
25,795
17,1510
17,1546
25,1313
18,1515
25,1026
18,938
27,242
18,994
18,452
18,1414
16,2163
25,906
21,1798
12,453
18,1775
26,576
18,2546
25,1490
18,2056
17,1783
25,953
25,861
18,2282
18,1174
25,1234
25,493
22,280
26,864
22,485
3,447
3,2071
3,1367
3,2423
3,1804
3,2050
3,825
3,1266
3,1830
3,1568
3,1383
3,2302
3,1460
3,2626
3,1801
25,1498
3,733
3,276
27,243
25,784
27,355
27,1398
25,1239
3,1841
3,1383
26,866
27,390
25,700
25,603
27,569
26,672
25,356
25,442
25,1177
27,832
3,1885
3,1247
3,1636
3,832
3,982
3,1784
3,1080
3,1728
3,638
3,1705
3,650
3,576
3,604
3,1541
3,1106
3,272
3,342
3,1579
3,1557
3,1109
3,1376
3,1676
3,658
3,2357
3,683
3,1551
3,1145
3,1684
3,674
3,1746
3,2428
3,578
3,408
3,1780
3,1525
3,483
3,436
3,1456
3,1323
3,2495
3,1045
3,1017
3,1439
3,2040
3,2098
3,1111
3,132
3,1138
3,929
3,190
3,1085
3,1305
3,756
3,1220
3,1372
3,1789
3,1612
3,1031
3,1639
3,624
3,425
3,1307
3,1298
3,450
3,860
3,814
3,1291
3,187
3,429
3,1363
3,1565
3,1303
3,1841
3,661
3,243
3,187
3,1370
3,475
3,2121
3,2061
26,455
27,199
25,882
28,188
25,442
27,1355
25,508
25,309
25,81
27,416
25,215
25,51
25,195
25,201
27,458
25,764
25,825
27,540
27,390
27,140
26,744
25,958
26,546
3,1850
25,573
25,482
6,817
3,571
6,737
6,1152
3,1837
3,752
3,1518
3,1143
3,1789
3,2969
3,2337
3,1069
27,899
3,1920
3,1102
3,2399
3,1788
3,1305
3,1693
3,1605
3,1523
3,1668
3,1960
3,636
27,336
27,494
27,449
3,2238
3,1696
3,834
3,225
3,2023
3,1429
3,1208
27,517
27,261
25,73
25,402
25,275
27,418
27,343
13,1143
25,177
25,343
25,102
27,722
25,174
26,27
25,157
28,218
13,854
28,995
17,748
25,127
25,68
25,738
27,613
25,27
25,74
25,1037
25,102
26,366
13,649
25,486
12,1734
27,825
25,682
26,110
25,413
25,606
25,619
18,456
25,870
25,352
25,380
25,287
26,738
13,1235
25,603
12,668
25,432
27,913
28,352
25,704
27,796
25,773
26,1055
25,451
25,421
21,617
18,606
25,151
27,459
26,464
25,961
26,725
28,754
25,989
28,1019
27,893
27,705
27,276
27,943
25,678
26,744
27,1297
27,870
27,658
26,199
26,134
26,245
27,643
25,892
25,628
27,419
27,291
27,625
25,229
25,192
25,495
25,104
27,407
25,737
25,1363
25,278
27,474
27,374
26,305
25,78
18,185
7,293
12,348
26,270
25,320
25,162
25,501
25,1586
26,835
25,699
27,1106
26,569
26,209
25,1003
25,507
26,1627
25,815
27,360
21,939
25,714
27,738
25,485
25,447
26,211
25,281
26,339
25,986
25,298
25,399
25,809
27,952
26,475
25,248
27,1178
25,64
10,766
27,570
26,459
10,2005
25,67
25,399
27,369
25,487
25,920
25,306
25,1670
28,504
27,177
25,515
25,728
27,756
25,695
18,516
25,887
25,1314
28,942
25,654
27,323
25,324
27,482
12,578
25,392
26,255
26,536
25,130
16,400
25,274
26,225
25,348
16,752
25,1977
25,990
27,341
27,848
25,545
26,376
25,1441
26,37
25,1508
25,538
27,943
25,534
25,1876
16,626
25,394
26,599
25,918
25,649
16,273
26,720
27,1189
27,198
27,805
25,640
25,868
25,1377
25,973
25,553
25,575
25,1041
16,458
25,359
25,1352
25,1155
25,771
25,1148
26,667
25,219
27,473
25,367
25,219
25,435
25,106
25,434
27,879
25,1444
16,133
26,375
25,1263
25,1066
27,835
0,31
27,494
25,1001
27,149
25,1025
25,988
25,690
25,1309
25,404
25,880
26,71
27,499
25,336
25,232
28,830
25,395
26,324
28,678
25,546
26,559
25,469
25,1229
25,444
27,1192
25,180
25,1014
26,333
25,1265
27,601
25,775
27,733
27,548
25,439
25,748
27,378
27,1087
27,444
0,530
25,286
28,481
0,144
25,992
6,783
25,872
27,424
27,901
27,431
0,212
0,332
0,545
25,270
25,439
25,89
27,471
27,788
27,404
0,368
25,626
26,996
27,332
25,1271
27,291
25,845
25,336
25,1661
25,278
27,967
25,155
27,136
25,804
27,374
27,478
0,1128
25,214
1,683
25,1728
27,669
27,642
26,321
28,174
25,1028
27,675
27,759
25,42
0,149
8,230
28,765
25,429
26,67
26,716
26,130
28,191
27,363
25,318
28,986
25,323
26,161
25,449
26,320
25,366
8,68
25,1468
25,1346
7,1130
25,1310
27,271
16,323
25,382
26,179
25,637
25,497
28,404
25,315
26,387
26,378
26,147
26,72
26,66
26,292
26,265
26,948
25,660
25,252
25,99
25,74
25,598
25,169
26,121
27,579
25,70
25,355
25,200
27,1324
26,236
25,820
26,459
25,1256
25,3075
27,1004
27,171
27,468
25,1815
26,1141
25,739
25,440
26,530
27,846
25,1227
25,1301
25,449
27,345
27,479
26,119
28,770
25,713
25,815
16,1310
25,1261
27,1026
3,35
25,340
27,416
25,94
25,183
26,457
25,517
26,765
25,1829
25,605
16,318
25,359
27,55
25,491
25,141
25,1098
27,1350
25,675
27,145
27,1180
25,698
26,327
25,955
25,917
27,572
25,652
25,955
27,91
25,554
26,811
25,722
26,829
25,514
27,910
27,726
25,510
8,145
8,333
25,818
0,212
27,104
25,470
26,267
26,361
26,264
0,561
25,1338
0,414
27,867
26,275
8,360
8,434
25,871
25,423
27,406
25,537
28,229
27,642
27,527
25,473
28,394
25,606
0,1071
25,1648
25,774
27,269
25,384
25,1212
25,672
0,448
25,854
25,644
27,402
27,728
26,397
26,666
27,529
27,435
28,819
25,408
25,406
25,494
25,482
25,1713
25,1015
27,881
25,1496
26,126
25,402
25,825
27,421
16,934
25,231
26,368
25,228
27,344
25,1408
25,425
26,51
25,379
8,335
25,772
25,137
8,238
25,714
25,147
25,627
26,561
26,43
26,133
26,33
25,366
26,502
26,256
25,213
25,117
27,274
25,344
25,37
25,632
27,749
27,629
25,406
25,573
25,644
25,469
16,1419
25,533
27,278
25,546
25,319
26,950
25,1054
27,148
26,1159
25,1621
11,1318
27,801
25,739
25,138
25,555
25,603
25,559
25,635
26,406
25,849
25,989
27,945
25,735
25,1238
25,541
27,1041
27,721
26,818
0,439
25,305
25,190
25,191
12,243
8,357
26,269
8,192
26,146
26,73
25,1096
26,614
28,381
25,1366
25,625
25,1330
25,1713
27,195
27,676
25,663
25,420
28,139
25,1320
25,1293
27,813
26,654
28,517
25,1525
25,120
25,846
27,85
25,216
27,358
25,1212
26,847
27,691
26,309
26,573
25,581
25,351
27,167
25,982
27,278
25,48
27,332
26,738
26,1420
26,339
25,332
26,1447
26,1011
25,327
25,289
25,389
25,377
26,217
25,900
25,1084
25,815
25,811
25,409
25,198
25,529
25,442
25,1335
27,218
27,454
25,89
27,1016
26,644
25,1421
26,383
27,587
25,598
27,1368
25,486
8,806
27,125
25,202
25,925
8,527
8,950
27,126
26,542
25,703
25,62
27,504
25,923
27,861
27,908
27,134
28,770
26,1193
27,402
27,208
26,533
25,1062
27,1073
26,133
27,413
27,702
25,223
28,811
25,957
25,1174
25,433
25,485
25,189
25,282
25,164
27,563
27,935
25,1543
25,266
25,195
25,381
25,288
25,811
26,404
27,344
28,357
27,624
27,680
26,227
27,463
25,1528
25,257
28,166
25,180
25,246
25,896
25,576
27,551
25,951
25,435
25,109
27,390
28,450
8,527
8,674
25,261
8,890
25,645
27,537
25,532
27,1055
25,529
25,175
25,169
0,688
27,221
27,1188
5,1816
25,391
25,1208
27,707
25,1090
25,1504
27,285
27,495
25,917
27,456
25,222
28,191
25,474
27,1141
27,476
1,1319
27,1465
25,1341
26,230
27,427
25,123
25,683
25,654
0,443
25,895
25,781
25,1514
25,151
8,471
27,446
27,234
0,323
25,778
27,640
25,1010
26,138
27,590
25,314
25,1490
25,481
25,651
25,445
1,346
27,1223
27,422
28,303
25,564
0,649
27,1096
27,193
8,252
26,640
25,181
25,963
26,414
26,771
26,608
25,871
25,1598
0,817
25,566
27,907
27,365
25,93
27,915
25,687
25,592
0,790
27,230
25,371
0,1115
25,338
27,138
25,553
28,132
26,694
26,234
25,711
25,661
25,888
27,787
27,90
27,1328
25,931
28,905
8,281
25,565
27,306
25,70
27,374
27,426
26,484
25,943
25,126
25,279
8,535
8,809
27,626
26,266
8,885
8,665
26,629
26,302
27,702
25,163
25,302
11,779
25,327
27,169
26,475
25,992
25,318
28,149
25,96
25,350
27,521
25,281
25,264
11,1791
25,818
27,383
26,470
28,201
26,144
8,951
25,324
25,616
8,375
25,756
26,93
25,505
25,418
25,445
26,43
25,349
25,385
26,98
25,586
26,146
25,143
11,607
27,433
25,333
25,1122
27,448
27,241
25,176
25,485
25,623
25,386
25,1342
25,330
25,487
25,571
27,482
16,450
16,1083
26,630
26,745
25,771
27,362
25,224
25,1010
25,1384
27,184
28,108
25,1360
25,305
27,464
25,275
25,767
25,596
25,596
25,369
25,107
25,549
27,525
27,71
25,533
25,266
27,597
16,466
25,501
25,717
25,299
25,682
25,388
16,1107
26,453
26,420
25,964
25,325
25,399
27,383
25,412
25,72
25,1366
25,1002
27,81
25,403
27,65
25,1004
25,1378
27,228
27,400
25,534
27,131
16,40
25,554
25,1541
27,480
25,261
26,302
25,1111
25,1174
25,481
25,238
27,732
25,1024
25,755
27,423
26,715
25,496
25,645
26,105
27,219
28,849
27,254
25,703
25,193
25,315
25,252
25,187
26,358
26,396
26,750
25,252
25,557
27,189
27,863
28,936
26,1053
25,793
25,351
26,314
25,737
25,79
25,439
25,617
25,627
25,162
27,251
27,808
27,163
25,1527
11,374
25,145
25,467
26,216
25,574
27,324
25,1116
25,170
25,2032
27,462
25,277
27,227
25,864
25,1400
26,1251
25,1486
16,159
27,1228
25,286
28,538
25,633
27,433
25,634
25,265
16,290
16,240
27,377
27,434
27,428
27,744
25,341
25,966
25,2291
25,387
25,544
25,444
26,182
25,860
27,460
25,1585
25,1623
25,497
25,577
25,1108
28,577
27,445
25,820
25,1807
25,100
25,426
25,383
25,346
26,963
25,1491
27,977
27,724
25,1162
27,513
25,1207
25,1340
27,650
28,1398
25,1480
25,451
28,928
25,503
25,995
25,284
25,722
27,1148
25,712
25,402
25,391
25,924
25,177
25,543
25,942
27,1085
25,829
25,1297
25,615
25,1074
25,667
25,472
25,326
25,1227
26,734
25,902
25,1183
25,242
28,627
25,1951
27,1936
27,333
28,976
27,966
25,1577
25,1587
27,957
25,883
28,914
16,1114
25,1549
25,346
25,315
25,1052
27,916
25,1081
25,385
25,291
25,715
28,674
25,175
25,815
27,438
25,507
25,1190
27,407
27,235
28,627
16,435
25,391
25,391
25,155
25,125
25,437
25,904
26,514
27,1398
25,995
25,989
27,455
27,853
25,738
27,148
25,662
25,686
25,376
25,544
16,107
25,505
25,901
27,765
27,653
25,910
25,855
25,247
26,434
25,598
25,113
25,366
27,1203
25,409
25,290
27,288
27,690
25,1304
25,192
27,1135
16,1139
27,404
25,667
25,276
28,687
16,1255
27,728
26,399
25,885
27,974
26,255
27,353
25,1233
25,895
28,545
28,787
25,542
25,1644
26,538
25,1434
28,1032
25,370
25,283
27,613
27,741
25,1032
25,415
16,1143
25,652
27,269
27,782
26,817
25,767
25,295
28,1539
25,456
25,2001
25,1438
25,521
26,856
25,834
25,803
25,1101
25,679
25,892
27,227
27,540
25,370
25,1272
28,927
27,815
25,220
25,579
28,984
25,830
25,802
25,441
25,622
25,1493
25,656
25,388
25,104
26,372
26,199
25,333
25,1615
25,745
25,332
25,313
26,1269
27,1342
25,1195
28,763
25,2111
25,96
25,234
28,629
25,1555
25,804
25,520
27,887
27,1008
27,813
16,776
25,711
25,384
28,1128
27,759
28,519
25,1582
27,544
25,388
27,762
16,1378
25,1596
27,629
25,305
25,318
25,1171
27,184
27,1276
25,1411
25,1003
27,851
25,609
25,1240
25,556
28,488
25,1710
26,467
25,1065
27,456
27,1071
25,437
26,281
25,619
27,952
26,54
25,1175
26,848
26,787
28,999
26,198
25,469
26,77
25,792
26,653
26,613
25,1076
25,1043
27,523
25,677
27,696
25,1067
25,488
27,283
26,98
27,1164
25,381
26,414
25,1023
27,487
28,1447
25,86
25,599
28,415
26,681
25,419
25,746
27,500
25,603
25,1023
27,379
25,1161
28,1083
27,1092
27,341
25,932
25,464
0,122
25,663
25,113
27,762
27,717
25,750
27,885
27,1126
1,2734
27,528
25,589
25,825
25,1421
25,611
25,575
27,899
25,168
25,39
25,1181
0,182
25,58
27,799
28,25
25,525
25,231
25,175
25,675
27,361
25,399
25,769
25,1650
27,648
27,951
25,365
25,184
25,774
0,1222
28,608
27,847
25,509
25,845
25,266
27,690
27,227
27,332
25,24
27,193
25,552
27,264
25,473
27,892
25,771
25,402
25,560
25,1040
25,596
25,1464
27,449
25,291
26,69
26,71
26,27
25,211
27,1277
25,638
25,145
25,155
25,367
1,305
25,435
27,297
27,1102
27,787
25,393
26,233
27,512
25,855
27,811
27,340
25,913
25,75
25,169
25,710
25,670
25,266
25,1508
26,99
25,62
26,197
26,320
26,66
26,343
25,134
26,272
25,422
27,634
27,635
0,1675
25,642
25,269
26,290
26,1027
25,209
25,454
27,139
25,55
28,1003
25,1108
25,208
26,578
25,208
26,170
25,66
26,89
26,246
5,260
26,193
26,185
26,321
25,605
25,321
28,225
25,96
28,902
25,266
25,726
25,364
26,745
26,383
0,536
25,938
27,649
25,816
25,95
25,368
27,322
25,965
27,383
25,433
25,371
25,322
26,188
27,375
25,765
27,236
0,142
27,798
25,648
0,348
28,615
0,800
25,110
0,722
26,347
25,717
25,839
27,562
27,253
0,187
27,852
26,294
27,807
25,886
27,690
28,289
25,446
25,371
0,424
25,1118
0,522
25,1628
25,146
27,15
26,254
5,123
27,1455
28,76
25,93
25,83
27,1338
25,910
27,648
27,1148
27,123
27,1043
0,704
26,839
4,12
27,539
27,615
5,1534
27,658
25,1094
27,488
27,305
25,989
25,33
25,450
25,477
27,925
25,625
28,195
25,903
0,160
25,172
25,1410
27,402
0,276
0,483
25,1215
27,561
28,277
0,619
27,317
27,516
27,48
27,958
25,869
25,823
25,1380
27,428
27,957
0,139
27,752
25,908
27,1382
25,1487
25,412
27,1202
25,669
25,1563
27,952
28,147
27,491
25,224
0,718
27,195
25,1477
25,444
25,73
25,85
27,390
25,439
27,1162
27,315
27,260
25,2111
0,293
0,239
28,90
27,696
26,641
27,672
25,611
25,1072
27,494
25,1309
25,1010
0,875
27,1145
25,1121
25,1095
0,940
0,457
25,45
25,105
25,176
25,284
0,495
25,757
27,455
27,329
27,1126
25,776
28,602
27,714
25,165
27,788
25,850
0,466
25,18
0,281
25,195
25,586
0,172
0,531
25,594
27,532
27,649
0,466
0,198
0,550
27,1070
25,501
25,103
0,343
25,409
0,172
25,423
27,605
25,710
0,86
0,105
25,12
27,695
0,665
25,111
25,371
25,360
25,132
27,672
0,125
0,100
0,458
0,1959
0,435
25,568
27,491
0,862
27,1447
25,1003
27,325
25,331
25,1125
1,112
1,822
26,330
25,658
25,201
25,1848
27,1013
26,364
25,331
25,674
25,144
1,438
26,288
27,1349
28,1034
28,825
25,1270
25,83
27,397
1,413
25,840
0,868
0,935
25,1060
25,632
25,424
25,1137
25,569
0,639
0,141
26,614
25,1161
25,540
25,766
0,325
28,189
25,185
25,72
25,1105
25,370
25,1971
0,671
25,107
27,389
27,104
26,417
25,32
25,534
27,345
27,35
25,835
25,477
25,584
25,306
27,425
25,134
27,129
25,88
25,1524
25,235
25,551
0,302
25,686
25,395
25,546
25,127
27,941
25,153
0,1009
25,34
25,837
27,765
25,139
27,632
25,180
25,27
25,298
25,434
25,587
27,321
25,567
25,1799
25,938
27,195
25,582
0,230
0,185
25,32
28,198
6,906
25,191
25,545
27,877
26,800
27,573
25,1135
27,428
25,240
27,962
25,284
27,523
25,1310
27,72
25,109
25,1275
27,1063
0,931
25,1608
25,912
25,850
0,406
25,89
27,667
25,112
25,328
25,1403
0,457
27,717
25,1149
25,440
25,442
25,219
0,456
25,123
27,628
0,419
27,565
0,490
25,967
25,531
27,266
25,1410
25,626
25,281
25,130
27,338
25,540
25,1573
27,522
25,60
27,780
25,1652
25,891
27,1053
0,737
27,812
27,650
25,717
0,898
25,512
27,189
25,430
27,329
26,1403
25,333
25,666
25,1513
25,982
27,512
25,1887
25,260
1,621
25,696
27,702
25,1070
27,1280
25,1817
25,533
25,1439
27,736
1,877
25,1175
0,563
27,931
25,406
25,571
27,796
25,834
25,919
25,1045
27,182
26,399
27,348
25,303
27,737
25,839
25,572
25,1463
0,2011
27,322
25,627
0,96
25,1256
0,301
25,391
25,153
27,90
6,277
5,1239
27,446
25,241
25,722
27,592
0,1141
25,203
25,530
25,361
27,454
25,420
25,726
25,91
25,281
25,758
25,481
25,434
25,338
25,303
25,927
25,643
25,405
25,1461
27,264
26,146
26,345
1,847
25,901
27,324
27,491
25,340
26,1022
26,405
25,532
0,38
27,1031
26,330
26,525
27,365
25,468
25,341
25,367
25,141
25,597
27,240
25,54
25,477
25,325
0,632
25,16
0,244
25,380
27,632
28,1091
0,1271
25,521
25,1512
25,851
25,1577
27,139
27,525
27,1372
27,409
25,1025
25,268
25,317
5,205
27,914
25,285
5,1494
25,511
28,824
27,712
27,10
0,367
28,323
27,726
25,250
25,188
25,945
25,318
27,961
25,552
25,675
26,1018
25,1367
27,471
25,853
25,544
25,372
25,264
25,645
25,34
25,177
27,300
25,318
25,283
27,668
26,226
27,219
28,430
25,41
27,285
27,345
0,691
26,1382
28,314
27,644
27,1428
28,878
27,383
27,276
26,334
25,478
25,2264
25,892
27,578
25,89
25,722
25,163
25,737
26,56
27,582
25,1396
27,36
25,954
27,228
25,571
26,147
25,105
25,135
25,442
25,806
27,1649
27,475
27,235
0,558
1,80
26,216
0,292
25,299
25,581
1,1998
25,45
26,82
25,441
26,146
25,422
27,754
27,613
25,1075
25,398
27,693
25,1915
27,505
25,244
27,467
25,276
25,688
25,419
26,473
27,239
25,452
25,671
25,720
25,1399
25,273
0,650
28,323
27,1003
27,361
25,674
25,351
25,351
27,41
25,684
26,237
25,245
1,719
25,174
25,292
25,449
25,130
26,395
27,475
25,771
26,1089
25,901
25,258
25,570
25,438
25,286
25,960
25,227
25,555
25,290
25,410
27,987
25,401
27,1015
27,976
25,122
27,461
25,333
27,716
26,428
25,182
27,429
26,368
27,737
12,147
28,1082
25,1000
25,21
27,371
25,1611
25,325
25,658
25,442
27,642
25,475
25,586
25,2022
26,355
25,169
27,931
25,137
26,443
25,351
25,502
25,1221
17,1006
25,322
27,662
12,501
27,340
25,528
27,1086
28,511
25,1216
25,541
25,1868
25,391
27,374
27,399
27,88
25,151
25,85
25,480
27,79
27,532
25,812
25,111
5,369
27,773
27,247
28,591
25,1369
27,781
25,561
28,881
26,2234
25,1382
27,639
28,1586
27,254
27,590
27,639
27,624
25,1547
25,575
28,978
25,734
27,722
25,1366
25,181
27,1013
25,104
25,247
25,731
25,562
0,1079
28,102
25,352
25,178
0,891
25,330
27,542
26,208
27,1203
27,667
25,1173
25,1047
26,760
28,1037
25,809
27,1002
25,362
25,579
27,574
0,108
25,469
25,324
12,357
25,189
25,94
25,470
25,199
27,288
27,302
25,796
25,1195
27,634
25,423
27,702
25,1309
27,389
27,427
27,594
25,494
25,233
25,641
26,1189
27,544
25,706
27,512
25,293
27,370
27,314
25,387
25,126
25,246
28,513
25,975
26,336
25,202
28,1053
0,223
27,783
27,756
27,1134
0,1210
27,983
27,1153
27,160
25,372
27,943
25,1865
25,983
25,562
27,1642
27,1356
25,246
25,507
25,520
25,521
27,575
28,742
25,956
25,983
25,1953
25,394
25,755
25,130
26,439
28,247
27,219
27,200
27,2390
25,232
28,968
25,400
25,1440
25,905
25,323
27,935
25,220
27,513
25,1276
8,62
25,231
8,387
27,537
25,378
28,199
25,695
28,1666
28,584
25,604
27,399
25,1144
25,342
27,878
25,358
25,433
27,482
28,618
28,806
25,1222
27,695
26,318
1,442
25,257
25,214
8,147
27,925
25,502
28,1456
27,225
25,360
25,474
25,899
25,625
25,1231
27,455
27,844
25,346
25,193
27,582
28,2117
25,296
0,1027
25,297
27,699
25,687
25,622
25,792
27,958
0,803
27,607
0,1449
27,167
25,693
27,556
25,597
0,1390
27,184
25,890
25,634
27,681
25,957
25,497
27,227
25,510
25,282
27,540
27,104
25,179
28,127
0,1999
27,946
27,1803
25,70
0,783
0,288
25,526
6,2152
8,207
27,612
8,489
8,121
25,378
27,324
25,536
25,929
27,231
25,453
0,2073
25,118
27,583
0,311
27,748
25,434
26,275
25,855
25,408
27,949
27,1005
26,437
28,74
28,54
26,1102
27,692
25,224
27,277
26,1741
26,1065
25,875
25,260
25,1496
27,108
28,320
25,1840
26,399
27,193
25,969
25,88
6,1044
27,170
27,666
27,492
26,1068
25,751
26,223
27,1045
26,70
25,230
25,228
25,752
25,494
26,462
25,1819
25,559
25,1955
25,222
25,597
25,753
25,393
28,453
25,129
28,796
25,771
27,278
11,1267
25,1166
25,1229
26,407
26,256
25,28
26,516
25,615
25,352
25,1362
27,528
25,1269
25,468
25,226
25,322
25,438
27,592
25,43
27,252
26,526
28,376
25,331
27,481
25,687
25,165
25,234
25,600
26,694
26,337
25,330
25,370
27,313
27,788
27,642
25,235
26,608
25,611
25,784
26,545
25,295
25,641
26,174
26,409
26,132
26,1067
28,361
25,446
27,1270
27,318
25,444
25,492
25,364
10,584
27,644
27,503
26,256
25,347
25,249
25,1153
28,941
27,975
25,436
25,145
27,387
8,282
26,705
25,219
25,457
25,616
8,841
27,741
25,659
25,706
25,418
25,588
8,400
27,1040
25,372
25,339
25,269
25,779
27,812
27,1198
27,762
25,1268
26,676
25,511
25,540
28,435
27,298
25,441
27,751
25,712
25,337
27,278
25,955
23,756
27,382
25,377
25,1990
25,747
27,746
27,286
25,485
8,165
25,583
25,387
25,1383
25,875
28,1058
27,658
25,627
25,1005
26,593
26,632
26,118
26,406
25,636
27,732
27,406
25,716
25,379
27,867
28,848
25,268
25,277
23,74
25,615
28,739
25,805
27,506
25,102
26,1698
27,256
26,382
27,299
25,576
25,557
26,263
27,616
27,473
28,629
25,862
26,765
26,452
26,539
28,461
27,658
25,402
27,432
25,693
27,733
25,426
26,926
25,433
25,654
25,415
25,555
25,471
28,517
25,320
25,1107
25,92
25,460
25,392
25,839
25,634
25,240
26,271
25,893
26,598
26,1461
25,966
25,164
27,232
25,702
27,445
25,554
27,789
25,316
25,747
0,824
25,47
25,99
25,96
27,697
25,133
26,231
25,228
28,79
27,581
25,799
25,451
27,847
10,667
25,464
25,71
0,663
0,873
25,266
25,92
25,236
27,42
25,138
25,766
25,315
27,463
25,1098
28,218
27,1062
6,1247
25,104
25,388
27,1877
28,168
25,651
28,50
25,641
25,291
25,310
25,29
27,569
25,231
0,424
26,1194
25,321
25,496
25,182
28,125
28,608
25,123
25,493
25,213
25,83
25,202
25,179
25,74
25,233
25,53
26,149
26,187
0,311
25,250
25,350
25,195
25,810
27,954
25,442
25,712
25,1215
25,337
27,134
27,453
27,228
27,448
27,565
25,254
25,321
27,863
27,303
27,473
0,608
28,178
25,89
0,635
25,183
26,335
25,546
25,11
27,1022
25,1063
27,413
25,1558
26,140
26,821
27,468
28,688
25,308
25,650
27,568
25,1477
25,171
27,451
26,177
27,145
26,731
25,1630
28,1149
25,2257
25,1211
26,43
27,548
25,481
25,895
27,225
27,43
25,32
25,2681
27,195
26,314
26,29
26,244
0,921
25,445
25,20
25,182
1,173
27,997
0,499
27,511
28,901
25,1377
27,340
26,213
26,856
26,1115
25,279
27,921
25,867
25,592
25,476
27,366
26,676
27,443
25,46
25,475
27,976
25,1465
27,259
0,89
25,363
27,358
25,524
25,455
0,1413
27,1107
25,1088
25,845
0,1185
25,323
25,534
25,663
25,183
25,928
27,427
27,482
25,1272
0,832
27,668
27,639
27,682
27,818
27,167
28,314
26,295
1,672
25,1296
27,438
0,589
27,382
25,1808
26,368
27,181
28,592
4,43
27,1062
25,652
27,331
25,680
26,492
25,499
27,313
25,1418
0,871
25,473
25,591
0,385
27,533
25,1489
25,940
25,504
27,686
27,954
0,368
27,185
27,726
27,353
26,381
25,77
26,312
25,105
25,329
25,1149
25,167
25,1289
27,443
27,220
28,776
25,270
25,681
25,533
0,194
25,835
25,351
25,332
27,33
25,377
25,895
25,1000
27,923
27,133
25,1254
16,1354
25,730
25,244
27,467
25,1005
25,503
25,1142
25,659
25,329
27,863
27,637
25,777
25,328
25,389
25,372
25,304
25,370
26,212
26,155
26,185
25,577
25,1367
25,530
27,1086
25,145
8,415
25,448
8,418
26,292
26,320
26,484
25,120
26,184
26,402
25,480
26,97
16,128
25,85
26,170
25,95
16,2326
27,945
27,640
25,548
25,553
25,485
25,323
25,264
25,602
25,383
25,531
27,844
25,1544
27,675
27,697
25,930
28,821
27,511
25,1285
26,368
25,216
25,365
26,535
25,1472
25,433
25,432
25,424
25,1032
25,1299
28,725
25,1198
25,1110
25,686
27,935
27,657
25,607
16,651
25,900
27,949
25,847
27,356
25,471
25,582
25,478
25,207
25,121
27,423
25,547
25,1312
25,423
25,362
25,714
25,581
27,396
25,459
25,593
25,488
25,616
25,670
25,32
25,160
25,1107
25,276
25,269
25,366
25,675
25,621
25,135
25,610
0,1446
25,816
3,706
25,1562
25,469
25,1047
25,308
25,553
27,580
3,799
3,191
25,264
25,114
27,778
25,695
25,743
25,792
25,945
27,533
28,992
27,395
25,1013
25,1061
25,1414
25,239
25,526
16,367
25,608
16,725
25,910
27,79
27,543
27,242
25,435
25,370
27,298
25,442
25,843
27,664
25,586
25,607
16,98
28,739
25,68
25,1433
27,1094
0,880
25,1018
25,344
0,1285
25,835
25,165
27,54
25,244
25,886
25,877
25,1488
25,665
25,206
25,492
25,115
25,273
25,915
0,637
25,2129
25,525
27,506
0,109
25,159
25,663
0,288
27,989
0,1043
25,225
25,1345
27,726
26,964
25,1845
16,666
25,255
25,251
25,1224
25,34
25,1230
25,148
0,922
25,682
25,227
25,1332
25,1447
27,743
25,539
25,503
25,590
0,1294
25,2357
27,499
25,478
25,680
27,1351
28,582
25,332
16,1431
16,1588
25,817
25,1241
25,1012
27,857
25,958
25,201
25,612
25,1915
27,353
27,191
25,1266
27,459
27,1261
25,338
25,754
25,881
25,717
16,397
25,130
27,1001
25,765
27,696
25,362
26,619
25,1412
25,1481
25,315
25,488
25,213
25,183
16,107
25,383
25,623
25,960
27,687
27,856
25,591
26,290
25,770
25,569
25,806
27,1184
27,386
25,863
25,481
25,336
25,353
25,952
25,747
26,396
25,304
3,702
25,1500
3,217
27,784
25,321
25,632
25,609
3,1056
25,302
25,96
27,606
25,876
0,742
27,699
25,528
25,65
0,814
25,1215
25,74
27,435
25,497
25,158
0,1360
25,281
27,991
25,93
25,74
25,630
25,640
25,57
27,76
27,755
25,103
27,174
25,682
27,429
25,51
27,499
1,165
1,679
27,240
27,688
25,784
25,1441
25,497
27,1256
25,1296
25,934
27,856
27,1051
25,556
25,684
26,217
0,534
25,211
25,689
27,656
25,354
25,871
25,689
28,244
25,598
25,83
25,368
25,477
27,887
25,23
0,228
27,900
25,547
25,354
25,1069
27,247
25,2004
25,617
27,412
25,172
25,310
27,319
0,1101
25,1847
27,629
27,484
25,623
25,849
27,619
27,224
25,1404
28,404
27,457
25,364
25,413
27,468
25,403
25,446
25,503
25,647
25,652
27,1256
0,236
28,96
26,534
5,115
27,519
27,88
27,175
0,878
25,592
25,803
6,334
25,1040
25,525
25,1419
27,361
28,932
25,765
25,434
25,523
25,1350
27,314
25,274
25,590
0,795
25,474
25,1634
27,1031
25,146
27,1017
27,368
0,905
27,480
25,672
25,923
1,675
25,993
27,382
26,164
25,659
25,356
25,264
27,563
25,1588
26,885
25,1738
27,999
27,289
25,761
25,493
27,721
27,451
25,936
25,1164
27,459
28,647
25,726
27,1036
25,295
25,1183
27,197
25,226
27,107
27,522
16,309
16,769
25,71
25,595
25,146
27,271
25,567
25,367
27,255
27,698
25,302
25,1946
27,1007
26,274
25,38
25,367
25,447
25,899
26,196
25,554
27,798
15,1159
25,357
27,436
25,664
26,369
25,362
25,1389
25,471
25,1141
25,1793
27,607
27,736
25,902
25,633
26,203
25,1091
27,1405
25,66
25,553
25,1349
25,1222
28,542
25,188
25,902
27,192
25,605
25,1270
25,210
26,1022
25,487
27,1046
16,570
26,507
27,391
25,1050
25,398
25,760
25,989
25,607
27,994
27,432
25,927
27,215
25,654
25,1132
25,909
26,256
25,618
25,669
16,1184
27,570
25,1126
27,317
25,748
25,410
25,888
16,589
25,657
16,722
25,453
28,1188
25,402
25,1038
25,141
25,750
28,846
25,1332
25,476
27,572
25,385
25,1374
27,377
17,653
25,570
23,1837
27,484
25,113
25,146
25,309
7,158
27,112
25,663
25,320
25,299
25,557
