gene_id,tier,log2_factor,expected_counts,observed_counts,top_class,top_class_section_share
ENSMUSG00000000001,informative,0.38348255902114481,9674.498007,13239,32 OEC,0
ENSMUSG00000000031,uninformative,3,7.271661518,153,29 CB Glut,0
ENSMUSG00000000058,informative,0.72527989949440419,8825.123113,15303,33 Vascular,0.11687
ENSMUSG00000000085,informative,-2.6339185996122758,37837.60292,6402,25 Pineal Glut,4.75082e-05
ENSMUSG00000000093,informative,0.62419332040834963,1373.673851,2235,33 Vascular,0.11687
ENSMUSG00000000094,uninformative,1.042681983260342,57.36964626,141,33 Vascular,0.11687
ENSMUSG00000000120,weak,1.8732844903158159,278.2699374,1087,08 CNU-MGE GABA,0.00696787
ENSMUSG00000000125,informative,-0.51963627351855102,2489.258368,1835,31 OPC-Oligo,0.1627
ENSMUSG00000000126,informative,0.4221873170454058,3262.722895,4597,18 TH Glut,0.0535259
ENSMUSG00000000142,informative,0.81097253260272983,7126.342417,13116,33 Vascular,0.11687
ENSMUSG00000000149,informative,-0.68008628581690811,23988.24566,15702,31 OPC-Oligo,0.1627
ENSMUSG00000000154,uninformative,2.3309424246923087,61.9773131,347,33 Vascular,0.11687
ENSMUSG00000000159,weak,0.056335642728040203,400.1044035,452,33 Vascular,0.11687
ENSMUSG00000000182,uninformative,-0.44588644581972781,151.0904135,132,29 CB Glut,0
ENSMUSG00000000184,informative,-0.47326180334108969,22073.52389,16675,32 OEC,0
ENSMUSG00000000194,informative,-0.4211064964647121,11179.83072,8764,34 Immune,0.0285999
ENSMUSG00000000214,weak,1.4046548451332872,244.8564539,697,21 MB Dopa,0
ENSMUSG00000000216,uninformative,0.88508447919385447,54.2881398,122,28 CB GABA,0
ENSMUSG00000000247,informative,-0.1405522863498572,8480.043206,8076,03 OB-CR Glut,0.000807639
ENSMUSG00000000263,informative,1.151716531579865,1850.935869,4326,24 MY Glut,0.00326223
ENSMUSG00000000290,weak,0.96383888432265219,714.3999874,1477,34 Immune,0.0285999
ENSMUSG00000000303,uninformative,3,61.97263098,2182,28 CB GABA,0
ENSMUSG00000000305,informative,-1.2737021556245895,24965.62266,10834,03 OB-CR Glut,0.000807639
ENSMUSG00000000318,uninformative,1.4592734280789801,194.763787,579,34 Immune,0.0285999
ENSMUSG00000000320,weak,-0.42067686755796663,368.1991436,304,32 OEC,0
ENSMUSG00000000326,informative,0.2828806672042819,28460.79524,36295,34 Immune,0.0285999
ENSMUSG00000000374,informative,1.124977812387167,20130.89733,46018,31 OPC-Oligo,0.1627
ENSMUSG00000000381,uninformative,3,2.542397785,90,21 MB Dopa,0
ENSMUSG00000000385,uninformative,1.7066535002550791,8.937321294,49,23 P Glut,6.33443e-05
ENSMUSG00000000392,informative,-1.158679008307373,2123.381484,1020,32 OEC,0
ENSMUSG00000000394,uninformative,1.4502521970602873,9.475762188,37,24 MY Glut,0.00326223
ENSMUSG00000000399,informative,2.3517002638271851,5921.719182,31689,25 Pineal Glut,4.75082e-05
ENSMUSG00000000409,weak,0.46469681578604999,339.2623749,507,15 HY Gnrh1 Glut,1.58361e-05
ENSMUSG00000000416,informative,-0.93533711719487078,107690.6209,59017,04 DG-IMN Glut,0.0288375
ENSMUSG00000000435,uninformative,3,1.378300461,67,26 P GABA,0.00280298
ENSMUSG00000000440,informative,-3,10033.80278,770,25 Pineal Glut,4.75082e-05
ENSMUSG00000000441,informative,1.2292455563325588,18500.8882,45462,29 CB Glut,0
ENSMUSG00000000489,informative,-0.0581477894042009,10069.13302,10149,34 Immune,0.0285999
ENSMUSG00000000530,informative,1.1763729934292364,4880.427804,11574,33 Vascular,0.11687
ENSMUSG00000000532,informative,0.85596191719266246,15872.08162,30116,13 CNU-HYa Glut,0.0147909
ENSMUSG00000000544,uninformative,3,2.37771018,225,15 HY Gnrh1 Glut,1.58361e-05
ENSMUSG00000000555,informative,0.2119485576279227,2045.076139,2498,34 Immune,0.0285999
ENSMUSG00000000560,informative,-3,76725.25652,7916,04 DG-IMN Glut,0.0288375
ENSMUSG00000000563,informative,1.0364351498616209,44345.01573,95325,28 CB GABA,0
ENSMUSG00000000567,informative,0.64444695856502654,14179.43738,23239,30 Astro-Epen,0.160404
ENSMUSG00000000594,informative,1.0119319331025187,12803.42651,27069,30 Astro-Epen,0.160404
ENSMUSG00000000600,informative,-2.2914938548069883,35192.99239,7547,31 OPC-Oligo,0.1627
ENSMUSG00000000605,informative,-0.70864364547635605,31836.40803,20426,17 MH-LH Glut,0.00120354
ENSMUSG00000000617,uninformative,0.91674532310820878,14.1589873,45,20 MB GABA,0.00742711
ENSMUSG00000000628,informative,-0.077985208992292401,2056.211574,2057,34 Immune,0.0285999
ENSMUSG00000000631,informative,0.2401419292927523,34842.29446,43141,31 OPC-Oligo,0.1627
ENSMUSG00000000632,informative,1.2645087084318725,21155.69164,53277,09 CNU-LGE GABA,0.0528766
ENSMUSG00000000690,uninformative,-3,121.9325615,30,24 MY Glut,0.00326223
ENSMUSG00000000708,informative,-1.6240269464611576,15782.38004,5380,31 OPC-Oligo,0.1627
ENSMUSG00000000711,informative,0.093174857926928895,25223.81453,28207,31 OPC-Oligo,0.1627
ENSMUSG00000000730,uninformative,1.788333367907061,15.85091763,76,24 MY Glut,0.00326223
ENSMUSG00000000731,uninformative,1.5520892237241628,8.759164025,45,32 OEC,0
ENSMUSG00000000732,weak,0.90497001147661538,831.8665299,1649,34 Immune,0.0285999
ENSMUSG00000000751,informative,0.52636544825416098,8018.652516,12117,30 Astro-Epen,0.160404
ENSMUSG00000000766,informative,-2.1058482355635388,15126.1159,3697,17 MH-LH Glut,0.00120354
ENSMUSG00000000782,informative,0.53472075381377437,1479.415876,2262,33 Vascular,0.11687
ENSMUSG00000000791,uninformative,2.4095011373221347,145.4089587,830,31 OPC-Oligo,0.1627
ENSMUSG00000000804,informative,-0.70053528187066827,43909.91889,28325,25 Pineal Glut,4.75082e-05
ENSMUSG00000000805,informative,1.2936398885694833,10412.21748,26761,33 Vascular,0.11687
ENSMUSG00000000817,uninformative,1.9700091623024576,58.19653867,258,15 HY Gnrh1 Glut,1.58361e-05
ENSMUSG00000000826,informative,0.068232874620996503,64939.13637,71350,08 CNU-MGE GABA,0.00696787
ENSMUSG00000000838,informative,0.67071886216946619,19179.42807,32005,32 OEC,0
ENSMUSG00000000861,informative,-0.84696989319863114,45543.3732,26544,03 OB-CR Glut,0.000807639
ENSMUSG00000000869,weak,-3,328.1858906,7,22 MB-HB Sero,1.58361e-05
ENSMUSG00000000881,informative,0.79837839843573888,19775.58539,36051,10 LSX GABA,0.000190033
ENSMUSG00000000889,uninformative,-0.063616356155432499,26.91312876,43,24 MY Glut,0.00326223
ENSMUSG00000000902,informative,1.3862015398752487,8800.391813,24119,03 OB-CR Glut,0.000807639
ENSMUSG00000000915,informative,1.2221102039371039,10653.08923,26056,31 OPC-Oligo,0.1627
ENSMUSG00000000938,uninformative,3,0,71,01 IT-ET Glut,0.234215
ENSMUSG00000000942,uninformative,-3,95.71692715,16,27 MY GABA,9.50164e-05
ENSMUSG00000000957,informative,0.60911769602000743,4508.637383,7222,32 OEC,0
ENSMUSG00000000982,informative,-3,1849.561639,226,34 Immune,0.0285999
ENSMUSG00000000983,informative,-0.1876922105886514,1239.31287,1156,31 OPC-Oligo,0.1627
ENSMUSG00000001016,informative,0.45803065819552491,13692.42229,19723,25 Pineal Glut,4.75082e-05
ENSMUSG00000001017,informative,0.38295841716794121,23789.59993,32519,31 OPC-Oligo,0.1627
ENSMUSG00000001018,informative,0.46112420736512338,9752.029581,14082,31 OPC-Oligo,0.1627
ENSMUSG00000001027,uninformative,0.60094379569632472,12.83414192,37,25 Pineal Glut,4.75082e-05
ENSMUSG00000001034,informative,0.84604156398751595,2813.112324,5315,31 OPC-Oligo,0.1627
ENSMUSG00000001062,informative,0.22555521055163319,7904.07406,9699,28 CB GABA,0
ENSMUSG00000001119,informative,0.25717888550019619,3384.281602,4246,09 CNU-LGE GABA,0.0528766
ENSMUSG00000001120,informative,-0.66808998027128674,19393.02601,12803,05 OB-IMN GABA,0.00300885
ENSMUSG00000001123,informative,1.1861437333545115,1865.570346,4465,34 Immune,0.0285999
ENSMUSG00000001127,informative,-0.16893700902661421,51895.36329,48380,27 MY GABA,9.50164e-05
ENSMUSG00000001131,uninformative,1.7800080579152395,116.8322736,439,25 Pineal Glut,4.75082e-05
ENSMUSG00000001151,informative,0.56437344319041771,7324.759873,11365,31 OPC-Oligo,0.1627
ENSMUSG00000001156,informative,0.0132311172486689,6498.996618,6888,31 OPC-Oligo,0.1627
ENSMUSG00000001211,informative,1.6034317050434843,29616.86023,94317,30 Astro-Epen,0.160404
ENSMUSG00000001225,uninformative,0.16250113360373669,58.68027655,85,04 DG-IMN Glut,0.0288375
ENSMUSG00000001228,uninformative,1.2011172882055907,134.3239017,341,05 OB-IMN GABA,0.00300885
ENSMUSG00000001229,informative,1.1262802167515651,11658.07924,26681,18 TH Glut,0.0535259
ENSMUSG00000001247,informative,0.6649019590142814,3180.551817,5300,33 Vascular,0.11687
ENSMUSG00000001248,informative,1.7080310358307755,8729.713822,29901,34 Immune,0.0285999
ENSMUSG00000001260,informative,-0.1815336632051732,8681.114125,8036,11 CNU-HYa GABA,0.0132548
ENSMUSG00000001270,informative,2.0940706765679682,93968.03188,420366,30 Astro-Epen,0.160404
ENSMUSG00000001280,informative,-0.72773174373452487,7819.745029,4963,33 Vascular,0.11687
ENSMUSG00000001281,weak,0.081425843959191696,202.8527312,241,33 Vascular,0.11687
ENSMUSG00000001288,informative,0.323826671517425,2421.614071,3192,33 Vascular,0.11687
ENSMUSG00000001300,informative,-0.278938041579322,13180.82701,11398,32 OEC,0
ENSMUSG00000001313,informative,1.3203575576985256,9986.4769,26155,32 OEC,0
ENSMUSG00000001323,informative,-1.1851129980001569,18437.22071,8511,32 OEC,0
ENSMUSG00000001334,informative,-2.4211840094320838,20125.27558,3952,28 CB GABA,0
ENSMUSG00000001348,uninformative,0.99537593886142439,88.99808621,203,33 Vascular,0.11687
ENSMUSG00000001349,weak,0.23314887258386591,304.3058645,391,33 Vascular,0.11687
ENSMUSG00000001416,informative,1.5875777973113634,11167.36772,35183,03 OB-CR Glut,0.000807639
ENSMUSG00000001418,informative,1.2459813604586332,4215.889085,10494,30 Astro-Epen,0.160404
ENSMUSG00000001419,informative,0.55693495395098336,40349.13766,62209,25 Pineal Glut,4.75082e-05
ENSMUSG00000001435,informative,2.007954091750332,1025.315407,4340,32 OEC,0
ENSMUSG00000001436,informative,1.2608762218771237,3115.937932,7841,33 Vascular,0.11687
ENSMUSG00000001440,informative,1.8150638894418407,19066.99002,70321,15 HY Gnrh1 Glut,1.58361e-05
ENSMUSG00000001441,informative,-0.28671830779490509,55229.45864,47452,25 Pineal Glut,4.75082e-05
ENSMUSG00000001444,uninformative,2.6593174963480668,34.0488821,247,03 OB-CR Glut,0.000807639
ENSMUSG00000001493,weak,0.55534018335575785,311.3972511,496,25 Pineal Glut,4.75082e-05
ENSMUSG00000001494,uninformative,0.9025932858124196,46.47342856,108,13 CNU-HYa Glut,0.0147909
ENSMUSG00000001496,weak,-0.2254809577070804,379.5056419,356,16 HY MM Glut,0
ENSMUSG00000001497,uninformative,-2.6690271193121973,41.39379584,22,30 Astro-Epen,0.160404
ENSMUSG00000001504,weak,-0.062537234351208698,686.7257316,705,17 MH-LH Glut,0.00120354
ENSMUSG00000001506,informative,1.24982830931586,1351.921729,3378,33 Vascular,0.11687
ENSMUSG00000001507,informative,1.5122227987089689,2653.713511,7949,28 CB GABA,0
ENSMUSG00000001508,uninformative,2.039682012650224,49.37008634,232,33 Vascular,0.11687
ENSMUSG00000001510,uninformative,0.1081225343798131,8.726506063,26,25 Pineal Glut,4.75082e-05
ENSMUSG00000001517,weak,-0.2320914456942286,319.5964816,301,31 OPC-Oligo,0.1627
ENSMUSG00000001552,informative,1.5492824847221305,12207.42171,37451,33 Vascular,0.11687
ENSMUSG00000001566,uninformative,3,0.01351149945,68,24 MY Glut,0.00326223
ENSMUSG00000001630,informative,-0.134045451798746,7945.422128,7602,30 Astro-Epen,0.160404
ENSMUSG00000001632,informative,0.93891727631441679,5703.488551,11473,29 CB Glut,0
ENSMUSG00000001642,informative,1.0573881641967195,6240.240456,13624,25 Pineal Glut,4.75082e-05
ENSMUSG00000001656,uninformative,2.6353464132083779,0.0728197561,22,08 CNU-MGE GABA,0.00696787
ENSMUSG00000001657,uninformative,2.4211315338917574,0.06634457321,21,21 MB Dopa,0
ENSMUSG00000001661,uninformative,3,0.7021064629,51,24 MY Glut,0.00326223
ENSMUSG00000001729,informative,-0.25309517117553271,13344.91891,11748,33 Vascular,0.11687
ENSMUSG00000001761,informative,-0.49328262557682179,3787.700343,2835,30 Astro-Epen,0.160404
ENSMUSG00000001783,informative,0.78281208182412854,12817.14909,23121,15 HY Gnrh1 Glut,1.58361e-05
ENSMUSG00000001785,informative,0.043305572693569001,3202.782522,3474,25 Pineal Glut,4.75082e-05
ENSMUSG00000001815,uninformative,2.6113092909677644,1.965189286,34,24 MY Glut,0.00326223
ENSMUSG00000001819,uninformative,3,0.3582770282,28,23 P Glut,6.33443e-05
ENSMUSG00000001823,uninformative,3,0,29,01 IT-ET Glut,0.234215
ENSMUSG00000001827,uninformative,3,72.47363451,2390,25 Pineal Glut,4.75082e-05
ENSMUSG00000001833,informative,-0.19383002427927981,116408.0946,106647,31 OPC-Oligo,0.1627
ENSMUSG00000001847,informative,0.66863872444253503,69728.82805,116138,31 OPC-Oligo,0.1627
ENSMUSG00000001864,informative,0.23431252391104049,2594.539958,3214,33 Vascular,0.11687
ENSMUSG00000001870,informative,-1.2344349533423709,5469.501263,2451,32 OEC,0
ENSMUSG00000001911,informative,-0.95360208269051205,78098.87612,42274,03 OB-CR Glut,0.000807639
ENSMUSG00000001930,informative,2.3679774936863733,1761.019379,9545,33 Vascular,0.11687
ENSMUSG00000001946,informative,0.38840103158478728,7044.255002,9677,33 Vascular,0.11687
ENSMUSG00000001964,informative,0.33726229311797201,4754.753366,6310,33 Vascular,0.11687
ENSMUSG00000001985,informative,0.33639488147900543,22908.41993,30329,32 OEC,0
ENSMUSG00000001986,informative,-1.7752896737357309,127995.2398,39192,28 CB GABA,0
ENSMUSG00000001988,informative,-0.78508926042930005,1028.554426,641,06 CTX-CGE GABA,0.0131281
ENSMUSG00000002028,informative,-1.3388517320853257,65068.28576,26967,03 OB-CR Glut,0.000807639
ENSMUSG00000002033,uninformative,2.5629570126490631,15.7966793,111,34 Immune,0.0285999
ENSMUSG00000002052,informative,0.65723995037066296,24628.37458,40711,04 DG-IMN Glut,0.0288375
ENSMUSG00000002057,uninformative,-0.0483341427557284,15.76241929,32,03 OB-CR Glut,0.000807639
ENSMUSG00000002068,informative,1.4196680063244242,1616.945398,4550,28 CB GABA,0
ENSMUSG00000002083,informative,-1.473497035586621,2079.550654,800,03 OB-CR Glut,0.000807639
ENSMUSG00000002100,uninformative,0.38906778439905398,94.46571233,146,29 CB Glut,0
ENSMUSG00000002103,informative,0.94192082728251003,13301.50914,26790,34 Immune,0.0285999
ENSMUSG00000002104,weak,0.053773733449172197,229.7857687,266,34 Immune,0.0285999
ENSMUSG00000002108,informative,0.94762178151327681,1064.934776,2169,33 Vascular,0.11687
ENSMUSG00000002111,informative,0.97927121930355321,1302.750559,2708,34 Immune,0.0285999
ENSMUSG00000002129,informative,0.97870871030244244,9973.025169,20609,32 OEC,0
ENSMUSG00000002147,informative,0.39540641932035558,1807.284668,2507,34 Immune,0.0285999
ENSMUSG00000002190,informative,0.1106106313732579,3800.197865,4315,21 MB Dopa,0
ENSMUSG00000002210,informative,0.94248280186463795,6783.985823,13677,34 Immune,0.0285999
ENSMUSG00000002221,informative,0.63578331126838661,7627.023353,12433,17 MH-LH Glut,0.00120354
ENSMUSG00000002233,informative,1.5828978976472228,3714.234383,11676,33 Vascular,0.11687
ENSMUSG00000002249,weak,0.34846463537627381,831.8373726,1126,25 Pineal Glut,4.75082e-05
ENSMUSG00000002257,informative,0.1192440280818686,1217.782313,1402,33 Vascular,0.11687
ENSMUSG00000002265,informative,-0.82984344786970521,98929.73888,58329,22 MB-HB Sero,1.58361e-05
ENSMUSG00000002289,weak,0.73898681061872806,829.3342283,1475,32 OEC,0
ENSMUSG00000002307,informative,0.43622685935216737,3169.746606,4510,03 OB-CR Glut,0.000807639
ENSMUSG00000002308,informative,-1.0854453357101801,4073.992972,2027,30 Astro-Epen,0.160404
ENSMUSG00000002324,informative,1.6960473255102531,1013.202406,3458,28 CB GABA,0
ENSMUSG00000002325,informative,0.50917843006875019,3203.854759,4794,33 Vascular,0.11687
ENSMUSG00000002329,informative,0.22204669770814819,8252.275123,10101,15 HY Gnrh1 Glut,1.58361e-05
ENSMUSG00000002341,informative,0.8304945274261557,30232.91191,56346,30 Astro-Epen,0.160404
ENSMUSG00000002345,informative,-0.41374564919038082,6096.872411,4811,15 HY Gnrh1 Glut,1.58361e-05
ENSMUSG00000002384,uninformative,-1.3800814767727232,108.2672063,59,16 HY MM Glut,0
ENSMUSG00000002413,informative,-1.9951059200926959,61744.03826,16243,29 CB Glut,0
ENSMUSG00000002477,informative,-2.9348153992741279,18572.90701,2560,25 Pineal Glut,4.75082e-05
ENSMUSG00000002489,informative,0.0059551690712943998,35508.25138,37373,04 DG-IMN Glut,0.0288375
ENSMUSG00000002496,informative,2.2536315465762025,6543.667909,32715,31 OPC-Oligo,0.1627
ENSMUSG00000002546,informative,-0.31606203924414888,10108.31157,8523,25 Pineal Glut,4.75082e-05
ENSMUSG00000002565,uninformative,0.69893768551156954,48.37934139,99,03 OB-CR Glut,0.000807639
ENSMUSG00000002588,uninformative,0.42760166485576412,43.69500417,78,34 Immune,0.0285999
ENSMUSG00000002602,informative,0.99630797060000476,4101.181272,8589,33 Vascular,0.11687
ENSMUSG00000002603,informative,-0.3989328044005459,2872.057705,2298,34 Immune,0.0285999
ENSMUSG00000002633,weak,0.90650263791145136,690.9593443,1374,08 CNU-MGE GABA,0.00696787
ENSMUSG00000002679,informative,0.28410823784022321,6674.925671,8532,25 Pineal Glut,4.75082e-05
ENSMUSG00000002688,informative,-2.522841070311717,26992.14865,4936,30 Astro-Epen,0.160404
ENSMUSG00000002699,informative,0.68450498489528466,1080.434774,1836,34 Immune,0.0285999
ENSMUSG00000002718,informative,-0.35978769915860381,10574.94515,8650,25 Pineal Glut,4.75082e-05
ENSMUSG00000002748,informative,0.35179168536206151,26704.70753,35722,33 Vascular,0.11687
ENSMUSG00000002771,informative,1.1350837999716887,4624.521524,10659,06 CTX-CGE GABA,0.0131281
ENSMUSG00000002799,informative,1.4582969954723941,6317.179296,18205,33 Vascular,0.11687
ENSMUSG00000002833,informative,1.1457206308698449,8416.404143,19528,33 Vascular,0.11687
ENSMUSG00000002846,informative,-0.22023544101818979,11302.10234,10181,30 Astro-Epen,0.160404
ENSMUSG00000002870,weak,1.6047375885855857,394.0906732,1274,25 Pineal Glut,4.75082e-05
ENSMUSG00000002885,informative,0.13736259153828009,4039.284757,4671,33 Vascular,0.11687
ENSMUSG00000002897,informative,0.202001490025952,3703.777708,4480,34 Immune,0.0285999
ENSMUSG00000002900,informative,0.51286178951559835,2375.606174,3568,28 CB GABA,0
ENSMUSG00000002944,weak,0.90624355733898365,343.255265,691,34 Immune,0.0285999
ENSMUSG00000002957,informative,0.63101579690592746,40211.69547,65263,02 NP-CT-L6b Glut,0.046653
ENSMUSG00000002980,informative,1.3282950351270286,3888.903694,10249,33 Vascular,0.11687
ENSMUSG00000002983,informative,0.59029578628445867,1687.828771,2679,34 Immune,0.0285999
ENSMUSG00000002997,informative,0.53465877780540294,20701.47271,31436,09 CNU-LGE GABA,0.0528766
ENSMUSG00000003031,informative,1.4533039727300603,9542.937623,27397,29 CB Glut,0
ENSMUSG00000003032,informative,-2.3844780876684331,11745.49487,2364,33 Vascular,0.11687
ENSMUSG00000003037,informative,0.45323580508647049,8138.66786,11691,32 OEC,0
ENSMUSG00000003051,uninformative,3,2.662975469,267,34 Immune,0.0285999
ENSMUSG00000003053,uninformative,0.13078585843121121,9.453676009,19,04 DG-IMN Glut,0.0288375
ENSMUSG00000003068,informative,0.17104975985728341,11480.69721,13559,03 OB-CR Glut,0.000807639
ENSMUSG00000003070,informative,-0.8461990516962149,3332.889924,1958,30 Astro-Epen,0.160404
ENSMUSG00000003099,informative,1.7547609686488708,12789.11055,45238,02 NP-CT-L6b Glut,0.046653
ENSMUSG00000003123,informative,-0.0179809350502683,4843.621771,5028,33 Vascular,0.11687
ENSMUSG00000003131,informative,0.32537875373523117,36165.24514,47494,22 MB-HB Sero,1.58361e-05
ENSMUSG00000003135,informative,-0.62276965627318159,4837.166529,3307,33 Vascular,0.11687
ENSMUSG00000003153,informative,0.38987347970215658,25214.28252,34631,29 CB Glut,0
ENSMUSG00000003154,informative,0.38546241206874687,6967.287643,9552,31 OPC-Oligo,0.1627
ENSMUSG00000003166,informative,1.3472328417078738,16518.28005,44050,14 HY Glut,0.00593852
ENSMUSG00000003184,informative,1.4322718896226785,4878.5315,13812,25 Pineal Glut,4.75082e-05
ENSMUSG00000003190,weak,1.6000334895925441,545.2458251,1750,33 Vascular,0.11687
ENSMUSG00000003200,informative,0.036235464109459499,10093.19566,10860,29 CB Glut,0
ENSMUSG00000003206,weak,0.317144768279845,383.5655879,517,34 Immune,0.0285999
ENSMUSG00000003226,informative,0.0076829031040933004,23535.90025,24807,29 CB Glut,0
ENSMUSG00000003227,uninformative,-0.71857822019014195,165.4577509,121,05 OB-IMN GABA,0.00300885
ENSMUSG00000003228,informative,-2.4373402967131632,13016.16017,2533,29 CB Glut,0
ENSMUSG00000003233,informative,1.3894874737243923,7283.046332,20009,03 OB-CR Glut,0.000807639
ENSMUSG00000003283,informative,0.22801444321254691,1205.059011,1495,34 Immune,0.0285999
ENSMUSG00000003308,informative,0.12058650645341069,9606.846559,10959,15 HY Gnrh1 Glut,1.58361e-05
ENSMUSG00000003316,informative,0.40630292173878441,50597.43532,70273,08 CNU-MGE GABA,0.00696787
ENSMUSG00000003344,informative,-0.41308584637289031,9257.286038,7300,17 MH-LH Glut,0.00120354
ENSMUSG00000003379,uninformative,1.4929791120874794,69.18958406,214,29 CB Glut,0
ENSMUSG00000003382,informative,-0.45791395333150547,7048.127043,5392,34 Immune,0.0285999
ENSMUSG00000003410,informative,-2.1007446597888961,116257.6926,28413,31 OPC-Oligo,0.1627
ENSMUSG00000003411,informative,-0.45968986962112329,9431.296556,7201,15 HY Gnrh1 Glut,1.58361e-05
ENSMUSG00000003420,informative,1.5287536281113303,4414.686988,13364,33 Vascular,0.11687
ENSMUSG00000003421,informative,2.7567972418824147,4490.250603,31820,33 Vascular,0.11687
ENSMUSG00000003435,informative,0.75897676283799476,16724.85532,29671,22 MB-HB Sero,1.58361e-05
ENSMUSG00000003436,weak,0.54696495667906431,944.9357248,1463,08 CNU-MGE GABA,0.00696787
ENSMUSG00000003438,informative,2.094497920744069,2775.323002,12438,32 OEC,0
ENSMUSG00000003458,informative,0.2590801460823946,10546.63338,13240,34 Immune,0.0285999
ENSMUSG00000003476,weak,-1.1442310525716828,290.0897199,153,10 LSX GABA,0.000190033
ENSMUSG00000003518,informative,-0.8211937059729375,43016.76745,25524,33 Vascular,0.11687
ENSMUSG00000003526,informative,0.13556163431711449,9167.914563,10568,30 Astro-Epen,0.160404
ENSMUSG00000003527,informative,1.3992356440457476,2964.063333,8209,30 Astro-Epen,0.160404
ENSMUSG00000003534,informative,0.3520621321076054,19776.07588,26463,31 OPC-Oligo,0.1627
ENSMUSG00000003549,informative,0.89494668921263332,2932.836892,5731,33 Vascular,0.11687
ENSMUSG00000003555,uninformative,2.7130481108238089,0.3076874076,24,17 MH-LH Glut,0.00120354
ENSMUSG00000003573,informative,1.2244453256470262,2183.878474,5364,32 OEC,0
ENSMUSG00000003575,informative,-3,16668.29447,99,04 DG-IMN Glut,0.0288375
ENSMUSG00000003657,informative,0.43057073916325173,13801.1754,19505,05 OB-IMN GABA,0.00300885
ENSMUSG00000003680,informative,-0.46414543980675887,1050.987226,814,15 HY Gnrh1 Glut,1.58361e-05
ENSMUSG00000003778,informative,0.060113407194646397,17073.83746,18666,25 Pineal Glut,4.75082e-05
ENSMUSG00000003779,uninformative,0.53806530170541944,119.9362939,199,32 OEC,0
ENSMUSG00000003810,informative,0.2349669459755645,28367.62437,34995,26 P GABA,0.00280298
ENSMUSG00000003824,weak,-1.3302178747061426,994.9039104,430,34 Immune,0.0285999
ENSMUSG00000003847,informative,-1.0346734773586419,49161.65625,25158,32 OEC,0
ENSMUSG00000003849,weak,2.4902391397912416,497.902466,2952,32 OEC,0
ENSMUSG00000003868,informative,1.6966760941674754,2425.495199,8256,25 Pineal Glut,4.75082e-05
ENSMUSG00000003873,informative,0.34801546233954572,16258.48269,21698,33 Vascular,0.11687
ENSMUSG00000003882,weak,0.29772789425212542,222.6113602,303,34 Immune,0.0285999
ENSMUSG00000003923,informative,0.61983722111441197,7518.64153,12122,28 CB GABA,0
ENSMUSG00000003934,informative,1.3495854028527177,29552.67777,78924,31 OPC-Oligo,0.1627
ENSMUSG00000003949,informative,-0.50739308043725329,74289.07997,54772,18 TH Glut,0.0535259
ENSMUSG00000003974,informative,-2.6534980554058638,116537.3714,19421,30 Astro-Epen,0.160404
ENSMUSG00000003992,informative,-2.0718083988546057,63630.9475,15873,09 CNU-LGE GABA,0.0528766
ENSMUSG00000004018,informative,-1.016292206791733,4661.291664,2430,03 OB-CR Glut,0.000807639
ENSMUSG00000004040,informative,-0.4110835829283373,14645.7778,11556,25 Pineal Glut,4.75082e-05
ENSMUSG00000004043,weak,0.63463186537732064,469.2835681,780,33 Vascular,0.11687
ENSMUSG00000004044,informative,0.035620020474672498,6915.701391,7443,33 Vascular,0.11687
ENSMUSG00000004054,informative,0.35667040214328782,3926.436284,5284,33 Vascular,0.11687
ENSMUSG00000004056,informative,-0.76965725171626853,10346.33266,6374,30 Astro-Epen,0.160404
ENSMUSG00000004099,informative,0.0405518863256547,6757.538361,7298,29 CB Glut,0
ENSMUSG00000004113,informative,-0.76143244135417609,41274.46581,25526,14 HY Glut,0.00593852
ENSMUSG00000004151,informative,-2.3138885875634081,44219.39274,9333,17 MH-LH Glut,0.00120354
ENSMUSG00000004221,informative,1.4655565747733637,4629.349056,13413,15 HY Gnrh1 Glut,1.58361e-05
ENSMUSG00000004231,uninformative,0.17650597226730649,80.06162429,111,27 MY GABA,9.50164e-05
ENSMUSG00000004263,informative,1.0780132037763319,20960.24775,46387,15 HY Gnrh1 Glut,1.58361e-05
ENSMUSG00000004264,informative,1.0393597863626771,10455.87225,22533,34 Immune,0.0285999
ENSMUSG00000004266,weak,1.7050882825493858,455.9476624,1576,34 Immune,0.0285999
ENSMUSG00000004267,informative,2.2876586323736672,67555.8435,345622,22 MB-HB Sero,1.58361e-05
ENSMUSG00000004296,uninformative,3,1.28041996,52,19 MB Glut,0.00308803
ENSMUSG00000004328,informative,-0.30735646371220338,4517.740664,3841,30 Astro-Epen,0.160404
ENSMUSG00000004344,uninformative,-0.27378567876780058,0.1539007954,10,23 P Glut,6.33443e-05
ENSMUSG00000004347,informative,-2.0065742853209314,18124.16846,4741,29 CB Glut,0
ENSMUSG00000004364,informative,0.57108620595034809,33513.46981,52190,25 Pineal Glut,4.75082e-05
ENSMUSG00000004366,informative,1.4260652551870925,21648.61893,60959,07 CTX-MGE GABA,0.0224397
ENSMUSG00000004371,weak,-0.60821840852036724,263.7741496,197,29 CB Glut,0
ENSMUSG00000004383,informative,-2.0637556096531458,135221.4638,33903,02 NP-CT-L6b Glut,0.046653
ENSMUSG00000004393,informative,2.8881766288734627,2013.127488,15638,25 Pineal Glut,4.75082e-05
ENSMUSG00000004415,informative,-0.087454373966460094,6228.54796,6158,06 CTX-CGE GABA,0.0131281
ENSMUSG00000004446,informative,0.75468682137238496,1386.027284,2467,34 Immune,0.0285999
ENSMUSG00000004455,informative,0.32477999646062922,27210.95486,35724,25 Pineal Glut,4.75082e-05
ENSMUSG00000004530,informative,0.30747225963527519,18784.97483,24373,31 OPC-Oligo,0.1627
ENSMUSG00000004558,informative,1.5968587036174278,43052.88715,136454,30 Astro-Epen,0.160404
ENSMUSG00000004609,informative,0.59811902353456792,1095.464437,1754,34 Immune,0.0285999
ENSMUSG00000004630,weak,-3,313.9304655,26,29 CB Glut,0
ENSMUSG00000004637,informative,-2.2642058027988026,62369.44119,13618,25 Pineal Glut,4.75082e-05
ENSMUSG00000004651,weak,-3,208.7816344,37,33 Vascular,0.11687
ENSMUSG00000004654,uninformative,-0.15464147370957801,1.107702159,17,32 OEC,0
ENSMUSG00000004661,informative,-0.1338075733970813,3755.300122,3602,34 Immune,0.0285999
ENSMUSG00000004667,informative,1.0374734395019811,9940.39932,21395,25 Pineal Glut,4.75082e-05
ENSMUSG00000004668,uninformative,-1.7614835160641182,118.6801579,52,25 Pineal Glut,4.75082e-05
ENSMUSG00000004698,informative,-3,96745.39115,6094,16 HY MM Glut,0
ENSMUSG00000004709,uninformative,2.0515707891795545,9.126504794,59,34 Immune,0.0285999
ENSMUSG00000004730,weak,1.0774307295323995,900.8481891,2009,34 Immune,0.0285999
ENSMUSG00000004748,informative,1.9421458916288836,8392.804402,33810,28 CB GABA,0
ENSMUSG00000004768,informative,0.2497260412007839,6759.67635,8437,32 OEC,0
ENSMUSG00000004771,informative,0.33350110873599181,18597.54198,24569,33 Vascular,0.11687
ENSMUSG00000004791,informative,0.22766604567780829,1333.322639,1652,32 OEC,0
ENSMUSG00000004814,uninformative,1.8118933330480915,56.35206906,234,34 Immune,0.0285999
ENSMUSG00000004815,informative,1.3925111546139599,4493.552376,12378,27 MY GABA,9.50164e-05
ENSMUSG00000004842,uninformative,1.2586336201842341,14.94956357,55,09 CNU-LGE GABA,0.0528766
ENSMUSG00000004846,informative,1.6475475386053176,3597.11979,11826,34 Immune,0.0285999
ENSMUSG00000004849,informative,-0.36321514244555558,31432.80598,25619,09 CNU-LGE GABA,0.0528766
ENSMUSG00000004872,weak,-3,896.0957507,125,25 Pineal Glut,4.75082e-05
ENSMUSG00000004880,informative,0.074981236702822904,4078.276105,4517,33 Vascular,0.11687
ENSMUSG00000004885,uninformative,3,178.4168372,5558,33 Vascular,0.11687
ENSMUSG00000004891,informative,-0.84473506489184491,3458.06759,2033,33 Vascular,0.11687
ENSMUSG00000004931,informative,1.6576820324551194,2213.060807,7334,30 Astro-Epen,0.160404
ENSMUSG00000004936,informative,0.51785738944073834,40112.50212,60192,09 CNU-LGE GABA,0.0528766
ENSMUSG00000004937,informative,0.41886368781497152,20795.27595,29144,25 Pineal Glut,4.75082e-05
ENSMUSG00000004948,uninformative,-0.27216652256211082,32.40696245,44,30 Astro-Epen,0.160404
ENSMUSG00000004994,informative,0.53472297651295231,2609.991255,3978,30 Astro-Epen,0.160404
ENSMUSG00000005034,informative,0.15995998611524909,94870.56622,111070,11 CNU-HYa GABA,0.0132548
ENSMUSG00000005043,informative,0.98608393620859724,1083.63173,2266,31 OPC-Oligo,0.1627
ENSMUSG00000005087,weak,-1.1018628923776903,976.1207112,492,16 HY MM Glut,0
ENSMUSG00000005102,informative,-1.3851831227675879,10654.29103,4289,32 OEC,0
ENSMUSG00000005148,informative,1.0398725683299079,5425.650439,11705,07 CTX-MGE GABA,0.0224397
ENSMUSG00000005150,informative,0.73687071086569211,4489.566611,7856,03 OB-CR Glut,0.000807639
ENSMUSG00000005198,informative,1.1339784081298121,16307.73727,37515,25 Pineal Glut,4.75082e-05
ENSMUSG00000005204,informative,-0.90033543584519149,9212.738935,5187,25 Pineal Glut,4.75082e-05
ENSMUSG00000005232,uninformative,-2.8721874144770232,5.988200162,16,27 MY GABA,9.50164e-05
ENSMUSG00000005262,informative,0.87853550386650359,14072.38183,27124,15 HY Gnrh1 Glut,1.58361e-05
ENSMUSG00000005320,uninformative,1.0594294864723131,69.51895441,169,32 OEC,0
ENSMUSG00000005338,informative,-1.0214568574544736,41131.92446,21245,29 CB Glut,0
ENSMUSG00000005360,informative,0.62668054286211361,93732.49508,151648,30 Astro-Epen,0.160404
ENSMUSG00000005362,informative,1.1550822651062165,8625.539929,20143,22 MB-HB Sero,1.58361e-05
ENSMUSG00000005364,uninformative,-2.0782835496086185,123.8854109,46,28 CB GABA,0
ENSMUSG00000005371,informative,-0.95840760076732678,45383.92657,24486,34 Immune,0.0285999
ENSMUSG00000005373,weak,1.5972266235348234,509.7168203,1634,34 Immune,0.0285999
ENSMUSG00000005397,informative,0.023892189248918401,4362.380786,4663,32 OEC,0
ENSMUSG00000005413,weak,1.4689518375917872,644.4376587,1887,34 Immune,0.0285999
ENSMUSG00000005417,informative,0.57548800587321647,59248.69272,92530,33 Vascular,0.11687
ENSMUSG00000005442,informative,1.2730365703206197,12598.69063,31918,25 Pineal Glut,4.75082e-05
ENSMUSG00000005447,informative,0.99175444546314517,1522.85784,3190,15 HY Gnrh1 Glut,1.58361e-05
ENSMUSG00000005465,weak,-0.28582266715664789,202.6056903,190,33 Vascular,0.11687
ENSMUSG00000005469,informative,1.0525244389147728,30510.85536,66322,22 MB-HB Sero,1.58361e-05
ENSMUSG00000005503,uninformative,1.7625211492810269,1.245902445,23,24 MY Glut,0.00326223
ENSMUSG00000005514,informative,0.711246332187778,12864.49876,22084,15 HY Gnrh1 Glut,1.58361e-05
ENSMUSG00000005533,informative,-2.167905597284896,101652.3646,23716,33 Vascular,0.11687
ENSMUSG00000005534,informative,-0.36374391007698997,28976.99165,23610,33 Vascular,0.11687
ENSMUSG00000005547,uninformative,0.56724527210292963,10.5844487,33,09 CNU-LGE GABA,0.0528766
ENSMUSG00000005553,uninformative,0.5088921082273582,76.79585657,131,27 MY GABA,9.50164e-05
ENSMUSG00000005566,informative,2.4677836283644319,6526.118717,37846,25 Pineal Glut,4.75082e-05
ENSMUSG00000005575,informative,-0.056909259292013598,34870.73607,35138,07 CTX-MGE GABA,0.0224397
ENSMUSG00000005583,informative,-3,262687.0024,13902,01 IT-ET Glut,0.234215
ENSMUSG00000005609,informative,0.60063777770678284,11582.21262,18418,31 OPC-Oligo,0.1627
ENSMUSG00000005640,uninformative,2.0903355745604268,34.40867935,173,28 CB GABA,0
ENSMUSG00000005656,informative,0.28901142212467767,14999.93676,19218,34 Immune,0.0285999
ENSMUSG00000005672,informative,0.55404106030666445,6702.629706,10327,28 CB GABA,0
ENSMUSG00000005677,uninformative,-3,131.8575587,28,32 OEC,0
ENSMUSG00000005683,informative,1.2517093135406543,26330.01841,65716,30 Astro-Epen,0.160404
ENSMUSG00000005696,weak,-1.9722318460616184,560.6893443,165,18 TH Glut,0.0535259
ENSMUSG00000005698,informative,-0.30984717785369559,23930.87158,20243,33 Vascular,0.11687
ENSMUSG00000005699,informative,-0.45093411540586492,7422.462155,5705,28 CB GABA,0
ENSMUSG00000005705,informative,-3,2184.70832,71,25 Pineal Glut,4.75082e-05
ENSMUSG00000005716,informative,1.0850988456259512,4170.798769,9280,28 CB GABA,0
ENSMUSG00000005732,informative,-0.090358273586735302,15048.95599,14826,03 OB-CR Glut,0.000807639
ENSMUSG00000005763,weak,-2.6438586939828239,625.2590258,120,15 HY Gnrh1 Glut,1.58361e-05
ENSMUSG00000005774,informative,0.41834483196002709,2351.544745,3309,25 Pineal Glut,4.75082e-05
ENSMUSG00000005804,informative,-2.3012104437804002,6707.087903,1441,13 CNU-HYa Glut,0.0147909
ENSMUSG00000005824,uninformative,0.8452872669492949,0.5851470247,18,34 Immune,0.0285999
ENSMUSG00000005836,uninformative,1.9599877923315256,22.30158052,110,33 Vascular,0.11687
ENSMUSG00000005864,uninformative,0.95157289579987403,60.18766371,139,23 P Glut,6.33443e-05
ENSMUSG00000005871,informative,-1.062253430625578,84973.18724,42650,05 OB-IMN GABA,0.00300885
ENSMUSG00000005883,uninformative,2.0067007153736265,29.87187647,145,32 OEC,0
ENSMUSG00000005886,informative,-0.85319313334847247,53025.00129,30769,03 OB-CR Glut,0.000807639
ENSMUSG00000005892,weak,3,451.4654305,4836,14 HY Glut,0.00593852
ENSMUSG00000005893,informative,-0.97034780195729842,27715.0668,14836,29 CB Glut,0
ENSMUSG00000005899,informative,0.18142094943082079,5514.396261,6568,01 IT-ET Glut,0.234215
ENSMUSG00000005917,weak,1.0989493007682594,892.3979353,2020,15 HY Gnrh1 Glut,1.58361e-05
ENSMUSG00000005947,weak,-1.8258301978695448,289.9358681,101,25 Pineal Glut,4.75082e-05
ENSMUSG00000005952,uninformative,0.85885303538419355,20.04237479,55,21 MB Dopa,0
ENSMUSG00000005958,informative,-0.045373510324040203,2988.275493,3050,32 OEC,0
ENSMUSG00000005986,informative,0.4675651561679558,5688.630755,8258,15 HY Gnrh1 Glut,1.58361e-05
ENSMUSG00000005994,uninformative,0.47619366858920209,16.82811941,41,17 MH-LH Glut,0.00120354
ENSMUSG00000006005,informative,-0.77400055526205114,40029.61845,24542,33 Vascular,0.11687
ENSMUSG00000006007,uninformative,3,1.493282933,53,25 Pineal Glut,4.75082e-05
ENSMUSG00000006010,informative,-0.57553480394864009,13435.84115,9462,04 DG-IMN Glut,0.0288375
ENSMUSG00000006050,informative,-0.62671223833781553,9934.681487,6757,33 Vascular,0.11687
ENSMUSG00000006058,informative,0.3321967034117434,19881.21785,26240,22 MB-HB Sero,1.58361e-05
ENSMUSG00000006216,uninformative,0.71795590370498119,5.953773294,27,16 HY MM Glut,0
ENSMUSG00000006235,weak,1.9536673183889235,892.4374874,3641,04 DG-IMN Glut,0.0288375
ENSMUSG00000006270,uninformative,3,47.32632005,668,15 HY Gnrh1 Glut,1.58361e-05
ENSMUSG00000006273,informative,1.2580205735533714,77897.00938,195230,15 HY Gnrh1 Glut,1.58361e-05
ENSMUSG00000006276,informative,-0.7086858869911723,17159.0286,11016,30 Astro-Epen,0.160404
ENSMUSG00000006289,informative,1.142391699454288,5043.465998,11682,34 Immune,0.0285999
ENSMUSG00000006307,informative,1.2771736199279031,8085.422295,20549,34 Immune,0.0285999
ENSMUSG00000006311,uninformative,3,1.173337036,40,21 MB Dopa,0
ENSMUSG00000006369,informative,2.3592203746830367,1197.324125,6457,30 Astro-Epen,0.160404
ENSMUSG00000006378,weak,1.3983190588200616,889.0078028,2473,30 Astro-Epen,0.160404
ENSMUSG00000006386,informative,-0.5542605400371392,9071.027161,6488,33 Vascular,0.11687
ENSMUSG00000006389,uninformative,-0.18211940705881841,132.174853,138,31 OPC-Oligo,0.1627
ENSMUSG00000006390,informative,1.2288423267703159,4536.680058,11158,31 OPC-Oligo,0.1627
ENSMUSG00000006398,uninformative,2.6284126863501847,77.25531219,522,05 OB-IMN GABA,0.00300885
ENSMUSG00000006445,weak,0.52691848951039177,482.5548535,745,34 Immune,0.0285999
ENSMUSG00000006464,informative,0.86053319360317482,6054.588246,11535,25 Pineal Glut,4.75082e-05
ENSMUSG00000006471,informative,0.69131025031734095,4322.734523,7330,31 OPC-Oligo,0.1627
ENSMUSG00000006476,informative,2.6478450726645248,21390.34066,140496,32 OEC,0
ENSMUSG00000006488,uninformative,2.6491069569464138,0.5191048436,25,05 OB-IMN GABA,0.00300885
ENSMUSG00000006494,informative,-0.54078116558263201,9780.875348,7060,34 Immune,0.0285999
ENSMUSG00000006498,informative,0.98369845689173596,5764.672256,11961,33 Vascular,0.11687
ENSMUSG00000006526,informative,-1.049936845739702,11841.85363,6008,30 Astro-Epen,0.160404
ENSMUSG00000006538,uninformative,-0.77136961861973918,96.72156917,75,33 Vascular,0.11687
ENSMUSG00000006546,uninformative,-0.46899804182071958,72.95983561,71,22 MB-HB Sero,1.58361e-05
ENSMUSG00000006567,weak,0.44728072112706158,928.6054214,1343,30 Astro-Epen,0.160404
ENSMUSG00000006574,uninformative,3,2.02757379,65,28 CB GABA,0
ENSMUSG00000006587,uninformative,1.6821971487747769,114.3911783,403,09 CNU-LGE GABA,0.0528766
ENSMUSG00000006599,informative,-0.59201983884750797,12193.29285,8491,25 Pineal Glut,4.75082e-05
ENSMUSG00000006611,weak,1.1880796932406801,690.1667494,1665,34 Immune,0.0285999
ENSMUSG00000006649,weak,-0.43235675263435858,901.8407,716,30 Astro-Epen,0.160404
ENSMUSG00000006699,informative,-0.77512253522131347,60244.39035,36891,34 Immune,0.0285999
ENSMUSG00000006715,informative,1.5489137916124378,1039.240067,3204,25 Pineal Glut,4.75082e-05
ENSMUSG00000006724,uninformative,0.63775277666364338,57.87977995,111,03 OB-CR Glut,0.000807639
ENSMUSG00000006728,informative,-3,4418.195383,541,25 Pineal Glut,4.75082e-05
ENSMUSG00000006731,informative,2.2756389084985948,9948.076829,50489,02 NP-CT-L6b Glut,0.046653
ENSMUSG00000006740,informative,-0.110628718816331,57353.18792,55679,33 Vascular,0.11687
ENSMUSG00000006764,weak,-0.55984487082468437,277.5547794,213,22 MB-HB Sero,1.58361e-05
ENSMUSG00000006782,informative,1.5646650256499055,82456.94428,255583,31 OPC-Oligo,0.1627
ENSMUSG00000006800,informative,-0.019827655089141999,19518.4736,20187,31 OPC-Oligo,0.1627
ENSMUSG00000006818,informative,0.35581083473589331,34704.79636,46540,28 CB GABA,0
ENSMUSG00000006920,informative,0.0338950980811622,13529.19455,14528,33 Vascular,0.11687
ENSMUSG00000006930,informative,-0.45596158541717657,27530.32875,21044,15 HY Gnrh1 Glut,1.58361e-05
ENSMUSG00000006932,informative,1.3043763169978295,40545.81339,104936,33 Vascular,0.11687
ENSMUSG00000006958,informative,0.53605626704156695,2943.938071,4489,04 DG-IMN Glut,0.0288375
ENSMUSG00000007021,informative,0.87120908617110626,25084.79781,48092,21 MB Dopa,0
ENSMUSG00000007038,informative,1.1189636077194731,8316.457154,18942,28 CB GABA,0
ENSMUSG00000007122,weak,-0.60051125049109821,311.5675793,231,25 Pineal Glut,4.75082e-05
ENSMUSG00000007207,informative,0.12911586354628909,32858.37905,37666,01 IT-ET Glut,0.234215
ENSMUSG00000007411,informative,-0.50834500243987746,35089.35292,25862,33 Vascular,0.11687
ENSMUSG00000007480,weak,0.80570385518805632,323.8739685,610,33 Vascular,0.11687
ENSMUSG00000007564,informative,1.7947593492845235,39171.49755,142414,18 TH Glut,0.0535259
ENSMUSG00000007613,informative,-0.94519520894812437,12559.88886,6850,34 Immune,0.0285999
ENSMUSG00000007617,informative,-0.77596969961094731,90541.10026,55415,02 NP-CT-L6b Glut,0.046653
ENSMUSG00000007653,informative,-0.50325945249263948,57628.67911,42614,29 CB Glut,0
ENSMUSG00000007655,informative,-0.6439271897895682,5093.575207,3431,32 OEC,0
ENSMUSG00000007659,informative,-0.20589249475038679,34599.99304,31446,33 Vascular,0.11687
ENSMUSG00000007670,informative,0.1063387313644974,16855.4866,19027,29 CB Glut,0
ENSMUSG00000007682,informative,0.96333708704710042,4925.863087,10080,30 Astro-Epen,0.160404
ENSMUSG00000007783,informative,1.4780767428466404,10695.0666,31234,04 DG-IMN Glut,0.0288375
ENSMUSG00000007805,weak,-1.9200310356427968,631.0270259,190,21 MB Dopa,0
ENSMUSG00000007815,informative,0.83256015056998045,33286.91614,62125,33 Vascular,0.11687
ENSMUSG00000007850,informative,0.992418163244288,33360.85273,69565,33 Vascular,0.11687
ENSMUSG00000007880,informative,-0.92082579809128795,37422.78305,20726,34 Immune,0.0285999
ENSMUSG00000007946,uninformative,0.75467031769997406,13.69859115,41,24 MY Glut,0.00326223
ENSMUSG00000007989,informative,-1.2150153364055218,41365.69026,18685,15 HY Gnrh1 Glut,1.58361e-05
ENSMUSG00000008136,informative,-0.88257615330141004,10433.84918,5945,01 IT-ET Glut,0.234215
ENSMUSG00000008140,informative,0.21595743332435241,54297.11389,66091,31 OPC-Oligo,0.1627
ENSMUSG00000008193,uninformative,2.9478243938184892,6.914755632,79,28 CB GABA,0
ENSMUSG00000008206,informative,-0.48440382135221027,28382.92781,21272,16 HY MM Glut,0
ENSMUSG00000008305,informative,0.60835453491630875,15477.13724,24738,15 HY Gnrh1 Glut,1.58361e-05
ENSMUSG00000008373,informative,0.016986203260042999,7006.560049,7444,15 HY Gnrh1 Glut,1.58361e-05
ENSMUSG00000008384,informative,-1.3197500175718559,2133.692332,911,33 Vascular,0.11687
ENSMUSG00000008461,uninformative,1.053911284744955,12.324404,44,15 HY Gnrh1 Glut,1.58361e-05
ENSMUSG00000008489,informative,-1.3348411122333259,56646.5533,23544,07 CTX-MGE GABA,0.0224397
ENSMUSG00000008575,informative,-1.9991244723514088,109334.835,28671,04 DG-IMN Glut,0.0288375
ENSMUSG00000008590,uninformative,-0.69326790559408724,12.86459658,24,12 HY GABA,0.0167704
ENSMUSG00000008734,informative,1.1160843535627749,24856.80659,56468,31 OPC-Oligo,0.1627
ENSMUSG00000008845,weak,2.2979032901532275,381.5568803,1986,34 Immune,0.0285999
ENSMUSG00000008855,informative,0.94096512777093599,10116.59876,20366,25 Pineal Glut,4.75082e-05
ENSMUSG00000008859,informative,-0.12803903534984151,23416.96121,22467,15 HY Gnrh1 Glut,1.58361e-05
ENSMUSG00000008958,informative,0.59593408493409938,6777.882887,10750,33 Vascular,0.11687
ENSMUSG00000008999,informative,0.97218840308362942,1510.582637,3122,32 OEC,0
ENSMUSG00000009073,informative,-0.1912639663805297,11125.33205,10225,25 Pineal Glut,4.75082e-05
ENSMUSG00000009079,informative,0.57417462096216554,27570.22556,43023,29 CB Glut,0
ENSMUSG00000009090,informative,1.3487866497464331,19300.52318,51530,25 Pineal Glut,4.75082e-05
ENSMUSG00000009097,informative,0.65093544667105818,1231.111363,2042,33 Vascular,0.11687
ENSMUSG00000009108,uninformative,0.1016615944974478,11.43867277,29,25 Pineal Glut,4.75082e-05
ENSMUSG00000009115,uninformative,-0.031373392246485401,37.02591949,54,30 Astro-Epen,0.160404
ENSMUSG00000009185,uninformative,1.3935126559971551,30.23766055,101,34 Immune,0.0285999
ENSMUSG00000009207,informative,0.0110721797243494,20672.37772,21842,16 HY MM Glut,0
ENSMUSG00000009214,uninformative,1.9128837704912844,25.10264166,118,15 HY Gnrh1 Glut,1.58361e-05
ENSMUSG00000009246,uninformative,-0.37114485416507831,17.49692969,30,08 CNU-MGE GABA,0.00696787
ENSMUSG00000009248,uninformative,2.225877419552134,60.61388661,317,30 Astro-Epen,0.160404
ENSMUSG00000009292,informative,-0.61505974556201526,4656.423951,3201,34 Immune,0.0285999
ENSMUSG00000009293,informative,-0.13697498304465389,9292.34634,8870,04 DG-IMN Glut,0.0288375
ENSMUSG00000009376,informative,0.63403735496177316,1165.675667,1912,32 OEC,0
ENSMUSG00000009394,informative,-0.37808752941826962,140635.8138,113394,06 CTX-CGE GABA,0.0131281
ENSMUSG00000009406,informative,1.0035943289689953,8446.231234,17760,04 DG-IMN Glut,0.0288375
ENSMUSG00000009470,informative,-0.1963915075181169,28443.21093,26024,03 OB-CR Glut,0.000807639
ENSMUSG00000009471,uninformative,1.9918486407812257,17.95321243,94,01 IT-ET Glut,0.234215
ENSMUSG00000009545,weak,-0.68166872488139618,814.9575141,548,33 Vascular,0.11687
ENSMUSG00000009555,informative,1.8358647525493397,11341.3129,42438,33 Vascular,0.11687
ENSMUSG00000009563,informative,0.19216952849491989,4366.533202,5243,32 OEC,0
ENSMUSG00000009575,informative,-1.4688071254598187,53509.33559,20270,25 Pineal Glut,4.75082e-05
ENSMUSG00000009580,uninformative,2.8794061512973466,0.424680128,26,21 MB Dopa,0
ENSMUSG00000009585,informative,0.32215775331416591,1971.701693,2599,34 Immune,0.0285999
ENSMUSG00000009614,informative,1.044288238382939,1101.83308,2398,30 Astro-Epen,0.160404
ENSMUSG00000009621,informative,-1.5628068807040207,2150.383629,778,17 MH-LH Glut,0.00120354
ENSMUSG00000009640,informative,2.4236003600195133,1874.056291,10555,30 Astro-Epen,0.160404
ENSMUSG00000009647,informative,-0.81079490021746126,29539.71534,17659,29 CB Glut,0
ENSMUSG00000009681,informative,0.85195312015222335,24677.85336,46685,09 CNU-LGE GABA,0.0528766
ENSMUSG00000009734,informative,-3,10136.69169,918,17 MH-LH Glut,0.00120354
ENSMUSG00000009739,informative,0.29474512450684398,14983.2312,19273,30 Astro-Epen,0.160404
ENSMUSG00000009772,informative,-0.98336000925585598,1017.948874,555,34 Immune,0.0285999
ENSMUSG00000009828,informative,-1.4501857931015509,15644.08353,6014,31 OPC-Oligo,0.1627
ENSMUSG00000009863,informative,1.6842214275061211,18240.44759,61435,03 OB-CR Glut,0.000807639
ENSMUSG00000009900,uninformative,-0.33610608056675251,11.0289139,25,29 CB Glut,0
ENSMUSG00000010021,weak,1.3862072515584225,483.1712968,1341,32 OEC,0
ENSMUSG00000010044,weak,0.77836623178891828,273.3290954,508,15 HY Gnrh1 Glut,1.58361e-05
ENSMUSG00000010066,informative,0.1241721318522442,12877.50109,14721,03 OB-CR Glut,0.000807639
ENSMUSG00000010080,weak,2.7451494028581611,597.3236622,4218,29 CB Glut,0
ENSMUSG00000010122,uninformative,3,163.8507674,4785,33 Vascular,0.11687
ENSMUSG00000010136,informative,-1.5913911753342165,1080.37526,391,15 HY Gnrh1 Glut,1.58361e-05
ENSMUSG00000010142,weak,0.94043523281236119,308.3361376,637,34 Immune,0.0285999
ENSMUSG00000010175,informative,-0.61443089291770403,21977.04937,15056,04 DG-IMN Glut,0.0288375
ENSMUSG00000010392,informative,-0.1840190048672565,9086.428661,8396,31 OPC-Oligo,0.1627
ENSMUSG00000010461,informative,-1.8100666731877539,3134.936318,952,07 CTX-MGE GABA,0.0224397
ENSMUSG00000010476,weak,-1.1544147652153596,874.2576335,435,03 OB-CR Glut,0.000807639
ENSMUSG00000010505,informative,1.6709008690548526,5104.040908,17046,25 Pineal Glut,4.75082e-05
ENSMUSG00000010592,informative,-0.66316633534473657,1238.335882,835,09 CNU-LGE GABA,0.0528766
ENSMUSG00000010609,informative,0.0201094071448981,4275.948438,4559,03 OB-CR Glut,0.000807639
ENSMUSG00000010760,uninformative,1.14235698701262,4.181590305,27,33 Vascular,0.11687
ENSMUSG00000010797,informative,-1.6108776746907416,1733.516522,610,09 CNU-LGE GABA,0.0528766
ENSMUSG00000010803,informative,-0.122250444930012,85264.47397,82092,28 CB GABA,0
ENSMUSG00000010911,informative,1.4293265007344662,3646.014726,10306,03 OB-CR Glut,0.000807639
ENSMUSG00000011096,informative,0.99550735969039483,8364.941614,17491,30 Astro-Epen,0.160404
ENSMUSG00000011118,uninformative,-3,18.08549136,14,18 TH Glut,0.0535259
ENSMUSG00000011171,informative,-2.1751057370623785,2154.156486,515,05 OB-IMN GABA,0.00300885
ENSMUSG00000011179,informative,0.39467038161494611,10757.7381,14842,25 Pineal Glut,4.75082e-05
ENSMUSG00000011263,uninformative,-1.0577306929040331,187.716191,110,34 Immune,0.0285999
ENSMUSG00000011305,uninformative,1.2461688188057001,114.068929,301,30 Astro-Epen,0.160404
ENSMUSG00000011632,uninformative,-0.60113731061148135,101.7710102,86,15 HY Gnrh1 Glut,1.58361e-05
ENSMUSG00000011960,informative,-0.81530473663090242,17091.32088,10192,29 CB Glut,0
ENSMUSG00000012114,informative,0.21054674366973211,15727.86686,19084,30 Astro-Epen,0.160404
ENSMUSG00000012282,uninformative,0.38167164361585948,4.84881667,23,09 CNU-LGE GABA,0.0528766
ENSMUSG00000012396,uninformative,1.864651275202023,4.237376075,35,15 HY Gnrh1 Glut,1.58361e-05
ENSMUSG00000012429,informative,-0.23570008900277989,4907.904586,4383,25 Pineal Glut,4.75082e-05
ENSMUSG00000012519,weak,-0.48965569413558307,474.7298541,370,33 Vascular,0.11687
ENSMUSG00000012520,uninformative,-3,47.9938217,20,24 MY Glut,0.00326223
ENSMUSG00000012705,weak,-1.0667961925169691,402.8360169,217,09 CNU-LGE GABA,0.0528766
ENSMUSG00000012819,informative,-3,2420.842085,300,34 Immune,0.0285999
ENSMUSG00000013033,informative,-0.20422109887438189,68943.84553,62716,01 IT-ET Glut,0.234215
ENSMUSG00000013089,informative,0.71828127969018074,23294.17707,40170,02 NP-CT-L6b Glut,0.046653
ENSMUSG00000013415,uninformative,-0.61950735550044678,70.82802078,64,33 Vascular,0.11687
ENSMUSG00000013418,weak,-3,257.6069013,37,34 Immune,0.0285999
ENSMUSG00000013465,informative,1.0057289313805695,9093.976851,19149,15 HY Gnrh1 Glut,1.58361e-05
ENSMUSG00000013584,weak,3,488.2782338,5122,33 Vascular,0.11687
ENSMUSG00000013622,informative,0.38782397821303782,15197.37964,20850,32 OEC,0
ENSMUSG00000013663,informative,-0.46108270244074279,70261.811,53493,05 OB-IMN GABA,0.00300885
ENSMUSG00000013766,weak,1.2197956896476172,416.1541456,1033,03 OB-CR Glut,0.000807639
ENSMUSG00000013787,informative,1.8054418114902853,12880.8903,47191,25 Pineal Glut,4.75082e-05
ENSMUSG00000013858,informative,0.11969269284492549,12087.40954,13776,30 Astro-Epen,0.160404
ENSMUSG00000013936,weak,0.46670747239659122,344.3136856,515,34 Immune,0.0285999
ENSMUSG00000014030,uninformative,-1.5082844822366592,142.8576881,68,23 P Glut,6.33443e-05
ENSMUSG00000014158,weak,0.68675447386873933,622.7723838,1067,33 Vascular,0.11687
ENSMUSG00000014164,informative,0.64100308540040374,23075.2554,37718,02 NP-CT-L6b Glut,0.046653
ENSMUSG00000014195,informative,0.053305430300931801,28928.33649,31466,34 Immune,0.0285999
ENSMUSG00000014351,uninformative,2.3751120025161105,4.700409605,46,22 MB-HB Sero,1.58361e-05
ENSMUSG00000014361,informative,-0.98710627959237285,39956.00718,21135,34 Immune,0.0285999
ENSMUSG00000014402,informative,-3,13439.2887,893,03 OB-CR Glut,0.000807639
ENSMUSG00000014418,informative,0.54445337546268513,4522.967908,6928,32 OEC,0
ENSMUSG00000014444,informative,-1.4467935810839252,1924.312685,755,33 Vascular,0.11687
ENSMUSG00000014453,uninformative,-0.54672531562331361,12.91967591,25,34 Immune,0.0285999
ENSMUSG00000014599,informative,0.73728306376608432,7359.002953,12870,34 Immune,0.0285999
ENSMUSG00000014704,uninformative,-3,22.91848755,14,27 MY GABA,9.50164e-05
ENSMUSG00000014725,uninformative,-2.628378059221729,93.33058838,31,07 CTX-MGE GABA,0.0224397
ENSMUSG00000014767,informative,0.98074625277394922,4199.352567,8700,05 OB-IMN GABA,0.00300885
ENSMUSG00000014773,weak,1.7079321079000134,852.9616946,2938,31 OPC-Oligo,0.1627
ENSMUSG00000014778,weak,1.3250809490665705,819.16726,2168,34 Immune,0.0285999
ENSMUSG00000014782,weak,0.89517627148796464,347.4458531,694,15 HY Gnrh1 Glut,1.58361e-05
ENSMUSG00000014791,uninformative,1.3762332693987556,168.8595858,477,25 Pineal Glut,4.75082e-05
ENSMUSG00000014852,weak,-3,620.7706867,56,01 IT-ET Glut,0.234215
ENSMUSG00000014859,informative,0.87653248264296046,5712.276667,11005,25 Pineal Glut,4.75082e-05
ENSMUSG00000014932,informative,-0.62734083607967006,6506.735888,4429,33 Vascular,0.11687
ENSMUSG00000015001,uninformative,-2.3853898848478678,58.76139093,27,32 OEC,0
ENSMUSG00000015053,informative,0.1717674351671315,2573.969039,3054,33 Vascular,0.11687
ENSMUSG00000015093,uninformative,3,13.18511795,191,15 HY Gnrh1 Glut,1.58361e-05
ENSMUSG00000015120,informative,1.0085603907670071,12190.09997,25713,15 HY Gnrh1 Glut,1.58361e-05
ENSMUSG00000015133,informative,-1.0376201009691235,4221.304629,2170,34 Immune,0.0285999
ENSMUSG00000015134,weak,-0.69549890337370202,272.5586285,192,28 CB GABA,0
ENSMUSG00000015143,informative,-0.1876977300028693,22105.42962,20351,25 Pineal Glut,4.75082e-05
ENSMUSG00000015149,informative,0.3208983806246965,27626.58527,36172,31 OPC-Oligo,0.1627
ENSMUSG00000015222,informative,0.4877618375055493,138589.6112,203640,25 Pineal Glut,4.75082e-05
ENSMUSG00000015243,informative,-0.105885464189531,13837.50773,13488,34 Immune,0.0285999
ENSMUSG00000015314,uninformative,0.37876105031973362,108.3573419,172,34 Immune,0.0285999
ENSMUSG00000015340,uninformative,0.78897682355404219,165.2601855,316,34 Immune,0.0285999
ENSMUSG00000015355,uninformative,1.5932195303133088,138.8138819,457,34 Immune,0.0285999
ENSMUSG00000015365,weak,-3,245.1285033,44,03 OB-CR Glut,0.000807639
ENSMUSG00000015396,informative,-1.1216144594232154,10914.51896,5271,34 Immune,0.0285999
ENSMUSG00000015401,uninformative,3,11.56954446,233,32 OEC,0
ENSMUSG00000015405,weak,1.1877293698588121,741.8709598,1788,33 Vascular,0.11687
ENSMUSG00000015437,uninformative,2.9035855666623887,3.462229515,50,34 Immune,0.0285999
ENSMUSG00000015452,uninformative,0.91345281434444481,142.3914678,306,33 Vascular,0.11687
ENSMUSG00000015461,informative,1.8781330294906011,5924.045992,22835,34 Immune,0.0285999
ENSMUSG00000015468,informative,0.87964709079866743,1651.18184,3200,33 Vascular,0.11687
ENSMUSG00000015501,informative,-0.99175829290235118,166396.079,87692,05 OB-IMN GABA,0.00300885
ENSMUSG00000015522,informative,0.1766932755503908,18950.40408,22458,25 Pineal Glut,4.75082e-05
ENSMUSG00000015533,weak,-2.9324653940520342,290.3367841,55,32 OEC,0
ENSMUSG00000015568,informative,0.52933577579833047,4248.559435,6449,09 CNU-LGE GABA,0.0528766
ENSMUSG00000015579,uninformative,1.0702187398345768,0.3563083316,18,18 TH Glut,0.0535259
ENSMUSG00000015599,informative,0.96108007227742065,15028.27159,30670,29 CB Glut,0
ENSMUSG00000015605,informative,2.1497355037144694,1571.073704,7324,33 Vascular,0.11687
ENSMUSG00000015619,weak,-0.35573008505716253,321.4137387,279,22 MB-HB Sero,1.58361e-05
ENSMUSG00000015627,uninformative,3,0.02000574716,31,14 HY Glut,0.00593852
ENSMUSG00000015647,informative,1.7917763870934811,1589.27289,5784,33 Vascular,0.11687
ENSMUSG00000015652,uninformative,3,35.61661255,978,28 CB GABA,0
ENSMUSG00000015697,informative,-0.29901849241647588,11532.56378,9837,04 DG-IMN Glut,0.0288375
ENSMUSG00000015709,informative,-0.95309973966492678,50851.29481,27535,07 CTX-MGE GABA,0.0224397
ENSMUSG00000015711,informative,-0.064073886950344702,5013.873944,5041,25 Pineal Glut,4.75082e-05
ENSMUSG00000015714,informative,0.85498111151266343,15661.77593,29697,31 OPC-Oligo,0.1627
ENSMUSG00000015748,informative,-0.46382266723165949,4832.659655,3687,03 OB-CR Glut,0.000807639
ENSMUSG00000015749,informative,0.017108160355279099,14648.66291,15547,25 Pineal Glut,4.75082e-05
ENSMUSG00000015812,weak,0.017748712380148399,368.5524108,407,15 HY Gnrh1 Glut,1.58361e-05
ENSMUSG00000015837,informative,0.76192122355275171,36577.23504,64995,15 HY Gnrh1 Glut,1.58361e-05
ENSMUSG00000015839,informative,0.049953463516675997,7422.627549,8067,34 Immune,0.0285999
ENSMUSG00000015843,informative,-0.19391729333214411,3458.757963,3184,25 Pineal Glut,4.75082e-05
ENSMUSG00000015846,informative,1.558101449193902,3365.380024,10401,06 CTX-CGE GABA,0.0131281
ENSMUSG00000015852,informative,1.5851021810450352,2381.37631,7504,34 Immune,0.0285999
ENSMUSG00000015854,uninformative,1.4525630911167484,2.132908722,24,11 CNU-HYa GABA,0.0132548
ENSMUSG00000015889,informative,1.431381638464696,6376.353045,18036,25 Pineal Glut,4.75082e-05
ENSMUSG00000015937,informative,0.16271013039465379,26821.60945,31473,25 Pineal Glut,4.75082e-05
ENSMUSG00000015947,weak,1.94243598240185,471.8055151,1919,34 Immune,0.0285999
ENSMUSG00000015950,informative,0.19663176284411049,2155.195086,2604,34 Immune,0.0285999
ENSMUSG00000015957,uninformative,2.1379843801526608,66.21905411,325,17 MH-LH Glut,0.00120354
ENSMUSG00000015966,weak,1.7245118001934081,236.4019441,837,31 OPC-Oligo,0.1627
ENSMUSG00000015968,informative,-1.4993814783482269,61077.69645,22650,28 CB GABA,0
ENSMUSG00000016018,informative,0.71913496743953975,10960.47145,18921,29 CB Glut,0
ENSMUSG00000016028,weak,1.5940017022929736,881.081829,2813,15 HY Gnrh1 Glut,1.58361e-05
ENSMUSG00000016087,informative,-2.0106473921420127,12321.71101,3219,34 Immune,0.0285999
ENSMUSG00000016150,informative,-3,101007.2598,8731,29 CB Glut,0
ENSMUSG00000016181,informative,1.3510183968498244,4393.840397,11761,34 Immune,0.0285999
ENSMUSG00000016255,uninformative,-0.31946648380022979,26.37425849,38,34 Immune,0.0285999
ENSMUSG00000016458,uninformative,1.5304024162870251,15.84559227,66,15 HY Gnrh1 Glut,1.58361e-05
ENSMUSG00000016477,informative,-1.3233555872718177,10524.96583,4422,34 Immune,0.0285999
ENSMUSG00000016481,informative,-0.78551951193843828,9996.784877,6092,33 Vascular,0.11687
ENSMUSG00000016487,informative,-0.21392767106001259,16496.67134,14918,33 Vascular,0.11687
ENSMUSG00000016494,informative,-0.31372689956198457,12750.44459,10764,33 Vascular,0.11687
ENSMUSG00000016495,informative,-0.70677389610398766,6784.739352,4371,34 Immune,0.0285999
ENSMUSG00000016496,weak,0.0730302050347474,736.6466969,828,03 OB-CR Glut,0.000807639
ENSMUSG00000016498,uninformative,0.51652272907028929,29.013626,60,03 OB-CR Glut,0.000807639
ENSMUSG00000016528,informative,-0.40721809743008708,8127.395777,6437,34 Immune,0.0285999
ENSMUSG00000016529,uninformative,-0.70262155577633034,25.38133914,32,25 Pineal Glut,4.75082e-05
ENSMUSG00000016534,informative,0.25336111621117668,18273.05899,22829,34 Immune,0.0285999
ENSMUSG00000016541,informative,1.130665612620648,36872.17908,84606,03 OB-CR Glut,0.000807639
ENSMUSG00000016637,informative,1.1702333922159431,3555.554263,8401,30 Astro-Epen,0.160404
ENSMUSG00000016756,uninformative,-2.9963774413098743,151.205103,35,34 Immune,0.0285999
ENSMUSG00000016918,informative,-1.6130196483618238,12018.79972,4132,02 NP-CT-L6b Glut,0.046653
ENSMUSG00000016933,informative,1.1247975952927021,9807.317126,22425,33 Vascular,0.11687
ENSMUSG00000017007,weak,-0.42649284686835748,324.7946863,269,32 OEC,0
ENSMUSG00000017057,informative,0.61937018431056801,2330.72606,3776,34 Immune,0.0285999
ENSMUSG00000017119,informative,0.53405299176459442,24837.10548,37705,25 Pineal Glut,4.75082e-05
ENSMUSG00000017146,weak,0.53463655228913431,470.0915977,730,03 OB-CR Glut,0.000807639
ENSMUSG00000017165,uninformative,-1.4993612782721379,44.82889566,32,15 HY Gnrh1 Glut,1.58361e-05
ENSMUSG00000017167,informative,0.50451299212594969,14151.05181,21050,29 CB Glut,0
ENSMUSG00000017210,informative,1.7821489998265909,5808.835551,20951,25 Pineal Glut,4.75082e-05
ENSMUSG00000017221,informative,1.6636147507694576,8765.287872,29113,33 Vascular,0.11687
ENSMUSG00000017299,informative,0.99081844626451443,8286.03657,17270,25 Pineal Glut,4.75082e-05
ENSMUSG00000017314,informative,1.1821102343327894,20319.19925,48332,15 HY Gnrh1 Glut,1.58361e-05
ENSMUSG00000017344,informative,1.6915277360654724,9057.690931,30671,33 Vascular,0.11687
ENSMUSG00000017376,informative,-1.788188523187302,69498.42801,21098,25 Pineal Glut,4.75082e-05
ENSMUSG00000017390,informative,2.035258618231726,48959.96983,210291,30 Astro-Epen,0.160404
ENSMUSG00000017428,informative,-2.5029505060448192,23533.31676,4365,28 CB GABA,0
ENSMUSG00000017485,informative,0.3137156234313645,28305.85776,36877,05 OB-IMN GABA,0.00300885
ENSMUSG00000017491,informative,-2.5333927751864938,29113.19951,5284,09 CNU-LGE GABA,0.0528766
ENSMUSG00000017499,uninformative,-0.41486033581061132,189.8449384,165,15 HY Gnrh1 Glut,1.58361e-05
ENSMUSG00000017548,informative,-0.85740724765462051,18650.58898,10801,25 Pineal Glut,4.75082e-05
ENSMUSG00000017652,weak,-1.0043116837921024,739.920384,402,33 Vascular,0.11687
ENSMUSG00000017677,informative,-0.4458610026531577,12250.88296,9439,34 Immune,0.0285999
ENSMUSG00000017692,informative,-1.4463020599135838,7539.095879,2914,25 Pineal Glut,4.75082e-05
ENSMUSG00000017697,weak,1.2387119897827787,207.6879663,531,31 OPC-Oligo,0.1627
ENSMUSG00000017716,weak,0.2616648456300627,257.7216503,348,05 OB-IMN GABA,0.00300885
ENSMUSG00000017724,informative,-2.1282639381179109,4697.445709,1141,30 Astro-Epen,0.160404
ENSMUSG00000017737,uninformative,0.11806748220102579,152.0093008,189,16 HY MM Glut,0
ENSMUSG00000017740,informative,-0.65309050533158997,78985.12916,52641,28 CB GABA,0
ENSMUSG00000017754,informative,1.8686912306891892,19136.43927,73249,33 Vascular,0.11687
ENSMUSG00000017756,weak,2.7892273289637459,397.7534367,2903,15 HY Gnrh1 Glut,1.58361e-05
ENSMUSG00000017767,uninformative,2.8209658379142062,17.09705304,149,25 Pineal Glut,4.75082e-05
ENSMUSG00000017774,informative,1.0812060635211669,4295.744819,9540,33 Vascular,0.11687
ENSMUSG00000017776,informative,0.2922179749126313,32352.11,41523,33 Vascular,0.11687
ENSMUSG00000017801,informative,0.062906309216246403,6048.738643,6636,33 Vascular,0.11687
ENSMUSG00000017802,informative,-0.51320861142745222,13586.95681,9990,31 OPC-Oligo,0.1627
ENSMUSG00000017817,weak,-0.38564878373025108,603.7416646,500,33 Vascular,0.11687
ENSMUSG00000017830,weak,1.1189021212719092,323.3205908,753,34 Immune,0.0285999
ENSMUSG00000017831,informative,0.30249737332110621,38396.48431,49638,31 OPC-Oligo,0.1627
ENSMUSG00000017843,informative,-0.39839384774062259,58824.12169,46784,02 NP-CT-L6b Glut,0.046653
ENSMUSG00000017861,weak,-0.13048392937390141,516.155763,510,15 HY Gnrh1 Glut,1.58361e-05
ENSMUSG00000017897,informative,0.73046701871442388,1174.806199,2059,15 HY Gnrh1 Glut,1.58361e-05
ENSMUSG00000017922,uninformative,0.2677632617673269,18.01361625,39,34 Immune,0.0285999
ENSMUSG00000017950,uninformative,0.68612711707144514,21.52746949,61,31 OPC-Oligo,0.1627
ENSMUSG00000017978,informative,-0.54440410906558789,40274.50292,28949,29 CB Glut,0
ENSMUSG00000018042,informative,0.27191355031809211,11235.8092,14230,33 Vascular,0.11687
ENSMUSG00000018102,informative,-0.040257418014458299,16134.06977,16455,25 Pineal Glut,4.75082e-05
ENSMUSG00000018143,informative,-1.1518718023985377,1682.877129,809,33 Vascular,0.11687
ENSMUSG00000018160,informative,0.016935661115060601,16260.6381,17254,29 CB Glut,0
ENSMUSG00000018166,informative,-0.58351325259858122,7619.240214,5343,32 OEC,0
ENSMUSG00000018209,informative,-0.43135544841149581,12330.38359,9596,34 Immune,0.0285999
ENSMUSG00000018238,weak,-3,528.8241928,50,30 Astro-Epen,0.160404
ENSMUSG00000018259,uninformative,2.6889076901043989,1.513881505,32,08 CNU-MGE GABA,0.00696787
ENSMUSG00000018263,uninformative,-3,15.51219312,13,09 CNU-LGE GABA,0.0528766
ENSMUSG00000018286,informative,1.3186198537751372,11188.95774,29250,03 OB-CR Glut,0.000807639
ENSMUSG00000018340,informative,1.5037637126953542,10067.76204,29931,32 OEC,0
ENSMUSG00000018341,weak,-3,428.9111681,62,28 CB GABA,0
ENSMUSG00000018362,weak,3,577.7229497,7527,33 Vascular,0.11687
ENSMUSG00000018363,informative,-1.2809647157324071,21670.63375,9359,34 Immune,0.0285999
ENSMUSG00000018379,informative,0.6469606337593421,27810.69726,45643,25 Pineal Glut,4.75082e-05
ENSMUSG00000018395,informative,-1.6165579718915457,28680.9431,9815,11 CNU-HYa GABA,0.0132548
ENSMUSG00000018398,informative,0.796390201873868,46023.36366,83763,31 OPC-Oligo,0.1627
ENSMUSG00000018411,informative,0.50143413307781426,142563.6041,211465,31 OPC-Oligo,0.1627
ENSMUSG00000018442,informative,-0.1210153459957739,6134.356349,5926,33 Vascular,0.11687
ENSMUSG00000018470,informative,3,3491.465512,30640,28 CB GABA,0
ENSMUSG00000018476,informative,-0.0068191545391421996,11532.47739,12042,34 Immune,0.0285999
ENSMUSG00000018481,informative,0.1848846520310973,28562.81963,34034,31 OPC-Oligo,0.1627
ENSMUSG00000018486,weak,2.3148190085487128,283.6754309,1499,18 TH Glut,0.0535259
ENSMUSG00000018500,informative,0.68658821553053373,1078.281307,1835,30 Astro-Epen,0.160404
ENSMUSG00000018501,informative,-1.2960136543177194,84751.79181,36178,25 Pineal Glut,4.75082e-05
ENSMUSG00000018507,informative,1.2626504298437791,3621.677582,9122,34 Immune,0.0285999
ENSMUSG00000018537,informative,0.76356277292462538,4492.141232,8007,15 HY Gnrh1 Glut,1.58361e-05
ENSMUSG00000018566,weak,2.8217120499515929,370.5152832,2767,33 Vascular,0.11687
ENSMUSG00000018569,uninformative,2.4179121170567202,12.74947988,92,15 HY Gnrh1 Glut,1.58361e-05
ENSMUSG00000018581,weak,-0.97582837620263396,609.0510086,340,05 OB-IMN GABA,0.00300885
ENSMUSG00000018583,informative,-0.49026223810045721,18917.71805,14126,15 HY Gnrh1 Glut,1.58361e-05
ENSMUSG00000018589,informative,-0.33841411613637967,6924.618631,5754,22 MB-HB Sero,1.58361e-05
ENSMUSG00000018604,informative,-0.94627036369136297,3471.200596,1903,33 Vascular,0.11687
ENSMUSG00000018623,uninformative,3,0.0002432550998,26,24 MY Glut,0.00326223
ENSMUSG00000018634,informative,0.1053628001827972,4801.530574,5428,29 CB Glut,0
ENSMUSG00000018654,informative,-1.2901704695898863,3381.161363,1464,34 Immune,0.0285999
ENSMUSG00000018666,informative,-2.8031620661737411,22602.12188,3408,33 Vascular,0.11687
ENSMUSG00000018697,informative,0.0090134102672423007,10344.27724,10922,03 OB-CR Glut,0.000807639
ENSMUSG00000018698,weak,-1.1575881734001308,478.0389864,240,03 OB-CR Glut,0.000807639
ENSMUSG00000018707,informative,0.90976395074448557,44896.15216,88391,31 OPC-Oligo,0.1627
ENSMUSG00000018736,informative,-0.49288075171468582,22699.45949,16916,33 Vascular,0.11687
ENSMUSG00000018750,informative,-1.4300712097984378,25182.48266,9807,25 Pineal Glut,4.75082e-05
ENSMUSG00000018774,informative,1.6960367931550897,1003.488903,3425,34 Immune,0.0285999
ENSMUSG00000018796,informative,-0.2801672627996683,15962.11193,13788,25 Pineal Glut,4.75082e-05
ENSMUSG00000018830,informative,-0.42872183014819781,6367.342388,4972,33 Vascular,0.11687
ENSMUSG00000018841,informative,0.81015322178405724,3834.411738,7061,15 HY Gnrh1 Glut,1.58361e-05
ENSMUSG00000018899,informative,0.57757822050654661,1989.945024,3128,34 Immune,0.0285999
ENSMUSG00000018900,informative,1.0419173757287994,2964.825035,6413,03 OB-CR Glut,0.000807639
ENSMUSG00000018907,uninformative,2.0578621654996998,9.999363051,63,11 CNU-HYa GABA,0.0132548
ENSMUSG00000018909,informative,0.75626201332764253,21887.65231,38752,30 Astro-Epen,0.160404
ENSMUSG00000018914,uninformative,0.66009336261650176,0.1982560108,17,11 CNU-HYa GABA,0.0132548
ENSMUSG00000018916,uninformative,1.2393073205430452,2.227705814,23,34 Immune,0.0285999
ENSMUSG00000018920,weak,0.99144325944265843,340.3157592,726,34 Immune,0.0285999
ENSMUSG00000018924,uninformative,3,1.40142388,179,22 MB-HB Sero,1.58361e-05
ENSMUSG00000018932,informative,-1.3998570815272939,3429.217806,1377,33 Vascular,0.11687
ENSMUSG00000018973,uninformative,2.5769578611627395,1.716721122,32,24 MY Glut,0.00326223
ENSMUSG00000018974,informative,0.50980265683313364,5986.994983,8948,34 Immune,0.0285999
ENSMUSG00000018983,weak,0.85177150645619115,214.238107,422,34 Immune,0.0285999
ENSMUSG00000019055,informative,0.7706249591691674,7216.0333,12915,34 Immune,0.0285999
ENSMUSG00000019066,informative,0.48414325351543958,1580.683316,2333,33 Vascular,0.11687
ENSMUSG00000019082,informative,1.6545224428867811,28130.3767,92805,18 TH Glut,0.0535259
ENSMUSG00000019102,uninformative,1.6602139424478533,58.18298134,211,02 NP-CT-L6b Glut,0.046653
ENSMUSG00000019146,informative,-1.3575496622337144,49175.86835,20122,28 CB GABA,0
ENSMUSG00000019173,informative,1.0837073048832859,22073.73292,49043,33 Vascular,0.11687
ENSMUSG00000019230,informative,-0.78657552150048826,3451.460199,2112,17 MH-LH Glut,0.00120354
ENSMUSG00000019232,informative,0.061669469465297298,9424.795345,10322,30 Astro-Epen,0.160404
ENSMUSG00000019256,informative,-0.1133736618984989,3103.636351,3022,32 OEC,0
ENSMUSG00000019302,informative,0.2146745810587708,81044.88236,98553,25 Pineal Glut,4.75082e-05
ENSMUSG00000019312,weak,1.3285721275631388,307.9531464,828,33 Vascular,0.11687
ENSMUSG00000019320,weak,0.4176317281646873,476.3061718,683,32 OEC,0
ENSMUSG00000019359,informative,1.1130758044451317,1675.7307,3815,30 Astro-Epen,0.160404
ENSMUSG00000019429,uninformative,1.5697855560301968,1.888419469,24,09 CNU-LGE GABA,0.0528766
ENSMUSG00000019433,informative,1.4273623378276326,8658.58397,24417,31 OPC-Oligo,0.1627
ENSMUSG00000019437,informative,1.898494495638106,3066.181412,11996,30 Astro-Epen,0.160404
ENSMUSG00000019464,weak,-0.143478515614686,386.9456224,383,32 OEC,0
ENSMUSG00000019471,informative,1.4080884582930595,15822.29094,44012,33 Vascular,0.11687
ENSMUSG00000019489,uninformative,0.93021155168196801,21.03039779,59,29 CB Glut,0
ENSMUSG00000019528,informative,-0.1462874627046015,5513.93038,5236,22 MB-HB Sero,1.58361e-05
ENSMUSG00000019558,informative,0.66213979692733216,10398.53844,17257,25 Pineal Glut,4.75082e-05
ENSMUSG00000019564,informative,-0.94750289613188721,2967.982107,1628,34 Immune,0.0285999
ENSMUSG00000019577,informative,1.1621731482842437,1278.442311,3015,30 Astro-Epen,0.160404
ENSMUSG00000019590,informative,0.38664153138003732,10993.00018,15074,15 HY Gnrh1 Glut,1.58361e-05
ENSMUSG00000019647,informative,-0.71414799410337904,35733.20562,22837,03 OB-CR Glut,0.000807639
ENSMUSG00000019689,informative,1.4798129734785417,8584.845311,25105,28 CB GABA,0
ENSMUSG00000019699,informative,-3,79805.09122,4523,29 CB Glut,0
ENSMUSG00000019718,weak,-1.0573379758204584,729.9202009,383,25 Pineal Glut,4.75082e-05
ENSMUSG00000019726,informative,-0.6296953624800028,31693.05643,21477,04 DG-IMN Glut,0.0288375
ENSMUSG00000019737,weak,2.0539182511311225,562.60829,2467,25 Pineal Glut,4.75082e-05
ENSMUSG00000019756,uninformative,2.0992873164337515,1.892047957,28,22 MB-HB Sero,1.58361e-05
ENSMUSG00000019768,informative,-1.3409591974450199,2494.126733,1047,14 HY Glut,0.00593852
ENSMUSG00000019772,informative,0.75623720512262027,8072.116914,14302,06 CTX-CGE GABA,0.0131281
ENSMUSG00000019773,weak,0.2074367997380224,709.8801095,875,34 Immune,0.0285999
ENSMUSG00000019777,informative,0.85356259285918135,12517.45917,23715,05 OB-IMN GABA,0.00300885
ENSMUSG00000019779,weak,-1.0128094641174501,682.6682056,370,33 Vascular,0.11687
ENSMUSG00000019787,weak,0.44236392526827489,300.3079104,460,05 OB-IMN GABA,0.00300885
ENSMUSG00000019789,informative,-0.29195047934016011,2284.608724,1971,32 OEC,0
ENSMUSG00000019794,informative,0.20241898761397001,3754.964271,4543,33 Vascular,0.11687
ENSMUSG00000019803,informative,0.81529689105772574,1699.966528,3151,30 Astro-Epen,0.160404
ENSMUSG00000019809,informative,-0.3560700761044362,8759.265897,7186,25 Pineal Glut,4.75082e-05
ENSMUSG00000019817,informative,-0.88282206958389631,5312.324262,3042,11 CNU-HYa GABA,0.0132548
ENSMUSG00000019820,informative,-1.3325378165431183,48955.61062,20382,33 Vascular,0.11687
ENSMUSG00000019828,informative,-1.5201452256532413,78371.91769,28644,28 CB GABA,0
ENSMUSG00000019832,weak,1.1755215362605898,427.464221,1029,34 Immune,0.0285999
ENSMUSG00000019842,informative,-3,4690.161226,432,25 Pineal Glut,4.75082e-05
ENSMUSG00000019843,informative,-0.2718539364030737,47695.02839,41405,32 OEC,0
ENSMUSG00000019846,informative,-1.5324292669207835,5366.234829,1959,32 OEC,0
ENSMUSG00000019849,informative,1.713629616558751,4175.755478,14368,17 MH-LH Glut,0.00120354
ENSMUSG00000019850,informative,-0.48098963628291519,2783.107546,2105,34 Immune,0.0285999
ENSMUSG00000019857,informative,0.66123708932242053,4737.301115,7866,32 OEC,0
ENSMUSG00000019861,informative,0.59464598169884142,16840.95693,26662,16 HY MM Glut,0
ENSMUSG00000019874,informative,0.58989898330954182,6480.360593,10236,32 OEC,0
ENSMUSG00000019876,informative,-0.71818865433439816,8452.778143,5399,29 CB Glut,0
ENSMUSG00000019878,informative,0.29551556011200519,7077.280734,9117,29 CB Glut,0
ENSMUSG00000019880,informative,-0.067510199655348505,6998.158041,7021,03 OB-CR Glut,0.000807639
ENSMUSG00000019883,informative,0.0089001694621041998,10530.06138,11117,30 Astro-Epen,0.160404
ENSMUSG00000019889,informative,-1.5171070833227589,72079.64578,26409,28 CB GABA,0
ENSMUSG00000019890,informative,-0.022793452465681301,2415.337009,2507,10 LSX GABA,0.000190033
ENSMUSG00000019893,uninformative,-3,143.4601457,33,14 HY Glut,0.00593852
ENSMUSG00000019899,informative,-1.919510247032548,27244.62678,7561,30 Astro-Epen,0.160404
ENSMUSG00000019900,uninformative,1.6371587368973084,2.370319712,26,10 LSX GABA,0.000190033
ENSMUSG00000019905,uninformative,1.0991687796666083,2.111446292,22,10 LSX GABA,0.000190033
ENSMUSG00000019913,weak,-0.15876499439653971,375.0959186,368,16 HY MM Glut,0
ENSMUSG00000019917,informative,-0.16500040704593111,2992.02814,2812,33 Vascular,0.11687
ENSMUSG00000019927,informative,-0.38201256785941651,23220.5901,18685,31 OPC-Oligo,0.1627
ENSMUSG00000019935,weak,-0.30633699947848803,787.375924,683,22 MB-HB Sero,1.58361e-05
ENSMUSG00000019942,uninformative,1.89132011426896,21.63651678,103,05 OB-IMN GABA,0.00300885
ENSMUSG00000019947,informative,-1.508113857085031,43362.5003,15988,31 OPC-Oligo,0.1627
ENSMUSG00000019960,informative,1.5639267523442233,11235.42867,34822,34 Immune,0.0285999
ENSMUSG00000019966,informative,-0.82705575159419831,37321.44098,22057,33 Vascular,0.11687
ENSMUSG00000019969,informative,0.5395937084438005,12030.31446,18338,34 Immune,0.0285999
ENSMUSG00000019971,informative,-1.4080067769206812,17586.80924,6959,25 Pineal Glut,4.75082e-05
ENSMUSG00000019978,informative,-2.0417067679340519,24001.89525,6123,34 Immune,0.0285999
ENSMUSG00000019979,informative,-0.12352469632712459,4651.933881,4490,04 DG-IMN Glut,0.0288375
ENSMUSG00000019982,weak,0.23665025511934071,369.1798617,472,09 CNU-LGE GABA,0.0528766
ENSMUSG00000019986,informative,-0.77044362215332529,109704.3102,67398,14 HY Glut,0.00593852
ENSMUSG00000019987,uninformative,0.032846939763039103,142.6531704,177,15 HY Gnrh1 Glut,1.58361e-05
ENSMUSG00000019990,informative,-2.2593835432589131,88103.81727,19295,09 CNU-LGE GABA,0.0528766
ENSMUSG00000019996,informative,0.51865746439856997,58218.17765,87402,31 OPC-Oligo,0.1627
ENSMUSG00000019997,informative,0.97983783442921124,3073.453597,6368,33 Vascular,0.11687
ENSMUSG00000020000,informative,0.2092341533407632,1976.277399,2410,08 CNU-MGE GABA,0.00696787
ENSMUSG00000020009,informative,1.6504011696744258,3748.718595,12348,34 Immune,0.0285999
ENSMUSG00000020017,uninformative,-2.1176831814700883,77.60245765,42,33 Vascular,0.11687
ENSMUSG00000020019,informative,-1.0657467639998597,6825.772647,3432,29 CB Glut,0
ENSMUSG00000020022,informative,-2.097012924792907,27320.50028,6706,07 CTX-MGE GABA,0.0224397
ENSMUSG00000020027,informative,-1.7906767163252806,13379.30089,4067,28 CB GABA,0
ENSMUSG00000020037,informative,-2.2253801361991421,11072.39723,2496,30 Astro-Epen,0.160404
ENSMUSG00000020038,informative,-0.66448170904462689,5549.415509,3684,29 CB Glut,0
ENSMUSG00000020051,uninformative,1.6454840311489267,38.34765169,152,13 CNU-HYa Glut,0.0147909
ENSMUSG00000020052,informative,-0.7852627251425206,2467.962095,1516,31 OPC-Oligo,0.1627
ENSMUSG00000020053,informative,-1.383481787119986,6732.224291,2727,32 OEC,0
ENSMUSG00000020056,informative,-0.64169450852151311,6244.206728,4209,30 Astro-Epen,0.160404
ENSMUSG00000020059,informative,-3,3466.940274,243,30 Astro-Epen,0.160404
ENSMUSG00000020063,informative,-0.59792577887572484,6085.030983,4228,25 Pineal Glut,4.75082e-05
ENSMUSG00000020075,informative,0.1416212114945751,5571.765236,6456,33 Vascular,0.11687
ENSMUSG00000020080,informative,1.150903308875838,1410.547068,3299,01 IT-ET Glut,0.234215
ENSMUSG00000020081,uninformative,-0.65766934090234597,12.52667332,24,25 Pineal Glut,4.75082e-05
ENSMUSG00000020091,informative,-0.1140358385963522,11599.00323,11245,33 Vascular,0.11687
ENSMUSG00000020092,informative,-0.37092316807765457,2808.175971,2291,34 Immune,0.0285999
ENSMUSG00000020097,informative,-0.40214623700185259,5829.841369,4638,34 Immune,0.0285999
ENSMUSG00000020101,informative,0.28072422664066249,4698.910565,5997,34 Immune,0.0285999
ENSMUSG00000020107,informative,-0.40843760918337879,22992.38509,18166,31 OPC-Oligo,0.1627
ENSMUSG00000020108,informative,2.4712327974901451,7724.67876,44900,32 OEC,0
ENSMUSG00000020111,informative,-0.2027668562933434,25180.39413,22939,29 CB Glut,0
ENSMUSG00000020115,informative,-0.1018615777682582,12119.16222,11848,34 Immune,0.0285999
ENSMUSG00000020121,informative,-2.3940041484945049,40262.92519,8041,16 HY MM Glut,0
ENSMUSG00000020122,informative,-0.76587970034094666,10278.70105,6349,06 CTX-CGE GABA,0.0131281
ENSMUSG00000020128,informative,-1.7068126486041657,20042.10657,6448,33 Vascular,0.11687
ENSMUSG00000020131,weak,0.18085870920817229,649.8445754,788,13 CNU-HYa Glut,0.0147909
ENSMUSG00000020132,informative,-0.13021874729818039,31361.04491,30038,31 OPC-Oligo,0.1627
ENSMUSG00000020135,informative,1.6233120601965003,11718.51999,37844,15 HY Gnrh1 Glut,1.58361e-05
ENSMUSG00000020140,informative,-1.4511386253160306,1966.655497,769,05 OB-IMN GABA,0.00300885
ENSMUSG00000020143,informative,-0.66897992523516647,2807.900933,1866,34 Immune,0.0285999
ENSMUSG00000020149,informative,-0.27892739084571178,43034.50056,37178,34 Immune,0.0285999
ENSMUSG00000020152,informative,0.55966581533015713,62303.83663,96239,10 LSX GABA,0.000190033
ENSMUSG00000020159,uninformative,-3,19.72072915,16,31 OPC-Oligo,0.1627
ENSMUSG00000020160,informative,-1.2802059064433855,10161.48913,4399,15 HY Gnrh1 Glut,1.58361e-05
ENSMUSG00000020166,informative,-1.7343710468857514,28021.90689,8839,29 CB Glut,0
ENSMUSG00000020167,informative,0.5469608133793149,5561.666045,8530,33 Vascular,0.11687
ENSMUSG00000020170,informative,-0.2200394645335754,17449.40301,15712,25 Pineal Glut,4.75082e-05
ENSMUSG00000020171,informative,0.46592274304617037,11841.09217,17152,15 HY Gnrh1 Glut,1.58361e-05
ENSMUSG00000020176,informative,-0.23484375019936771,20460.90654,18233,22 MB-HB Sero,1.58361e-05
ENSMUSG00000020178,informative,1.4219495307338454,5101.646127,14340,09 CNU-LGE GABA,0.0528766
ENSMUSG00000020182,informative,-1.4568389429799311,3190.130156,1233,25 Pineal Glut,4.75082e-05
ENSMUSG00000020184,informative,-0.34826031928501022,14522.25309,11968,31 OPC-Oligo,0.1627
ENSMUSG00000020190,informative,1.5229740613057521,4071.069821,12276,34 Immune,0.0285999
ENSMUSG00000020218,weak,-0.63236340630652554,392.5196079,281,17 MH-LH Glut,0.00120354
ENSMUSG00000020227,weak,-0.57721881572977651,789.2987345,570,33 Vascular,0.11687
ENSMUSG00000020231,informative,0.34173370409255932,26832.04273,35643,31 OPC-Oligo,0.1627
ENSMUSG00000020241,weak,3,780.1545764,8493,03 OB-CR Glut,0.000807639
ENSMUSG00000020256,informative,-0.60154812464254148,1312.512922,922,28 CB GABA,0
ENSMUSG00000020257,informative,0.063417448255255707,18670.67406,20457,18 TH Glut,0.0535259
ENSMUSG00000020262,informative,0.047506031572256198,39387.45096,42665,18 TH Glut,0.0535259
ENSMUSG00000020263,informative,0.50048467284333165,17567.33412,26055,30 Astro-Epen,0.160404
ENSMUSG00000020265,informative,-0.31636076662625529,23604.18864,19877,25 Pineal Glut,4.75082e-05
ENSMUSG00000020271,informative,-0.68198905738819926,29382.39079,19204,29 CB Glut,0
ENSMUSG00000020275,informative,-0.73210783187766537,3769.041124,2393,34 Immune,0.0285999
ENSMUSG00000020277,informative,2.2563614126825242,8548.317924,42812,04 DG-IMN Glut,0.0288375
ENSMUSG00000020290,informative,0.059206513993377799,16747.46113,18298,25 Pineal Glut,4.75082e-05
ENSMUSG00000020300,informative,0.28269893068773438,50144.522,63935,30 Astro-Epen,0.160404
ENSMUSG00000020310,uninformative,-0.42610316541644988,5.391234288,20,32 OEC,0
ENSMUSG00000020327,informative,0.94490727524064122,1581.085474,3206,18 TH Glut,0.0535259
ENSMUSG00000020331,informative,-0.88114419739147654,32406.41318,18450,31 OPC-Oligo,0.1627
ENSMUSG00000020333,informative,1.552852815854187,28271.55928,86933,30 Astro-Epen,0.160404
ENSMUSG00000020340,informative,1.4272223195556375,104010.7537,293083,01 IT-ET Glut,0.234215
ENSMUSG00000020349,informative,0.72849930772126714,56211.58874,97608,18 TH Glut,0.0535259
ENSMUSG00000020354,informative,-3,97727.11878,3009,32 OEC,0
ENSMUSG00000020357,informative,0.70562168070302023,1304.086194,2245,33 Vascular,0.11687
ENSMUSG00000020359,informative,-1.4696116230697081,2703.062497,1038,29 CB Glut,0
ENSMUSG00000020363,informative,0.45643190793570237,1322.689659,1918,06 CTX-CGE GABA,0.0131281
ENSMUSG00000020366,informative,0.38826595613661491,31677.21682,43455,28 CB GABA,0
ENSMUSG00000020368,informative,0.2854849775785539,67437.0623,86133,15 HY Gnrh1 Glut,1.58361e-05
ENSMUSG00000020372,informative,-3,45728.07992,2490,34 Immune,0.0285999
ENSMUSG00000020376,informative,-1.8566962591678839,56911.40901,16479,31 OPC-Oligo,0.1627
ENSMUSG00000020380,informative,-2.0987326348032909,6867.111725,1695,25 Pineal Glut,4.75082e-05
ENSMUSG00000020381,informative,0.31369493193157089,3076.065763,4022,15 HY Gnrh1 Glut,1.58361e-05
ENSMUSG00000020383,uninformative,2.7567612507112251,1.539600391,33,16 HY MM Glut,0
ENSMUSG00000020387,informative,0.65529252253479031,10296.50834,17007,34 Immune,0.0285999
ENSMUSG00000020388,informative,0.99092849572289698,1708.620028,3575,30 Astro-Epen,0.160404
ENSMUSG00000020390,informative,-1.4706143593346488,76597.14421,28965,10 LSX GABA,0.000190033
ENSMUSG00000020393,informative,-2.1203787249350481,4393.785697,1074,32 OEC,0
ENSMUSG00000020395,uninformative,-0.46656604682814801,64.92205965,65,34 Immune,0.0285999
ENSMUSG00000020396,informative,2.6608406121255563,5751.008097,38127,18 TH Glut,0.0535259
ENSMUSG00000020399,weak,0.96619730509467638,690.7588079,1431,34 Immune,0.0285999
ENSMUSG00000020402,informative,0.96889023873038838,70612.91233,144819,25 Pineal Glut,4.75082e-05
ENSMUSG00000020412,informative,0.033101919932510097,7139.528854,7670,25 Pineal Glut,4.75082e-05
ENSMUSG00000020415,informative,0.93266453474782285,6260.291297,12537,25 Pineal Glut,4.75082e-05
ENSMUSG00000020427,informative,1.1080232199401698,2633.62211,5965,33 Vascular,0.11687
ENSMUSG00000020428,uninformative,-0.54048866324364386,15.63604515,27,29 CB Glut,0
ENSMUSG00000020429,uninformative,3,7.402436812,95,29 CB Glut,0
ENSMUSG00000020431,informative,0.88036492416412693,55895.60275,107831,29 CB Glut,0
ENSMUSG00000020436,informative,-0.036317778324165099,43413.59243,44371,28 CB GABA,0
ENSMUSG00000020439,informative,1.7271886210907836,2332.913846,8111,33 Vascular,0.11687
ENSMUSG00000020447,uninformative,0.51279990311865664,199.6690891,315,01 IT-ET Glut,0.234215
ENSMUSG00000020451,informative,0.4911481328233101,16835.98327,24810,30 Astro-Epen,0.160404
ENSMUSG00000020453,informative,0.012121171378355999,8893.80904,9413,32 OEC,0
ENSMUSG00000020454,informative,0.56875018548020428,11651.25562,18123,29 CB Glut,0
ENSMUSG00000020456,informative,0.4747011959081292,39109.34912,56958,27 MY GABA,9.50164e-05
ENSMUSG00000020458,informative,-0.64542047757542409,144890.0758,97066,31 OPC-Oligo,0.1627
ENSMUSG00000020459,informative,-0.60092154936345721,18994.27918,13137,25 Pineal Glut,4.75082e-05
ENSMUSG00000020462,informative,0.19456114329569471,28574.54597,34277,15 HY Gnrh1 Glut,1.58361e-05
ENSMUSG00000020467,informative,1.5697096689727157,2031.383948,6336,31 OPC-Oligo,0.1627
ENSMUSG00000020476,informative,1.4339706201515587,9713.732181,27516,34 Immune,0.0285999
ENSMUSG00000020486,informative,1.7344499100869408,35354.90828,123278,31 OPC-Oligo,0.1627
ENSMUSG00000020492,informative,1.0220684868325876,4675.273183,9965,06 CTX-CGE GABA,0.0131281
ENSMUSG00000020515,informative,-0.37898322925071998,11813.80833,9534,34 Immune,0.0285999
ENSMUSG00000020524,informative,-1.1904541057812881,218149.0621,100171,04 DG-IMN Glut,0.0288375
ENSMUSG00000020525,informative,-1.8529513081051101,5529.248974,1619,29 CB Glut,0
ENSMUSG00000020528,informative,1.237913114062984,6859.376328,16968,34 Immune,0.0285999
ENSMUSG00000020530,informative,0.3633921412339674,32571.63361,43918,25 Pineal Glut,4.75082e-05
ENSMUSG00000020532,informative,-1.0234328679708615,34665.52532,17883,31 OPC-Oligo,0.1627
ENSMUSG00000020534,weak,1.4545416433471761,426.9926186,1244,25 Pineal Glut,4.75082e-05
ENSMUSG00000020538,informative,1.7103910772082245,5392.600093,18508,32 OEC,0
ENSMUSG00000020542,informative,-2.3310396927315851,1069.870687,238,33 Vascular,0.11687
ENSMUSG00000020546,informative,-0.51235595585296201,12687.21244,9335,25 Pineal Glut,4.75082e-05
ENSMUSG00000020549,informative,1.245245342766216,3101.175068,7720,29 CB Glut,0
ENSMUSG00000020572,informative,-0.50638982952269229,12859.90943,9501,33 Vascular,0.11687
ENSMUSG00000020573,weak,1.3585840818796378,634.7113541,1723,34 Immune,0.0285999
ENSMUSG00000020580,informative,-0.88450346924793199,108968.0794,61858,02 NP-CT-L6b Glut,0.046653
ENSMUSG00000020591,informative,2.5928513072283894,20869.30192,131941,30 Astro-Epen,0.160404
ENSMUSG00000020592,uninformative,2.2718523090157534,165.402113,857,03 OB-CR Glut,0.000807639
ENSMUSG00000020593,informative,-0.21697595133678499,10219.38722,9228,30 Astro-Epen,0.160404
ENSMUSG00000020598,informative,-1.3793615620261075,117992.0046,47535,30 Astro-Epen,0.160404
ENSMUSG00000020599,informative,0.0224042993965669,17940.44685,19107,09 CNU-LGE GABA,0.0528766
ENSMUSG00000020601,informative,-1.0634791823583454,12877.1162,6471,32 OEC,0
ENSMUSG00000020609,uninformative,1.1737257778722103,17.17883383,74,25 Pineal Glut,4.75082e-05
ENSMUSG00000020611,informative,-1.0515879066550222,14373.89568,7281,30 Astro-Epen,0.160404
ENSMUSG00000020612,informative,1.1579020545843908,89035.49903,208167,22 MB-HB Sero,1.58361e-05
ENSMUSG00000020614,informative,-1.3079354556153835,13459.07017,5711,30 Astro-Epen,0.160404
ENSMUSG00000020620,informative,-0.74794596793628298,11082.98966,6930,31 OPC-Oligo,0.1627
ENSMUSG00000020622,uninformative,2.1930890524500097,4.005920059,39,07 CTX-MGE GABA,0.0224397
ENSMUSG00000020639,informative,0.94836536062030841,1179.630041,2402,30 Astro-Epen,0.160404
ENSMUSG00000020640,informative,-1.0415626083495739,42214.09935,21502,32 OEC,0
ENSMUSG00000020642,informative,-0.55759127923792484,13191.08876,9406,31 OPC-Oligo,0.1627
ENSMUSG00000020644,informative,0.22753797148630839,34387.46735,42208,30 Astro-Epen,0.160404
ENSMUSG00000020647,informative,-1.7066563697455264,90938.85619,29206,30 Astro-Epen,0.160404
ENSMUSG00000020651,informative,-1.065390767031358,2573.618122,1304,04 DG-IMN Glut,0.0288375
ENSMUSG00000020653,informative,1.8311965771689216,1334.239452,4993,33 Vascular,0.11687
ENSMUSG00000020654,informative,0.49866278235525008,10520.21561,15590,21 MB Dopa,0
ENSMUSG00000020660,informative,-0.084960286933951398,1345.395744,1345,15 HY Gnrh1 Glut,1.58361e-05
ENSMUSG00000020661,informative,-1.7862943156449682,52992.60315,16112,34 Immune,0.0285999
ENSMUSG00000020671,informative,-0.72306877612226161,60858.63657,38652,31 OPC-Oligo,0.1627
ENSMUSG00000020676,uninformative,0.051436804192761101,30.29963021,49,33 Vascular,0.11687
ENSMUSG00000020679,uninformative,-2.0254120222569449,111.6202466,44,14 HY Glut,0.00593852
ENSMUSG00000020680,informative,-0.45879118614752318,20116.42181,15351,28 CB GABA,0
ENSMUSG00000020681,weak,1.7881552017738276,923.6689141,3361,33 Vascular,0.11687
ENSMUSG00000020682,informative,0.38040286741594043,1572.49202,2161,33 Vascular,0.11687
ENSMUSG00000020687,informative,-0.40161720251877792,16911.48306,13429,02 NP-CT-L6b Glut,0.046653
ENSMUSG00000020689,weak,0.5984174009535661,612.9894868,989,34 Immune,0.0285999
ENSMUSG00000020690,uninformative,3,13.21452235,185,01 IT-ET Glut,0.234215
ENSMUSG00000020702,uninformative,1.0670985853871184,7.6478105,34,23 P Glut,6.33443e-05
ENSMUSG00000020705,informative,0.077990650050227303,23079.15504,25540,03 OB-CR Glut,0.000807639
ENSMUSG00000020712,uninformative,-0.5359762890864076,90.31314486,81,25 Pineal Glut,4.75082e-05
ENSMUSG00000020713,uninformative,2.7054275476500118,0.02195139049,22,34 Immune,0.0285999
ENSMUSG00000020715,informative,-0.3623143466867596,4753.317191,3890,25 Pineal Glut,4.75082e-05
ENSMUSG00000020716,informative,-0.56806599229535781,50978.50726,36043,34 Immune,0.0285999
ENSMUSG00000020717,informative,-0.14283358074598701,9808.576076,9324,33 Vascular,0.11687
ENSMUSG00000020720,informative,0.026013117251939399,15795.87117,16867,22 MB-HB Sero,1.58361e-05
ENSMUSG00000020722,uninformative,-0.59642844637305359,193.7939229,150,09 CNU-LGE GABA,0.0528766
ENSMUSG00000020733,informative,0.97417532787026362,6018.570653,12405,32 OEC,0
ENSMUSG00000020734,informative,-0.019625710695164299,9014.309722,9333,30 Astro-Epen,0.160404
ENSMUSG00000020737,informative,0.60725151619663376,16570.38629,26464,15 HY Gnrh1 Glut,1.58361e-05
ENSMUSG00000020745,informative,-1.9397746617454168,188678.3098,51543,18 TH Glut,0.0535259
ENSMUSG00000020747,informative,0.68686940150008957,5693.215494,9619,16 HY MM Glut,0
ENSMUSG00000020758,informative,1.8961433498442963,2043.189515,7987,32 OEC,0
ENSMUSG00000020774,informative,-0.37766904499341708,20378.02197,16449,31 OPC-Oligo,0.1627
ENSMUSG00000020777,informative,1.4351200800593169,22539.94268,63892,25 Pineal Glut,4.75082e-05
ENSMUSG00000020782,weak,-0.33188968581423861,596.0377466,512,25 Pineal Glut,4.75082e-05
ENSMUSG00000020788,informative,1.2940720230664178,1681.206917,4337,33 Vascular,0.11687
ENSMUSG00000020793,uninformative,3,6.208691873,200,14 HY Glut,0.00593852
ENSMUSG00000020794,informative,-0.66465138095947629,28660.70937,18959,31 OPC-Oligo,0.1627
ENSMUSG00000020806,weak,-0.4777438133893771,981.2022638,754,33 Vascular,0.11687
ENSMUSG00000020810,informative,-1.4418286138472007,11705.8656,4530,17 MH-LH Glut,0.00120354
ENSMUSG00000020817,informative,-0.5049847412518047,59593.87213,44022,30 Astro-Epen,0.160404
ENSMUSG00000020821,informative,1.9901440239674129,6348.478497,26452,33 Vascular,0.11687
ENSMUSG00000020826,weak,-0.54981492605094695,212.750488,168,33 Vascular,0.11687
ENSMUSG00000020828,informative,0.1683355556604581,3307.977898,3911,32 OEC,0
ENSMUSG00000020836,informative,2.3602097119138561,3152.812722,16981,28 CB GABA,0
ENSMUSG00000020838,uninformative,-1.2689811841009178,58.76618196,41,22 MB-HB Sero,1.58361e-05
ENSMUSG00000020839,uninformative,1.1792857352954524,14.58699508,52,33 Vascular,0.11687
ENSMUSG00000020840,informative,0.50927905286284236,12201.9765,18213,03 OB-CR Glut,0.000807639
ENSMUSG00000020844,informative,-1.8943662163178547,12435.49057,3520,25 Pineal Glut,4.75082e-05
ENSMUSG00000020847,informative,-1.1462065027659629,1845.276375,889,33 Vascular,0.11687
ENSMUSG00000020849,informative,-0.96034948513193685,137622.3853,74112,15 HY Gnrh1 Glut,1.58361e-05
ENSMUSG00000020850,informative,2.2276755014943808,11158.80125,54796,25 Pineal Glut,4.75082e-05
ENSMUSG00000020859,informative,-1.1676244501246895,86701.22616,40453,30 Astro-Epen,0.160404
ENSMUSG00000020863,informative,-0.0149935471850388,51788.1083,53715,25 Pineal Glut,4.75082e-05
ENSMUSG00000020866,informative,0.082068934214695202,10902.82902,12108,18 TH Glut,0.0535259
ENSMUSG00000020871,uninformative,-0.5935300309679159,43.62275311,46,25 Pineal Glut,4.75082e-05
ENSMUSG00000020875,uninformative,2.6884794568847257,0.03402758001,22,27 MY GABA,9.50164e-05
ENSMUSG00000020882,informative,2.1543173608675774,11019.8859,51417,01 IT-ET Glut,0.234215
ENSMUSG00000020883,informative,-0.83473004647700588,27065.13454,15915,25 Pineal Glut,4.75082e-05
ENSMUSG00000020886,informative,0.90457077558645638,49881.28958,97867,28 CB GABA,0
ENSMUSG00000020888,informative,1.4223162967600294,2179.48958,6138,05 OB-IMN GABA,0.00300885
ENSMUSG00000020889,informative,1.987846230684861,9572.932432,39810,30 Astro-Epen,0.160404
ENSMUSG00000020890,weak,-0.52039238448273695,386.4058054,298,25 Pineal Glut,4.75082e-05
ENSMUSG00000020893,informative,1.2103641098825606,10669.6537,25885,34 Immune,0.0285999
ENSMUSG00000020894,informative,0.14395677807331189,131597.0104,152362,07 CTX-MGE GABA,0.0224397
ENSMUSG00000020897,uninformative,2.1363831230885388,21.57362063,119,05 OB-IMN GABA,0.00300885
ENSMUSG00000020899,informative,0.29301966187969919,4701.092105,6051,30 Astro-Epen,0.160404
ENSMUSG00000020900,informative,0.55159215037628961,35629.92837,54732,16 HY MM Glut,0
ENSMUSG00000020902,informative,-1.0238091783982883,5248.436886,2720,28 CB GABA,0
ENSMUSG00000020903,informative,-1.448650642365803,17219.21087,6625,34 Immune,0.0285999
ENSMUSG00000020904,weak,0.0330117996610714,424.3659098,471,33 Vascular,0.11687
ENSMUSG00000020908,weak,-0.67153854236918564,286.2954089,204,02 NP-CT-L6b Glut,0.046653
ENSMUSG00000020914,uninformative,1.570011299255659,131.1158802,426,05 OB-IMN GABA,0.00300885
ENSMUSG00000020917,informative,2.160278749523608,13918.049,65211,25 Pineal Glut,4.75082e-05
ENSMUSG00000020918,informative,2.5734187364027528,5501.799006,34332,03 OB-CR Glut,0.000807639
ENSMUSG00000020919,informative,-0.59158940890907519,12290.3333,8561,34 Immune,0.0285999
ENSMUSG00000020923,informative,0.26510787432847882,19660.90255,24771,33 Vascular,0.11687
ENSMUSG00000020932,informative,2.8624308585106681,6204.517765,47306,30 Astro-Epen,0.160404
ENSMUSG00000020936,informative,-0.33264230423219948,26822.879,22332,34 Immune,0.0285999
ENSMUSG00000020941,informative,-0.062775420548141198,2821.184784,2846,34 Immune,0.0285999
ENSMUSG00000020945,uninformative,0.7380701075794821,9.863095701,34,10 LSX GABA,0.000190033
ENSMUSG00000020950,informative,1.4874879709318316,16306.22892,47923,09 CNU-LGE GABA,0.0528766
ENSMUSG00000020954,informative,-0.71385876612057408,58293.80198,37253,25 Pineal Glut,4.75082e-05
ENSMUSG00000020955,informative,-0.50465272929129601,21120.99065,15613,28 CB GABA,0
ENSMUSG00000020962,informative,0.61146294997922812,17491.01586,28015,25 Pineal Glut,4.75082e-05
ENSMUSG00000020963,weak,-2.6674808822597762,550.7048402,106,08 CNU-MGE GABA,0.00696787
ENSMUSG00000020964,informative,0.48238703535606148,43309.45032,63410,31 OPC-Oligo,0.1627
ENSMUSG00000020986,informative,0.0817771427004821,18089.15661,20074,22 MB-HB Sero,1.58361e-05
ENSMUSG00000021000,informative,-0.31336353468895639,20737.27682,17501,34 Immune,0.0285999
ENSMUSG00000021003,informative,-0.98771478816153135,8506.670946,4510,31 OPC-Oligo,0.1627
ENSMUSG00000021012,informative,-1.0167715517284537,18737.49965,9718,25 Pineal Glut,4.75082e-05
ENSMUSG00000021013,informative,-0.8166936699781886,18091.24243,10777,25 Pineal Glut,4.75082e-05
ENSMUSG00000021018,informative,0.35148522712171482,5448.689608,7300,15 HY Gnrh1 Glut,1.58361e-05
ENSMUSG00000021023,informative,-1.0440969215162983,3419.589804,1753,16 HY MM Glut,0
ENSMUSG00000021032,informative,-0.66689104811158129,2202.253964,1469,13 CNU-HYa Glut,0.0147909
ENSMUSG00000021036,informative,-0.074249974927602297,12386.80319,12343,25 Pineal Glut,4.75082e-05
ENSMUSG00000021038,informative,-0.80050981428036416,8267.611877,4989,25 Pineal Glut,4.75082e-05
ENSMUSG00000021055,weak,-1.4390845016129008,387.1529062,165,11 CNU-HYa GABA,0.0132548
ENSMUSG00000021057,informative,0.092389018394560707,19219.76296,21485,09 CNU-LGE GABA,0.0528766
ENSMUSG00000021061,informative,0.92948904202140681,13876.66632,27708,29 CB Glut,0
ENSMUSG00000021066,informative,0.84329170886232097,25963.83336,48823,13 CNU-HYa Glut,0.0147909
ENSMUSG00000021069,weak,1.0223227753190132,800.1636151,1720,32 OEC,0
ENSMUSG00000021070,weak,0.22537111489399089,307.5890693,393,25 Pineal Glut,4.75082e-05
ENSMUSG00000021091,informative,1.7966840854211648,1927.548571,7043,32 OEC,0
ENSMUSG00000021095,uninformative,0.85544044795691709,4.794176942,26,14 HY Glut,0.00593852
ENSMUSG00000021099,uninformative,-3,108.0514992,25,15 HY Gnrh1 Glut,1.58361e-05
ENSMUSG00000021109,informative,0.32747558270561589,19542.49556,25709,25 Pineal Glut,4.75082e-05
ENSMUSG00000021116,informative,-1.8839852372759529,7653.967223,2188,33 Vascular,0.11687
ENSMUSG00000021125,informative,-0.55317604988747837,1046.527831,763,09 CNU-LGE GABA,0.0528766
ENSMUSG00000021136,informative,0.90228903021296536,3889.225312,7633,32 OEC,0
ENSMUSG00000021144,informative,0.18079389469195159,12393.63434,14735,33 Vascular,0.11687
ENSMUSG00000021147,informative,-0.63230192216543279,22119.32151,14967,28 CB GABA,0
ENSMUSG00000021171,informative,-1.592735883738406,52309.69491,18186,33 Vascular,0.11687
ENSMUSG00000021185,informative,0.164631852105252,2192.485559,2591,34 Immune,0.0285999
ENSMUSG00000021189,informative,-0.4870364591160033,9484.710147,7106,05 OB-IMN GABA,0.00300885
ENSMUSG00000021192,informative,-0.6710504023048921,9173.387596,6052,34 Immune,0.0285999
ENSMUSG00000021193,informative,0.79517903132046386,5668.041364,10322,32 OEC,0
ENSMUSG00000021196,informative,1.5232340258499384,30434.60498,91673,05 OB-IMN GABA,0.00300885
ENSMUSG00000021219,informative,-1.9400394735676036,94593.967,25852,17 MH-LH Glut,0.00120354
ENSMUSG00000021221,informative,-1.1275782625904958,9001.561015,4332,29 CB Glut,0
ENSMUSG00000021224,informative,-2.2749940338356303,38899.48796,8436,34 Immune,0.0285999
ENSMUSG00000021239,uninformative,0.0192508481585109,46.07445602,65,23 P Glut,6.33443e-05
ENSMUSG00000021252,informative,-0.69723983633041198,12249.27322,7931,31 OPC-Oligo,0.1627
ENSMUSG00000021253,informative,0.4444479013647597,2666.36901,3818,31 OPC-Oligo,0.1627
ENSMUSG00000021255,weak,1.0693368974192998,322.8310039,727,26 P GABA,0.00280298
ENSMUSG00000021262,informative,0.38570336616792311,32477.94708,44482,34 Immune,0.0285999
ENSMUSG00000021264,informative,0.29983634931555359,18543.52032,23933,33 Vascular,0.11687
ENSMUSG00000021275,informative,0.21585616172598751,17363.83882,21145,32 OEC,0
ENSMUSG00000021277,informative,-0.94341035836983478,15554.51758,8490,34 Immune,0.0285999
ENSMUSG00000021279,informative,0.50324070087497896,22068.34583,32789,33 Vascular,0.11687
ENSMUSG00000021288,informative,0.29398520680313789,68749.66833,88336,22 MB-HB Sero,1.58361e-05
ENSMUSG00000021302,informative,-0.77597675726307069,27315.37266,16729,25 Pineal Glut,4.75082e-05
ENSMUSG00000021313,informative,-1.6091536160586812,118073.3561,40574,04 DG-IMN Glut,0.0288375
ENSMUSG00000021318,informative,-1.735101867505398,11176.95402,3533,30 Astro-Epen,0.160404
ENSMUSG00000021319,weak,2.9485426194120059,212.0248003,1746,16 HY MM Glut,0
ENSMUSG00000021326,informative,1.2457625555271823,3314.984756,8254,34 Immune,0.0285999
ENSMUSG00000021338,informative,-1.6220414810876496,28046.88373,9562,30 Astro-Epen,0.160404
ENSMUSG00000021342,uninformative,3,0.03345121289,45,12 HY GABA,0.0167704
ENSMUSG00000021345,uninformative,3,0.01139949526,190,27 MY GABA,9.50164e-05
ENSMUSG00000021356,uninformative,1.8930105544485989,53.47541757,227,34 Immune,0.0285999
ENSMUSG00000021359,uninformative,1.5281188475813241,159.1666243,499,28 CB GABA,0
ENSMUSG00000021362,uninformative,0.72294072788769903,8.242832088,31,18 TH Glut,0.0535259
ENSMUSG00000021367,informative,-0.24722678955301489,2814.120694,2500,33 Vascular,0.11687
ENSMUSG00000021371,informative,-0.51124975094605873,6384.484742,4709,30 Astro-Epen,0.160404
ENSMUSG00000021373,informative,0.63830625102979166,76089.61859,124119,04 DG-IMN Glut,0.0288375
ENSMUSG00000021377,informative,0.0259653013944291,22760.49148,24296,33 Vascular,0.11687
ENSMUSG00000021379,informative,0.89720122473576813,23689.8497,46244,30 Astro-Epen,0.160404
ENSMUSG00000021381,uninformative,1.1445182093742066,2.015162827,22,32 OEC,0
ENSMUSG00000021390,informative,1.2044318519946871,1656.509348,4017,33 Vascular,0.11687
ENSMUSG00000021400,informative,2.0661922784565649,8447.422012,37084,17 MH-LH Glut,0.00120354
ENSMUSG00000021408,informative,-1.3638751326006064,3801.63393,1563,33 Vascular,0.11687
ENSMUSG00000021413,informative,-0.95311009765991495,47370.32024,25651,32 OEC,0
ENSMUSG00000021416,uninformative,0.34651134600219469,32.01669588,59,32 OEC,0
ENSMUSG00000021423,informative,-1.1537520501213869,4375.624955,2076,34 Immune,0.0285999
ENSMUSG00000021439,uninformative,0.77387027729438185,0.1073868246,17,23 P Glut,6.33443e-05
ENSMUSG00000021451,informative,-0.027659016685346701,21364.29929,21975,34 Immune,0.0285999
ENSMUSG00000021457,weak,1.4693845018105998,927.2302301,2708,34 Immune,0.0285999
ENSMUSG00000021461,informative,-0.47669102522880358,5748.565593,4344,27 MY GABA,9.50164e-05
ENSMUSG00000021464,informative,-2.3257854653426424,2310.07777,498,17 MH-LH Glut,0.00120354
ENSMUSG00000021466,informative,-1.4826336380900149,27029.13259,10149,30 Astro-Epen,0.160404
ENSMUSG00000021469,uninformative,2.118191249305017,35.71014616,182,32 OEC,0
ENSMUSG00000021474,informative,-0.6171270475905587,19664.13879,13448,22 MB-HB Sero,1.58361e-05
ENSMUSG00000021477,informative,0.66797712134819265,12037.95619,20048,34 Immune,0.0285999
ENSMUSG00000021478,informative,0.80170188044298185,5782.090067,10577,09 CNU-LGE GABA,0.0528766
ENSMUSG00000021494,informative,0.4125194886427499,5030.766826,7032,25 Pineal Glut,4.75082e-05
ENSMUSG00000021506,uninformative,0.53737192202925388,34.5017271,69,25 Pineal Glut,4.75082e-05
ENSMUSG00000021508,informative,0.331611704702795,17358.34119,22903,15 HY Gnrh1 Glut,1.58361e-05
ENSMUSG00000021536,informative,-1.0298618725528816,65171.16055,33457,25 Pineal Glut,4.75082e-05
ENSMUSG00000021537,informative,0.1672414848359414,17636.81405,20766,03 OB-CR Glut,0.000807639
ENSMUSG00000021538,uninformative,-0.67675432361132637,0.5257174807,10,24 MY Glut,0.00326223
ENSMUSG00000021539,uninformative,3,2.230191121,63,10 LSX GABA,0.000190033
ENSMUSG00000021540,informative,-0.72532069512873742,7235.466847,4601,33 Vascular,0.11687
ENSMUSG00000021541,informative,-2.5685526698164538,4420.852156,796,03 OB-CR Glut,0.000807639
ENSMUSG00000021546,informative,-0.69476660924318046,50558.45017,32742,03 OB-CR Glut,0.000807639
ENSMUSG00000021559,informative,-0.7960759594190242,47070.43956,28418,04 DG-IMN Glut,0.0288375
ENSMUSG00000021565,uninformative,1.8013237925837049,21.99820856,99,21 MB Dopa,0
ENSMUSG00000021567,weak,-0.57577720853643499,976.2901085,702,32 OEC,0
ENSMUSG00000021569,uninformative,0.80272858177143236,170.7958572,329,05 OB-IMN GABA,0.00300885
ENSMUSG00000021573,informative,0.20026425585727139,57952.25316,69776,31 OPC-Oligo,0.1627
ENSMUSG00000021577,informative,1.0731456944800737,39047.91303,86096,27 MY GABA,9.50164e-05
ENSMUSG00000021583,informative,-0.95667112527388598,2559.002801,1397,34 Immune,0.0285999
ENSMUSG00000021587,informative,-0.20617676267919099,9090.542969,8272,22 MB-HB Sero,1.58361e-05
ENSMUSG00000021595,informative,-0.80927085530484943,15364.2109,9202,01 IT-ET Glut,0.234215
ENSMUSG00000021604,uninformative,1.9700709671753456,1.188579606,24,23 P Glut,6.33443e-05
ENSMUSG00000021609,uninformative,-0.66606180407890403,127.7038997,100,21 MB Dopa,0
ENSMUSG00000021611,weak,0.18059275386149259,601.9622955,731,15 HY Gnrh1 Glut,1.58361e-05
ENSMUSG00000021613,informative,0.099601069093657194,4900.02787,5517,06 CTX-CGE GABA,0.0131281
ENSMUSG00000021614,informative,-0.60559242753903086,12019.55069,8292,31 OPC-Oligo,0.1627
ENSMUSG00000021615,informative,-1.6988264032157545,19661.89399,6361,25 Pineal Glut,4.75082e-05
ENSMUSG00000021624,weak,0.18045050862766979,774.6785203,936,34 Immune,0.0285999
ENSMUSG00000021636,weak,0.0096510485577437008,651.2645167,703,15 HY Gnrh1 Glut,1.58361e-05
ENSMUSG00000021638,informative,-0.52261680047110182,4651.173418,3408,33 Vascular,0.11687
ENSMUSG00000021640,uninformative,1.5682741686634314,34.72012367,126,25 Pineal Glut,4.75082e-05
ENSMUSG00000021645,informative,0.78905346018578859,5113.842205,9275,15 HY Gnrh1 Glut,1.58361e-05
ENSMUSG00000021647,informative,-0.19589367615624809,5680.608893,5220,16 HY MM Glut,0
ENSMUSG00000021662,informative,-0.1937805472579445,19172.77193,17579,31 OPC-Oligo,0.1627
ENSMUSG00000021668,informative,-1.3388509249130596,9697.066188,4032,33 Vascular,0.11687
ENSMUSG00000021669,informative,-1.3488908446140904,32284.30717,13295,33 Vascular,0.11687
ENSMUSG00000021670,informative,1.0930766077071079,20791.29397,46496,30 Astro-Epen,0.160404
ENSMUSG00000021675,uninformative,0.52331060788711348,197.5483568,314,24 MY Glut,0.00326223
ENSMUSG00000021676,informative,-1.7588020150762975,21639.96832,6715,04 DG-IMN Glut,0.0288375
ENSMUSG00000021678,uninformative,3,4.718313545,230,25 Pineal Glut,4.75082e-05
ENSMUSG00000021680,informative,0.68868845012690016,2335.631313,3961,07 CTX-MGE GABA,0.0224397
ENSMUSG00000021684,informative,-1.8237682147455865,60789.92632,18007,25 Pineal Glut,4.75082e-05
ENSMUSG00000021685,weak,-1.7933515688278678,677.1456989,220,26 P GABA,0.00280298
ENSMUSG00000021686,informative,-1.3199631686934661,23217.58948,9759,34 Immune,0.0285999
ENSMUSG00000021701,informative,2.2539188977241671,21480.2527,107366,09 CNU-LGE GABA,0.0528766
ENSMUSG00000021702,weak,3,630.7042251,5765,30 Astro-Epen,0.160404
ENSMUSG00000021707,informative,0.0237498770448509,1682.362782,1808,25 Pineal Glut,4.75082e-05
ENSMUSG00000021709,informative,-0.32577923876436848,32663.63384,27329,31 OPC-Oligo,0.1627
ENSMUSG00000021715,informative,-1.8121414067419961,20487.63089,6128,29 CB Glut,0
ENSMUSG00000021721,informative,1.5822432891830149,1748.605087,5504,22 MB-HB Sero,1.58361e-05
ENSMUSG00000021730,informative,-2.6131732482608658,78438.43617,13447,28 CB GABA,0
ENSMUSG00000021732,informative,-2.2716085128121031,3450.799167,764,17 MH-LH Glut,0.00120354
ENSMUSG00000021733,informative,-0.67193324255379094,11788.40021,7768,04 DG-IMN Glut,0.0288375
ENSMUSG00000021737,informative,1.4787960996210554,7932.722924,23183,15 HY Gnrh1 Glut,1.58361e-05
ENSMUSG00000021743,informative,0.99960606593952883,3994.911535,8386,02 NP-CT-L6b Glut,0.046653
ENSMUSG00000021754,informative,-1.4819899566594199,6842.800418,2582,05 OB-IMN GABA,0.00300885
ENSMUSG00000021756,informative,0.094330777455919806,13263.77124,14860,34 Immune,0.0285999
ENSMUSG00000021758,weak,-0.46465829957847998,656.2238849,514,10 LSX GABA,0.000190033
ENSMUSG00000021764,informative,-1.6220975556682662,36009.93558,12272,29 CB Glut,0
ENSMUSG00000021765,informative,0.57928566797307368,1231.244812,1944,03 OB-CR Glut,0.000807639
ENSMUSG00000021767,informative,-2.95141584947531,37170.79663,5050,05 OB-IMN GABA,0.00300885
ENSMUSG00000021770,informative,-0.14270584132789449,21918.72703,20818,31 OPC-Oligo,0.1627
ENSMUSG00000021771,informative,0.82604057794102181,25894.46302,48114,28 CB GABA,0
ENSMUSG00000021779,informative,-2.3159801013180918,86857.23824,18291,06 CTX-CGE GABA,0.0131281
ENSMUSG00000021782,informative,-0.18565361399400371,9153.17785,8448,30 Astro-Epen,0.160404
ENSMUSG00000021791,weak,1.2487590590235689,209.0511709,538,15 HY Gnrh1 Glut,1.58361e-05
ENSMUSG00000021794,informative,0.036541534927930101,38588.93672,41484,30 Astro-Epen,0.160404
ENSMUSG00000021796,informative,-2.4189764027474361,24239.18438,4764,25 Pineal Glut,4.75082e-05
ENSMUSG00000021799,uninformative,2.537635953984668,19.21595591,138,31 OPC-Oligo,0.1627
ENSMUSG00000021803,weak,1.3443141751024832,542.9206683,1462,25 Pineal Glut,4.75082e-05
ENSMUSG00000021804,uninformative,1.8121706923954279,2.800664168,29,32 OEC,0
ENSMUSG00000021806,weak,1.0152346800827483,888.1627752,1898,32 OEC,0
ENSMUSG00000021816,informative,0.74787913496793801,65375.28316,115043,02 NP-CT-L6b Glut,0.046653
ENSMUSG00000021820,informative,-0.38739345531289948,52589.53253,42140,30 Astro-Epen,0.160404
ENSMUSG00000021822,weak,3,220.2726754,2700,34 Immune,0.0285999
ENSMUSG00000021823,informative,0.19396502007280769,17804.55717,21355,30 Astro-Epen,0.160404
ENSMUSG00000021831,informative,0.81953362818852482,11955.26975,22123,15 HY Gnrh1 Glut,1.58361e-05
ENSMUSG00000021835,informative,0.48933768188364901,1382.586818,2050,33 Vascular,0.11687
ENSMUSG00000021848,weak,-0.41420411557253028,893.095638,718,25 Pineal Glut,4.75082e-05
ENSMUSG00000021868,informative,1.4422331003766775,4133.007057,11785,07 CTX-MGE GABA,0.0224397
ENSMUSG00000021879,weak,-1.4675333028814623,928.0627342,367,30 Astro-Epen,0.160404
ENSMUSG00000021884,informative,0.20951567493461951,1844.648223,2251,30 Astro-Epen,0.160404
ENSMUSG00000021886,uninformative,0.64439404341621487,37.45899874,78,34 Immune,0.0285999
ENSMUSG00000021892,informative,0.019413460348280301,18650.98615,19822,04 DG-IMN Glut,0.0288375
ENSMUSG00000021895,informative,-0.33823644893931931,19647.56105,16299,33 Vascular,0.11687
ENSMUSG00000021901,informative,1.083128751916701,8958.121954,19902,03 OB-CR Glut,0.000807639
ENSMUSG00000021903,informative,0.13119273434473139,1144.983168,1330,33 Vascular,0.11687
ENSMUSG00000021919,weak,2.0676827980518362,243.9751184,1091,17 MH-LH Glut,0.00120354
ENSMUSG00000021932,informative,0.37422712021117932,2915.75703,3976,31 OPC-Oligo,0.1627
ENSMUSG00000021936,informative,-0.41156145327524979,31821.02912,25081,02 NP-CT-L6b Glut,0.046653
ENSMUSG00000021943,informative,2.0057964704677214,1182.515096,4995,30 Astro-Epen,0.160404
ENSMUSG00000021944,uninformative,-2.615715532380928,45.70586904,23,29 CB Glut,0
ENSMUSG00000021948,informative,2.1800733637912786,17275.08333,82051,18 TH Glut,0.0535259
ENSMUSG00000021953,uninformative,0.4402111708097875,13.05765751,35,21 MB Dopa,0
ENSMUSG00000021959,informative,-0.16733320239682531,8554.274102,7997,33 Vascular,0.11687
ENSMUSG00000021963,informative,-0.87457659798993159,11156.62519,6391,15 HY Gnrh1 Glut,1.58361e-05
ENSMUSG00000021973,informative,-1.0405255815291643,16115.45734,8224,25 Pineal Glut,4.75082e-05
ENSMUSG00000021974,informative,-1.8369511148662792,8219.958516,2426,06 CTX-CGE GABA,0.0131281
ENSMUSG00000021981,informative,-1.2248889480072604,18959.33862,8514,25 Pineal Glut,4.75082e-05
ENSMUSG00000021994,informative,0.68904986539535973,2515.015845,4265,15 HY Gnrh1 Glut,1.58361e-05
ENSMUSG00000021996,informative,-0.3082233069737178,11309.75117,9594,15 HY Gnrh1 Glut,1.58361e-05
ENSMUSG00000022015,uninformative,-0.80061426282744896,52.172893,47,30 Astro-Epen,0.160404
ENSMUSG00000022018,informative,-1.1242100552220011,14094.48367,6790,32 OEC,0
ENSMUSG00000022021,informative,-2.9611898365602185,4191.030128,579,30 Astro-Epen,0.160404
ENSMUSG00000022025,weak,-1.5317913202134374,639.2117482,247,15 HY Gnrh1 Glut,1.58361e-05
ENSMUSG00000022040,informative,0.81826577292394487,1852.897553,3448,30 Astro-Epen,0.160404
ENSMUSG00000022041,uninformative,2.0660244675055761,78.77253638,373,26 P GABA,0.00280298
ENSMUSG00000022048,informative,0.0053814417071784996,132884.1104,139771,31 OPC-Oligo,0.1627
ENSMUSG00000022052,informative,-2.0350862160214414,34238.61656,8768,31 OPC-Oligo,0.1627
ENSMUSG00000022053,weak,-2.3144171487155982,929.4221034,211,24 MY Glut,0.00326223
ENSMUSG00000022054,informative,1.928411759938216,17304.00751,69028,24 MY Glut,0.00326223
ENSMUSG00000022055,informative,1.364617634971681,40552.16838,109435,16 HY MM Glut,0
ENSMUSG00000022057,uninformative,1.876157389132088,6.53575987,44,07 CTX-MGE GABA,0.0224397
ENSMUSG00000022061,weak,-0.1600952508707934,233.6037898,235,32 OEC,0
ENSMUSG00000022096,informative,1.2130097153826995,3452.472855,8403,30 Astro-Epen,0.160404
ENSMUSG00000022098,informative,2.8763002456495697,6193.242735,47668,29 CB Glut,0
ENSMUSG00000022101,uninformative,0.1701807505974427,96.53445699,130,10 LSX GABA,0.000190033
ENSMUSG00000022103,informative,-0.26496576135114808,18321.3437,15991,01 IT-ET Glut,0.234215
ENSMUSG00000022105,informative,-0.55533941120192487,22608.40814,16135,30 Astro-Epen,0.160404
ENSMUSG00000022114,informative,-0.23018501750675491,16466.43799,14724,30 Astro-Epen,0.160404
ENSMUSG00000022120,informative,-0.11440834859236899,4772.441145,4635,17 MH-LH Glut,0.00120354
ENSMUSG00000022122,informative,-0.1901757334519584,15160.13414,13938,30 Astro-Epen,0.160404
ENSMUSG00000022124,informative,0.23073967073427079,17966.45671,22105,31 OPC-Oligo,0.1627
ENSMUSG00000022126,uninformative,3,1.61321712,50,34 Immune,0.0285999
ENSMUSG00000022129,uninformative,-0.46766344780803137,179.8010027,152,25 Pineal Glut,4.75082e-05
ENSMUSG00000022132,informative,0.59004337790936334,8832.072682,13946,30 Astro-Epen,0.160404
ENSMUSG00000022141,informative,-2.5566132132313921,52748.43889,9409,34 Immune,0.0285999
ENSMUSG00000022142,informative,-1.1009985458407521,4738.49776,2330,28 CB GABA,0
ENSMUSG00000022144,uninformative,2.1634949212299608,150.2593983,725,15 HY Gnrh1 Glut,1.58361e-05
ENSMUSG00000022146,informative,0.37865186274675028,2339.346777,3211,33 Vascular,0.11687
ENSMUSG00000022150,informative,-0.66402681835772803,5937.843425,3942,34 Immune,0.0285999
ENSMUSG00000022160,informative,1.2391539111922949,3817.014039,9458,34 Immune,0.0285999
ENSMUSG00000022178,weak,1.2102190665292665,583.9379682,1433,33 Vascular,0.11687
ENSMUSG00000022181,uninformative,-2.1978068771380306,64.6114607,30,18 TH Glut,0.0535259
ENSMUSG00000022184,informative,-0.26712035739912843,3681.335375,3221,30 Astro-Epen,0.160404
ENSMUSG00000022191,informative,0.80904770344501586,13814.58381,25376,16 HY MM Glut,0
ENSMUSG00000022214,informative,-0.9453460940787628,9157.361465,4998,25 Pineal Glut,4.75082e-05
ENSMUSG00000022219,weak,1.4225693563043209,476.1053482,1355,30 Astro-Epen,0.160404
ENSMUSG00000022221,uninformative,3,4.771547673,105,34 Immune,0.0285999
ENSMUSG00000022231,informative,-0.96426207152748356,32289.23953,17355,04 DG-IMN Glut,0.0288375
ENSMUSG00000022234,informative,2.5222494509364961,13114.36918,78964,15 HY Gnrh1 Glut,1.58361e-05
ENSMUSG00000022243,uninformative,-0.19393909213014421,28.46022204,42,32 OEC,0
ENSMUSG00000022246,informative,-0.76426168861000054,6421.857372,3985,33 Vascular,0.11687
ENSMUSG00000022253,informative,0.1605033842816585,7429.239284,8716,30 Astro-Epen,0.160404
ENSMUSG00000022257,informative,0.98757835658351201,14523.69792,30190,25 Pineal Glut,4.75082e-05
ENSMUSG00000022261,informative,-1.0123281016303198,20372.18782,10597,21 MB Dopa,0
ENSMUSG00000022262,informative,-0.99322498671460357,2259.905177,1205,11 CNU-HYa GABA,0.0132548
ENSMUSG00000022265,informative,0.25063400202268621,56888.77984,70937,31 OPC-Oligo,0.1627
ENSMUSG00000022272,informative,-0.98333678433663763,17876.10861,9489,33 Vascular,0.11687
ENSMUSG00000022280,informative,-0.1345473157444039,13490.73181,12892,04 DG-IMN Glut,0.0288375
ENSMUSG00000022285,informative,0.35580503346023362,233901.8127,313619,18 TH Glut,0.0535259
ENSMUSG00000022286,weak,-2.9487105849997373,308.3736127,57,29 CB Glut,0
ENSMUSG00000022297,informative,-0.4149299044977518,5263.303784,4152,33 Vascular,0.11687
ENSMUSG00000022305,informative,0.31947702659948179,8751.213188,11458,05 OB-IMN GABA,0.00300885
ENSMUSG00000022306,informative,-3,52914.96914,4438,28 CB GABA,0
ENSMUSG00000022309,informative,-2.492753266268235,6472.296486,1220,15 HY Gnrh1 Glut,1.58361e-05
ENSMUSG00000022315,uninformative,0.091698376150648894,12.42053874,30,27 MY GABA,9.50164e-05
ENSMUSG00000022321,informative,-2.6579907882782634,97262.5776,16161,31 OPC-Oligo,0.1627
ENSMUSG00000022329,informative,-1.7112721736535912,18775.89518,6023,33 Vascular,0.11687
ENSMUSG00000022330,uninformative,2.8915974029343281,1.698846557,36,29 CB Glut,0
ENSMUSG00000022337,informative,0.53383181506135291,12208.99356,18536,29 CB Glut,0
ENSMUSG00000022346,weak,2.0724379701518858,477.5838399,2124,34 Immune,0.0285999
ENSMUSG00000022350,informative,0.3111585571644056,7227.11366,9411,03 OB-CR Glut,0.000807639
ENSMUSG00000022358,informative,-0.66161587557292101,7800.068627,5182,31 OPC-Oligo,0.1627
ENSMUSG00000022367,uninformative,-1.383803226245889,193.2323968,93,31 OPC-Oligo,0.1627
ENSMUSG00000022371,weak,0.068743502816036001,538.6345818,608,06 CTX-CGE GABA,0.0131281
ENSMUSG00000022375,informative,-0.86649569545523286,2170.705486,1263,15 HY Gnrh1 Glut,1.58361e-05
ENSMUSG00000022376,informative,-1.8990798597336245,34397.6997,9678,03 OB-CR Glut,0.000807639
ENSMUSG00000022377,informative,-0.73417812006130401,90334.2571,56913,01 IT-ET Glut,0.234215
ENSMUSG00000022378,informative,-0.1839147385386285,50062.51057,46198,34 Immune,0.0285999
ENSMUSG00000022382,informative,0.2364170140235419,5412.617649,6697,30 Astro-Epen,0.160404
ENSMUSG00000022383,informative,-1.6278365845116418,3700.830631,1270,32 OEC,0
ENSMUSG00000022385,uninformative,2.9966893877009682,51.61312573,455,03 OB-CR Glut,0.000807639
ENSMUSG00000022391,informative,0.58263159312096102,37659.81858,59107,21 MB Dopa,0
ENSMUSG00000022394,informative,1.1858487086043541,4934.477299,11779,03 OB-CR Glut,0.000807639
ENSMUSG00000022404,informative,0.13145596145477931,8423.796472,9684,15 HY Gnrh1 Glut,1.58361e-05
ENSMUSG00000022414,informative,0.41531177712992889,4958.056051,6944,30 Astro-Epen,0.160404
ENSMUSG00000022421,informative,0.34812038091673447,70952.05375,94642,01 IT-ET Glut,0.234215
ENSMUSG00000022429,informative,-1.6554282998770942,1466.201579,503,12 HY GABA,0.0167704
ENSMUSG00000022433,informative,-0.65917489774787297,31063.17605,20625,34 Immune,0.0285999
ENSMUSG00000022436,informative,2.5762805082386269,2222.033805,13906,34 Immune,0.0285999
ENSMUSG00000022438,informative,0.98244035885867798,7598.108388,15746,33 Vascular,0.11687
ENSMUSG00000022443,informative,-0.37044118281669702,18509.29636,15017,33 Vascular,0.11687
ENSMUSG00000022449,informative,0.27819922228052341,5849.945773,7449,30 Astro-Epen,0.160404
ENSMUSG00000022451,informative,-0.64911865391533907,13148.09683,8800,32 OEC,0
ENSMUSG00000022452,informative,-0.61543445858010115,62020.82601,42431,15 HY Gnrh1 Glut,1.58361e-05
ENSMUSG00000022456,informative,-1.7889956645677263,55915.28068,16968,02 NP-CT-L6b Glut,0.046653
ENSMUSG00000022463,informative,0.96397469146027925,32785.27104,67023,31 OPC-Oligo,0.1627
ENSMUSG00000022469,informative,0.30656011128579741,10656.61806,13825,30 Astro-Epen,0.160404
ENSMUSG00000022471,informative,1.034938957238003,5542.524442,11916,31 OPC-Oligo,0.1627
ENSMUSG00000022479,uninformative,-0.79916707442943868,138.4825127,99,11 CNU-HYa GABA,0.0132548
ENSMUSG00000022484,uninformative,3,0.0001038107294,28,26 P GABA,0.00280298
ENSMUSG00000022485,uninformative,1.4420520371259655,4.966034419,32,24 MY Glut,0.00326223
ENSMUSG00000022489,informative,1.103779432472286,18191.96327,40981,09 CNU-LGE GABA,0.0528766
ENSMUSG00000022500,informative,0.0271749914758827,12762.5071,13642,31 OPC-Oligo,0.1627
ENSMUSG00000022501,uninformative,-2.0556906361636651,42.5842454,26,25 Pineal Glut,4.75082e-05
ENSMUSG00000022504,weak,-1.6820276760149839,341.9627182,127,34 Immune,0.0285999
ENSMUSG00000022508,informative,1.6877434007753118,8612.783007,29089,32 OEC,0
ENSMUSG00000022510,weak,-1.0949521260423114,920.4825443,467,30 Astro-Epen,0.160404
ENSMUSG00000022512,weak,1.4394715168104859,335.0645394,970,21 MB Dopa,0
ENSMUSG00000022514,informative,-0.52975333915967893,43341.29291,31470,04 DG-IMN Glut,0.0288375
ENSMUSG00000022521,informative,-1.4901903506166057,61665.80017,23014,33 Vascular,0.11687
ENSMUSG00000022523,informative,-1.8856575851972792,223493.5868,63384,07 CTX-MGE GABA,0.0224397
ENSMUSG00000022525,informative,0.3312991831482166,3879.288756,5130,10 LSX GABA,0.000190033
ENSMUSG00000022528,informative,-0.83305714072495352,8304.945744,4900,33 Vascular,0.11687
ENSMUSG00000022552,informative,1.8031466192178185,4421.137875,16184,32 OEC,0
ENSMUSG00000022553,informative,1.3995043896065269,8597.32325,23781,33 Vascular,0.11687
ENSMUSG00000022555,informative,0.52344828647698693,5447.886893,8221,28 CB GABA,0
ENSMUSG00000022556,informative,1.6278555879177616,6954.431101,22537,16 HY MM Glut,0
ENSMUSG00000022565,informative,1.88608941271954,19313.21143,74814,33 Vascular,0.11687
ENSMUSG00000022568,informative,2.0978665232339297,4324.005,19413,31 OPC-Oligo,0.1627
ENSMUSG00000022571,informative,0.88728496060949602,2557.845569,4974,03 OB-CR Glut,0.000807639
ENSMUSG00000022575,weak,2.8064612430626847,271.7288232,2014,34 Immune,0.0285999
ENSMUSG00000022577,informative,-0.43333530294844519,50124.37233,38923,10 LSX GABA,0.000190033
ENSMUSG00000022580,weak,1.6791691933288402,739.9156654,2501,30 Astro-Epen,0.160404
ENSMUSG00000022582,uninformative,2.3244732572469813,0.1402356195,21,19 MB Glut,0.00308803
ENSMUSG00000022586,uninformative,1.2964796327895007,0.5480088981,19,05 OB-IMN GABA,0.00300885
ENSMUSG00000022589,uninformative,2.9196656946872048,0.007060751717,23,12 HY GABA,0.0167704
ENSMUSG00000022602,informative,1.1657515486865782,12846.87486,30215,02 NP-CT-L6b Glut,0.046653
ENSMUSG00000022607,informative,-0.36240532744558152,81991.00553,66838,02 NP-CT-L6b Glut,0.046653
ENSMUSG00000022619,informative,1.8510488179876552,30184.34012,114118,17 MH-LH Glut,0.00120354
ENSMUSG00000022622,weak,-0.0019697010418980999,446.2749411,483,15 HY Gnrh1 Glut,1.58361e-05
ENSMUSG00000022623,informative,0.35924679604804272,16169.59748,21748,28 CB GABA,0
ENSMUSG00000022637,informative,-3,17769.68769,2178,04 DG-IMN Glut,0.0288375
ENSMUSG00000022656,informative,-0.1676353247213265,12296.43965,11486,32 OEC,0
ENSMUSG00000022657,uninformative,-0.1631375167423538,29.97533327,44,25 Pineal Glut,4.75082e-05
ENSMUSG00000022661,informative,0.39348290119941109,23870.26506,32868,33 Vascular,0.11687
ENSMUSG00000022663,informative,-0.31984877361320269,13962.64867,11736,32 OEC,0
ENSMUSG00000022667,weak,-1.2317507324753407,433.8207311,209,34 Immune,0.0285999
ENSMUSG00000022672,informative,-1.4147493633606478,11422.0166,4504,30 Astro-Epen,0.160404
ENSMUSG00000022676,weak,-0.251373029904782,519.3214714,473,33 Vascular,0.11687
ENSMUSG00000022677,informative,-1.2311493410906249,14457.53296,6468,15 HY Gnrh1 Glut,1.58361e-05
ENSMUSG00000022678,informative,1.0518186193575991,4898.877464,10658,32 OEC,0
ENSMUSG00000022683,uninformative,-2.2406683887320562,197.4048635,59,03 OB-CR Glut,0.000807639
ENSMUSG00000022687,informative,-1.7298882529435398,6982.953692,2221,29 CB Glut,0
ENSMUSG00000022696,informative,-1.5243301529738482,27797.04215,10140,29 CB Glut,0
ENSMUSG00000022702,informative,-1.1466265253336529,19790.24673,9381,14 HY Glut,0.00593852
ENSMUSG00000022705,informative,-3,1966.530466,144,09 CNU-LGE GABA,0.0528766
ENSMUSG00000022710,informative,0.078760978555144301,21269.3047,23551,29 CB Glut,0
ENSMUSG00000022711,informative,-1.1460649402237519,6130.903525,2918,30 Astro-Epen,0.160404
ENSMUSG00000022718,informative,-0.65011212404362284,9039.700648,6051,29 CB Glut,0
ENSMUSG00000022721,informative,0.70808424095173739,3516.15494,6035,34 Immune,0.0285999
ENSMUSG00000022724,informative,0.027491440316774599,2346.613279,2522,25 Pineal Glut,4.75082e-05
ENSMUSG00000022738,uninformative,3,1.679839313,207,08 CNU-MGE GABA,0.00696787
ENSMUSG00000022742,informative,0.4383912750762271,16565.75047,23536,31 OPC-Oligo,0.1627
ENSMUSG00000022750,informative,-0.29601708054449077,12487.06351,10672,29 CB Glut,0
ENSMUSG00000022755,uninformative,-2.943941707503317,6.344555728,14,32 OEC,0
ENSMUSG00000022761,informative,1.7139784395946946,12399.98197,42640,15 HY Gnrh1 Glut,1.58361e-05
ENSMUSG00000022762,informative,-3,193322.2559,23476,32 OEC,0
ENSMUSG00000022765,informative,-0.1745475454541438,5743.669996,5348,31 OPC-Oligo,0.1627
ENSMUSG00000022770,informative,-0.17504784049134789,69351.37657,64375,31 OPC-Oligo,0.1627
ENSMUSG00000022774,informative,-0.26856355649316987,10677.68826,9303,25 Pineal Glut,4.75082e-05
ENSMUSG00000022781,informative,-0.43497752066585621,24294.11364,18844,33 Vascular,0.11687
ENSMUSG00000022789,informative,0.51944481865604897,41969.41617,63047,22 MB-HB Sero,1.58361e-05
ENSMUSG00000022790,informative,0.78419799972606763,19556.36752,35311,30 Astro-Epen,0.160404
ENSMUSG00000022797,informative,0.7191798879809006,15533.35922,26809,33 Vascular,0.11687
ENSMUSG00000022799,informative,-1.692999029735482,29189.31255,9474,33 Vascular,0.11687
ENSMUSG00000022808,informative,-1.1309147815004199,10234.72746,4912,32 OEC,0
ENSMUSG00000022809,uninformative,-1.7297603464262374,27.439539,24,22 MB-HB Sero,1.58361e-05
ENSMUSG00000022811,informative,-0.98554976009746198,53814.76879,28491,05 OB-IMN GABA,0.00300885
ENSMUSG00000022812,informative,-2.4289790413764747,122922.4024,23931,08 CNU-MGE GABA,0.00696787
ENSMUSG00000022816,informative,0.12887440030142949,13680.54381,15689,32 OEC,0
ENSMUSG00000022817,informative,0.045301666096915598,8956.097557,9707,34 Immune,0.0285999
ENSMUSG00000022828,informative,-0.60061613655229684,5791.013623,4017,17 MH-LH Glut,0.00120354
ENSMUSG00000022829,informative,-1.6527721423875339,78856.63498,26291,29 CB Glut,0
ENSMUSG00000022847,weak,-1.5154001575686888,975.7762622,373,04 DG-IMN Glut,0.0288375
ENSMUSG00000022853,informative,0.015665363232002402,1126.284345,1209,32 OEC,0
ENSMUSG00000022857,uninformative,-1.6600098283820877,41.17838858,29,24 MY Glut,0.00326223
ENSMUSG00000022861,informative,-0.99281498067851559,34982.23343,18433,10 LSX GABA,0.000190033
ENSMUSG00000022865,informative,1.4828750267107926,7541.187444,22102,15 HY Gnrh1 Glut,1.58361e-05
ENSMUSG00000022867,informative,-0.53646347733994071,18621.10222,13467,33 Vascular,0.11687
ENSMUSG00000022877,uninformative,1.188682114270708,16.16067837,56,33 Vascular,0.11687
ENSMUSG00000022878,uninformative,2.8565718974971639,3.082932434,46,22 MB-HB Sero,1.58361e-05
ENSMUSG00000022883,informative,-3,207705.3504,16074,17 MH-LH Glut,0.00120354
ENSMUSG00000022892,informative,0.1987903599350278,285506.889,343343,31 OPC-Oligo,0.1627
ENSMUSG00000022893,informative,-0.10525233404166009,5966.044529,5827,34 Immune,0.0285999
ENSMUSG00000022894,informative,-1.0652241234802615,1514.820282,774,26 P GABA,0.00280298
ENSMUSG00000022895,informative,1.1726481997802829,13186.13774,31161,13 CNU-HYa Glut,0.0147909
ENSMUSG00000022897,informative,-0.60106182279658804,29295.29721,20251,34 Immune,0.0285999
ENSMUSG00000022901,informative,-1.524541463663317,1926.571942,717,34 Immune,0.0285999
ENSMUSG00000022911,informative,-0.37890855348971669,8706.674598,7031,03 OB-CR Glut,0.000807639
ENSMUSG00000022935,informative,-2.380015257215951,48340.36091,9745,07 CTX-MGE GABA,0.0224397
ENSMUSG00000022949,informative,2.0661027476928462,1532.019536,6741,09 CNU-LGE GABA,0.0528766
ENSMUSG00000022951,informative,0.090200353384811402,11711.245,13078,25 Pineal Glut,4.75082e-05
ENSMUSG00000022952,informative,-2.3044966362492283,3096.61951,672,34 Immune,0.0285999
ENSMUSG00000022956,informative,1.9662992573084503,26211.73071,107334,28 CB GABA,0
ENSMUSG00000022957,informative,0.076332477483420702,39400.34292,43540,30 Astro-Epen,0.160404
ENSMUSG00000022962,informative,1.0325473806837453,4234.575649,9093,32 OEC,0
ENSMUSG00000022965,informative,-0.7678852525553348,9844.432444,6081,34 Immune,0.0285999
ENSMUSG00000022967,informative,-0.19587784449796361,10330.109,9465,33 Vascular,0.11687
ENSMUSG00000022971,informative,-1.9106023087619279,10179.1983,2852,34 Immune,0.0285999
ENSMUSG00000022974,informative,0.72653234260324073,16744.74591,29046,29 CB Glut,0
ENSMUSG00000022982,informative,1.5779455457348901,22814.02587,71371,15 HY Gnrh1 Glut,1.58361e-05
ENSMUSG00000022992,informative,0.84879430277394896,12059.68599,22773,31 OPC-Oligo,0.1627
ENSMUSG00000022995,informative,-0.85548768987800139,64106.58309,37137,25 Pineal Glut,4.75082e-05
ENSMUSG00000022996,uninformative,0.34646677285209748,77.05841585,119,21 MB Dopa,0
ENSMUSG00000022997,weak,-3,471.303619,20,09 CNU-LGE GABA,0.0528766
ENSMUSG00000023000,uninformative,3,13.34537182,140,32 OEC,0
ENSMUSG00000023013,uninformative,3,2.912741005,89,29 CB Glut,0
ENSMUSG00000023015,informative,0.90136959856379717,1698.540896,3341,15 HY Gnrh1 Glut,1.58361e-05
ENSMUSG00000023017,informative,-1.2015625403936565,8590.641866,3929,06 CTX-CGE GABA,0.0131281
ENSMUSG00000023018,informative,-0.028160023675644599,33479.0441,34415,05 OB-IMN GABA,0.00300885
ENSMUSG00000023019,informative,-0.2454632017285483,11266.14737,9973,06 CTX-CGE GABA,0.0131281
ENSMUSG00000023021,informative,-0.85043522731558563,18066.7699,10514,06 CTX-CGE GABA,0.0131281
ENSMUSG00000023022,informative,-0.088568337843494105,9202.883766,9084,33 Vascular,0.11687
ENSMUSG00000023027,informative,-0.43344086819043559,7170.58803,5579,25 Pineal Glut,4.75082e-05
ENSMUSG00000023030,informative,-0.19510122835238841,6279.549335,5763,34 Immune,0.0285999
ENSMUSG00000023033,informative,-0.61178459579320954,90587.00786,62124,01 IT-ET Glut,0.234215
ENSMUSG00000023034,informative,-0.2032746177884322,21227.87546,19326,33 Vascular,0.11687
ENSMUSG00000023047,weak,-0.85714414968844355,329.1972812,206,16 HY MM Glut,0
ENSMUSG00000023064,weak,0.50346106459976092,990.0531158,1487,22 MB-HB Sero,1.58361e-05
ENSMUSG00000023067,informative,-1.9559245613670648,12692.53319,3435,33 Vascular,0.11687
ENSMUSG00000023078,uninformative,1.2875642065013722,16.97879429,61,17 MH-LH Glut,0.00120354
ENSMUSG00000023087,informative,0.16084599252723031,12689.99707,14880,05 OB-IMN GABA,0.00300885
ENSMUSG00000023088,informative,-0.019416327638188201,6529.745149,6766,25 Pineal Glut,4.75082e-05
ENSMUSG00000023110,informative,0.89417489201763967,6683.274982,13031,28 CB GABA,0
ENSMUSG00000023132,uninformative,3,5.727260743,180,34 Immune,0.0285999
ENSMUSG00000023191,informative,1.0159848540601124,4689.84237,9954,25 Pineal Glut,4.75082e-05
ENSMUSG00000023192,informative,1.3870936598249473,5493.182896,15071,16 HY MM Glut,0
ENSMUSG00000023206,informative,-0.72354255436055315,2857.855449,1829,30 Astro-Epen,0.160404
ENSMUSG00000023216,uninformative,-0.025387084106421799,6.755412382,23,17 MH-LH Glut,0.00120354
ENSMUSG00000023235,informative,-2.4363669901344691,9933.498539,1938,28 CB GABA,0
ENSMUSG00000023243,uninformative,2.814463042518351,112.5612193,852,32 OEC,0
ENSMUSG00000023267,weak,-0.31004982417322779,970.4482655,836,20 MB GABA,0.00742711
ENSMUSG00000023274,weak,2.0281195176982609,577.4595672,2479,09 CNU-LGE GABA,0.0528766
ENSMUSG00000023277,informative,0.85700624872150388,7091.158867,13474,34 Immune,0.0285999
ENSMUSG00000023279,uninformative,-0.61588836428892646,35.54355897,40,32 OEC,0
ENSMUSG00000023307,informative,-0.23292829440452151,13064.31648,11663,31 OPC-Oligo,0.1627
ENSMUSG00000023328,informative,1.4908059789172363,4912.05301,14482,22 MB-HB Sero,1.58361e-05
ENSMUSG00000023333,uninformative,-0.65559011007696488,6.493197715,20,22 MB-HB Sero,1.58361e-05
ENSMUSG00000023349,uninformative,2.9376594089553372,53.68594301,454,34 Immune,0.0285999
ENSMUSG00000023391,informative,0.94112380776117044,1002.14095,2033,05 OB-IMN GABA,0.00300885
ENSMUSG00000023439,uninformative,0.67168233632442376,155.3751927,276,25 Pineal Glut,4.75082e-05
ENSMUSG00000023452,informative,-0.32624867735087631,10766.29515,9013,30 Astro-Epen,0.160404
ENSMUSG00000023456,informative,0.73418592463769372,69148.7592,120525,25 Pineal Glut,4.75082e-05
ENSMUSG00000023473,informative,2.7814131821792176,5138.50822,37045,03 OB-CR Glut,0.000807639
ENSMUSG00000023484,weak,-1.0929631554583097,424.4790402,224,15 HY Gnrh1 Glut,1.58361e-05
ENSMUSG00000023571,informative,1.357531602872605,2196.575783,5915,25 Pineal Glut,4.75082e-05
ENSMUSG00000023802,uninformative,0.62916858665131326,26.75931113,60,28 CB GABA,0
ENSMUSG00000023826,informative,-3,81646.54403,6230,17 MH-LH Glut,0.00120354
ENSMUSG00000023827,informative,1.5464028380939203,18369.46387,56234,31 OPC-Oligo,0.1627
ENSMUSG00000023830,informative,0.52663174144553138,5696.921417,8615,25 Pineal Glut,4.75082e-05
ENSMUSG00000023852,informative,-0.63297757718975256,15689.69501,10616,34 Immune,0.0285999
ENSMUSG00000023861,informative,-0.73578163873937708,56859.46684,35789,31 OPC-Oligo,0.1627
ENSMUSG00000023868,informative,-1.7782925022780718,223873.9492,68396,09 CNU-LGE GABA,0.0528766
ENSMUSG00000023883,informative,0.87118126100362225,9633.917753,18480,31 OPC-Oligo,0.1627
ENSMUSG00000023885,weak,1.9506038444488329,687.4156843,2803,32 OEC,0
ENSMUSG00000023886,informative,-0.53793099685366952,3204.211817,2328,04 DG-IMN Glut,0.0288375
ENSMUSG00000023903,uninformative,0.73047437359840461,116.9168039,220,33 Vascular,0.11687
ENSMUSG00000023906,uninformative,1.383444727382086,31.55393983,104,15 HY Gnrh1 Glut,1.58361e-05
ENSMUSG00000023914,uninformative,-0.16450391978572951,5.401052549,21,13 CNU-HYa Glut,0.0147909
ENSMUSG00000023921,informative,0.90178712282561535,6684.879538,13103,30 Astro-Epen,0.160404
ENSMUSG00000023932,informative,-0.95367750817536923,11556.24058,6267,33 Vascular,0.11687
ENSMUSG00000023940,uninformative,-0.1012136435281215,79.86439852,94,25 Pineal Glut,4.75082e-05
ENSMUSG00000023945,informative,0.82814948301207114,1294.050854,2424,17 MH-LH Glut,0.00120354
ENSMUSG00000023947,weak,0.52809905365558441,445.7560998,690,34 Immune,0.0285999
ENSMUSG00000023951,informative,0.1591546540126319,16460.66711,19274,30 Astro-Epen,0.160404
ENSMUSG00000023952,informative,0.68243881666797857,13040.71558,21944,34 Immune,0.0285999
ENSMUSG00000023959,informative,-0.63898241283623836,4930.487204,3333,33 Vascular,0.11687
ENSMUSG00000023964,weak,-3,550.5275244,76,22 MB-HB Sero,1.58361e-05
ENSMUSG00000023965,informative,-1.9791095101856413,75332.09681,20035,34 Immune,0.0285999
ENSMUSG00000023966,informative,1.6932784348175902,1762.731964,5991,15 HY Gnrh1 Glut,1.58361e-05
ENSMUSG00000023978,uninformative,0.84229399360586021,10.17068974,36,25 Pineal Glut,4.75082e-05
ENSMUSG00000023990,informative,0.60956011590682979,4728.070181,7575,34 Immune,0.0285999
ENSMUSG00000023991,informative,1.6906818392981104,5517.644804,18680,25 Pineal Glut,4.75082e-05
ENSMUSG00000023992,informative,1.2390441445983067,3123.029405,7741,34 Immune,0.0285999
ENSMUSG00000023994,informative,-0.17700594867911151,4306.483728,4007,34 Immune,0.0285999
ENSMUSG00000024002,informative,-0.68335240297817834,40047.18719,26144,34 Immune,0.0285999
ENSMUSG00000024006,informative,-1.3894341565823407,18154.47431,7276,33 Vascular,0.11687
ENSMUSG00000024012,informative,0.66014319241351038,61527.78436,101894,10 LSX GABA,0.000190033
ENSMUSG00000024014,informative,-2.5130991022340807,2118.33955,404,34 Immune,0.0285999
ENSMUSG00000024026,informative,-1.1701598393777526,14179.07211,6617,25 Pineal Glut,4.75082e-05
ENSMUSG00000024027,weak,-1.4530767028208484,430.133583,180,10 LSX GABA,0.000190033
ENSMUSG00000024033,weak,0.64162030178420171,966.8451037,1597,15 HY Gnrh1 Glut,1.58361e-05
ENSMUSG00000024037,informative,-0.407638751049056,3954.223607,3139,32 OEC,0
ENSMUSG00000024039,informative,1.4557923293967203,4492.735222,12930,30 Astro-Epen,0.160404
ENSMUSG00000024041,uninformative,3,6.018968607,76,07 CTX-MGE GABA,0.0224397
ENSMUSG00000024044,informative,-0.269112647120339,62257.64256,54145,28 CB GABA,0
ENSMUSG00000024050,informative,1.3513697342519633,7230.058975,19346,32 OEC,0
ENSMUSG00000024052,informative,-1.1128766023671837,24546.89857,11907,34 Immune,0.0285999
ENSMUSG00000024056,weak,-2.4417353824879307,232.2614081,60,21 MB Dopa,0
ENSMUSG00000024064,informative,-0.86667250790357631,19399.03725,11162,06 CTX-CGE GABA,0.0131281
ENSMUSG00000024067,informative,0.97053366827498122,11088.58887,22791,15 HY Gnrh1 Glut,1.58361e-05
ENSMUSG00000024068,informative,0.6472824734812006,18725.71766,30745,31 OPC-Oligo,0.1627
ENSMUSG00000024070,informative,-0.416004796069043,8732.275295,6873,31 OPC-Oligo,0.1627
ENSMUSG00000024076,informative,-2.023933309829208,2238.644338,592,30 Astro-Epen,0.160404
ENSMUSG00000024079,informative,-0.80847788347865213,3305.355933,1993,33 Vascular,0.11687
ENSMUSG00000024083,informative,-0.0135487327075095,114007.92,118349,08 CNU-MGE GABA,0.00696787
ENSMUSG00000024087,weak,2.1243839887211755,475.7625361,2193,32 OEC,0
ENSMUSG00000024099,informative,-0.61849202664357772,22456.62297,15341,23 P Glut,6.33443e-05
ENSMUSG00000024101,informative,1.4964523692671341,3206.546282,9497,25 Pineal Glut,4.75082e-05
ENSMUSG00000024104,informative,0.97572100072443502,17063.3795,35176,30 Astro-Epen,0.160404
ENSMUSG00000024107,weak,-0.86812914123870677,559.9417419,337,30 Astro-Epen,0.160404
ENSMUSG00000024112,informative,1.2725908926070313,5008.350733,12695,04 DG-IMN Glut,0.0288375
ENSMUSG00000024114,uninformative,1.6850843910985165,19.1788085,83,25 Pineal Glut,4.75082e-05
ENSMUSG00000024116,uninformative,2.7338600455015745,0.00200803521,22,14 HY Glut,0.00593852
ENSMUSG00000024120,informative,0.1289750776274714,13774.72663,15798,29 CB Glut,0
ENSMUSG00000024122,informative,-0.4521729885548349,29945.6265,22949,09 CNU-LGE GABA,0.0528766
ENSMUSG00000024130,informative,1.3723343470004128,14695.62682,39879,18 TH Glut,0.0535259
ENSMUSG00000024131,informative,-2.5948553515928068,1284.740894,238,25 Pineal Glut,4.75082e-05
ENSMUSG00000024134,uninformative,3,15.66951076,215,23 P Glut,6.33443e-05
ENSMUSG00000024140,informative,0.82815244819548428,33032.34523,61470,33 Vascular,0.11687
ENSMUSG00000024142,informative,0.9158797561221268,3678.728902,7289,30 Astro-Epen,0.160404
ENSMUSG00000024151,informative,1.1069834332785431,5076.637116,11474,29 CB Glut,0
ENSMUSG00000024155,uninformative,-0.89280319838970545,22.00988695,28,25 Pineal Glut,4.75082e-05
ENSMUSG00000024164,uninformative,3,29.735563,515,20 MB GABA,0.00742711
ENSMUSG00000024173,uninformative,3,0,46,01 IT-ET Glut,0.234215
ENSMUSG00000024176,informative,1.0044633157846237,10280.38736,21626,31 OPC-Oligo,0.1627
ENSMUSG00000024182,informative,-2.242788702539841,10615.03448,2365,16 HY MM Glut,0
ENSMUSG00000024190,informative,-0.38180969372906071,17404.65511,14011,34 Immune,0.0285999
ENSMUSG00000024201,informative,1.0189615851887437,12589.05748,26746,30 Astro-Epen,0.160404
ENSMUSG00000024206,informative,-1.0038217185139926,1549.270822,825,15 HY Gnrh1 Glut,1.58361e-05
ENSMUSG00000024211,informative,-2.257937698597313,60008.15843,13168,02 NP-CT-L6b Glut,0.046653
ENSMUSG00000024215,weak,-1.0861838867836071,229.9766017,129,03 OB-CR Glut,0.000807639
ENSMUSG00000024218,informative,-0.47649479941181611,9029.210603,6815,15 HY Gnrh1 Glut,1.58361e-05
ENSMUSG00000024222,informative,0.7408347299278264,11744.34203,20580,34 Immune,0.0285999
ENSMUSG00000024223,uninformative,1.2130193502591848,8.87448122,39,21 MB Dopa,0
ENSMUSG00000024235,informative,0.41502450449574629,1301.101344,1834,33 Vascular,0.11687
ENSMUSG00000024236,informative,-0.45967305989372909,11095.5289,8477,33 Vascular,0.11687
ENSMUSG00000024238,informative,-1.8943223520873465,79657.84364,22466,32 OEC,0
ENSMUSG00000024240,informative,-1.3884035854404826,27633.804,11075,30 Astro-Epen,0.160404
ENSMUSG00000024241,informative,-0.84475687786091624,25351.19869,14805,33 Vascular,0.11687
ENSMUSG00000024254,uninformative,0.4305220511936998,11.02781174,32,20 MB GABA,0.00742711
ENSMUSG00000024256,informative,0.069370604088009602,4865.543488,5365,16 HY MM Glut,0
ENSMUSG00000024260,informative,0.36821418248113541,12897.90764,17459,25 Pineal Glut,4.75082e-05
ENSMUSG00000024261,informative,-0.4768291040140446,67466.46002,50808,21 MB Dopa,0
ENSMUSG00000024266,uninformative,0.46014915057425332,22.57786793,49,27 MY GABA,9.50164e-05
ENSMUSG00000024271,informative,0.80583764542179315,9169.663804,16812,04 DG-IMN Glut,0.0288375
ENSMUSG00000024277,informative,-0.0117670261496005,66805.88873,69450,16 HY MM Glut,0
ENSMUSG00000024290,informative,-2.8393831978287571,47194.92036,6924,33 Vascular,0.11687
ENSMUSG00000024294,informative,-0.021597069378872201,39841.56745,41139,30 Astro-Epen,0.160404
ENSMUSG00000024304,informative,-1.3261279052355754,70168.5027,29337,25 Pineal Glut,4.75082e-05
ENSMUSG00000024313,uninformative,-0.096068579564001402,54.07240883,69,30 Astro-Epen,0.160404
ENSMUSG00000024325,informative,1.4592113561827245,7054.632609,20341,32 OEC,0
ENSMUSG00000024335,informative,0.68482461467930889,22241.76117,37485,15 HY Gnrh1 Glut,1.58361e-05
ENSMUSG00000024347,informative,0.77985048081041231,8238.459429,14837,30 Astro-Epen,0.160404
ENSMUSG00000024349,weak,1.8511049808482301,782.0725255,2975,34 Immune,0.0285999
ENSMUSG00000024353,uninformative,-0.1728921186390025,110.8825454,119,32 OEC,0
ENSMUSG00000024359,informative,1.0982897977586863,21369.8316,47954,28 CB GABA,0
ENSMUSG00000024365,uninformative,2.2265758922425238,1.4438844,27,04 DG-IMN Glut,0.0288375
ENSMUSG00000024366,uninformative,-3,10.48258571,16,15 HY Gnrh1 Glut,1.58361e-05
ENSMUSG00000024369,informative,0.24769507034334029,5089.911003,6348,15 HY Gnrh1 Glut,1.58361e-05
ENSMUSG00000024370,informative,1.7926566752288415,7205.563362,26174,29 CB Glut,0
ENSMUSG00000024371,weak,1.5482602202028253,525.06149,1635,30 Astro-Epen,0.160404
ENSMUSG00000024376,informative,-1.2675292343375906,3043.567959,1340,03 OB-CR Glut,0.000807639
ENSMUSG00000024379,weak,-0.73612316234162523,208.8295671,147,34 Immune,0.0285999
ENSMUSG00000024381,informative,1.753216236110982,45411.30906,160411,31 OPC-Oligo,0.1627
ENSMUSG00000024397,informative,1.7506940631844594,1555.79453,5504,34 Immune,0.0285999
ENSMUSG00000024401,informative,-3,2013.525292,80,34 Immune,0.0285999
ENSMUSG00000024402,uninformative,2.440885224054,12.18070933,90,14 HY Glut,0.00593852
ENSMUSG00000024404,informative,-0.052339767744465401,22626.65354,22878,25 Pineal Glut,4.75082e-05
ENSMUSG00000024406,weak,-3,265.852131,35,32 OEC,0
ENSMUSG00000024411,informative,0.10464426020769001,19053.62946,21481,30 Astro-Epen,0.160404
ENSMUSG00000024413,informative,1.2895607451648792,15879.7503,40689,31 OPC-Oligo,0.1627
ENSMUSG00000024421,informative,-0.2401708665990144,2085.661644,1866,05 OB-IMN GABA,0.00300885
ENSMUSG00000024423,informative,0.73343123363000529,68741.17984,119760,27 MY GABA,9.50164e-05
ENSMUSG00000024427,informative,-0.087220269910350701,3775.861694,3740,33 Vascular,0.11687
ENSMUSG00000024431,informative,-1.6954652794114593,52278.47669,16927,33 Vascular,0.11687
ENSMUSG00000024454,informative,1.895918370056956,7009.888631,27352,08 CNU-MGE GABA,0.00696787
ENSMUSG00000024456,informative,-0.34972183106457772,14123.44377,11628,10 LSX GABA,0.000190033
ENSMUSG00000024462,informative,1.3133259750483359,100102.9625,260677,17 MH-LH Glut,0.00120354
ENSMUSG00000024481,uninformative,-0.4372238839727447,84.27188514,81,17 MH-LH Glut,0.00120354
ENSMUSG00000024485,weak,-2.0495911670942961,303.1856792,92,29 CB Glut,0
ENSMUSG00000024486,informative,-0.66592749885005909,4098.213953,2722,33 Vascular,0.11687
ENSMUSG00000024497,uninformative,3,5.586222162,431,19 MB Glut,0.00308803
ENSMUSG00000024500,informative,-1.7103237720096016,134371.3944,43038,25 Pineal Glut,4.75082e-05
ENSMUSG00000024501,informative,0.27884038787429838,12553.21238,15973,25 Pineal Glut,4.75082e-05
ENSMUSG00000024503,uninformative,1.4935556169526838,5.773680131,35,13 CNU-HYa Glut,0.0147909
ENSMUSG00000024507,informative,1.1108677566851459,9689.910943,21952,30 Astro-Epen,0.160404
ENSMUSG00000024511,informative,-1.5971601002846556,21275.12503,7383,15 HY Gnrh1 Glut,1.58361e-05
ENSMUSG00000024513,informative,0.034760973183976598,19020.10381,20430,33 Vascular,0.11687
ENSMUSG00000024515,informative,-0.18242528050499479,20243.09723,18706,33 Vascular,0.11687
ENSMUSG00000024517,informative,-1.7714938248341745,1683.614436,532,21 MB Dopa,0
ENSMUSG00000024518,uninformative,-2.962131552360479,73.25724843,25,25 Pineal Glut,4.75082e-05
ENSMUSG00000024521,informative,-1.6050687406011923,1099.386616,394,33 Vascular,0.11687
ENSMUSG00000024524,informative,0.4434905831943986,54194.75374,77233,09 CNU-LGE GABA,0.0528766
ENSMUSG00000024526,weak,1.6769069649138508,523.4682978,1772,28 CB GABA,0
ENSMUSG00000024527,informative,0.7945119438463919,12103.36413,22012,18 TH Glut,0.0535259
ENSMUSG00000024529,uninformative,1.7962903600067299,190.8045299,713,33 Vascular,0.11687
ENSMUSG00000024539,informative,-0.18188537545378791,9755.093092,9026,25 Pineal Glut,4.75082e-05
ENSMUSG00000024544,informative,-2.1560874019111358,68611.73939,16144,34 Immune,0.0285999
ENSMUSG00000024548,informative,-2.7843050862538652,87232.30346,13282,29 CB Glut,0
ENSMUSG00000024553,weak,-0.071424590517581099,693.9840262,708,13 CNU-HYa Glut,0.0147909
ENSMUSG00000024560,informative,0.70667188251603597,5585.7647,9568,33 Vascular,0.11687
ENSMUSG00000024563,informative,0.70334232901100557,10043.60069,17151,32 OEC,0
ENSMUSG00000024565,informative,-0.36596785181373909,3927.717365,3209,34 Immune,0.0285999
ENSMUSG00000024576,informative,-1.063360834299937,77935.69246,39089,25 Pineal Glut,4.75082e-05
ENSMUSG00000024589,informative,-0.80140512582004775,92294.59638,55509,04 DG-IMN Glut,0.0288375
ENSMUSG00000024590,informative,0.3815426165008638,4081.299343,5587,25 Pineal Glut,4.75082e-05
ENSMUSG00000024597,informative,-0.58666223837812304,38557.65404,26916,31 OPC-Oligo,0.1627
ENSMUSG00000024603,informative,-1.2480337496794109,29979.68251,13240,31 OPC-Oligo,0.1627
ENSMUSG00000024613,informative,-1.1458035843652814,5616.602654,2675,34 Immune,0.0285999
ENSMUSG00000024617,informative,0.43871834973096641,174130.6177,247290,04 DG-IMN Glut,0.0288375
ENSMUSG00000024619,uninformative,0.57493182793648934,47.03448314,106,33 Vascular,0.11687
ENSMUSG00000024620,informative,0.72475011667504052,12495.71998,21653,33 Vascular,0.11687
ENSMUSG00000024621,informative,1.2788889570703676,8159.594579,20762,34 Immune,0.0285999
ENSMUSG00000024639,informative,-0.93813732361614299,108784.9567,59509,21 MB Dopa,0
ENSMUSG00000024640,informative,-0.0801728009438578,16916.65385,16782,31 OPC-Oligo,0.1627
ENSMUSG00000024642,informative,0.055170219154662997,31054.35225,33821,02 NP-CT-L6b Glut,0.046653
ENSMUSG00000024646,informative,-0.14061477217342269,25281.23365,24044,15 HY Gnrh1 Glut,1.58361e-05
ENSMUSG00000024647,informative,0.32622926866494828,9585.821071,12608,17 MH-LH Glut,0.00120354
ENSMUSG00000024650,weak,3,462.4426647,4771,33 Vascular,0.11687
ENSMUSG00000024669,uninformative,-1.3420128045488768,52.19128029,37,29 CB Glut,0
ENSMUSG00000024670,weak,0.12569253472069519,462.6349596,545,01 IT-ET Glut,0.234215
ENSMUSG00000024672,uninformative,0.61256335496735603,136.3224701,235,34 Immune,0.0285999
ENSMUSG00000024673,uninformative,-0.21623539802132549,98.78094915,97,33 Vascular,0.11687
ENSMUSG00000024680,uninformative,-0.93923935995188801,8.121245069,20,09 CNU-LGE GABA,0.0528766
ENSMUSG00000024682,uninformative,-0.7626504765877351,7.070409536,20,04 DG-IMN Glut,0.0288375
ENSMUSG00000024697,weak,0.29419418133024933,206.807554,290,21 MB Dopa,0
ENSMUSG00000024727,informative,-1.6467419109551868,1899.708699,651,18 TH Glut,0.0535259
ENSMUSG00000024734,uninformative,2.8072088507655133,6.361401077,69,09 CNU-LGE GABA,0.0528766
ENSMUSG00000024735,informative,1.5772814725156183,11065.3647,34622,22 MB-HB Sero,1.58361e-05
ENSMUSG00000024740,informative,0.39964894392968869,17284.36226,23906,25 Pineal Glut,4.75082e-05
ENSMUSG00000024742,informative,0.62922100601403386,1367.040334,2232,03 OB-CR Glut,0.000807639
ENSMUSG00000024758,informative,0.26869884284813428,228165.7199,288012,22 MB-HB Sero,1.58361e-05
ENSMUSG00000024778,informative,-0.31668982651249061,2091.14889,1775,33 Vascular,0.11687
ENSMUSG00000024789,informative,0.23049341430924589,17434.23128,21447,31 OPC-Oligo,0.1627
ENSMUSG00000024791,uninformative,3,7.254970352,137,05 OB-IMN GABA,0.00300885
ENSMUSG00000024792,informative,-0.8085931266791313,3111.701421,1877,25 Pineal Glut,4.75082e-05
ENSMUSG00000024795,weak,-0.41982245494538362,276.0494641,232,05 OB-IMN GABA,0.00300885
ENSMUSG00000024797,informative,3,1962.315088,16538,34 Immune,0.0285999
ENSMUSG00000024798,informative,-0.13253756656812579,6512.085547,6240,32 OEC,0
ENSMUSG00000024810,informative,-0.54791538873075263,22230.03054,15947,31 OPC-Oligo,0.1627
ENSMUSG00000024811,informative,-0.2296806363012377,35337.52538,31591,25 Pineal Glut,4.75082e-05
ENSMUSG00000024812,informative,-0.91936812005796475,12656.53272,7027,31 OPC-Oligo,0.1627
ENSMUSG00000024817,informative,-1.0915318018488656,23411.45895,11526,10 LSX GABA,0.000190033
ENSMUSG00000024824,informative,2.031902130707504,1304.828425,5610,25 Pineal Glut,4.75082e-05
ENSMUSG00000024826,informative,1.1396729227420519,10577.8435,24436,31 OPC-Oligo,0.1627
ENSMUSG00000024827,informative,-0.60951881009003017,5406.011271,3728,30 Astro-Epen,0.160404
ENSMUSG00000024837,uninformative,1.0738215078242968,4.433683104,27,05 OB-IMN GABA,0.00300885
ENSMUSG00000024843,informative,-1.4483268174691937,35640.26741,13699,34 Immune,0.0285999
ENSMUSG00000024847,informative,-0.014861646657143001,10572.83596,10980,22 MB-HB Sero,1.58361e-05
ENSMUSG00000024851,informative,2.5088921127121342,6727.096504,40138,25 Pineal Glut,4.75082e-05
ENSMUSG00000024858,informative,1.9999535946837856,17481.16567,73287,29 CB Glut,0
ENSMUSG00000024862,informative,2.1666840021490068,18002.25667,84706,16 HY MM Glut,0
ENSMUSG00000024863,uninformative,1.1568677599400432,9.266386287,39,24 MY Glut,0.00326223
ENSMUSG00000024868,uninformative,0.65833162069299622,8.666168081,31,19 MB Glut,0.00308803
ENSMUSG00000024875,informative,0.1635218987623,2087.652655,2466,25 Pineal Glut,4.75082e-05
ENSMUSG00000024892,informative,1.1696076266021558,8078.338427,19065,30 Astro-Epen,0.160404
ENSMUSG00000024897,informative,-2.4506882666192298,61515.93074,11805,17 MH-LH Glut,0.00120354
ENSMUSG00000024900,informative,0.72281652616837733,4409.184269,7649,32 OEC,0
ENSMUSG00000024905,weak,-0.46706950271332992,250.970283,206,30 Astro-Epen,0.160404
ENSMUSG00000024906,informative,1.285404006287528,2792.821161,7150,29 CB Glut,0
ENSMUSG00000024907,weak,-0.2021103055665367,820.2667701,763,15 HY Gnrh1 Glut,1.58361e-05
ENSMUSG00000024908,informative,-0.60447989023052828,25472.75948,17569,33 Vascular,0.11687
ENSMUSG00000024912,uninformative,-0.38063851722649411,105.8442663,101,29 CB Glut,0
ENSMUSG00000024913,informative,-0.36452764343214278,3383.121239,2769,33 Vascular,0.11687
ENSMUSG00000024921,informative,-0.61458037532736753,64655.4899,44259,15 HY Gnrh1 Glut,1.58361e-05
ENSMUSG00000024922,uninformative,0.41675632885254371,22.58282545,48,31 OPC-Oligo,0.1627
ENSMUSG00000024924,informative,0.075662569982800604,22606.53259,24977,28 CB GABA,0
ENSMUSG00000024926,informative,1.5315618163956068,6780.172961,20555,22 MB-HB Sero,1.58361e-05
ENSMUSG00000024927,informative,0.3747433515618383,5170.149709,7040,34 Immune,0.0285999
ENSMUSG00000024935,informative,0.67895182062136838,23776.40412,39899,33 Vascular,0.11687
ENSMUSG00000024942,informative,0.93300749496522639,2719.975139,5458,33 Vascular,0.11687
ENSMUSG00000024943,informative,0.15832271659025529,14672.43615,17172,16 HY MM Glut,0
ENSMUSG00000024947,informative,1.5698851895830532,6956.372239,21656,31 OPC-Oligo,0.1627
ENSMUSG00000024949,informative,1.839749522885483,20711.32847,77693,33 Vascular,0.11687
ENSMUSG00000024955,informative,0.30391329645380522,9104.374899,11792,28 CB GABA,0
ENSMUSG00000024959,informative,0.7868603027527612,9817.738902,17764,33 Vascular,0.11687
ENSMUSG00000024962,informative,0.37995401329361339,13345.66087,18212,25 Pineal Glut,4.75082e-05
ENSMUSG00000024965,informative,-0.1803527544922994,1994.422783,1860,34 Immune,0.0285999
ENSMUSG00000024966,informative,0.41457565394535739,20641.64451,28843,22 MB-HB Sero,1.58361e-05
ENSMUSG00000024968,informative,1.4328798625095609,1670.778679,4744,04 DG-IMN Glut,0.0288375
ENSMUSG00000024969,informative,-0.13928170300188669,35309.30472,33606,09 CNU-LGE GABA,0.0528766
ENSMUSG00000024974,informative,-0.72493099736690747,25425.55147,16133,05 OB-IMN GABA,0.00300885
ENSMUSG00000024975,informative,0.20683225968077421,37959.23543,45926,25 Pineal Glut,4.75082e-05
ENSMUSG00000024976,informative,-0.29042946847395451,22137.80265,18981,15 HY Gnrh1 Glut,1.58361e-05
ENSMUSG00000024978,informative,0.097134574421232994,13938.47877,15637,32 OEC,0
ENSMUSG00000024979,uninformative,0.85471042562586097,10.07496268,36,04 DG-IMN Glut,0.0288375
ENSMUSG00000024982,informative,-0.56099157076162232,9609.09517,6840,33 Vascular,0.11687
ENSMUSG00000024985,informative,-1.579083090540045,69092.52455,24244,18 TH Glut,0.0535259
ENSMUSG00000024986,weak,0.54824637649132602,688.2383578,1071,34 Immune,0.0285999
ENSMUSG00000024987,uninformative,1.3086869988895249,30.97350591,98,08 CNU-MGE GABA,0.00696787
ENSMUSG00000024992,uninformative,-0.99829151483986001,105.7404794,71,25 Pineal Glut,4.75082e-05
ENSMUSG00000025001,informative,-0.77277351455178389,1946.050554,1209,33 Vascular,0.11687
ENSMUSG00000025006,informative,-0.41306443862480968,78781.74194,62007,32 OEC,0
ENSMUSG00000025020,informative,0.76992310971611577,13271.93678,23728,04 DG-IMN Glut,0.0288375
ENSMUSG00000025037,informative,0.4722547445336906,11081.96784,16124,33 Vascular,0.11687
ENSMUSG00000025040,informative,1.4136167159504696,8803.465136,24590,15 HY Gnrh1 Glut,1.58361e-05
ENSMUSG00000025044,uninformative,0.83428568501905631,75.54074987,158,34 Immune,0.0285999
ENSMUSG00000025056,uninformative,-0.94945249980124136,11.87237739,22,14 HY Glut,0.00593852
ENSMUSG00000025059,informative,-0.13615074478112749,11512.81518,10992,30 Astro-Epen,0.160404
ENSMUSG00000025060,informative,0.41732652402167408,24357.34826,34097,33 Vascular,0.11687
ENSMUSG00000025076,informative,-0.98642649327062037,1553.382914,837,25 Pineal Glut,4.75082e-05
ENSMUSG00000025081,uninformative,0.40868112995324679,110.4325094,170,25 Pineal Glut,4.75082e-05
ENSMUSG00000025083,informative,-0.1890382981136553,6553.518103,6039,32 OEC,0
ENSMUSG00000025089,informative,0.18554733184997169,11942.46618,14246,17 MH-LH Glut,0.00120354
ENSMUSG00000025094,informative,-1.7099815611930125,1010.649013,339,22 MB-HB Sero,1.58361e-05
ENSMUSG00000025105,uninformative,2.6488246429518587,6.759033855,66,30 Astro-Epen,0.160404
ENSMUSG00000025127,uninformative,2.1951046192158188,6.500080932,51,03 OB-CR Glut,0.000807639
ENSMUSG00000025128,informative,-0.437343494573112,7769.019091,6027,28 CB GABA,0
ENSMUSG00000025130,informative,1.5068879053957045,15028.83829,44768,15 HY Gnrh1 Glut,1.58361e-05
ENSMUSG00000025133,informative,1.0343272499636749,4914.841487,10564,25 Pineal Glut,4.75082e-05
ENSMUSG00000025135,informative,-1.5627773720541989,19121.75175,6797,25 Pineal Glut,4.75082e-05
ENSMUSG00000025138,informative,1.0975375260084823,7254.925027,16283,34 Immune,0.0285999
ENSMUSG00000025147,informative,0.27008050817402418,11384.64963,14400,33 Vascular,0.11687
ENSMUSG00000025153,informative,2.1075107225648231,13738.26681,62042,32 OEC,0
ENSMUSG00000025156,informative,1.9832922676892013,10312.64783,42749,03 OB-CR Glut,0.000807639
ENSMUSG00000025159,informative,0.58602933735130369,7644.162943,12039,34 Immune,0.0285999
ENSMUSG00000025161,weak,1.9425620074609331,463.3219257,1885,34 Immune,0.0285999
ENSMUSG00000025162,informative,0.88435540315939876,19710.52172,38138,33 Vascular,0.11687
ENSMUSG00000025196,uninformative,0.79630070575684253,108.3599195,214,25 Pineal Glut,4.75082e-05
ENSMUSG00000025199,informative,-0.099046584346398098,11543.5091,11308,30 Astro-Epen,0.160404
ENSMUSG00000025207,informative,1.4354780382842351,3650.258611,10362,28 CB GABA,0
ENSMUSG00000025209,informative,-1.7315340556062475,2097.175678,677,34 Immune,0.0285999
ENSMUSG00000025212,informative,1.1752109044151051,12828.42061,30370,18 TH Glut,0.0535259
ENSMUSG00000025215,uninformative,3,0.3438036685,32,23 P Glut,6.33443e-05
ENSMUSG00000025216,uninformative,-2.8735457438753045,33.86088168,20,28 CB GABA,0
ENSMUSG00000025217,informative,-0.2494103393377938,28958.84547,25540,25 Pineal Glut,4.75082e-05
ENSMUSG00000025219,uninformative,-0.74428728639148889,24.55551905,31,15 HY Gnrh1 Glut,1.58361e-05
ENSMUSG00000025223,informative,1.5421783413323891,11704.00085,35731,34 Immune,0.0285999
ENSMUSG00000025224,informative,-0.98947787952620758,32964.69896,17411,25 Pineal Glut,4.75082e-05
ENSMUSG00000025225,weak,0.22256816738392179,947.8619156,1175,34 Immune,0.0285999
ENSMUSG00000025228,informative,0.023161468757944101,22553.05332,24028,31 OPC-Oligo,0.1627
ENSMUSG00000025231,informative,0.3391872281740837,8298.220212,11015,34 Immune,0.0285999
ENSMUSG00000025232,informative,1.2708121701280506,8126.299576,20562,34 Immune,0.0285999
ENSMUSG00000025235,informative,0.69907999817333644,8667.64111,14760,25 Pineal Glut,4.75082e-05
ENSMUSG00000025239,informative,-0.70183762661967686,8062.536253,5209,33 Vascular,0.11687
ENSMUSG00000025240,informative,0.4860598464035471,19720.06942,28955,16 HY MM Glut,0
ENSMUSG00000025261,informative,-1.0368860226843906,48508.61434,24786,25 Pineal Glut,4.75082e-05
ENSMUSG00000025271,weak,0.38054485853393788,306.1797815,434,25 Pineal Glut,4.75082e-05
ENSMUSG00000025278,informative,0.44269214632887499,24522.70386,34937,33 Vascular,0.11687
ENSMUSG00000025316,informative,-0.78529295538261068,20868.2044,12702,01 IT-ET Glut,0.234215
ENSMUSG00000025321,informative,-0.76407138430785804,20477.56371,12649,30 Astro-Epen,0.160404
ENSMUSG00000025326,informative,-1.3272323181611911,115325.4043,48170,20 MB GABA,0.00742711
ENSMUSG00000025330,uninformative,0.2118590249983518,31.1262083,54,25 Pineal Glut,4.75082e-05
ENSMUSG00000025332,informative,0.060278696867347402,17494.79042,19128,25 Pineal Glut,4.75082e-05
ENSMUSG00000025333,uninformative,0.26677169478444751,16.44006314,37,25 Pineal Glut,4.75082e-05
ENSMUSG00000025347,uninformative,3,1.922453883,117,02 NP-CT-L6b Glut,0.046653
ENSMUSG00000025348,informative,1.8433551420437635,1766.418961,6660,32 OEC,0
ENSMUSG00000025352,informative,0.81110998603706186,3158.966684,5824,17 MH-LH Glut,0.00120354
ENSMUSG00000025357,informative,-0.62558826527552691,2751.182001,1884,33 Vascular,0.11687
ENSMUSG00000025358,weak,0.69592225094717397,602.912915,1040,34 Immune,0.0285999
ENSMUSG00000025364,informative,0.53453406126060787,8767.385079,13322,03 OB-CR Glut,0.000807639
ENSMUSG00000025369,informative,0.37680450729328568,36810.66761,50095,25 Pineal Glut,4.75082e-05
ENSMUSG00000025370,informative,-1.8678148871159519,23119.0788,6660,04 DG-IMN Glut,0.0288375
ENSMUSG00000025372,informative,0.14219841845806741,63208.852,73110,09 CNU-LGE GABA,0.0528766
ENSMUSG00000025377,informative,1.4130322404838545,2200.376628,6157,31 OPC-Oligo,0.1627
ENSMUSG00000025380,uninformative,0.76622891553126138,104.4905124,203,17 MH-LH Glut,0.00120354
ENSMUSG00000025383,uninformative,-0.95776036981546198,76.83009028,57,32 OEC,0
ENSMUSG00000025384,informative,0.3344438978274234,3446.185157,4569,03 OB-CR Glut,0.000807639
ENSMUSG00000025386,uninformative,1.1163451188125662,97.16819275,238,25 Pineal Glut,4.75082e-05
ENSMUSG00000025389,uninformative,0.4650552992100675,12.1262071,34,28 CB GABA,0
ENSMUSG00000025400,informative,1.6659639174006011,1648.760923,5500,17 MH-LH Glut,0.00120354
ENSMUSG00000025407,weak,0.26380901429149939,633.3521868,813,30 Astro-Epen,0.160404
ENSMUSG00000025408,informative,-0.027929024287004101,10973.6256,11293,25 Pineal Glut,4.75082e-05
ENSMUSG00000025410,informative,1.7228552738060638,19880.20892,68773,31 OPC-Oligo,0.1627
ENSMUSG00000025417,informative,0.3719128943225275,17057.13744,23143,01 IT-ET Glut,0.234215
ENSMUSG00000025418,uninformative,2.496493068778737,11.68233303,90,18 TH Glut,0.0535259
ENSMUSG00000025420,informative,-0.21482571084878219,3994.433903,3622,25 Pineal Glut,4.75082e-05
ENSMUSG00000025423,informative,0.30035868244216202,24475.29628,31595,27 MY GABA,9.50164e-05
ENSMUSG00000025431,uninformative,-1.5192571774847283,15.37090769,21,20 MB GABA,0.00742711
ENSMUSG00000025432,weak,-2.7689395299349004,935.6953818,159,30 Astro-Epen,0.160404
ENSMUSG00000025451,informative,1.2092675985152654,18826.15909,45633,28 CB GABA,0
ENSMUSG00000025465,informative,1.8589755467162601,6976.504361,26542,30 Astro-Epen,0.160404
ENSMUSG00000025467,uninformative,0.23854816320335401,19.21155914,40,20 MB GABA,0.00742711
ENSMUSG00000025474,informative,0.338525308491051,4978.547955,6612,04 DG-IMN Glut,0.0288375
ENSMUSG00000025478,informative,1.4750374719194557,5232.819331,15259,29 CB Glut,0
ENSMUSG00000025479,uninformative,0.1980443326825182,40.59425071,57,33 Vascular,0.11687
ENSMUSG00000025485,informative,1.321018816964262,5742.26111,15049,33 Vascular,0.11687
ENSMUSG00000025486,informative,-0.86410040953337841,12823.60518,7397,07 CTX-MGE GABA,0.0224397
ENSMUSG00000025487,informative,1.6297504013278106,9990.67245,32411,31 OPC-Oligo,0.1627
ENSMUSG00000025488,uninformative,0.59934645552663024,27.96908313,61,25 Pineal Glut,4.75082e-05
ENSMUSG00000025496,uninformative,1.1240153764994387,85.69981515,213,28 CB GABA,0
ENSMUSG00000025498,weak,-3,625.5332136,79,33 Vascular,0.11687
ENSMUSG00000025499,informative,-3,60362.69073,1785,09 CNU-LGE GABA,0.0528766
ENSMUSG00000025509,informative,1.7488165523554506,4088.465386,14415,33 Vascular,0.11687
ENSMUSG00000025510,informative,0.38349497313645659,4936.206758,6763,33 Vascular,0.11687
ENSMUSG00000025515,uninformative,3,13.90465579,170,16 HY MM Glut,0
ENSMUSG00000025534,informative,-0.39072082375711981,2789.430273,2245,34 Immune,0.0285999
ENSMUSG00000025557,uninformative,1.464579194101165,16.97781321,67,25 Pineal Glut,4.75082e-05
ENSMUSG00000025576,informative,-0.93222046705781325,108035.5723,59334,29 CB Glut,0
ENSMUSG00000025577,weak,-0.32456018645497159,302.5702501,269,05 OB-IMN GABA,0.00300885
ENSMUSG00000025579,informative,0.21233044262961151,23620.4106,28688,15 HY Gnrh1 Glut,1.58361e-05
ENSMUSG00000025580,informative,2.9107987749244324,4562.481385,35972,34 Immune,0.0285999
ENSMUSG00000025583,informative,-0.83271920611010863,28611.74573,16847,34 Immune,0.0285999
ENSMUSG00000025584,informative,-0.55460838287900593,16895.58017,12076,31 OPC-Oligo,0.1627
ENSMUSG00000025588,uninformative,0.6728638881571477,188.7735495,332,30 Astro-Epen,0.160404
ENSMUSG00000025608,informative,1.3028057654663494,8490.057637,21963,33 Vascular,0.11687
ENSMUSG00000025609,informative,-0.58763848507815009,44405.6802,30975,25 Pineal Glut,4.75082e-05
ENSMUSG00000025612,informative,0.013003197531800501,5556.034524,5890,34 Immune,0.0285999
ENSMUSG00000025613,informative,2.330326887404361,15836.02086,83472,22 MB-HB Sero,1.58361e-05
ENSMUSG00000025626,informative,-0.66217209317673853,12968.55511,8602,05 OB-IMN GABA,0.00300885
ENSMUSG00000025630,informative,0.0185967585590463,23285.02435,24729,22 MB-HB Sero,1.58361e-05
ENSMUSG00000025650,weak,1.7787382734393478,354.207885,1292,25 Pineal Glut,4.75082e-05
ENSMUSG00000025701,weak,0.97188904364844197,277.8209422,588,34 Immune,0.0285999
ENSMUSG00000025723,weak,1.7650069438106375,884.7049864,3177,03 OB-CR Glut,0.000807639
ENSMUSG00000025733,informative,0.68098922245658822,8303.149505,13964,25 Pineal Glut,4.75082e-05
ENSMUSG00000025738,informative,-1.3633293606189232,46686.87222,19028,09 CNU-LGE GABA,0.0528766
ENSMUSG00000025758,informative,-0.9889882519217108,1758.843546,944,25 Pineal Glut,4.75082e-05
ENSMUSG00000025764,informative,-0.99829570200555662,14981.31257,7873,32 OEC,0
ENSMUSG00000025777,informative,-0.60254830167216711,30358.79575,20964,21 MB Dopa,0
ENSMUSG00000025779,weak,0.99311652540583084,640.0900933,1352,34 Immune,0.0285999
ENSMUSG00000025790,informative,-1.0749764863822582,38870.1475,19347,31 OPC-Oligo,0.1627
ENSMUSG00000025793,informative,1.2217815794277598,9372.199424,22920,22 MB-HB Sero,1.58361e-05
ENSMUSG00000025804,uninformative,2.2715585800102231,21.92667035,131,34 Immune,0.0285999
ENSMUSG00000025809,informative,0.41530000844512049,22668.89002,31690,33 Vascular,0.11687
ENSMUSG00000025810,informative,-1.5257940496039086,28531.57028,10397,04 DG-IMN Glut,0.0288375
ENSMUSG00000025812,informative,-1.0911166583105585,43902.80497,21607,33 Vascular,0.11687
ENSMUSG00000025854,informative,1.4792087118601775,7447.062399,21771,05 OB-IMN GABA,0.00300885
ENSMUSG00000025856,informative,-1.3474148138816495,21392.84573,8824,31 OPC-Oligo,0.1627
ENSMUSG00000025860,informative,-0.87464803224248855,32042.06313,18325,33 Vascular,0.11687
ENSMUSG00000025862,informative,-1.1215141926108838,26710.72332,12878,34 Immune,0.0285999
ENSMUSG00000025880,informative,-1.1659429454723895,25753.62239,12041,34 Immune,0.0285999
ENSMUSG00000025887,weak,0.41326260534016079,375.9803666,541,33 Vascular,0.11687
ENSMUSG00000025888,uninformative,1.6605396588448589,190.7084244,650,03 OB-CR Glut,0.000807639
ENSMUSG00000025892,informative,-1.9626012719091577,171349.6805,46076,28 CB GABA,0
ENSMUSG00000025902,informative,0.42025864496461179,3426.143145,4820,33 Vascular,0.11687
ENSMUSG00000025905,informative,-0.48936107632765491,2788.59071,2097,21 MB Dopa,0
ENSMUSG00000025907,informative,-2.0312004469278642,49080.47857,12596,33 Vascular,0.11687
ENSMUSG00000025917,informative,-1.9461729348192656,11584.51989,3165,25 Pineal Glut,4.75082e-05
ENSMUSG00000025920,informative,-2.2385368783514852,57621.13812,12808,27 MY GABA,9.50164e-05
ENSMUSG00000025925,informative,-0.4289063835252977,11194.18736,8728,33 Vascular,0.11687
ENSMUSG00000025927,weak,0.1253115531243644,516.1348912,606,28 CB GABA,0
ENSMUSG00000025929,uninformative,3,0,41,01 IT-ET Glut,0.234215
ENSMUSG00000025932,informative,-1.0722912113781642,5845.294184,2928,03 OB-CR Glut,0.000807639
ENSMUSG00000025945,uninformative,1.2228168669915249,1.038028946,20,01 IT-ET Glut,0.234215
ENSMUSG00000025946,informative,-0.72624934884372383,1249.517949,807,18 TH Glut,0.0535259
ENSMUSG00000025950,informative,0.81889057918722563,7145.765831,13224,30 Astro-Epen,0.160404
ENSMUSG00000025952,uninformative,3,0.5645883422,53,22 MB-HB Sero,1.58361e-05
ENSMUSG00000025958,informative,-0.80616209741196565,23118.21434,13868,34 Immune,0.0285999
ENSMUSG00000025968,informative,1.8471948714456283,17175.55556,64766,29 CB Glut,0
ENSMUSG00000025969,informative,-1.7265665533243009,20868.03357,6622,17 MH-LH Glut,0.00120354
ENSMUSG00000025971,informative,1.1116128802562451,4280.778942,9709,03 OB-CR Glut,0.000807639
ENSMUSG00000025980,informative,1.4012854287606422,22809.96949,63143,10 LSX GABA,0.000190033
ENSMUSG00000025991,uninformative,1.1360885510596757,33.73411938,95,21 MB Dopa,0
ENSMUSG00000025993,informative,-0.22784139301115711,4671.103633,4195,33 Vascular,0.11687
ENSMUSG00000025997,informative,-1.3342273117678356,11574.40249,4833,31 OPC-Oligo,0.1627
ENSMUSG00000026009,uninformative,1.1060816514442851,22.49256574,68,34 Immune,0.0285999
ENSMUSG00000026011,weak,-2.134341204506621,204.2938581,56,34 Immune,0.0285999
ENSMUSG00000026012,uninformative,0.12299843645116749,50.69607831,74,34 Immune,0.0285999
ENSMUSG00000026021,informative,-1.0994117013907063,50528.38115,24723,15 HY Gnrh1 Glut,1.58361e-05
ENSMUSG00000026024,informative,0.87318613398113509,5871.964558,11286,29 CB Glut,0
ENSMUSG00000026029,informative,0.47588618943065258,1527.997552,2243,34 Immune,0.0285999
ENSMUSG00000026031,informative,-1.6347212254179408,8190.933045,2779,34 Immune,0.0285999
ENSMUSG00000026034,informative,0.39551155075965899,28209.83926,38895,34 Immune,0.0285999
ENSMUSG00000026039,weak,0.81160461203163592,258.924162,493,03 OB-CR Glut,0.000807639
ENSMUSG00000026058,informative,-2.6876056337457239,80211.90198,13060,03 OB-CR Glut,0.000807639
ENSMUSG00000026064,uninformative,3,189.8793496,27171,25 Pineal Glut,4.75082e-05
ENSMUSG00000026065,weak,-1.1276775479820162,211.6899166,117,03 OB-CR Glut,0.000807639
ENSMUSG00000026068,uninformative,3,6.988720776,147,34 Immune,0.0285999
ENSMUSG00000026069,uninformative,1.774764576592371,16.28907983,77,34 Immune,0.0285999
ENSMUSG00000026070,uninformative,-0.73706252271609796,19.65531726,28,34 Immune,0.0285999
ENSMUSG00000026072,informative,-0.16309984245258449,2958.164697,2784,33 Vascular,0.11687
ENSMUSG00000026074,informative,-0.24847774176010259,41645.89094,36746,31 OPC-Oligo,0.1627
ENSMUSG00000026077,informative,-1.7194515634432093,38382.40413,12227,30 Astro-Epen,0.160404
ENSMUSG00000026080,informative,-0.55694635545414428,13057.41673,9315,30 Astro-Epen,0.160404
ENSMUSG00000026082,informative,-1.1050263408908192,18581.00768,9066,29 CB Glut,0
ENSMUSG00000026085,uninformative,0.97799087810560759,8.198780524,34,31 OPC-Oligo,0.1627
ENSMUSG00000026098,informative,-0.23417662341411061,4141.565874,3705,29 CB Glut,0
ENSMUSG00000026100,uninformative,0.9787745041342012,36.28291486,92,08 CNU-MGE GABA,0.00696787
ENSMUSG00000026102,informative,0.4457487941776917,8312.060712,11878,29 CB Glut,0
ENSMUSG00000026104,informative,-0.51948445000678545,6062.5832,4447,32 OEC,0
ENSMUSG00000026117,weak,0.40066252397180502,591.8497307,835,33 Vascular,0.11687
ENSMUSG00000026124,uninformative,1.2808983513848169,13.52693365,52,29 CB Glut,0
ENSMUSG00000026131,informative,-0.0623735281011005,127164.9635,127613,34 Immune,0.0285999
ENSMUSG00000026155,informative,-0.58714281678657743,37770.42207,26358,05 OB-IMN GABA,0.00300885
ENSMUSG00000026166,uninformative,3,3.310614158,62,21 MB Dopa,0
ENSMUSG00000026167,informative,0.84312327273880017,1894.654685,3578,01 IT-ET Glut,0.234215
ENSMUSG00000026170,informative,0.59523980949891864,2850.212013,4528,31 OPC-Oligo,0.1627
ENSMUSG00000026174,informative,-0.0752705598701707,7219.934686,7196,32 OEC,0
ENSMUSG00000026175,weak,0.44868255661355527,251.4478196,376,33 Vascular,0.11687
ENSMUSG00000026176,informative,2.3106758116968931,3719.118515,19352,33 Vascular,0.11687
ENSMUSG00000026177,weak,1.8640394097975177,406.966101,1571,34 Immune,0.0285999
ENSMUSG00000026179,informative,-0.83648949736660594,30522.20583,17924,28 CB GABA,0
ENSMUSG00000026180,uninformative,-1.8878637157716425,119.0402341,49,28 CB GABA,0
ENSMUSG00000026182,uninformative,3,0.6691568011,41,18 TH Glut,0.0535259
ENSMUSG00000026187,informative,-1.1484628587931562,5978.188078,2841,25 Pineal Glut,4.75082e-05
ENSMUSG00000026193,informative,0.66865314985175439,11143.06688,18575,33 Vascular,0.11687
ENSMUSG00000026196,weak,0.057698869663490797,271.341923,312,32 OEC,0
ENSMUSG00000026197,informative,1.2097049842369465,3156.674275,7667,33 Vascular,0.11687
ENSMUSG00000026207,informative,0.88315771069315274,12506.49014,24185,09 CNU-LGE GABA,0.0528766
ENSMUSG00000026208,informative,0.78974258871833081,1026.441645,1876,33 Vascular,0.11687
ENSMUSG00000026228,weak,-3,307.396675,18,25 Pineal Glut,4.75082e-05
ENSMUSG00000026229,informative,0.35516962161451499,31358.75189,42043,15 HY Gnrh1 Glut,1.58361e-05
ENSMUSG00000026234,informative,-1.1575422123883934,43818.96238,20588,15 HY Gnrh1 Glut,1.58361e-05
ENSMUSG00000026235,informative,-0.93609465087272437,83122.98533,45533,04 DG-IMN Glut,0.0288375
ENSMUSG00000026237,uninformative,-0.31612865144291191,128.5021819,124,26 P GABA,0.00280298
ENSMUSG00000026247,informative,0.57735950372444911,1731.185148,2723,15 HY Gnrh1 Glut,1.58361e-05
ENSMUSG00000026249,informative,0.82451935883999816,30479.11454,56570,30 Astro-Epen,0.160404
ENSMUSG00000026251,uninformative,1.6415773147083037,0.8304874949,21,32 OEC,0
ENSMUSG00000026253,uninformative,-0.77491676184650327,16.93817173,26,32 OEC,0
ENSMUSG00000026270,informative,0.73204072560614297,7431.765736,12950,22 MB-HB Sero,1.58361e-05
ENSMUSG00000026271,weak,-2.5846954824472781,605.8219667,121,34 Immune,0.0285999
ENSMUSG00000026275,informative,0.52800526592953723,19234.37762,29075,09 CNU-LGE GABA,0.0528766
ENSMUSG00000026276,informative,3,1496.691399,23400,31 OPC-Oligo,0.1627
ENSMUSG00000026285,uninformative,-0.51401871270500121,22.14843974,32,34 Immune,0.0285999
ENSMUSG00000026288,informative,-0.72938424835358318,9059.818399,5741,34 Immune,0.0285999
ENSMUSG00000026289,informative,-0.55393559056065134,16753.19793,11972,25 Pineal Glut,4.75082e-05
ENSMUSG00000026303,weak,0.82338081355582671,590.1430651,1111,34 Immune,0.0285999
ENSMUSG00000026309,informative,0.3669855294775291,10847.04198,14673,03 OB-CR Glut,0.000807639
ENSMUSG00000026312,informative,-0.9732589835076364,12729.79216,6809,29 CB Glut,0
ENSMUSG00000026313,informative,-0.3492278624254791,28593.26387,23533,05 OB-IMN GABA,0.00300885
ENSMUSG00000026317,informative,-0.086899443333328899,5460.807564,5403,31 OPC-Oligo,0.1627
ENSMUSG00000026321,informative,0.2298572107081697,3669.555893,4525,34 Immune,0.0285999
ENSMUSG00000026322,informative,-2.0753785337647419,11201.71743,2808,17 MH-LH Glut,0.00120354
ENSMUSG00000026343,weak,-3,207.6502138,41,10 LSX GABA,0.000190033
ENSMUSG00000026344,informative,-0.12714397353608689,27462.49634,26362,10 LSX GABA,0.000190033
ENSMUSG00000026347,informative,-1.0385047276087922,16684.97585,8526,03 OB-CR Glut,0.000807639
ENSMUSG00000026357,uninformative,0.96742216013512539,42.4349002,104,34 Immune,0.0285999
ENSMUSG00000026361,informative,-0.85508229840700245,23057.55439,13371,25 Pineal Glut,4.75082e-05
ENSMUSG00000026390,uninformative,1.9116563568255849,0.771655093,22,19 MB Glut,0.00308803
ENSMUSG00000026393,informative,-0.84711431530009229,18493.95517,10787,17 MH-LH Glut,0.00120354
ENSMUSG00000026395,informative,-0.53796803874824251,1668.846345,1220,34 Immune,0.0285999
ENSMUSG00000026398,uninformative,-0.51400315548501507,69.85157355,67,14 HY Glut,0.00593852
ENSMUSG00000026399,informative,1.2813833907917078,1019.122625,2613,32 OEC,0
ENSMUSG00000026405,uninformative,1.4673673959118645,15.90760146,64,22 MB-HB Sero,1.58361e-05
ENSMUSG00000026407,uninformative,1.339792304690945,132.8571836,370,28 CB GABA,0
ENSMUSG00000026409,informative,0.81876701585141443,6913.705065,12794,25 Pineal Glut,4.75082e-05
ENSMUSG00000026414,weak,0.35531533548164351,967.4165129,1305,13 CNU-HYa Glut,0.0147909
ENSMUSG00000026424,informative,1.4933999663301245,35196.78533,103853,30 Astro-Epen,0.160404
ENSMUSG00000026430,informative,-0.043391408850066197,4692.662421,4787,34 Immune,0.0285999
ENSMUSG00000026432,uninformative,2.0864468230460949,3.041570273,33,14 HY Glut,0.00593852
ENSMUSG00000026433,informative,1.2399691649767206,1147.83392,2858,33 Vascular,0.11687
ENSMUSG00000026452,informative,1.9488958327252883,2274.609286,9220,28 CB GABA,0
ENSMUSG00000026457,informative,0.57494349169937109,16201.14171,25310,34 Immune,0.0285999
ENSMUSG00000026459,uninformative,-0.61162023570177726,66.0613123,61,25 Pineal Glut,4.75082e-05
ENSMUSG00000026463,informative,-0.37633343062922742,38108.97322,30776,10 LSX GABA,0.000190033
ENSMUSG00000026468,uninformative,0.58369218854874894,27.64827286,60,25 Pineal Glut,4.75082e-05
ENSMUSG00000026478,informative,0.60589446742820685,14389.768,22962,32 OEC,0
ENSMUSG00000026483,weak,0.80481496650929862,816.8891321,1512,34 Immune,0.0285999
ENSMUSG00000026484,informative,0.065632758765321098,8458.668114,9291,34 Immune,0.0285999
ENSMUSG00000026489,informative,1.4051486026188358,3185.46102,8857,03 OB-CR Glut,0.000807639
ENSMUSG00000026496,informative,0.89249428031283118,9836.073728,19148,04 DG-IMN Glut,0.0288375
ENSMUSG00000026497,uninformative,-1.0362361381879217,28.33000061,30,32 OEC,0
ENSMUSG00000026504,informative,-0.66012452085297724,21788.3984,14462,15 HY Gnrh1 Glut,1.58361e-05
ENSMUSG00000026509,informative,2.015331564162524,11423.10066,48404,33 Vascular,0.11687
ENSMUSG00000026525,informative,0.018706253948245599,2125.415244,2272,18 TH Glut,0.0535259
ENSMUSG00000026526,informative,2.1441388835383157,5316.553617,24642,28 CB GABA,0
ENSMUSG00000026532,uninformative,1.1685322371320332,10.45753724,42,29 CB Glut,0
ENSMUSG00000026542,uninformative,-0.30468561981780301,0.1788818512,15,09 CNU-LGE GABA,0.0528766
ENSMUSG00000026546,informative,-0.47433079426865432,1055.788512,812,13 CNU-HYa Glut,0.0147909
ENSMUSG00000026548,uninformative,2.5855735234257811,50.03860004,336,34 Immune,0.0285999
ENSMUSG00000026556,informative,0.3110849703195589,3915.576216,5106,32 OEC,0
ENSMUSG00000026565,informative,-2.3081775638568875,26304.42729,5580,15 HY Gnrh1 Glut,1.58361e-05
ENSMUSG00000026568,informative,-0.1790076217445932,36451.79343,33751,03 OB-CR Glut,0.000807639
ENSMUSG00000026573,uninformative,3,4.445580119,61,34 Immune,0.0285999
ENSMUSG00000026580,uninformative,-1.24822785533656,30.70525554,29,30 Astro-Epen,0.160404
ENSMUSG00000026581,uninformative,3,4.936190729,118,34 Immune,0.0285999
ENSMUSG00000026582,uninformative,0.54781492181167046,1.601021772,19,02 NP-CT-L6b Glut,0.046653
ENSMUSG00000026585,informative,-1.111585050776972,72314.67953,35079,02 NP-CT-L6b Glut,0.046653
ENSMUSG00000026586,informative,-1.0169952665658009,5911.31941,3076,30 Astro-Epen,0.160404
ENSMUSG00000026602,uninformative,3,9.565583468,294,15 HY Gnrh1 Glut,1.58361e-05
ENSMUSG00000026603,informative,0.85451207768324533,10824.30074,20523,19 MB Glut,0.00308803
ENSMUSG00000026605,weak,-0.75641812374616624,572.952223,379,03 OB-CR Glut,0.000807639
ENSMUSG00000026610,informative,-2.5738786842824792,27913.02027,4927,28 CB GABA,0
ENSMUSG00000026614,informative,0.65842274020424663,4952.758874,8207,30 Astro-Epen,0.160404
ENSMUSG00000026616,weak,-3,645.8018862,88,30 Astro-Epen,0.160404
ENSMUSG00000026622,uninformative,1.9878034764402757,105.3576396,457,03 OB-CR Glut,0.000807639
ENSMUSG00000026630,weak,1.5321563744035882,414.1459511,1273,34 Immune,0.0285999
ENSMUSG00000026639,weak,-0.6839975198740299,854.6106135,573,13 CNU-HYa Glut,0.0147909
ENSMUSG00000026640,informative,-2.0608092532606066,47501.84512,11944,33 Vascular,0.11687
ENSMUSG00000026655,informative,0.272861333671648,3464.591419,4402,28 CB GABA,0
ENSMUSG00000026656,weak,1.3158532929840117,865.4525691,2275,34 Immune,0.0285999
ENSMUSG00000026663,informative,-1.5170822107691335,28622.03929,10493,02 NP-CT-L6b Glut,0.046653
ENSMUSG00000026675,informative,0.1101227143389648,5320.714209,6033,18 TH Glut,0.0535259
ENSMUSG00000026686,uninformative,-0.23789083495030131,105.9086323,110,21 MB Dopa,0
ENSMUSG00000026687,informative,0.60973436144163928,4290.299591,6876,25 Pineal Glut,4.75082e-05
ENSMUSG00000026692,uninformative,1.7991629453550813,25.59794816,112,32 OEC,0
ENSMUSG00000026700,uninformative,-3,23.46534231,17,20 MB GABA,0.00742711
ENSMUSG00000026712,informative,0.3477295725816506,1342.276468,1806,34 Immune,0.0285999
ENSMUSG00000026715,weak,-2.7546157316842828,617.2595815,111,29 CB Glut,0
ENSMUSG00000026726,weak,-0.54037236143461631,279.3726756,217,32 OEC,0
ENSMUSG00000026735,uninformative,1.7721716020917646,2.34865172,27,30 Astro-Epen,0.160404
ENSMUSG00000026739,informative,1.617834264207485,7906.935808,25444,33 Vascular,0.11687
ENSMUSG00000026743,informative,-2.6745318142550039,48381.09724,7955,25 Pineal Glut,4.75082e-05
ENSMUSG00000026748,informative,-1.9213745841220755,68371.1508,18927,34 Immune,0.0285999
ENSMUSG00000026751,uninformative,-2.0533557560269364,30.62891516,23,14 HY Glut,0.00593852
ENSMUSG00000026753,informative,0.61122269332166757,16063.09301,25725,29 CB Glut,0
ENSMUSG00000026764,informative,0.47380292594219842,80485.52667,117135,28 CB GABA,0
ENSMUSG00000026765,informative,-1.192198545897253,5198.260785,2399,07 CTX-MGE GABA,0.0224397
ENSMUSG00000026768,informative,-1.7000990612854976,11696.72501,3787,04 DG-IMN Glut,0.0288375
ENSMUSG00000026770,uninformative,0.45101878998149569,129.5523405,202,33 Vascular,0.11687
ENSMUSG00000026771,informative,-0.80985311579631392,11321.33474,6782,29 CB Glut,0
ENSMUSG00000026778,informative,-0.086533093353381704,8098.429412,8007,17 MH-LH Glut,0.00120354
ENSMUSG00000026787,informative,-0.50454253873461552,54910.93314,40569,06 CTX-CGE GABA,0.0131281
ENSMUSG00000026790,informative,-0.099977079483884498,23275.80682,22770,29 CB Glut,0
ENSMUSG00000026797,informative,1.5250739317096276,127284.724,383830,02 NP-CT-L6b Glut,0.046653
ENSMUSG00000026805,uninformative,-0.93317683536065044,31.77535703,33,29 CB Glut,0
ENSMUSG00000026809,weak,-0.43758327894676791,284.6518101,236,15 HY Gnrh1 Glut,1.58361e-05
ENSMUSG00000026812,informative,-0.6476044176843041,19052.30232,12758,12 HY GABA,0.0167704
ENSMUSG00000026814,informative,-0.025296916095938201,11652.00614,12012,33 Vascular,0.11687
ENSMUSG00000026815,uninformative,2.2857280982112536,0.1712728022,21,34 Immune,0.0285999
ENSMUSG00000026824,informative,-1.3811519682951765,64316.90453,25886,05 OB-IMN GABA,0.00300885
ENSMUSG00000026825,informative,1.9631937676018825,99617.34937,406991,01 IT-ET Glut,0.234215
ENSMUSG00000026826,informative,-0.32960839586691709,11055.27233,9233,17 MH-LH Glut,0.00120354
ENSMUSG00000026834,informative,-2.172572253690066,13991.92692,3267,09 CNU-LGE GABA,0.0528766
ENSMUSG00000026836,informative,-1.2348700445431957,17502.77566,7807,25 Pineal Glut,4.75082e-05
ENSMUSG00000026837,weak,1.0646895553818407,959.0407747,2119,02 NP-CT-L6b Glut,0.046653
ENSMUSG00000026841,informative,0.4306539036243166,2633.214514,3743,17 MH-LH Glut,0.00120354
ENSMUSG00000026842,informative,0.1370571115331391,18655.47508,21510,31 OPC-Oligo,0.1627
ENSMUSG00000026849,informative,1.5077236641668623,7017.004622,20924,04 DG-IMN Glut,0.0288375
ENSMUSG00000026857,informative,0.2932152813299897,6531.658902,8402,31 OPC-Oligo,0.1627
ENSMUSG00000026858,informative,1.0028854079173668,12675.84038,26632,18 TH Glut,0.0535259
ENSMUSG00000026864,informative,1.048976904663806,32538.16896,70554,15 HY Gnrh1 Glut,1.58361e-05
ENSMUSG00000026869,informative,0.26559598185887512,10277.58838,12961,22 MB-HB Sero,1.58361e-05
ENSMUSG00000026872,informative,-2.1219006411704111,143129.8836,34468,31 OPC-Oligo,0.1627
ENSMUSG00000026874,uninformative,-0.74505230267634293,59.7620945,53,17 MH-LH Glut,0.00120354
ENSMUSG00000026880,informative,1.7673657926889137,1782.945056,6378,33 Vascular,0.11687
ENSMUSG00000026890,informative,-0.86723122494758087,3268.679872,1893,08 CNU-MGE GABA,0.00696787
ENSMUSG00000026896,informative,-0.20962507511263831,1721.870416,1576,33 Vascular,0.11687
ENSMUSG00000026904,informative,-0.40242788056066497,69325.73044,54970,02 NP-CT-L6b Glut,0.046653
ENSMUSG00000026914,informative,0.75219086409415437,22542.79509,39799,29 CB Glut,0
ENSMUSG00000026917,informative,0.61915276148201071,4689.273624,7563,05 OB-IMN GABA,0.00300885
ENSMUSG00000026921,informative,-0.015438856187264999,18004.39609,18679,33 Vascular,0.11687
ENSMUSG00000026923,informative,0.0271746733481447,11544.88443,12342,32 OEC,0
ENSMUSG00000026925,informative,0.48023800503153907,2601.011469,3818,25 Pineal Glut,4.75082e-05
ENSMUSG00000026928,uninformative,2.8592864946771206,134.6037277,1046,34 Immune,0.0285999
ENSMUSG00000026930,informative,0.93114877524683515,8051.832774,16103,05 OB-IMN GABA,0.00300885
ENSMUSG00000026933,informative,0.086144564679467295,26970.85026,30013,25 Pineal Glut,4.75082e-05
ENSMUSG00000026934,uninformative,0.92270132766946045,22.15235826,61,25 Pineal Glut,4.75082e-05
ENSMUSG00000026942,informative,1.9841860234761508,1500.239332,6238,34 Immune,0.0285999
ENSMUSG00000026959,informative,0.67014930143559059,76965.76924,128333,28 CB GABA,0
ENSMUSG00000026965,informative,2.3333874957809777,7155.618215,37805,31 OPC-Oligo,0.1627
ENSMUSG00000026970,informative,-1.4677840106897233,34297.35231,13007,33 Vascular,0.11687
ENSMUSG00000026971,uninformative,-1.1518157613149531,138.9327773,81,22 MB-HB Sero,1.58361e-05
ENSMUSG00000026974,informative,0.042893248698923199,5356.850549,5798,18 TH Glut,0.0535259
ENSMUSG00000026976,uninformative,0.26169380188471841,26.85098574,50,27 MY GABA,9.50164e-05
ENSMUSG00000026980,informative,0.37547950335511387,1012.822104,1401,33 Vascular,0.11687
ENSMUSG00000026981,uninformative,1.1327079234052506,2.03994706,22,08 CNU-MGE GABA,0.00696787
ENSMUSG00000026983,uninformative,0.51724361062641622,10.99298722,33,02 NP-CT-L6b Glut,0.046653
ENSMUSG00000026991,informative,-0.93035124182842399,56318.2947,30978,28 CB GABA,0
ENSMUSG00000027004,informative,1.672049143569488,1736.762173,5817,32 OEC,0
ENSMUSG00000027009,informative,-0.5697712753340769,5627.411143,3988,33 Vascular,0.11687
ENSMUSG00000027012,informative,-0.85308152896557965,51895.08432,30116,04 DG-IMN Glut,0.0288375
ENSMUSG00000027018,informative,1.3625151944262397,4009.670186,10820,33 Vascular,0.11687
ENSMUSG00000027030,informative,-0.14195468169993619,33825.62792,32135,05 OB-IMN GABA,0.00300885
ENSMUSG00000027035,informative,-2.8642131283015377,35317.1638,5097,07 CTX-MGE GABA,0.0224397
ENSMUSG00000027067,informative,1.2108537563599171,10277.6156,24943,25 Pineal Glut,4.75082e-05
ENSMUSG00000027070,uninformative,-0.037175671067463702,142.9498955,162,30 Astro-Epen,0.160404
ENSMUSG00000027071,weak,0.1086700926538212,335.3589138,395,25 Pineal Glut,4.75082e-05
ENSMUSG00000027082,informative,1.1230745605264305,1215.434068,2791,33 Vascular,0.11687
ENSMUSG00000027087,informative,0.023294192869662,21867.2717,23300,34 Immune,0.0285999
ENSMUSG00000027104,informative,-1.2715697421683982,50075.13233,21747,10 LSX GABA,0.000190033
ENSMUSG00000027107,uninformative,1.4103839351887002,57.88219002,179,04 DG-IMN Glut,0.0288375
ENSMUSG00000027109,informative,0.15179118498437319,15587.83488,18160,33 Vascular,0.11687
ENSMUSG00000027111,informative,-2.6071286463581052,16305.1038,2819,33 Vascular,0.11687
ENSMUSG00000027120,uninformative,3,0.05635530435,28,13 CNU-HYa Glut,0.0147909
ENSMUSG00000027131,informative,1.5504356146146829,10108.29128,31039,23 P Glut,6.33443e-05
ENSMUSG00000027162,informative,0.18046683114866849,14339.44293,17042,04 DG-IMN Glut,0.0288375
ENSMUSG00000027164,informative,-0.69540189039790423,7547.520128,4899,31 OPC-Oligo,0.1627
ENSMUSG00000027168,informative,-0.34782639719699648,2874.095288,2382,29 CB Glut,0
ENSMUSG00000027180,informative,1.0014119109325861,17157.90091,36006,32 OEC,0
ENSMUSG00000027184,informative,0.53640519248249308,42654.88301,64834,22 MB-HB Sero,1.58361e-05
ENSMUSG00000027187,informative,0.36053906006939829,6578.004403,8865,31 OPC-Oligo,0.1627
ENSMUSG00000027198,informative,0.30884895594640122,14902.18139,19357,32 OEC,0
ENSMUSG00000027200,informative,-1.93405640466273,82538.75903,22646,15 HY Gnrh1 Glut,1.58361e-05
ENSMUSG00000027203,informative,-1.45513331300711,7263.51257,2791,15 HY Gnrh1 Glut,1.58361e-05
ENSMUSG00000027204,informative,0.32212460601249859,3955.95815,5198,20 MB GABA,0.00742711
ENSMUSG00000027206,informative,0.79968233335972116,17986.69306,32821,15 HY Gnrh1 Glut,1.58361e-05
ENSMUSG00000027208,weak,0.5709824613473532,427.5319777,682,25 Pineal Glut,4.75082e-05
ENSMUSG00000027210,informative,-1.7269600044306583,96467.77896,30548,05 OB-IMN GABA,0.00300885
ENSMUSG00000027215,informative,-0.12805046305515269,6178.950145,5940,31 OPC-Oligo,0.1627
ENSMUSG00000027223,informative,2.2947390844210491,27507.31247,141439,31 OPC-Oligo,0.1627
ENSMUSG00000027239,informative,1.0055592804089699,3867.216016,8152,32 OEC,0
ENSMUSG00000027244,informative,1.3808377550073412,14972.4622,40870,25 Pineal Glut,4.75082e-05
ENSMUSG00000027248,informative,2.7882611812292013,20622.72756,149291,34 Immune,0.0285999
ENSMUSG00000027257,informative,1.7154190168329271,3465.190346,11941,32 OEC,0
ENSMUSG00000027261,uninformative,-0.30521126597070231,63.84307293,70,34 Immune,0.0285999
ENSMUSG00000027270,informative,1.0163695883772266,14376.84401,30487,06 CTX-CGE GABA,0.0131281
ENSMUSG00000027273,informative,0.59477145294319089,361058.3058,571317,25 Pineal Glut,4.75082e-05
ENSMUSG00000027274,informative,0.11083607919563759,3250.723928,3694,33 Vascular,0.11687
ENSMUSG00000027276,informative,1.2900462869317824,2437.641951,6263,33 Vascular,0.11687
ENSMUSG00000027282,informative,0.43672049257186851,15770.49308,22381,29 CB Glut,0
ENSMUSG00000027288,informative,-0.64510208823502346,38002.27559,25476,25 Pineal Glut,4.75082e-05
ENSMUSG00000027293,informative,-0.30710059112885107,4324.459633,3678,34 Immune,0.0285999
ENSMUSG00000027298,informative,1.3510221708896351,20054.49734,53617,31 OPC-Oligo,0.1627
ENSMUSG00000027301,weak,0.93031682266764182,412.6883598,833,14 HY Glut,0.00593852
ENSMUSG00000027303,informative,-0.86238001215801419,45761.75459,26396,31 OPC-Oligo,0.1627
ENSMUSG00000027304,informative,-1.4381952430906211,48033.02457,18587,01 IT-ET Glut,0.234215
ENSMUSG00000027314,informative,0.75601061903945344,1009.491087,1803,33 Vascular,0.11687
ENSMUSG00000027322,uninformative,3,23.99929126,312,34 Immune,0.0285999
ENSMUSG00000027323,weak,-0.66647441076525449,685.2182587,468,25 Pineal Glut,4.75082e-05
ENSMUSG00000027326,weak,-0.86848770298060418,228.9918157,147,05 OB-IMN GABA,0.00300885
ENSMUSG00000027331,weak,1.2308032227698451,433.3169349,1083,03 OB-CR Glut,0.000807639
ENSMUSG00000027332,informative,0.4320830279321326,17479.47133,24733,30 Astro-Epen,0.160404
ENSMUSG00000027342,informative,0.82007181374423077,5731.626061,10619,31 OPC-Oligo,0.1627
ENSMUSG00000027351,informative,-0.1606317587683945,63505.71178,59542,31 OPC-Oligo,0.1627
ENSMUSG00000027355,weak,0.66347433488399443,570.2497581,963,09 CNU-LGE GABA,0.0528766
ENSMUSG00000027356,uninformative,-1.1195673335337499,187.6854384,106,11 CNU-HYa GABA,0.0132548
ENSMUSG00000027358,informative,-0.25389056898884149,1526.308378,1357,33 Vascular,0.11687
ENSMUSG00000027360,weak,-0.95088691083248955,353.2100904,207,12 HY GABA,0.0167704
ENSMUSG00000027361,informative,0.29410601742110831,6715.226916,8643,34 Immune,0.0285999
ENSMUSG00000027364,informative,-3,5551.695553,194,29 CB Glut,0
ENSMUSG00000027365,informative,-0.8722805620034414,28292.52684,16209,25 Pineal Glut,4.75082e-05
ENSMUSG00000027376,uninformative,0.89254329925819254,68.91265061,151,32 OEC,0
ENSMUSG00000027379,uninformative,1.9583466529645508,9.802464156,59,05 OB-IMN GABA,0.00300885
ENSMUSG00000027381,informative,-0.11193948843579329,2250.637306,2198,34 Immune,0.0285999
ENSMUSG00000027399,weak,-1.6220606584814701,971.4034139,346,34 Immune,0.0285999
ENSMUSG00000027400,informative,1.7871484557686472,5869.488309,21243,09 CNU-LGE GABA,0.0528766
ENSMUSG00000027412,uninformative,1.1499058010890979,148.6765311,363,33 Vascular,0.11687
ENSMUSG00000027420,uninformative,1.311921922809425,123.9351628,340,03 OB-CR Glut,0.000807639
ENSMUSG00000027423,informative,0.85579884943127227,14568.06496,27640,34 Immune,0.0285999
ENSMUSG00000027425,informative,1.2766340068933939,7373.814671,18735,03 OB-CR Glut,0.000807639
ENSMUSG00000027434,informative,-0.14892208902785439,3298.549491,3133,31 OPC-Oligo,0.1627
ENSMUSG00000027435,informative,-0.62498428887154134,4010.009771,2740,33 Vascular,0.11687
ENSMUSG00000027452,informative,-0.22740627482604869,11332.72353,10158,30 Astro-Epen,0.160404
ENSMUSG00000027457,informative,-0.0612400102339671,31618.62506,31767,28 CB GABA,0
ENSMUSG00000027460,uninformative,0.63731512070154273,41.32989311,84,24 MY Glut,0.00326223
ENSMUSG00000027463,weak,1.2284285370629464,730.9831865,1812,33 Vascular,0.11687
ENSMUSG00000027466,informative,0.81648511372548183,9868.015275,18225,33 Vascular,0.11687
ENSMUSG00000027475,informative,0.17884905830135639,16698.68426,19821,07 CTX-MGE GABA,0.0224397
ENSMUSG00000027478,weak,-1.5301938809641635,550.2897688,215,33 Vascular,0.11687
ENSMUSG00000027479,informative,-0.052391636039252898,23689.46079,23951,15 HY Gnrh1 Glut,1.58361e-05
ENSMUSG00000027485,uninformative,0.38296186058734771,31.19296009,59,10 LSX GABA,0.000190033
ENSMUSG00000027488,informative,-0.1830401042711188,11691.63452,10806,30 Astro-Epen,0.160404
ENSMUSG00000027490,informative,1.1546562621920318,1774.285219,4156,25 Pineal Glut,4.75082e-05
ENSMUSG00000027495,informative,-0.27448717827191882,4982.79383,4332,21 MB Dopa,0
ENSMUSG00000027496,uninformative,1.0800464845444031,166.9377988,387,05 OB-IMN GABA,0.00300885
ENSMUSG00000027499,informative,-1.4873768558854541,53961.7033,20180,19 MB Glut,0.00308803
ENSMUSG00000027500,informative,0.71971142108468522,83583.83899,144237,15 HY Gnrh1 Glut,1.58361e-05
ENSMUSG00000027509,informative,0.58642332051609536,6518.241798,10271,04 DG-IMN Glut,0.0288375
ENSMUSG00000027514,uninformative,2.0983722399348719,33.3204467,169,34 Immune,0.0285999
ENSMUSG00000027524,informative,-0.68229315987097938,1679.125441,1112,33 Vascular,0.11687
ENSMUSG00000027530,uninformative,-0.7940430576948333,139.642929,100,25 Pineal Glut,4.75082e-05
ENSMUSG00000027536,weak,-1.4978020222777466,341.2808209,142,33 Vascular,0.11687
ENSMUSG00000027540,informative,-0.89572339035920157,19175.67335,10814,34 Immune,0.0285999
ENSMUSG00000027544,informative,0.51604368351600782,3549.720245,5335,34 Immune,0.0285999
ENSMUSG00000027547,uninformative,-1.5279033192054874,59.50608659,37,15 HY Gnrh1 Glut,1.58361e-05
ENSMUSG00000027552,informative,0.65270467239701779,4639.735823,7659,30 Astro-Epen,0.160404
ENSMUSG00000027568,informative,-0.276470954920083,1383.929867,1213,21 MB Dopa,0
ENSMUSG00000027570,informative,1.9719329048728087,1739.068486,7167,10 LSX GABA,0.000190033
ENSMUSG00000027577,informative,0.843001550039439,6024.335845,11339,21 MB Dopa,0
ENSMUSG00000027583,informative,-0.87936021641230688,5478.691301,3136,33 Vascular,0.11687
ENSMUSG00000027584,informative,-0.39576107953685191,5193.810424,4160,14 HY Glut,0.00593852
ENSMUSG00000027589,informative,0.30914494851639701,22093.43566,28696,25 Pineal Glut,4.75082e-05
ENSMUSG00000027596,informative,-3,1457.809908,81,29 CB Glut,0
ENSMUSG00000027598,informative,-0.34310936704560813,40040.50209,33088,31 OPC-Oligo,0.1627
ENSMUSG00000027602,informative,0.15747773514869609,74951.28207,87594,03 OB-CR Glut,0.000807639
ENSMUSG00000027605,informative,0.91767370193718878,13527.98194,26792,30 Astro-Epen,0.160404
ENSMUSG00000027624,informative,0.70469753859199735,47118.53681,80476,29 CB Glut,0
ENSMUSG00000027630,informative,-0.89735601263181441,28322.81211,15947,34 Immune,0.0285999
ENSMUSG00000027639,informative,0.1334969767154339,6204.467811,7147,33 Vascular,0.11687
ENSMUSG00000027641,informative,-0.72590839960170561,1036.112004,672,15 HY Gnrh1 Glut,1.58361e-05
ENSMUSG00000027643,uninformative,-0.348278957856338,107.119575,104,12 HY GABA,0.0167704
ENSMUSG00000027646,informative,-1.2584116915324317,13463.8145,5912,32 OEC,0
ENSMUSG00000027654,weak,2.4576923813241609,529.6136022,3069,31 OPC-Oligo,0.1627
ENSMUSG00000027665,informative,-2.7751590218264588,34483.57957,5293,27 MY GABA,9.50164e-05
ENSMUSG00000027668,informative,0.53910125544505172,16542.37228,25201,30 Astro-Epen,0.160404
ENSMUSG00000027670,uninformative,-3,10.34150391,16,32 OEC,0
ENSMUSG00000027671,informative,0.1063389834612585,5539.499868,6264,34 Immune,0.0285999
ENSMUSG00000027678,informative,0.4911846785399327,12308.45868,18143,34 Immune,0.0285999
ENSMUSG00000027680,informative,-0.89527443783389182,26055.83341,14693,31 OPC-Oligo,0.1627
ENSMUSG00000027684,informative,-3,12726.74287,1365,33 Vascular,0.11687
ENSMUSG00000027690,uninformative,-2.1064515352589011,122.23757,45,03 OB-CR Glut,0.000807639
ENSMUSG00000027695,informative,-0.89359613296204454,8511.953384,4816,34 Immune,0.0285999
ENSMUSG00000027699,uninformative,0.3160726217096026,190.6528875,265,05 OB-IMN GABA,0.00300885
ENSMUSG00000027714,informative,1.5195866922773993,3796.348201,11422,34 Immune,0.0285999
ENSMUSG00000027715,weak,2.0254615288061619,210.6927936,918,05 OB-IMN GABA,0.00300885
ENSMUSG00000027716,informative,0.12720123216473389,10518.93704,12053,33 Vascular,0.11687
ENSMUSG00000027718,uninformative,2.5653376860617136,2.867460666,39,24 MY Glut,0.00326223
ENSMUSG00000027719,uninformative,0.47333873626798539,11.36357463,33,27 MY GABA,9.50164e-05
ENSMUSG00000027720,weak,-1.6195918371004394,248.2486691,100,34 Immune,0.0285999
ENSMUSG00000027744,uninformative,1.0103032509318299,118.3965777,267,32 OEC,0
ENSMUSG00000027748,informative,-0.81868990270691488,12380.76941,7370,10 LSX GABA,0.000190033
ENSMUSG00000027750,weak,0.97552306399818844,279.0649748,584,32 OEC,0
ENSMUSG00000027751,informative,-0.98567334428091602,14503.03683,7689,34 Immune,0.0285999
ENSMUSG00000027762,uninformative,2.4761829818966739,0.8840812847,26,17 MH-LH Glut,0.00120354
ENSMUSG00000027763,informative,-1.3514378807673235,50526.64756,20762,34 Immune,0.0285999
ENSMUSG00000027765,informative,-0.62935401410269554,1661.407023,1141,03 OB-CR Glut,0.000807639
ENSMUSG00000027776,informative,-3,1370.811254,160,01 IT-ET Glut,0.234215
ENSMUSG00000027793,uninformative,1.5338035534223096,134.8032226,427,07 CTX-MGE GABA,0.0224397
ENSMUSG00000027794,uninformative,-1.880858003639426,2.515162833,10,02 NP-CT-L6b Glut,0.046653
ENSMUSG00000027796,informative,0.36748601336490683,2150.386538,2923,22 MB-HB Sero,1.58361e-05
ENSMUSG00000027803,informative,-1.9308043661999856,9562.205569,2643,33 Vascular,0.11687
ENSMUSG00000027810,informative,0.16551241111190301,11433.79454,13452,03 OB-CR Glut,0.000807639
ENSMUSG00000027820,informative,0.36714539966850429,2847.970154,3865,17 MH-LH Glut,0.00120354
ENSMUSG00000027832,uninformative,1.4758599609153624,21.64176313,81,28 CB GABA,0
ENSMUSG00000027833,informative,-0.59775663068614926,12572.65142,8720,18 TH Glut,0.0535259
ENSMUSG00000027834,informative,0.74359112453238663,40210.95678,70557,07 CTX-MGE GABA,0.0224397
ENSMUSG00000027840,weak,0.4971099870420882,520.3759921,786,29 CB Glut,0
ENSMUSG00000027843,weak,-2.6973638059738758,871.7855003,156,29 CB Glut,0
ENSMUSG00000027849,informative,-1.4032332051709104,9331.835455,3712,17 MH-LH Glut,0.00120354
ENSMUSG00000027852,informative,-1.928080061943052,15333.77014,4237,31 OPC-Oligo,0.1627
ENSMUSG00000027855,uninformative,1.8195596127600391,13.05649719,67,28 CB GABA,0
ENSMUSG00000027857,uninformative,-2.818765367871543,93.16947702,29,31 OPC-Oligo,0.1627
ENSMUSG00000027859,weak,1.1499330645432031,970.6269444,2274,25 Pineal Glut,4.75082e-05
ENSMUSG00000027860,informative,-0.28205758280279991,5477.871034,4736,18 TH Glut,0.0535259
ENSMUSG00000027861,informative,0.4053324792363831,1033.863547,1451,33 Vascular,0.11687
ENSMUSG00000027863,uninformative,-0.3689290582014409,84.0269993,84,33 Vascular,0.11687
ENSMUSG00000027878,informative,0.75185609483808491,6244.411811,11034,32 OEC,0
ENSMUSG00000027879,informative,0.60145269437091753,11321.52938,18014,25 Pineal Glut,4.75082e-05
ENSMUSG00000027883,informative,1.5937456853319372,2763.682032,8758,32 OEC,0
ENSMUSG00000027887,weak,1.2838401079501951,668.9067366,1724,30 Astro-Epen,0.160404
ENSMUSG00000027895,informative,0.70498265976673735,13049.87403,22305,27 MY GABA,9.50164e-05
ENSMUSG00000027931,weak,1.7189605679564757,474.1894066,1654,17 MH-LH Glut,0.00120354
ENSMUSG00000027936,informative,-0.14575124498457809,3530.996721,3360,33 Vascular,0.11687
ENSMUSG00000027947,informative,0.066143257583954798,2788.708332,3075,34 Immune,0.0285999
ENSMUSG00000027950,informative,1.6488614546442968,5112.623258,16816,18 TH Glut,0.0535259
ENSMUSG00000027951,informative,0.1148717538497572,31560.00299,35823,27 MY GABA,9.50164e-05
ENSMUSG00000027954,informative,1.2365793390936064,1031.048168,2563,33 Vascular,0.11687
ENSMUSG00000027959,informative,0.2072901968341104,3721.636167,4518,31 OPC-Oligo,0.1627
ENSMUSG00000027962,informative,0.47854544730374449,4634.423055,6782,34 Immune,0.0285999
ENSMUSG00000027965,informative,-1.4950184691562629,43428.0157,16158,29 CB Glut,0
ENSMUSG00000027967,uninformative,0.8615276453154056,114.031604,234,27 MY GABA,9.50164e-05
ENSMUSG00000027977,informative,-2.5112244247580651,27961.88012,5154,29 CB Glut,0
ENSMUSG00000027984,informative,1.9753233481337249,3135.522344,12937,32 OEC,0
ENSMUSG00000027985,informative,-1.9502486155080607,23095.49325,6277,33 Vascular,0.11687
ENSMUSG00000027993,informative,-1.0132963937669539,120282.0488,62449,31 OPC-Oligo,0.1627
ENSMUSG00000027994,informative,-1.7566365214733266,1118.077863,362,15 HY Gnrh1 Glut,1.58361e-05
ENSMUSG00000027995,weak,1.2478566457993954,300.4119012,765,34 Immune,0.0285999
ENSMUSG00000027996,weak,-2.1223400780426331,522.5445448,141,08 CNU-MGE GABA,0.00696787
ENSMUSG00000028001,uninformative,1.4586543027076069,1.427999193,14,05 OB-IMN GABA,0.00300885
ENSMUSG00000028004,informative,1.2004569972370691,2087.195135,5043,06 CTX-CGE GABA,0.0131281
ENSMUSG00000028010,informative,0.73068571433543039,5115.083418,8910,07 CTX-MGE GABA,0.0224397
ENSMUSG00000028023,uninformative,0.1004620050631945,77.32702093,103,16 HY MM Glut,0
ENSMUSG00000028030,informative,-0.24025029892264299,21661.73769,19230,25 Pineal Glut,4.75082e-05
ENSMUSG00000028031,informative,-3,1659.29922,213,02 NP-CT-L6b Glut,0.046653
ENSMUSG00000028034,informative,-0.65729841592242044,34984.69496,23257,05 OB-IMN GABA,0.00300885
ENSMUSG00000028036,uninformative,1.2998278052419721,199.0321086,531,33 Vascular,0.11687
ENSMUSG00000028037,weak,-0.3818499142339366,394.4613998,333,33 Vascular,0.11687
ENSMUSG00000028039,informative,0.93271522903973125,7640.088782,15297,01 IT-ET Glut,0.234215
ENSMUSG00000028042,informative,-0.59894829226517932,2472.42121,1726,31 OPC-Oligo,0.1627
ENSMUSG00000028044,weak,-0.48200221201116561,698.8320541,540,15 HY Gnrh1 Glut,1.58361e-05
ENSMUSG00000028048,informative,2.573904207791184,1841.463872,11509,34 Immune,0.0285999
ENSMUSG00000028051,informative,0.59337982341403162,2406.64574,3821,25 Pineal Glut,4.75082e-05
ENSMUSG00000028053,informative,-1.2220432832378303,81462.10022,36603,05 OB-IMN GABA,0.00300885
ENSMUSG00000028062,informative,0.035962829510451197,28284.87365,30399,25 Pineal Glut,4.75082e-05
ENSMUSG00000028063,informative,0.86865124952486994,7289.744403,13971,33 Vascular,0.11687
ENSMUSG00000028064,informative,-0.2067085302312418,7435.067227,6766,30 Astro-Epen,0.160404
ENSMUSG00000028068,uninformative,0.69565660836690535,33.16994203,73,25 Pineal Glut,4.75082e-05
ENSMUSG00000028072,uninformative,3,46.52835551,617,08 CNU-MGE GABA,0.00696787
ENSMUSG00000028076,uninformative,1.288387345336538,132.6328157,357,34 Immune,0.0285999
ENSMUSG00000028086,informative,0.1581778292172295,65594.36395,76705,01 IT-ET Glut,0.234215
ENSMUSG00000028101,informative,0.33100573182838211,3037.847352,4020,32 OEC,0
ENSMUSG00000028111,informative,-1.0075318030730422,2357.273864,1244,31 OPC-Oligo,0.1627
ENSMUSG00000028114,informative,0.59097390990825072,4580.284095,7245,31 OPC-Oligo,0.1627
ENSMUSG00000028125,weak,1.260512555583883,733.6082354,1859,25 Pineal Glut,4.75082e-05
ENSMUSG00000028127,informative,1.5378786167215306,13942.55756,42443,32 OEC,0
ENSMUSG00000028128,informative,-0.39421236289675671,16715.7708,13342,30 Astro-Epen,0.160404
ENSMUSG00000028136,informative,-0.86449403933517555,28572.93404,16458,27 MY GABA,9.50164e-05
ENSMUSG00000028138,informative,2.9960386047969032,3366.325868,28162,15 HY Gnrh1 Glut,1.58361e-05
ENSMUSG00000028150,weak,0.65704024602905553,281.6596397,482,25 Pineal Glut,4.75082e-05
ENSMUSG00000028156,informative,-0.55038403300658367,28496.52575,20403,22 MB-HB Sero,1.58361e-05
ENSMUSG00000028158,informative,-2.5330090011146531,6097.530162,1119,25 Pineal Glut,4.75082e-05
ENSMUSG00000028163,informative,-1.2801367383858671,19358.76018,8367,34 Immune,0.0285999
ENSMUSG00000028165,informative,0.42093386383197362,22663.94559,31807,32 OEC,0
ENSMUSG00000028172,informative,-1.2197406587620483,1121.534838,528,21 MB Dopa,0
ENSMUSG00000028173,informative,-0.36221212802127389,19456.64282,15875,32 OEC,0
ENSMUSG00000028174,weak,-1.6428339241295151,484.7777368,178,30 Astro-Epen,0.160404
ENSMUSG00000028179,informative,0.88787880453083923,1143.528886,2234,30 Astro-Epen,0.160404
ENSMUSG00000028184,informative,-1.0974061938187618,35364.12557,17332,33 Vascular,0.11687
ENSMUSG00000028191,informative,-0.28277418299070273,4988.281438,4312,34 Immune,0.0285999
ENSMUSG00000028194,informative,-0.61679349243120185,23914.28283,16363,30 Astro-Epen,0.160404
ENSMUSG00000028195,informative,-0.15358808969053309,4514.222181,4268,33 Vascular,0.11687
ENSMUSG00000028197,informative,-0.3309020662070471,1023.007228,868,03 OB-CR Glut,0.000807639
ENSMUSG00000028214,informative,-0.36794336301813751,1425.304422,1181,15 HY Gnrh1 Glut,1.58361e-05
ENSMUSG00000028218,informative,0.23896814998448981,17848.09516,22085,23 P Glut,6.33443e-05
ENSMUSG00000028222,informative,0.51552252235567508,26074.23798,39077,16 HY MM Glut,0
ENSMUSG00000028223,informative,1.6531512427284825,1660.746671,5491,30 Astro-Epen,0.160404
ENSMUSG00000028224,informative,0.80432291948549328,3735.168663,6851,32 OEC,0
ENSMUSG00000028226,informative,-2.5309101108240331,80158.59918,14547,04 DG-IMN Glut,0.0288375
ENSMUSG00000028233,informative,-2.0456667566388451,14831.20011,3779,34 Immune,0.0285999
ENSMUSG00000028236,uninformative,-1.8279433681312669,2.38857073,16,08 CNU-MGE GABA,0.00696787
ENSMUSG00000028238,uninformative,0.81361584684847577,9.308893951,34,34 Immune,0.0285999
ENSMUSG00000028240,uninformative,-0.099161640640633306,0.02235423245,15,17 MH-LH Glut,0.00120354
ENSMUSG00000028249,informative,0.73159006373072333,23501.60024,40903,34 Immune,0.0285999
ENSMUSG00000028262,uninformative,-0.89386704336360334,64.59089703,52,32 OEC,0
ENSMUSG00000028266,informative,-0.48546281358209942,95690.93678,71627,32 OEC,0
ENSMUSG00000028268,informative,-0.23850123233413989,1138.515859,1027,33 Vascular,0.11687
ENSMUSG00000028270,weak,1.385397695165989,434.8520268,1208,33 Vascular,0.11687
ENSMUSG00000028271,informative,0.73325337083099107,5794.956803,10110,15 HY Gnrh1 Glut,1.58361e-05
ENSMUSG00000028278,informative,1.2597594777238581,15298.43304,38407,05 OB-IMN GABA,0.00300885
ENSMUSG00000028284,informative,0.15130045670535791,15606.02956,18175,30 Astro-Epen,0.160404
ENSMUSG00000028289,informative,-0.97118920659649421,39251.88665,20993,04 DG-IMN Glut,0.0288375
ENSMUSG00000028298,uninformative,-2.1397039207133206,3.20596673,15,25 Pineal Glut,4.75082e-05
ENSMUSG00000028309,informative,-1.3769905022348348,15224.61646,6157,31 OPC-Oligo,0.1627
ENSMUSG00000028310,uninformative,1.3840100177468553,187.3284114,530,32 OEC,0
ENSMUSG00000028318,weak,2.3748042612530211,673.9799434,3683,15 HY Gnrh1 Glut,1.58361e-05
ENSMUSG00000028327,uninformative,1.3740638320821617,10.40910533,46,10 LSX GABA,0.000190033
ENSMUSG00000028329,informative,-0.49795221034101622,7998.610901,5950,03 OB-CR Glut,0.000807639
ENSMUSG00000028339,informative,-0.56619979905327011,2192.214402,1567,34 Immune,0.0285999
ENSMUSG00000028341,informative,-0.16073159269614001,8051.101149,7562,01 IT-ET Glut,0.234215
ENSMUSG00000028343,informative,0.4839813240160914,12588.45079,18463,30 Astro-Epen,0.160404
ENSMUSG00000028344,informative,-1.1182552359567814,8922.852476,4322,15 HY Gnrh1 Glut,1.58361e-05
ENSMUSG00000028360,informative,-2.447023008237128,16986.36806,3279,06 CTX-CGE GABA,0.0131281
ENSMUSG00000028364,informative,0.70427498900276775,1871.179342,3211,30 Astro-Epen,0.160404
ENSMUSG00000028378,uninformative,3,100.7894351,1589,04 DG-IMN Glut,0.0288375
ENSMUSG00000028385,informative,-0.087879619820041097,20462.27494,20196,31 OPC-Oligo,0.1627
ENSMUSG00000028397,informative,-1.4256071070034635,27378.85864,10694,25 Pineal Glut,4.75082e-05
ENSMUSG00000028426,informative,0.82710053626785374,32068.70683,59626,10 LSX GABA,0.000190033
ENSMUSG00000028435,uninformative,1.1321705443248258,3.786378569,18,09 CNU-LGE GABA,0.0528766
ENSMUSG00000028437,informative,0.1840325661277192,9886.589211,11784,32 OEC,0
ENSMUSG00000028438,informative,-1.6827579470541858,1485.067912,500,25 Pineal Glut,4.75082e-05
ENSMUSG00000028447,informative,-0.97218445072251436,20678.17529,11059,01 IT-ET Glut,0.234215
ENSMUSG00000028452,informative,-1.434449671828564,36225.18041,14058,15 HY Gnrh1 Glut,1.58361e-05
ENSMUSG00000028456,informative,-0.90937814115739224,20806.51655,11622,25 Pineal Glut,4.75082e-05
ENSMUSG00000028459,weak,0.3793439060440667,200.0396991,289,25 Pineal Glut,4.75082e-05
ENSMUSG00000028465,informative,-2.0266380976798595,17537.99138,4525,34 Immune,0.0285999
ENSMUSG00000028467,informative,2.2575745022300979,4783.925949,23988,25 Pineal Glut,4.75082e-05
ENSMUSG00000028487,weak,1.0479900456969908,565.8484767,1243,32 OEC,0
ENSMUSG00000028488,informative,-0.72264598081194165,98071.38047,62282,29 CB Glut,0
ENSMUSG00000028494,informative,1.0673908526998874,1240.530475,2741,32 OEC,0
ENSMUSG00000028517,informative,-0.0092315168943087004,80688.91082,84025,30 Astro-Epen,0.160404
ENSMUSG00000028518,informative,-0.1362671622414007,18220.98524,17386,18 TH Glut,0.0535259
ENSMUSG00000028527,informative,-0.93518185414444421,7892.198954,4340,29 CB Glut,0
ENSMUSG00000028530,informative,-0.020109536520072,30387.27127,31421,34 Immune,0.0285999
ENSMUSG00000028542,informative,0.2020535257778556,13203.82959,15930,30 Astro-Epen,0.160404
ENSMUSG00000028546,informative,-1.2523570910849768,50510.91368,22230,27 MY GABA,9.50164e-05
ENSMUSG00000028551,weak,1.2049096299987672,539.3087045,1320,32 OEC,0
ENSMUSG00000028552,informative,0.72125431970059872,43366.02672,74931,30 Astro-Epen,0.160404
ENSMUSG00000028553,weak,-3,273.2891337,42,28 CB GABA,0
ENSMUSG00000028556,informative,-2.1440113671260104,30806.95301,7318,32 OEC,0
ENSMUSG00000028565,informative,-3,97387.31774,12241,30 Astro-Epen,0.160404
ENSMUSG00000028583,informative,0.46720351783099412,2572.155356,3742,25 Pineal Glut,4.75082e-05
ENSMUSG00000028587,weak,-3,891.8391838,74,30 Astro-Epen,0.160404
ENSMUSG00000028599,weak,1.5378011878414262,873.7193288,2676,34 Immune,0.0285999
ENSMUSG00000028607,informative,1.2582314745295162,1107.048342,2792,33 Vascular,0.11687
ENSMUSG00000028609,informative,1.1565849927735421,5235.12347,12245,33 Vascular,0.11687
ENSMUSG00000028613,informative,0.1197051385580791,20055.69768,22855,05 OB-IMN GABA,0.00300885
ENSMUSG00000028614,informative,0.37478027286401472,3696.366041,5038,32 OEC,0
ENSMUSG00000028626,informative,1.4431268296804285,1238.079081,3545,32 OEC,0
ENSMUSG00000028640,uninformative,1.2644310744357516,20.05050527,68,03 OB-CR Glut,0.000807639
ENSMUSG00000028641,informative,-0.059744934173263903,2322.836787,2351,30 Astro-Epen,0.160404
ENSMUSG00000028645,informative,0.69188709375894819,31616.76518,53528,33 Vascular,0.11687
ENSMUSG00000028654,informative,0.24316903063804951,2193.196719,2736,04 DG-IMN Glut,0.0288375
ENSMUSG00000028655,informative,0.43787330433181337,8215.941734,11677,33 Vascular,0.11687
ENSMUSG00000028657,informative,1.3206081444070199,22510.87638,58935,34 Immune,0.0285999
ENSMUSG00000028664,informative,-1.4989695558619616,10665.46371,3969,29 CB Glut,0
ENSMUSG00000028669,informative,-1.9877068112269085,16332.87837,4330,25 Pineal Glut,4.75082e-05
ENSMUSG00000028677,informative,-1.1691642301651988,77965.79895,36340,31 OPC-Oligo,0.1627
ENSMUSG00000028678,uninformative,2.0094115002700863,20.33153758,105,15 HY Gnrh1 Glut,1.58361e-05
ENSMUSG00000028680,informative,0.84278015737459644,2498.051797,4711,34 Immune,0.0285999
ENSMUSG00000028681,weak,-1.5327180814536745,719.7066114,276,32 OEC,0
ENSMUSG00000028701,informative,-0.83268937316976221,4473.025633,2647,29 CB Glut,0
ENSMUSG00000028702,weak,-0.17653447472044631,362.4979941,352,15 HY Gnrh1 Glut,1.58361e-05
ENSMUSG00000028707,uninformative,1.4563012706302652,25.77407005,100,27 MY GABA,9.50164e-05
ENSMUSG00000028708,informative,0.59143957356045951,4891.094581,7738,34 Immune,0.0285999
ENSMUSG00000028717,informative,-1.3233470668809859,1016.445271,441,34 Immune,0.0285999
ENSMUSG00000028730,weak,0.32343021605838229,323.9239312,441,32 OEC,0
ENSMUSG00000028736,uninformative,-3,173.3091728,34,26 P GABA,0.00280298
ENSMUSG00000028737,informative,0.77507575621810654,4793.301144,8611,15 HY Gnrh1 Glut,1.58361e-05
ENSMUSG00000028738,uninformative,3,1.987638287,55,15 HY Gnrh1 Glut,1.58361e-05
ENSMUSG00000028749,uninformative,2.4582658208017625,36.85849292,233,04 DG-IMN Glut,0.0288375
ENSMUSG00000028751,uninformative,2.831434259604213,1.143311354,31,14 HY Glut,0.00593852
ENSMUSG00000028756,informative,1.8853855974503408,20577.1374,79678,27 MY GABA,9.50164e-05
ENSMUSG00000028760,informative,-0.29805702954989138,77605.75227,66157,28 CB GABA,0
ENSMUSG00000028763,informative,1.229083498348833,2309.598037,5690,33 Vascular,0.11687
ENSMUSG00000028766,informative,1.893328561142777,1733.736341,6767,33 Vascular,0.11687
ENSMUSG00000028773,informative,0.1240863822634642,22257.03832,25430,28 CB GABA,0
ENSMUSG00000028777,uninformative,-1.6190294236649412,1.931751739,14,32 OEC,0
ENSMUSG00000028778,weak,0.89949854431461851,339.7520048,681,22 MB-HB Sero,1.58361e-05
ENSMUSG00000028780,informative,-1.0628076035118399,17857.68718,8972,33 Vascular,0.11687
ENSMUSG00000028789,informative,-2.592964729921504,6747.893207,1187,25 Pineal Glut,4.75082e-05
ENSMUSG00000028790,informative,0.17676890413500981,34950.41498,41408,05 OB-IMN GABA,0.00300885
ENSMUSG00000028796,informative,-0.95772750390010242,28843.60652,15575,34 Immune,0.0285999
ENSMUSG00000028798,informative,0.84313687251903702,11451.07322,21540,15 HY Gnrh1 Glut,1.58361e-05
ENSMUSG00000028800,informative,-0.58551530535540275,7879.027831,5517,34 Immune,0.0285999
ENSMUSG00000028809,informative,0.60884593776023521,36395.89101,58171,25 Pineal Glut,4.75082e-05
ENSMUSG00000028811,informative,1.4399402289894592,13183.44308,37493,28 CB GABA,0
ENSMUSG00000028820,informative,1.6197725208308615,33658.19655,108396,34 Immune,0.0285999
ENSMUSG00000028834,uninformative,1.0408319508362418,32.85757475,88,23 P Glut,6.33443e-05
ENSMUSG00000028838,informative,0.98351117541993438,5461.310891,11339,30 Astro-Epen,0.160404
ENSMUSG00000028842,informative,-1.3412734468538221,38416.4405,15901,31 OPC-Oligo,0.1627
ENSMUSG00000028854,informative,0.077698810492845605,10679.96278,11825,34 Immune,0.0285999
ENSMUSG00000028859,informative,0.043898159959368403,1815.483822,1977,34 Immune,0.0285999
ENSMUSG00000028863,informative,-0.47169375528588159,19189.32394,14514,15 HY Gnrh1 Glut,1.58361e-05
ENSMUSG00000028864,informative,-0.59137341325946013,2403.38485,1687,01 IT-ET Glut,0.234215
ENSMUSG00000028871,informative,-0.47345134820772772,4300.502521,3261,32 OEC,0
ENSMUSG00000028873,weak,0.83973837827781361,358.9628704,690,05 OB-IMN GABA,0.00300885
ENSMUSG00000028874,uninformative,-0.84169607698347004,70.81393109,57,15 HY Gnrh1 Glut,1.58361e-05
ENSMUSG00000028876,informative,-0.45010289198637099,13899.88747,10676,21 MB Dopa,0
ENSMUSG00000028883,informative,-0.43160379902555779,12011.97128,9347,13 CNU-HYa Glut,0.0147909
ENSMUSG00000028886,informative,-1.5722887519300659,13631.26352,4818,25 Pineal Glut,4.75082e-05
ENSMUSG00000028890,informative,-0.69405100447771884,11867.07846,7701,25 Pineal Glut,4.75082e-05
ENSMUSG00000028893,informative,0.73181088158262819,2313.949194,4043,28 CB GABA,0
ENSMUSG00000028894,informative,0.1757362113764355,9812.639888,11629,16 HY MM Glut,0
ENSMUSG00000028899,informative,0.1112744316757987,7569.637786,8583,25 Pineal Glut,4.75082e-05
ENSMUSG00000028906,informative,-0.26978156436314321,21344.51561,18565,29 CB Glut,0
ENSMUSG00000028909,informative,1.8930478093982392,6596.247966,25696,21 MB Dopa,0
ENSMUSG00000028911,informative,1.0140641436612532,15853.06103,33562,33 Vascular,0.11687
ENSMUSG00000028914,informative,0.95116097131075439,2847.870094,5786,25 Pineal Glut,4.75082e-05
ENSMUSG00000028927,informative,1.2663008910017253,5136.577284,12963,25 Pineal Glut,4.75082e-05
ENSMUSG00000028931,informative,2.0149931675362933,19384.31432,82106,04 DG-IMN Glut,0.0288375
ENSMUSG00000028932,informative,2.0269602546834098,8984.066048,38381,33 Vascular,0.11687
ENSMUSG00000028933,informative,0.86639352700976324,1270.642274,2444,30 Astro-Epen,0.160404
ENSMUSG00000028938,uninformative,2.3459429676839108,3.87814731,41,25 Pineal Glut,4.75082e-05
ENSMUSG00000028940,uninformative,1.5701681881074672,0.2805159374,19,24 MY Glut,0.00326223
ENSMUSG00000028943,weak,-2.1406389927683707,596.566492,157,27 MY GABA,9.50164e-05
ENSMUSG00000028945,informative,-0.022463869704621501,37332.40419,38534,28 CB GABA,0
ENSMUSG00000028949,informative,0.8545175882316064,12882.36938,24422,13 CNU-HYa Glut,0.0147909
ENSMUSG00000028950,weak,-0.96165218603013336,242.4751513,146,24 MY Glut,0.00326223
ENSMUSG00000028955,informative,1.0674736328012251,6899.014811,15166,31 OPC-Oligo,0.1627
ENSMUSG00000028957,informative,-1.0736327174628078,15129.5879,7547,30 Astro-Epen,0.160404
ENSMUSG00000028963,uninformative,0.18144999508363049,28.44396981,50,15 HY Gnrh1 Glut,1.58361e-05
ENSMUSG00000028964,informative,1.1955275980843592,22025.57883,52870,25 Pineal Glut,4.75082e-05
ENSMUSG00000028965,weak,-1.710856521479031,551.9724787,192,09 CNU-LGE GABA,0.0528766
ENSMUSG00000028969,informative,0.64026396649802697,12443.52182,20337,31 OPC-Oligo,0.1627
ENSMUSG00000028970,informative,-1.8424160746238345,2767.937293,824,34 Immune,0.0285999
ENSMUSG00000028971,informative,0.060468785639162297,2435.426236,2677,07 CTX-MGE GABA,0.0224397
ENSMUSG00000028973,informative,-0.2510227508762844,5659.995037,4999,31 OPC-Oligo,0.1627
ENSMUSG00000028976,weak,2.4046574688024238,659.435323,3679,34 Immune,0.0285999
ENSMUSG00000028977,informative,-1.4307861929002299,2235.001203,884,25 Pineal Glut,4.75082e-05
ENSMUSG00000028978,informative,0.17701117847457129,3313.466275,3941,33 Vascular,0.11687
ENSMUSG00000028988,informative,-0.90175674057239275,19384.43045,10886,17 MH-LH Glut,0.00120354
ENSMUSG00000028991,informative,0.43423262854366729,16103.56734,22822,30 Astro-Epen,0.160404
ENSMUSG00000029003,informative,1.3688552825653106,2098.830625,5697,03 OB-CR Glut,0.000807639
ENSMUSG00000029004,informative,-0.87860999631981718,68899.4464,39278,33 Vascular,0.11687
ENSMUSG00000029007,informative,-0.61866150561165478,1301.807674,904,25 Pineal Glut,4.75082e-05
ENSMUSG00000029009,informative,-0.62216644221745609,4766.097899,3260,25 Pineal Glut,4.75082e-05
ENSMUSG00000029015,uninformative,1.2868345229757032,86.22648487,238,09 CNU-LGE GABA,0.0528766
ENSMUSG00000029019,uninformative,1.0477107511512438,4.994618908,28,24 MY Glut,0.00326223
ENSMUSG00000029020,informative,0.87446316247624545,24024.0257,46163,18 TH Glut,0.0535259
ENSMUSG00000029026,weak,-0.23889434151081759,344.7646965,322,03 OB-CR Glut,0.000807639
ENSMUSG00000029027,informative,0.55920574833166359,3274.703863,5072,03 OB-CR Glut,0.000807639
ENSMUSG00000029029,informative,2.1509705573945253,3136.807045,14616,03 OB-CR Glut,0.000807639
ENSMUSG00000029034,informative,0.87611471940167696,3537.678106,6820,34 Immune,0.0285999
ENSMUSG00000029036,informative,-0.2184303224994896,6495.201934,5865,29 CB Glut,0
ENSMUSG00000029053,informative,-0.65659504589065587,42348.94668,28163,31 OPC-Oligo,0.1627
ENSMUSG00000029054,informative,1.1806132972590864,8708.333983,20699,29 CB Glut,0
ENSMUSG00000029064,informative,-0.52241539997145348,121694.5576,88784,17 MH-LH Glut,0.00120354
ENSMUSG00000029071,informative,1.815842514620716,7479.968926,27610,33 Vascular,0.11687
ENSMUSG00000029072,uninformative,1.568131196933102,122.9192408,400,31 OPC-Oligo,0.1627
ENSMUSG00000029073,informative,0.98335431584462585,2954.93404,6138,07 CTX-MGE GABA,0.0224397
ENSMUSG00000029075,weak,2.7489197042996243,200.6168784,1435,32 OEC,0
ENSMUSG00000029084,informative,-0.1700499130974317,4107.50696,3841,30 Astro-Epen,0.160404
ENSMUSG00000029086,informative,0.28811865540407511,6769.734475,8677,33 Vascular,0.11687
ENSMUSG00000029090,informative,-0.2322373588168932,3897.197642,3492,32 OEC,0
ENSMUSG00000029104,informative,-0.36394106020880818,28992.00667,23619,03 OB-CR Glut,0.000807639
ENSMUSG00000029119,weak,3,772.8819046,11610,34 Immune,0.0285999
ENSMUSG00000029121,informative,0.45244598598391489,30288.39671,43440,03 OB-CR Glut,0.000807639
ENSMUSG00000029128,informative,-0.0152651470671914,28545.27666,29609,15 HY Gnrh1 Glut,1.58361e-05
ENSMUSG00000029131,informative,-0.81062584405504745,42275.92228,25269,25 Pineal Glut,4.75082e-05
ENSMUSG00000029135,informative,-0.2525156151806453,6151.351417,5434,03 OB-CR Glut,0.000807639
ENSMUSG00000029151,informative,0.85647446413893535,15045.15871,28558,01 IT-ET Glut,0.234215
ENSMUSG00000029163,weak,2.6441149435175486,286.5010625,1898,32 OEC,0
ENSMUSG00000029167,informative,-0.79186866712213111,25213.63034,15274,28 CB GABA,0
ENSMUSG00000029168,informative,-0.023615974603866701,9228.467541,9528,16 HY MM Glut,0
ENSMUSG00000029174,informative,-1.1702300741080889,13659.95741,6375,33 Vascular,0.11687
ENSMUSG00000029176,informative,1.6293660784972233,8108.366787,26301,33 Vascular,0.11687
ENSMUSG00000029177,weak,0.20103221767995441,850.872432,1041,07 CTX-MGE GABA,0.0224397
ENSMUSG00000029195,weak,-3,212.9279282,40,03 OB-CR Glut,0.000807639
ENSMUSG00000029198,informative,0.31160562501792449,8719.885144,11355,28 CB GABA,0
ENSMUSG00000029217,informative,0.17564939589451109,1980.58813,2368,34 Immune,0.0285999
ENSMUSG00000029223,informative,2.595554984372022,66054.04317,418322,15 HY Gnrh1 Glut,1.58361e-05
ENSMUSG00000029229,informative,-1.849348427195491,14392.08551,4200,34 Immune,0.0285999
ENSMUSG00000029231,informative,0.1103870048177244,14444.94692,16354,31 OPC-Oligo,0.1627
ENSMUSG00000029233,informative,1.2889041160538492,2807.925905,7206,34 Immune,0.0285999
ENSMUSG00000029236,uninformative,2.007982627774902,22.960998,124,24 MY Glut,0.00326223
ENSMUSG00000029238,informative,-1.9812005967349264,40113.05675,10660,25 Pineal Glut,4.75082e-05
ENSMUSG00000029245,informative,-1.188639603759662,109787.5588,50480,05 OB-IMN GABA,0.00300885
ENSMUSG00000029249,informative,-0.57167999776797807,2644.566432,1880,33 Vascular,0.11687
ENSMUSG00000029250,informative,1.3426711751134992,6461.297451,17187,29 CB Glut,0
ENSMUSG00000029255,uninformative,3,4.849263543,68,10 LSX GABA,0.000190033
ENSMUSG00000029267,informative,-0.70206484577559036,24058.38247,15510,04 DG-IMN Glut,0.0288375
ENSMUSG00000029275,uninformative,3,1.000708203,34,34 Immune,0.0285999
ENSMUSG00000029287,informative,0.53329321732747414,10860.25741,16492,33 Vascular,0.11687
ENSMUSG00000029306,uninformative,1.6233003285689611,7.979344023,44,06 CTX-CGE GABA,0.0131281
ENSMUSG00000029307,weak,2.1709398453120965,370.3324089,1767,30 Astro-Epen,0.160404
ENSMUSG00000029328,informative,0.057832195119522402,28962.41078,31602,32 OEC,0
ENSMUSG00000029334,informative,-0.63061669407388088,7477.599262,5076,18 TH Glut,0.0535259
ENSMUSG00000029335,informative,-0.84890105245272429,3402.745632,1995,06 CTX-CGE GABA,0.0131281
ENSMUSG00000029337,informative,0.1046489253732685,1227.511779,1399,02 NP-CT-L6b Glut,0.046653
ENSMUSG00000029352,weak,-0.012797430688410501,731.7884511,776,33 Vascular,0.11687
ENSMUSG00000029371,uninformative,-0.64813606723527539,185.9325617,148,30 Astro-Epen,0.160404
ENSMUSG00000029377,uninformative,3,0.5856075186,104,26 P GABA,0.00280298
ENSMUSG00000029379,uninformative,3,2.469714626,56,21 MB Dopa,0
ENSMUSG00000029380,weak,-3,327.5650113,45,33 Vascular,0.11687
ENSMUSG00000029381,informative,-0.85102149367712088,5299.797054,3094,17 MH-LH Glut,0.00120354
ENSMUSG00000029388,informative,1.2619737948496117,3831.121435,9644,31 OPC-Oligo,0.1627
ENSMUSG00000029413,informative,0.5790620710248704,4214.479346,6613,30 Astro-Epen,0.160404
ENSMUSG00000029417,uninformative,1.6281040484771332,2.082763793,25,33 Vascular,0.11687
ENSMUSG00000029423,uninformative,-1.1508031351376009,56.18482476,42,22 MB-HB Sero,1.58361e-05
ENSMUSG00000029426,informative,1.0266395559398678,19343.46401,41306,34 Immune,0.0285999
ENSMUSG00000029432,informative,-0.88042587626961066,15385.50269,8772,28 CB GABA,0
ENSMUSG00000029433,informative,0.73297841158367816,6155.543103,10736,03 OB-CR Glut,0.000807639
ENSMUSG00000029437,uninformative,2.7948197055059771,0.5107076348,26,03 OB-CR Glut,0.000807639
ENSMUSG00000029438,informative,-0.64902473534249328,23920.28717,15998,04 DG-IMN Glut,0.0288375
ENSMUSG00000029440,informative,0.3057225774042408,9361.682008,12140,03 OB-CR Glut,0.000807639
ENSMUSG00000029445,uninformative,-0.58836425029404582,16.1973717,27,04 DG-IMN Glut,0.0288375
ENSMUSG00000029455,informative,-1.1380591663918891,9247.868516,4410,33 Vascular,0.11687
ENSMUSG00000029467,informative,0.94365853918497322,162551.8637,327592,18 TH Glut,0.0535259
ENSMUSG00000029468,informative,-0.1716274204400261,5210.670331,4863,34 Immune,0.0285999
ENSMUSG00000029470,informative,-0.27980268564442012,5972.200331,5170,25 Pineal Glut,4.75082e-05
ENSMUSG00000029472,informative,0.67586671490015782,20648.92174,34579,03 OB-CR Glut,0.000807639
ENSMUSG00000029475,informative,-1.9769976582326123,10245.34399,2742,34 Immune,0.0285999
ENSMUSG00000029478,informative,0.56585317218491582,23733.36516,36825,03 OB-CR Glut,0.000807639
ENSMUSG00000029491,uninformative,-1.2347604268123118,185.3992785,98,25 Pineal Glut,4.75082e-05
ENSMUSG00000029500,informative,1.0182359297037014,10847.13531,23036,10 LSX GABA,0.000190033
ENSMUSG00000029501,informative,1.5841376080669065,6829.087495,21471,34 Immune,0.0285999
ENSMUSG00000029502,informative,-0.74946178223498083,10810.63096,6753,33 Vascular,0.11687
ENSMUSG00000029505,informative,-0.56348886290126721,27714.19359,19664,15 HY Gnrh1 Glut,1.58361e-05
ENSMUSG00000029512,informative,0.61959536426808415,9346.862107,15063,25 Pineal Glut,4.75082e-05
ENSMUSG00000029513,informative,1.7307807463601363,2964.350777,10327,34 Immune,0.0285999
ENSMUSG00000029516,informative,-0.039020675963212202,72219.08239,73671,18 TH Glut,0.0535259
ENSMUSG00000029521,weak,-0.70997679756199283,823.3197665,543,15 HY Gnrh1 Glut,1.58361e-05
ENSMUSG00000029524,informative,1.1354207716190181,2981.597025,6880,25 Pineal Glut,4.75082e-05
ENSMUSG00000029528,informative,-2.1751760451117814,5762.285905,1352,33 Vascular,0.11687
ENSMUSG00000029530,weak,-3,699.8123785,97,33 Vascular,0.11687
ENSMUSG00000029544,informative,2.1332721124613059,27438.73334,126142,28 CB GABA,0
ENSMUSG00000029546,weak,-0.5727073927043187,200.5541729,157,29 CB Glut,0
ENSMUSG00000029554,informative,-0.2066822580337575,7440.439108,6771,31 OPC-Oligo,0.1627
ENSMUSG00000029556,uninformative,-0.3702596778920717,18.71928559,31,09 CNU-LGE GABA,0.0528766
ENSMUSG00000029561,informative,0.12383812230718361,2229.108773,2569,33 Vascular,0.11687
ENSMUSG00000029563,informative,-2.9297644972169681,48718.93442,6714,09 CNU-LGE GABA,0.0528766
ENSMUSG00000029570,informative,1.7210884951912671,5594.48921,19343,30 Astro-Epen,0.160404
ENSMUSG00000029571,informative,-0.0053599441498485001,34316.363,35837,31 OPC-Oligo,0.1627
ENSMUSG00000029581,informative,1.7219925640213729,32897.05976,113731,31 OPC-Oligo,0.1627
ENSMUSG00000029591,weak,1.6038283829537836,456.5147024,1472,05 OB-IMN GABA,0.00300885
ENSMUSG00000029595,weak,-0.44616066320221492,340.9696602,278,03 OB-CR Glut,0.000807639
ENSMUSG00000029600,informative,-0.84943683539056913,4060.941458,2377,30 Astro-Epen,0.160404
ENSMUSG00000029608,informative,-0.15932883667052419,51965.51191,48777,28 CB GABA,0
ENSMUSG00000029623,informative,-0.43371401207993698,46266.15149,35912,25 Pineal Glut,4.75082e-05
ENSMUSG00000029635,informative,-1.288330881656429,29311.30079,12589,30 Astro-Epen,0.160404
ENSMUSG00000029644,uninformative,3,1.129515107,47,29 CB Glut,0
ENSMUSG00000029646,uninformative,3,0.0179075817,41,34 Immune,0.0285999
ENSMUSG00000029648,informative,-2.243471257498308,86319.34654,19114,33 Vascular,0.11687
ENSMUSG00000029657,informative,0.99291973930113364,45776.84079,95471,22 MB-HB Sero,1.58361e-05
ENSMUSG00000029659,informative,-0.21654303634083699,6578.757469,5948,18 TH Glut,0.0535259
ENSMUSG00000029661,informative,2.26301645923767,3358.087391,16908,33 Vascular,0.11687
ENSMUSG00000029670,informative,0.74087226761115277,7067.149538,12391,29 CB Glut,0
ENSMUSG00000029671,uninformative,-0.26727212073950579,154.0563215,150,04 DG-IMN Glut,0.0288375
ENSMUSG00000029674,informative,1.160078977177579,6489.671106,15212,23 P Glut,6.33443e-05
ENSMUSG00000029675,informative,1.2503753283332029,1885.389731,4717,03 OB-CR Glut,0.000807639
ENSMUSG00000029681,informative,1.4259485841745967,11350.05106,31970,28 CB GABA,0
ENSMUSG00000029684,informative,-0.40207415008585101,39353.75336,31219,10 LSX GABA,0.000190033
ENSMUSG00000029686,informative,-0.098134582423355293,32001.43908,31340,34 Immune,0.0285999
ENSMUSG00000029687,informative,-1.1888188642141773,5645.191011,2610,25 Pineal Glut,4.75082e-05
ENSMUSG00000029697,uninformative,1.0431321824741491,156.0020556,362,13 CNU-HYa Glut,0.0147909
ENSMUSG00000029705,informative,-1.5415706926870425,43818.61693,15786,29 CB Glut,0
ENSMUSG00000029706,uninformative,-1.7030609888917698,11.38012852,19,01 IT-ET Glut,0.234215
ENSMUSG00000029710,informative,0.98190234567098877,1718.866464,3574,33 Vascular,0.11687
ENSMUSG00000029711,weak,-3,259.3395671,31,29 CB Glut,0
ENSMUSG00000029712,informative,1.2389568420603354,9146.83423,22637,03 OB-CR Glut,0.000807639
ENSMUSG00000029727,weak,1.2172335219186201,417.3061657,1034,31 OPC-Oligo,0.1627
ENSMUSG00000029729,informative,0.35244741300388271,14622.26068,19576,03 OB-CR Glut,0.000807639
ENSMUSG00000029736,uninformative,1.4123857054052038,8.675737309,42,02 NP-CT-L6b Glut,0.046653
ENSMUSG00000029754,informative,0.75067091370031536,2859.077218,5057,15 HY Gnrh1 Glut,1.58361e-05
ENSMUSG00000029755,informative,2.1983549626446344,1051.066709,5074,15 HY Gnrh1 Glut,1.58361e-05
ENSMUSG00000029757,informative,-1.3441901329867656,58214.3279,24039,05 OB-IMN GABA,0.00300885
ENSMUSG00000029759,weak,1.3218490739148376,538.4755235,1428,34 Immune,0.0285999
ENSMUSG00000029763,informative,-1.6835500446789951,95619.51073,31204,32 OEC,0
ENSMUSG00000029765,informative,-1.8507030629944323,73856.75419,21470,04 DG-IMN Glut,0.0288375
ENSMUSG00000029767,informative,0.59100285949082054,11215.64882,17717,33 Vascular,0.11687
ENSMUSG00000029771,weak,1.1906129092646602,859.14457,2072,34 Immune,0.0285999
ENSMUSG00000029776,informative,-0.19842330111600201,14742.17229,13485,32 OEC,0
ENSMUSG00000029777,informative,1.7405313646717309,13185.51777,46182,28 CB GABA,0
ENSMUSG00000029778,informative,0.8290322927715722,17703.42918,32968,30 Astro-Epen,0.160404
ENSMUSG00000029798,informative,-0.1736581476469285,7017.964787,6543,30 Astro-Epen,0.160404
ENSMUSG00000029802,informative,-0.5190613934017293,13437.03181,9840,33 Vascular,0.11687
ENSMUSG00000029816,weak,0.97528625709655403,472.3231771,990,04 DG-IMN Glut,0.0288375
ENSMUSG00000029821,informative,-2.7020452257731562,24972.52007,4036,17 MH-LH Glut,0.00120354
ENSMUSG00000029833,informative,-0.048679313882311802,12065.51737,12238,33 Vascular,0.11687
ENSMUSG00000029836,informative,0.53807624667911491,45908.5128,69859,28 CB GABA,0
ENSMUSG00000029843,weak,1.1373460493321716,778.6858749,1812,33 Vascular,0.11687
ENSMUSG00000029844,uninformative,0.79986317790876083,45.59124496,100,31 OPC-Oligo,0.1627
ENSMUSG00000029848,uninformative,3,0.8804978305,48,03 OB-CR Glut,0.000807639
ENSMUSG00000029859,weak,0.30459490629699959,238.5507982,325,18 TH Glut,0.0535259
ENSMUSG00000029860,informative,0.59141893190842798,5311.778855,8402,18 TH Glut,0.0535259
ENSMUSG00000029863,informative,-0.25975454442436452,2511.850887,2214,05 OB-IMN GABA,0.00300885
ENSMUSG00000029864,informative,1.3423656179225547,1036.749841,2772,32 OEC,0
ENSMUSG00000029868,weak,-0.23995140641919349,462.2330635,434,02 NP-CT-L6b Glut,0.046653
ENSMUSG00000029875,informative,0.2129124413634006,4247.365831,5174,16 HY MM Glut,0
ENSMUSG00000029910,informative,-1.0014546569947025,1210.425889,649,25 Pineal Glut,4.75082e-05
ENSMUSG00000029919,informative,-1.29065325959167,5191.873504,2239,34 Immune,0.0285999
ENSMUSG00000029992,informative,-0.1211309444531519,15357.84887,14811,15 HY Gnrh1 Glut,1.58361e-05
ENSMUSG00000029993,informative,-0.1604656661999424,8310.966669,7807,15 HY Gnrh1 Glut,1.58361e-05
ENSMUSG00000029999,informative,0.010577205201360899,11676.58598,12340,31 OPC-Oligo,0.1627
ENSMUSG00000030000,informative,1.2121528073072625,39578.99887,96092,04 DG-IMN Glut,0.0288375
ENSMUSG00000030002,informative,-1.5951549564539731,21254.22564,7386,33 Vascular,0.11687
ENSMUSG00000030007,informative,2.2709785882139091,10857.68557,54934,15 HY Gnrh1 Glut,1.58361e-05
ENSMUSG00000030029,informative,-0.9090550376195986,13466.09308,7529,30 Astro-Epen,0.160404
ENSMUSG00000030043,informative,-1.3750717766797254,2204.760978,906,08 CNU-MGE GABA,0.00696787
ENSMUSG00000030046,uninformative,1.9954862950518544,0.1929264645,20,05 OB-IMN GABA,0.00300885
ENSMUSG00000030049,uninformative,3,0,25,01 IT-ET Glut,0.234215
ENSMUSG00000030055,informative,-0.50612311642861818,6927.089962,5126,34 Immune,0.0285999
ENSMUSG00000030058,informative,0.2319474968644068,22870.66379,28158,23 P Glut,6.33443e-05
ENSMUSG00000030062,informative,1.5425090837546678,16390.96243,50044,34 Immune,0.0285999
ENSMUSG00000030067,informative,-2.0479478453095989,160033.5551,40563,09 CNU-LGE GABA,0.0528766
ENSMUSG00000030075,informative,-2.3278380942715478,65239.45672,13630,15 HY Gnrh1 Glut,1.58361e-05
ENSMUSG00000030079,informative,1.8053371513492349,4210.164614,15436,10 LSX GABA,0.000190033
ENSMUSG00000030082,informative,0.36751868446802399,15398.74626,20831,33 Vascular,0.11687
ENSMUSG00000030084,informative,-0.10904381001589759,7330.236211,7137,13 CNU-HYa Glut,0.0147909
ENSMUSG00000030087,informative,0.065853935015402501,5573.167425,6128,30 Astro-Epen,0.160404
ENSMUSG00000030088,informative,-0.2037740264099128,6304.22784,5751,30 Astro-Epen,0.160404
ENSMUSG00000030092,informative,-1.1130214311042068,25296.67591,12277,29 CB Glut,0
ENSMUSG00000030093,informative,0.85463530680084598,2805.899878,5333,30 Astro-Epen,0.160404
ENSMUSG00000030095,informative,-0.4360763314688248,4043.290468,3147,34 Immune,0.0285999
ENSMUSG00000030101,informative,-1.5725824059204545,7016.636571,2487,34 Immune,0.0285999
ENSMUSG00000030102,informative,-0.15505040175887841,82641.61466,77787,09 CNU-LGE GABA,0.0528766
ENSMUSG00000030103,informative,0.47593968047952617,17422.72771,25405,01 IT-ET Glut,0.234215
ENSMUSG00000030107,weak,0.028165814359575801,474.4686786,523,33 Vascular,0.11687
ENSMUSG00000030110,informative,1.366722494336654,1327.675106,3605,21 MB Dopa,0
ENSMUSG00000030111,weak,2.2762913165622987,693.7029186,3541,30 Astro-Epen,0.160404
ENSMUSG00000030114,uninformative,2.1316688595291771,25.78567249,138,21 MB Dopa,0
ENSMUSG00000030116,uninformative,2.0317195233502865,51.04938984,238,33 Vascular,0.11687
ENSMUSG00000030123,informative,0.111593365728958,6006.111613,6815,33 Vascular,0.11687
ENSMUSG00000030124,weak,2.1556697922518406,439.401916,2071,34 Immune,0.0285999
ENSMUSG00000030142,uninformative,3,0.3544631193,32,34 Immune,0.0285999
ENSMUSG00000030149,uninformative,0.57746706473346388,23.29487877,53,34 Immune,0.0285999
ENSMUSG00000030156,uninformative,0.71971483440393502,9.422633321,33,34 Immune,0.0285999
ENSMUSG00000030159,uninformative,1.5497027975098965,19.5339681,78,25 Pineal Glut,4.75082e-05
ENSMUSG00000030162,uninformative,3,4.915259248,91,32 OEC,0
ENSMUSG00000030165,uninformative,-0.15305228817146291,19.14689748,34,34 Immune,0.0285999
ENSMUSG00000030167,uninformative,3,1.238385843,62,34 Immune,0.0285999
ENSMUSG00000030170,informative,-1.9106455337849009,2274.048063,649,06 CTX-CGE GABA,0.0131281
ENSMUSG00000030180,informative,-0.11212677217620159,20111.76246,19512,34 Immune,0.0285999
ENSMUSG00000030189,informative,0.3474642339590594,13522.1132,18042,25 Pineal Glut,4.75082e-05
ENSMUSG00000030199,informative,-2.2041897714748622,20762.97619,4736,34 Immune,0.0285999
ENSMUSG00000030201,informative,-1.0371657080918688,23801.13658,12167,33 Vascular,0.11687
ENSMUSG00000030209,informative,-2.7724108525800721,358927.4601,55055,04 DG-IMN Glut,0.0288375
ENSMUSG00000030231,informative,-1.5972390748686838,65043.84002,22539,03 OB-CR Glut,0.000807639
ENSMUSG00000030232,informative,-0.25794906934940398,18970.87091,16638,31 OPC-Oligo,0.1627
ENSMUSG00000030244,uninformative,-2.5778185244414882,112.8755335,35,17 MH-LH Glut,0.00120354
ENSMUSG00000030246,informative,2.9948427419485388,29987.52391,250477,30 Astro-Epen,0.160404
ENSMUSG00000030247,informative,-0.56252683647244672,2396.664482,1716,33 Vascular,0.11687
ENSMUSG00000030249,informative,-1.8516069993257207,5868.559235,1719,33 Vascular,0.11687
ENSMUSG00000030265,informative,-0.2095939362520878,36226.31296,32839,34 Immune,0.0285999
ENSMUSG00000030271,informative,0.64645894156692485,1028.847059,1704,34 Immune,0.0285999
ENSMUSG00000030275,informative,-0.016530110201058001,75062.21083,77765,32 OEC,0
ENSMUSG00000030276,informative,-0.53106717623939836,4910.20343,3576,25 Pineal Glut,4.75082e-05
ENSMUSG00000030281,weak,1.8158078315018831,537.9531285,2003,33 Vascular,0.11687
ENSMUSG00000030284,informative,1.0007581778625418,9083.393808,19061,22 MB-HB Sero,1.58361e-05
ENSMUSG00000030286,informative,0.7620401972345523,15729.24094,27965,30 Astro-Epen,0.160404
ENSMUSG00000030287,informative,-1.8929576781958577,19477.44271,5510,34 Immune,0.0285999
ENSMUSG00000030291,informative,-0.096540019577873698,11219.36043,11010,31 OPC-Oligo,0.1627
ENSMUSG00000030302,informative,0.1672517930198445,187191.8564,220250,01 IT-ET Glut,0.234215
ENSMUSG00000030303,informative,-1.2267522830914095,15624.24087,7010,18 TH Glut,0.0535259
ENSMUSG00000030307,informative,0.57988277851255376,51304.46691,80363,30 Astro-Epen,0.160404
ENSMUSG00000030314,informative,-0.0172287739039685,10154.57351,10529,32 OEC,0
ENSMUSG00000030317,informative,-1.1893485990468988,11608.996,5349,30 Astro-Epen,0.160404
ENSMUSG00000030323,informative,0.011665805133018899,7523.817808,7963,25 Pineal Glut,4.75082e-05
ENSMUSG00000030324,uninformative,1.5125493329473831,40.47564386,139,03 OB-CR Glut,0.000807639
ENSMUSG00000030325,uninformative,1.7278887949381938,12.53795069,62,34 Immune,0.0285999
ENSMUSG00000030329,informative,-0.38869356898234531,37148.57653,29745,10 LSX GABA,0.000190033
ENSMUSG00000030336,informative,-3,1043.170446,23,30 Astro-Epen,0.160404
ENSMUSG00000030339,informative,0.86005368046921427,1086.942428,2084,34 Immune,0.0285999
ENSMUSG00000030340,weak,0.52371303154069526,900.5546162,1373,04 DG-IMN Glut,0.0288375
ENSMUSG00000030341,informative,1.3752622249979749,2166.78964,5907,34 Immune,0.0285999
ENSMUSG00000030342,informative,1.2037328022590348,7792.931969,18816,34 Immune,0.0285999
ENSMUSG00000030359,informative,-3,1329.999658,20,25 Pineal Glut,4.75082e-05
ENSMUSG00000030378,uninformative,-0.4225979129860068,45.03338717,51,30 Astro-Epen,0.160404
ENSMUSG00000030400,informative,0.2083341820141105,2985.360918,3630,25 Pineal Glut,4.75082e-05
ENSMUSG00000030401,informative,0.96201254929916602,5726.565287,11705,15 HY Gnrh1 Glut,1.58361e-05
ENSMUSG00000030403,informative,-1.7656176672175072,2835.364672,881,34 Immune,0.0285999
ENSMUSG00000030406,weak,1.6633770356468014,464.229387,1559,21 MB Dopa,0
ENSMUSG00000030411,informative,-0.64388131768635792,28552.28297,19161,15 HY Gnrh1 Glut,1.58361e-05
ENSMUSG00000030421,informative,-0.87758791769362787,23069.36095,13171,25 Pineal Glut,4.75082e-05
ENSMUSG00000030447,informative,0.040864475015238898,23346.7941,25188,34 Immune,0.0285999
ENSMUSG00000030450,weak,-0.61169381765637998,200.2413336,153,17 MH-LH Glut,0.00120354
ENSMUSG00000030494,informative,-0.46230944848512129,3054.996737,2339,31 OPC-Oligo,0.1627
ENSMUSG00000030495,informative,0.1988716720941808,10464.78002,12601,30 Astro-Epen,0.160404
ENSMUSG00000030499,informative,0.76376300929557939,1744.398265,3120,25 Pineal Glut,4.75082e-05
ENSMUSG00000030500,informative,0.1302564932096639,25343.27427,29078,16 HY MM Glut,0
ENSMUSG00000030505,informative,0.8766184403299192,6779.149686,13058,25 Pineal Glut,4.75082e-05
ENSMUSG00000030507,uninformative,2.3341894447837217,0.5111291506,23,13 CNU-HYa Glut,0.0147909
ENSMUSG00000030513,informative,0.1035590173386943,5847.778262,6599,31 OPC-Oligo,0.1627
ENSMUSG00000030516,informative,-1.6147746667941356,97651.56359,33422,33 Vascular,0.11687
ENSMUSG00000030523,uninformative,0.46131558673759632,31.57087721,62,17 MH-LH Glut,0.00120354
ENSMUSG00000030525,informative,0.2111587850317036,6397.032764,7775,06 CTX-CGE GABA,0.0131281
ENSMUSG00000030530,informative,1.129848735388878,6697.331198,15373,33 Vascular,0.11687
ENSMUSG00000030536,informative,-1.1793693973101222,16102.92229,7465,33 Vascular,0.11687
ENSMUSG00000030541,informative,1.3799498688772629,4412.936327,12051,34 Immune,0.0285999
ENSMUSG00000030543,uninformative,1.2247780618768491,71.6835967,193,25 Pineal Glut,4.75082e-05
ENSMUSG00000030544,uninformative,-2.3618664872242903,47.98251303,25,25 Pineal Glut,4.75082e-05
ENSMUSG00000030546,uninformative,-1.2164672582212901,100.9880162,61,34 Immune,0.0285999
ENSMUSG00000030551,informative,-0.36683376638017351,21543.70006,17520,32 OEC,0
ENSMUSG00000030557,informative,-0.64214951007531473,74360.62481,49937,34 Immune,0.0285999
ENSMUSG00000030559,weak,-0.30682971594019981,473.5867236,425,18 TH Glut,0.0535259
ENSMUSG00000030562,weak,-2.7116800526516256,536.6066653,101,32 OEC,0
ENSMUSG00000030577,uninformative,1.6807266113370334,24.89644952,102,34 Immune,0.0285999
ENSMUSG00000030592,informative,1.0745422240469575,2049.682204,4540,09 CNU-LGE GABA,0.0528766
ENSMUSG00000030595,informative,2.2143102372396184,2578.134238,12555,34 Immune,0.0285999
ENSMUSG00000030598,informative,-0.049202146074295697,1213.678931,1245,15 HY Gnrh1 Glut,1.58361e-05
ENSMUSG00000030607,weak,0.66897478657806997,533.2584688,905,31 OPC-Oligo,0.1627
ENSMUSG00000030619,informative,0.18441997747111119,7550.6533,9006,29 CB Glut,0
ENSMUSG00000030630,informative,1.5258967284809828,3002.208202,9076,31 OPC-Oligo,0.1627
ENSMUSG00000030638,informative,-1.0622676083195532,15568.92501,7827,31 OPC-Oligo,0.1627
ENSMUSG00000030649,informative,-1.9439563488079652,4255.153896,1174,34 Immune,0.0285999
ENSMUSG00000030670,weak,0.72698390267621482,282.6988976,507,34 Immune,0.0285999
ENSMUSG00000030671,informative,-2.6291426484857081,15174.11405,2585,34 Immune,0.0285999
ENSMUSG00000030678,informative,0.022836672019321502,13345.83016,14222,29 CB Glut,0
ENSMUSG00000030682,informative,1.0446245709798081,25507.39795,55146,25 Pineal Glut,4.75082e-05
ENSMUSG00000030683,informative,1.5819262146098596,56821.38047,178243,31 OPC-Oligo,0.1627
ENSMUSG00000030695,informative,2.5898100056694298,103201.4228,650976,25 Pineal Glut,4.75082e-05
ENSMUSG00000030699,weak,0.54346267899518264,321.1833118,507,34 Immune,0.0285999
ENSMUSG00000030704,informative,0.1386621076471917,135471.6142,156281,06 CTX-CGE GABA,0.0131281
ENSMUSG00000030720,informative,-0.96151561888810078,3666.071196,1988,34 Immune,0.0285999
ENSMUSG00000030724,uninformative,3,0.5863989793,58,34 Immune,0.0285999
ENSMUSG00000030727,informative,-1.0010228755282689,2659.938035,1408,34 Immune,0.0285999
ENSMUSG00000030742,uninformative,1.9667289818776152,196.7781802,833,03 OB-CR Glut,0.000807639
ENSMUSG00000030745,weak,0.1184547777533143,616.1908013,717,34 Immune,0.0285999
ENSMUSG00000030748,informative,1.0325842909956011,1287.644308,2777,34 Immune,0.0285999
ENSMUSG00000030752,informative,0.75092257108569627,1567.737185,2781,29 CB Glut,0
ENSMUSG00000030753,informative,0.50195765445825136,13144.27842,19519,32 OEC,0
ENSMUSG00000030761,weak,2.600694185628547,925.9400415,5906,34 Immune,0.0285999
ENSMUSG00000030766,informative,-1.6379549581949089,13728.43824,4637,34 Immune,0.0285999
ENSMUSG00000030770,informative,-0.23800016465050031,8929.736405,7949,33 Vascular,0.11687
ENSMUSG00000030772,informative,0.50964111189559946,34330.80433,51226,02 NP-CT-L6b Glut,0.046653
ENSMUSG00000030774,informative,0.57289511016485661,89038.88012,138784,31 OPC-Oligo,0.1627
ENSMUSG00000030781,uninformative,1.6705174071519138,13.98664931,65,15 HY Gnrh1 Glut,1.58361e-05
ENSMUSG00000030782,informative,0.086089532128821103,2486.951227,2782,33 Vascular,0.11687
ENSMUSG00000030786,informative,1.1021011896253561,1885.499231,4258,34 Immune,0.0285999
ENSMUSG00000030787,weak,1.6384865761878284,243.0177482,811,34 Immune,0.0285999
ENSMUSG00000030789,uninformative,1.5200630560869772,7.979868078,42,34 Immune,0.0285999
ENSMUSG00000030790,weak,1.1233793905285927,692.9539061,1599,33 Vascular,0.11687
ENSMUSG00000030793,informative,-2.0939328314720558,1799.917231,457,34 Immune,0.0285999
ENSMUSG00000030795,informative,-0.1634645616241252,50728.2732,47472,29 CB Glut,0
ENSMUSG00000030796,weak,0.77738288962164226,722.3341202,1314,33 Vascular,0.11687
ENSMUSG00000030798,weak,1.1032396870901029,600.9724957,1370,34 Immune,0.0285999
ENSMUSG00000030801,informative,2.6243712478107781,2415.387497,15626,29 CB Glut,0
ENSMUSG00000030811,informative,2.384268382447988,7792.447932,42645,03 OB-CR Glut,0.000807639
ENSMUSG00000030814,informative,-0.038291302929850002,10613.64344,10845,33 Vascular,0.11687
ENSMUSG00000030827,uninformative,3,0.9866327228,50,28 CB GABA,0
ENSMUSG00000030830,uninformative,1.9006668138384379,82.5832663,342,34 Immune,0.0285999
ENSMUSG00000030834,informative,-0.441098196648541,1180.739364,927,33 Vascular,0.11687
ENSMUSG00000030842,informative,-0.40020755433867972,22279.66427,17704,31 OPC-Oligo,0.1627
ENSMUSG00000030849,informative,-1.1685827793749879,59437.99603,27719,31 OPC-Oligo,0.1627
ENSMUSG00000030854,informative,0.84455646936301709,36479.38603,68658,09 CNU-LGE GABA,0.0528766
ENSMUSG00000030866,uninformative,0.94311075092909302,73.95085886,166,26 P GABA,0.00280298
ENSMUSG00000030867,uninformative,1.080361980231086,181.7961747,420,05 OB-IMN GABA,0.00300885
ENSMUSG00000030873,uninformative,-1.0277021060445792,45.67009216,39,28 CB GABA,0
ENSMUSG00000030880,informative,-1.3454829772920325,8444.167294,3497,31 OPC-Oligo,0.1627
ENSMUSG00000030881,informative,1.0705130829430929,9864.832042,21724,25 Pineal Glut,4.75082e-05
ENSMUSG00000030890,informative,-0.6728582488519671,9662.674527,6366,33 Vascular,0.11687
ENSMUSG00000030898,informative,1.319767629010592,7077.439907,18528,01 IT-ET Glut,0.234215
ENSMUSG00000030905,informative,1.9339809222801772,7605.666125,30468,02 NP-CT-L6b Glut,0.046653
ENSMUSG00000030942,informative,1.1870797920123306,8370.506266,19986,10 LSX GABA,0.000190033
ENSMUSG00000030965,informative,0.34467949289916028,8050.222219,10727,25 Pineal Glut,4.75082e-05
ENSMUSG00000030966,weak,1.4174471873565744,310.5767816,887,33 Vascular,0.11687
ENSMUSG00000030970,informative,0.57900591866994244,4583.305475,7190,32 OEC,0
ENSMUSG00000030987,informative,-0.89109158182191628,26780.47734,15145,25 Pineal Glut,4.75082e-05
ENSMUSG00000031004,weak,0.35566194637640469,365.9751825,507,05 OB-IMN GABA,0.00300885
ENSMUSG00000031007,informative,1.7381394734704301,33621.52893,117535,18 TH Glut,0.0535259
ENSMUSG00000031016,informative,0.67574405053324005,4875.116355,8176,33 Vascular,0.11687
ENSMUSG00000031023,weak,0.251102860209242,873.9426678,1106,33 Vascular,0.11687
ENSMUSG00000031070,uninformative,3,59.29761772,1390,33 Vascular,0.11687
ENSMUSG00000031073,uninformative,-0.71875582582469566,6.828561491,20,17 MH-LH Glut,0.00120354
ENSMUSG00000031074,uninformative,0.94126429035418635,161.0309796,341,09 CNU-LGE GABA,0.0528766
ENSMUSG00000031075,informative,-1.039052482359081,4358.864991,2238,17 MH-LH Glut,0.00120354
ENSMUSG00000031077,weak,3,450.9800906,4610,34 Immune,0.0285999
ENSMUSG00000031078,informative,1.4364871417263598,13875.52262,39366,33 Vascular,0.11687
ENSMUSG00000031089,uninformative,3,2.734224562,47,22 MB-HB Sero,1.58361e-05
ENSMUSG00000031099,informative,0.0246915249070047,13032.19483,13906,21 MB Dopa,0
ENSMUSG00000031119,informative,1.7306468906114183,4576.279308,15939,04 DG-IMN Glut,0.0288375
ENSMUSG00000031129,informative,-1.5062225998803866,37679.83374,13921,34 Immune,0.0285999
ENSMUSG00000031130,uninformative,-3,70.72602165,17,11 CNU-HYa GABA,0.0132548
ENSMUSG00000031132,uninformative,-0.0031638941401117,4.723783591,21,16 HY MM Glut,0
ENSMUSG00000031133,informative,-0.35536898699547392,3560.734302,2932,34 Immune,0.0285999
ENSMUSG00000031138,uninformative,-0.26404323631543358,75.77251169,82,34 Immune,0.0285999
ENSMUSG00000031144,informative,0.96978291149461915,111202.2319,228207,18 TH Glut,0.0535259
ENSMUSG00000031145,weak,-0.12194220260234021,602.4247022,596,33 Vascular,0.11687
ENSMUSG00000031146,weak,1.2241550227641069,574.2293808,1423,15 HY Gnrh1 Glut,1.58361e-05
ENSMUSG00000031149,informative,0.92031759268749425,11931.24093,23675,08 CNU-MGE GABA,0.00696787
ENSMUSG00000031154,informative,1.4032100979071438,12688.74408,35180,34 Immune,0.0285999
ENSMUSG00000031155,informative,0.64086225792289975,7554.92003,12359,11 CNU-HYa GABA,0.0132548
ENSMUSG00000031161,informative,1.5979506899312652,4969.019722,15778,22 MB-HB Sero,1.58361e-05
ENSMUSG00000031162,uninformative,-1.9550255673522601,50.74859585,29,31 OPC-Oligo,0.1627
ENSMUSG00000031165,weak,-0.63261399801958507,277.1679424,203,34 Immune,0.0285999
ENSMUSG00000031171,informative,0.69107631096815725,3593.925722,6096,03 OB-CR Glut,0.000807639
ENSMUSG00000031173,uninformative,1.4485573898924429,10.18464378,47,30 Astro-Epen,0.160404
ENSMUSG00000031196,informative,-1.5800601609651517,1985.074021,711,25 Pineal Glut,4.75082e-05
ENSMUSG00000031201,informative,-1.3599778459944123,9102.716248,3731,17 MH-LH Glut,0.00120354
ENSMUSG00000031207,informative,0.78809280530727388,5368.740271,9730,34 Immune,0.0285999
ENSMUSG00000031217,informative,0.27934791146655069,4497.352372,5735,32 OEC,0
ENSMUSG00000031229,informative,-1.6244226841942255,82148.26136,27931,25 Pineal Glut,4.75082e-05
ENSMUSG00000031230,uninformative,0.27060536669852281,158.8111454,217,05 OB-IMN GABA,0.00300885
ENSMUSG00000031233,uninformative,3,0.1090031875,25,20 MB GABA,0.00742711
ENSMUSG00000031253,weak,1.5757460859572665,316.6205044,1007,25 Pineal Glut,4.75082e-05
ENSMUSG00000031257,informative,-3,2729.043244,43,30 Astro-Epen,0.160404
ENSMUSG00000031264,informative,-1.1430455448346508,1095.053148,535,34 Immune,0.0285999
ENSMUSG00000031266,informative,1.157737801924122,1495.424343,3513,25 Pineal Glut,4.75082e-05
ENSMUSG00000031274,informative,-1.2747585793619871,3245.92061,1421,32 OEC,0
ENSMUSG00000031278,informative,1.1530954106658799,18841.49438,43919,22 MB-HB Sero,1.58361e-05
ENSMUSG00000031284,informative,-1.2339787016156154,76324.30305,34013,22 MB-HB Sero,1.58361e-05
ENSMUSG00000031285,informative,-1.7942731487060606,13796.70438,4183,05 OB-IMN GABA,0.00300885
ENSMUSG00000031289,uninformative,3,7.136414739,261,32 OEC,0
ENSMUSG00000031298,weak,-1.2951378135178289,823.4205846,367,16 HY MM Glut,0
ENSMUSG00000031302,informative,0.2750397674386959,28130.80398,35680,32 OEC,0
ENSMUSG00000031303,weak,0.48718091299671751,558.6979467,845,03 OB-CR Glut,0.000807639
ENSMUSG00000031304,weak,-0.37120081596251919,706.3522267,588,33 Vascular,0.11687
ENSMUSG00000031328,informative,1.8685686847767509,5936.01273,22730,33 Vascular,0.11687
ENSMUSG00000031344,informative,0.48830344173696649,1154.9631,1722,14 HY Glut,0.00593852
ENSMUSG00000031347,informative,-1.1137550726280734,9518.839822,4624,15 HY Gnrh1 Glut,1.58361e-05
ENSMUSG00000031353,informative,1.1593722704992118,17645.26,41319,10 LSX GABA,0.000190033
ENSMUSG00000031354,weak,-3,206.7477431,42,10 LSX GABA,0.000190033
ENSMUSG00000031364,weak,0.25464983417723058,322.9897174,420,06 CTX-CGE GABA,0.0131281
ENSMUSG00000031376,informative,1.2639379920383069,14462.89257,36408,29 CB Glut,0
ENSMUSG00000031380,informative,-0.79830173011576711,1499.459248,919,33 Vascular,0.11687
ENSMUSG00000031384,uninformative,1.3440707200624835,2.001629043,23,17 MH-LH Glut,0.00120354
ENSMUSG00000031386,informative,1.1793975779004311,11461.23748,27214,25 Pineal Glut,4.75082e-05
ENSMUSG00000031390,uninformative,1.3098389751414798,1.303721403,21,34 Immune,0.0285999
ENSMUSG00000031391,informative,0.097996736465316994,21835.65479,24502,18 TH Glut,0.0535259
ENSMUSG00000031392,informative,-0.75122904988766237,11095.38939,6922,15 HY Gnrh1 Glut,1.58361e-05
ENSMUSG00000031393,informative,-0.77432934367913953,41963.43306,25721,25 Pineal Glut,4.75082e-05
ENSMUSG00000031394,weak,-1.475383905029555,237.808679,105,15 HY Gnrh1 Glut,1.58361e-05
ENSMUSG00000031398,informative,1.3845463002709859,2114.134654,5801,15 HY Gnrh1 Glut,1.58361e-05
ENSMUSG00000031400,informative,-1.9890599049795696,4337.272451,1160,25 Pineal Glut,4.75082e-05
ENSMUSG00000031429,informative,-0.45933601141232899,3822.946677,2929,22 MB-HB Sero,1.58361e-05
ENSMUSG00000031430,uninformative,2.2106371116079182,4.151597089,40,32 OEC,0
ENSMUSG00000031431,informative,-0.15789439833333729,31476.527,29576,30 Astro-Epen,0.160404
ENSMUSG00000031432,informative,-0.87526499429461391,12826.94302,7342,15 HY Gnrh1 Glut,1.58361e-05
ENSMUSG00000031446,informative,-0.166212827151313,14481.99387,13538,25 Pineal Glut,4.75082e-05
ENSMUSG00000031447,informative,1.0091700493379268,44765.71612,94420,31 OPC-Oligo,0.1627
ENSMUSG00000031448,uninformative,-0.56042393810810576,155.2121953,126,25 Pineal Glut,4.75082e-05
ENSMUSG00000031449,uninformative,1.5202709811334647,0.991056625,21,22 MB-HB Sero,1.58361e-05
ENSMUSG00000031451,informative,-0.13814181997369049,13127.35492,12514,25 Pineal Glut,4.75082e-05
ENSMUSG00000031458,informative,0.64441020987671549,8127.431498,13327,15 HY Gnrh1 Glut,1.58361e-05
ENSMUSG00000031465,informative,-0.241523886353289,1425.258439,1279,33 Vascular,0.11687
ENSMUSG00000031486,informative,0.080785513485720897,3927.429496,4368,32 OEC,0
ENSMUSG00000031489,weak,0.4912300409016796,202.691851,315,21 MB Dopa,0
ENSMUSG00000031490,informative,-1.4787870693924905,1164.113202,453,34 Immune,0.0285999
ENSMUSG00000031491,uninformative,0.23819086546354859,54.82073423,84,21 MB Dopa,0
ENSMUSG00000031492,weak,-0.70764166464803324,329.4265183,227,21 MB Dopa,0
ENSMUSG00000031494,uninformative,1.3322308827603728,35.00468698,110,34 Immune,0.0285999
ENSMUSG00000031495,uninformative,1.6706594831442625,0.7939575461,21,34 Immune,0.0285999
ENSMUSG00000031497,weak,-0.28408632248679438,862.4727644,758,34 Immune,0.0285999
ENSMUSG00000031502,informative,-0.38977956317897999,15221.40095,12188,33 Vascular,0.11687
ENSMUSG00000031503,informative,-0.36692731643427279,14941.55999,12155,33 Vascular,0.11687
ENSMUSG00000031504,weak,-0.84925712722521185,298.1655307,189,34 Immune,0.0285999
ENSMUSG00000031511,informative,0.52518092208865697,27853.43433,42014,29 CB Glut,0
ENSMUSG00000031517,informative,-1.3803875044525811,227918.3481,91741,02 NP-CT-L6b Glut,0.046653
ENSMUSG00000031518,uninformative,-3,66.14790183,15,15 HY Gnrh1 Glut,1.58361e-05
ENSMUSG00000031520,informative,-1.3648889150174079,3010.297301,1240,33 Vascular,0.11687
ENSMUSG00000031530,informative,1.5119684863605962,1099.689044,3304,04 DG-IMN Glut,0.0288375
ENSMUSG00000031532,informative,1.0587055120292164,30208.12956,65946,15 HY Gnrh1 Glut,1.58361e-05
ENSMUSG00000031535,uninformative,-0.51081331578551092,13.93740369,26,04 DG-IMN Glut,0.0288375
ENSMUSG00000031536,informative,-1.3252637833518188,29978.10757,12550,28 CB GABA,0
ENSMUSG00000031537,informative,0.16340020921547679,11290.3268,13264,34 Immune,0.0285999
ENSMUSG00000031539,informative,1.3338048467769399,18302.07402,48353,01 IT-ET Glut,0.234215
ENSMUSG00000031540,informative,-0.54111991438643969,20274.27364,14614,34 Immune,0.0285999
ENSMUSG00000031543,informative,-0.125392008726771,11200.30911,10774,29 CB Glut,0
ENSMUSG00000031548,informative,1.3492642551010705,1094.359619,2939,08 CNU-MGE GABA,0.00696787
ENSMUSG00000031549,weak,0.20241569147215061,266.9158273,338,02 NP-CT-L6b Glut,0.046653
ENSMUSG00000031551,weak,0.73852083092130349,514.4076381,916,09 CNU-LGE GABA,0.0528766
ENSMUSG00000031552,weak,-0.73628570287857753,722.4205229,470,02 NP-CT-L6b Glut,0.046653
ENSMUSG00000031557,informative,-0.031148239520409099,5948.157061,6123,04 DG-IMN Glut,0.0288375
ENSMUSG00000031558,informative,-2.0175404706642888,25338.32744,6572,17 MH-LH Glut,0.00120354
ENSMUSG00000031565,informative,0.13501560362033321,14971.38755,17241,30 Astro-Epen,0.160404
ENSMUSG00000031574,informative,-0.61339296629790818,1337.943143,932,31 OPC-Oligo,0.1627
ENSMUSG00000031575,informative,2.0263186355680829,6688.665001,28567,25 Pineal Glut,4.75082e-05
ENSMUSG00000031585,informative,-1.3602814569476165,5659.375387,2325,25 Pineal Glut,4.75082e-05
ENSMUSG00000031592,informative,-1.1010367222026141,51306.00187,25075,29 CB Glut,0
ENSMUSG00000031594,uninformative,-0.90097312052466505,127.2938148,87,25 Pineal Glut,4.75082e-05
ENSMUSG00000031604,informative,0.64487633262409783,18824.73214,30856,30 Astro-Epen,0.160404
ENSMUSG00000031616,informative,-1.8752900307933589,3637.129165,1054,33 Vascular,0.11687
ENSMUSG00000031618,informative,-2.0535193600270292,52686.48835,13313,04 DG-IMN Glut,0.0288375
ENSMUSG00000031622,informative,0.54147568755913056,14120.30164,21549,10 LSX GABA,0.000190033
ENSMUSG00000031628,informative,0.2331425704111813,2343.294761,2902,03 OB-CR Glut,0.000807639
ENSMUSG00000031629,weak,-0.81769608433883101,786.2862687,483,34 Immune,0.0285999
ENSMUSG00000031639,informative,0.22564412393962269,2735.06895,3367,32 OEC,0
ENSMUSG00000031654,informative,-0.30141099056825799,3886.342432,3328,29 CB Glut,0
ENSMUSG00000031660,informative,0.1653802859647843,14897.00304,17520,34 Immune,0.0285999
ENSMUSG00000031665,informative,0.77840410591446685,3297.08261,5942,25 Pineal Glut,4.75082e-05
ENSMUSG00000031666,informative,-1.0608224239141966,12347.68667,6217,25 Pineal Glut,4.75082e-05
ENSMUSG00000031668,informative,0.73241480008319204,8725.856781,15206,32 OEC,0
ENSMUSG00000031671,informative,1.9385993452152253,1822.56646,7339,32 OEC,0
ENSMUSG00000031672,informative,0.1795181575631061,35378.58121,41995,18 TH Glut,0.0535259
ENSMUSG00000031673,informative,-2.138750683351009,49113.19114,11700,02 NP-CT-L6b Glut,0.046653
ENSMUSG00000031681,informative,-0.13044961157326249,16466.6222,15777,03 OB-CR Glut,0.000807639
ENSMUSG00000031688,uninformative,2.7897709318918458,9.90145048,94,19 MB Glut,0.00308803
ENSMUSG00000031700,informative,0.67930186681438454,13562.60813,22772,32 OEC,0
ENSMUSG00000031708,informative,1.0311979294324949,31764.30788,68025,23 P Glut,6.33443e-05
ENSMUSG00000031710,uninformative,0.39524294026233198,45.43453432,79,03 OB-CR Glut,0.000807639
ENSMUSG00000031712,informative,-1.7859864990081389,1437.307206,452,34 Immune,0.0285999
ENSMUSG00000031714,informative,-0.51474184996036021,26455.18762,19416,31 OPC-Oligo,0.1627
ENSMUSG00000031715,informative,-1.1209504566786761,32062.14051,15461,31 OPC-Oligo,0.1627
ENSMUSG00000031730,informative,0.34844399393045089,2340.145546,3138,03 OB-CR Glut,0.000807639
ENSMUSG00000031731,informative,0.14680807178994251,21979.92409,25512,29 CB Glut,0
ENSMUSG00000031734,weak,-0.14900480781704209,726.0297946,702,26 P GABA,0.00280298
ENSMUSG00000031737,weak,-0.77014629119178668,837.2653356,530,17 MH-LH Glut,0.00120354
ENSMUSG00000031738,uninformative,0.1035705898676082,47.84363618,70,17 MH-LH Glut,0.00120354
ENSMUSG00000031740,weak,1.1236819873264257,422.1152208,981,31 OPC-Oligo,0.1627
ENSMUSG00000031748,informative,0.75476966705112547,170186.2711,300905,16 HY MM Glut,0
ENSMUSG00000031750,informative,1.2668664500756184,11139.54752,28103,33 Vascular,0.11687
ENSMUSG00000031751,informative,2.1233459028592656,23882.93666,109045,32 OEC,0
ENSMUSG00000031755,informative,0.98400539663888442,4718.258513,9795,25 Pineal Glut,4.75082e-05
ENSMUSG00000031772,informative,-0.94399014786583979,17933.12659,9790,21 MB Dopa,0
ENSMUSG00000031774,informative,-1.0216207348185686,8800.057151,4557,25 Pineal Glut,4.75082e-05
ENSMUSG00000031778,informative,-0.96456843449995444,96378.14257,51760,02 NP-CT-L6b Glut,0.046653
ENSMUSG00000031780,weak,1.1809402355288512,281.0404686,693,06 CTX-CGE GABA,0.0131281
ENSMUSG00000031785,informative,0.87912086402648026,16468.28222,31752,32 OEC,0
ENSMUSG00000031786,weak,2.3995721663055045,200.5052952,1129,13 CNU-HYa Glut,0.0147909
ENSMUSG00000031790,informative,1.0723408936578771,5312.601922,11722,32 OEC,0
ENSMUSG00000031805,weak,3,365.8046552,4479,33 Vascular,0.11687
ENSMUSG00000031823,informative,0.95096398256648995,4916.458702,9975,25 Pineal Glut,4.75082e-05
ENSMUSG00000031828,informative,1.8403253012316023,1170.159671,4409,32 OEC,0
ENSMUSG00000031833,informative,0.81932615162823774,41608.04308,76942,31 OPC-Oligo,0.1627
ENSMUSG00000031834,informative,2.3448769552407103,7454.68665,39707,01 IT-ET Glut,0.234215
ENSMUSG00000031840,informative,1.7027468483641024,84279.59723,287476,07 CTX-MGE GABA,0.0224397
ENSMUSG00000031841,informative,-2.2561052506674946,56211.5657,12344,07 CTX-MGE GABA,0.0224397
ENSMUSG00000031842,weak,0.28464317797025201,629.7420694,820,33 Vascular,0.11687
ENSMUSG00000031845,uninformative,-3,70.09475376,24,25 Pineal Glut,4.75082e-05
ENSMUSG00000031861,weak,0.55997031272390108,220.405546,357,17 MH-LH Glut,0.00120354
ENSMUSG00000031865,informative,1.5906725302415003,29171.71189,92074,16 HY MM Glut,0
ENSMUSG00000031870,informative,-0.36585830436857392,11448.5224,9324,16 HY MM Glut,0
ENSMUSG00000031871,informative,0.54384432427332807,6547.223062,10017,33 Vascular,0.11687
ENSMUSG00000031878,informative,1.3032524457074506,9988.800779,25845,29 CB Glut,0
ENSMUSG00000031883,informative,-0.19250595569080831,4872.17976,4483,02 NP-CT-L6b Glut,0.046653
ENSMUSG00000031885,informative,-1.3911384973345151,8049.800126,3231,34 Immune,0.0285999
ENSMUSG00000031902,informative,-1.2518873844906988,12205.1697,5385,34 Immune,0.0285999
ENSMUSG00000031906,informative,-1.5268092562511504,29112.69859,10601,09 CNU-LGE GABA,0.0528766
ENSMUSG00000031921,informative,0.24058400016034889,12863.91055,15940,25 Pineal Glut,4.75082e-05
ENSMUSG00000031928,informative,0.47574695250898291,4541.845729,6634,28 CB GABA,0
ENSMUSG00000031932,informative,0.98190611124734084,5349.479506,11095,16 HY MM Glut,0
ENSMUSG00000031933,uninformative,1.9132167476291984,4.064004653,35,07 CTX-MGE GABA,0.0224397
ENSMUSG00000031934,informative,0.68771817732949503,3122.928185,5287,05 OB-IMN GABA,0.00300885
ENSMUSG00000031937,informative,0.64965365516604101,3990.668824,6576,07 CTX-MGE GABA,0.0224397
ENSMUSG00000031955,informative,1.0009505570057828,8606.228304,18063,31 OPC-Oligo,0.1627
ENSMUSG00000031959,informative,0.73147064983395194,6787.41982,11824,31 OPC-Oligo,0.1627
ENSMUSG00000031965,uninformative,-0.23554536296215231,73.14717002,81,33 Vascular,0.11687
ENSMUSG00000031980,informative,0.098128738201451099,10964.02635,12312,30 Astro-Epen,0.160404
ENSMUSG00000031987,informative,-0.51605556940914421,18710.31204,13724,25 Pineal Glut,4.75082e-05
ENSMUSG00000031988,informative,0.45819381691965699,11250.95594,16211,04 DG-IMN Glut,0.0288375
ENSMUSG00000031990,informative,0.20233533108052601,18139.55256,21883,31 OPC-Oligo,0.1627
ENSMUSG00000031996,informative,0.24160820010730599,83830.07059,103852,25 Pineal Glut,4.75082e-05
ENSMUSG00000031997,informative,-2.0522383001566444,8553.361061,2176,04 DG-IMN Glut,0.0288375
ENSMUSG00000032000,informative,-1.4958543270995628,1996.295114,757,34 Immune,0.0285999
ENSMUSG00000032010,informative,0.48046308156018702,19332.22247,28276,34 Immune,0.0285999
ENSMUSG00000032013,uninformative,-0.96100564698146984,103.0171582,71,30 Astro-Epen,0.160404
ENSMUSG00000032015,weak,0.64597890715894013,202.102328,348,33 Vascular,0.11687
ENSMUSG00000032017,informative,-1.2314086821991026,23793.87627,10641,04 DG-IMN Glut,0.0288375
ENSMUSG00000032020,informative,-1.2877032768751648,26103.88548,11218,34 Immune,0.0285999
ENSMUSG00000032024,informative,-1.2436292830915601,15399.03075,6829,28 CB GABA,0
ENSMUSG00000032034,weak,-0.24546178467841739,393.8547744,372,03 OB-CR Glut,0.000807639
ENSMUSG00000032035,informative,-0.12525121984407789,8045.994995,7745,33 Vascular,0.11687
ENSMUSG00000032041,informative,-0.055511553299398601,1628.651368,1658,33 Vascular,0.11687
ENSMUSG00000032050,informative,0.57780702841134612,26151.6332,40913,31 OPC-Oligo,0.1627
ENSMUSG00000032051,informative,0.69187786203687496,5613.215368,9517,25 Pineal Glut,4.75082e-05
ENSMUSG00000032053,uninformative,2.2266474063829054,12.45552667,81,15 HY Gnrh1 Glut,1.58361e-05
ENSMUSG00000032058,informative,-0.37488043931168241,3426.057958,2784,32 OEC,0
ENSMUSG00000032060,informative,0.7222732318116154,47401.31326,81951,31 OPC-Oligo,0.1627
ENSMUSG00000032064,informative,-0.98327762472742863,32238.39041,17101,31 OPC-Oligo,0.1627
ENSMUSG00000032076,informative,-1.6537513966713884,144778.6263,48232,30 Astro-Epen,0.160404
ENSMUSG00000032080,uninformative,3,0.0207664464,570,13 CNU-HYa Glut,0.0147909
ENSMUSG00000032083,weak,-0.85706818168576604,550.4849753,326,25 Pineal Glut,4.75082e-05
ENSMUSG00000032085,informative,-0.17165103666428619,6355.677338,5920,33 Vascular,0.11687
ENSMUSG00000032086,informative,0.096168391725258304,24614.36081,27583,31 OPC-Oligo,0.1627
ENSMUSG00000032087,informative,-2.6845395143138053,65916.73637,10766,32 OEC,0
ENSMUSG00000032089,informative,1.1935637218504276,1850.56663,4460,34 Immune,0.0285999
ENSMUSG00000032091,uninformative,-1.7052272345035733,95.42964457,46,09 CNU-LGE GABA,0.0528766
ENSMUSG00000032093,uninformative,3,5.67127219,65,34 Immune,0.0285999
ENSMUSG00000032094,uninformative,3,9.10798534,98,34 Immune,0.0285999
ENSMUSG00000032097,informative,-0.1080815048364125,48706.65362,47364,15 HY Gnrh1 Glut,1.58361e-05
ENSMUSG00000032098,uninformative,1.2470673218339043,10.25261388,43,07 CTX-MGE GABA,0.0224397
ENSMUSG00000032113,weak,0.6854355791054455,494.5553535,850,25 Pineal Glut,4.75082e-05
ENSMUSG00000032128,informative,0.032085304183447502,3004.701335,3235,17 MH-LH Glut,0.00120354
ENSMUSG00000032135,informative,1.848419696604255,4012.584924,15158,33 Vascular,0.11687
ENSMUSG00000032171,informative,-3,20557.84873,237,25 Pineal Glut,4.75082e-05
ENSMUSG00000032175,informative,-0.31752918713384998,3940.730858,3329,34 Immune,0.0285999
ENSMUSG00000032179,informative,-0.49026369312003432,1091.656984,830,32 OEC,0
ENSMUSG00000032185,informative,0.71455846642544785,11828.19353,20353,10 LSX GABA,0.000190033
ENSMUSG00000032187,informative,1.0002656730331472,23785.57741,49868,25 Pineal Glut,4.75082e-05
ENSMUSG00000032193,informative,-0.40267515855343489,7079.835157,5627,32 OEC,0
ENSMUSG00000032202,informative,-0.59364784174976903,4380.405821,3057,25 Pineal Glut,4.75082e-05
ENSMUSG00000032216,informative,0.25348405600218971,87435.9257,109222,25 Pineal Glut,4.75082e-05
ENSMUSG00000032220,informative,-0.037393638759134998,11172.20833,11430,33 Vascular,0.11687
ENSMUSG00000032226,uninformative,3,2.873309251,92,19 MB Glut,0.00308803
ENSMUSG00000032228,informative,-2.3805255392150948,65668.13074,13228,31 OPC-Oligo,0.1627
ENSMUSG00000032231,informative,1.8072860911211184,2533.03082,9307,33 Vascular,0.11687
ENSMUSG00000032238,informative,-3,340984.4799,28248,28 CB GABA,0
ENSMUSG00000032243,informative,-1.6178329714089139,1519.270467,534,04 DG-IMN Glut,0.0288375
ENSMUSG00000032245,informative,1.9638935962079704,1422.662486,5834,25 Pineal Glut,4.75082e-05
ENSMUSG00000032259,informative,-0.38742436656831841,5388.612597,4332,21 MB Dopa,0
ENSMUSG00000032262,informative,0.1019151003638968,15237.05798,17149,06 CTX-CGE GABA,0.0131281
ENSMUSG00000032269,weak,1.6993019918169898,462.4865576,1592,06 CTX-CGE GABA,0.0131281
ENSMUSG00000032274,uninformative,-2.2863854437508779,138.6074614,45,11 CNU-HYa GABA,0.0132548
ENSMUSG00000032291,weak,2.1858540492309082,247.7836915,1201,25 Pineal Glut,4.75082e-05
ENSMUSG00000032292,uninformative,1.7099422893522416,10.95692496,56,25 Pineal Glut,4.75082e-05
ENSMUSG00000032293,informative,-0.031566584385047197,16003.01931,16420,34 Immune,0.0285999
ENSMUSG00000032294,informative,0.83770926236143528,67797.18508,126968,25 Pineal Glut,4.75082e-05
ENSMUSG00000032297,informative,-0.14324339960209001,6606.976371,6284,15 HY Gnrh1 Glut,1.58361e-05
ENSMUSG00000032298,informative,2.2623928476785471,1203.325603,6069,25 Pineal Glut,4.75082e-05
ENSMUSG00000032301,informative,1.298533202958549,11276.3835,29087,25 Pineal Glut,4.75082e-05
ENSMUSG00000032306,informative,1.5063482152932297,3501.43565,10440,34 Immune,0.0285999
ENSMUSG00000032310,uninformative,3,0.1252967743,40,07 CTX-MGE GABA,0.0224397
ENSMUSG00000032312,informative,-1.1752778651916802,6062.339681,2828,34 Immune,0.0285999
ENSMUSG00000032315,uninformative,0.14311388288783289,9.357745095,27,25 Pineal Glut,4.75082e-05
ENSMUSG00000032318,uninformative,2.2887357800105481,2.317481816,32,25 Pineal Glut,4.75082e-05
ENSMUSG00000032320,informative,0.24735069010697719,26093.28656,32468,30 Astro-Epen,0.160404
ENSMUSG00000032323,informative,-0.45788391992722932,1464.625767,1133,02 NP-CT-L6b Glut,0.046653
ENSMUSG00000032332,informative,-1.7900776852095071,3392.131751,1051,32 OEC,0
ENSMUSG00000032334,weak,-1.6548342606923805,603.0413395,216,25 Pineal Glut,4.75082e-05
ENSMUSG00000032338,informative,1.0348523173790591,1875.363179,4043,18 TH Glut,0.0535259
ENSMUSG00000032340,informative,-1.5913726368865286,40074.31748,13949,31 OPC-Oligo,0.1627
ENSMUSG00000032344,weak,-0.88214212350814025,465.1453977,280,34 Immune,0.0285999
ENSMUSG00000032356,informative,-0.45228650389915809,81255.91539,62247,04 DG-IMN Glut,0.0288375
ENSMUSG00000032360,informative,-2.264603888021945,3126.796964,697,06 CTX-CGE GABA,0.0131281
ENSMUSG00000032368,informative,0.13355772559232959,21031.65591,24189,29 CB Glut,0
ENSMUSG00000032376,informative,-1.901971801743249,11573.81005,3260,29 CB Glut,0
ENSMUSG00000032402,informative,-0.39485824560965532,15726.85247,12548,34 Immune,0.0285999
ENSMUSG00000032405,informative,-1.6906114511493382,38513.09724,12516,34 Immune,0.0285999
ENSMUSG00000032409,informative,-1.7247878734642246,9964.774625,3174,25 Pineal Glut,4.75082e-05
ENSMUSG00000032418,informative,-1.8218632202684903,12180.24017,3625,25 Pineal Glut,4.75082e-05
ENSMUSG00000032419,informative,0.28242846922150427,1358.959087,1748,33 Vascular,0.11687
ENSMUSG00000032420,informative,0.24797766799327409,2764.570206,3456,05 OB-IMN GABA,0.00300885
ENSMUSG00000032423,informative,0.27512031550560861,20575.51497,26103,05 OB-IMN GABA,0.00300885
ENSMUSG00000032434,informative,1.3962782508638354,3949.533288,10910,34 Immune,0.0285999
ENSMUSG00000032435,informative,0.79023442047546966,23206.71273,42065,25 Pineal Glut,4.75082e-05
ENSMUSG00000032440,informative,-0.10647058882517201,8755.737241,8537,34 Immune,0.0285999
ENSMUSG00000032446,uninformative,-0.52145691491487833,183.9297251,150,03 OB-CR Glut,0.000807639
ENSMUSG00000032462,informative,-0.0079313376516865,10605.65842,11067,34 Immune,0.0285999
ENSMUSG00000032475,informative,-0.99239716996618343,12267.4795,6476,29 CB Glut,0
ENSMUSG00000032477,informative,0.15170493581313629,1597.915957,1876,28 CB GABA,0
ENSMUSG00000032479,informative,-0.080773420777651095,78020.02295,77317,16 HY MM Glut,0
ENSMUSG00000032481,informative,-1.0653438734572449,26649.42828,13358,25 Pineal Glut,4.75082e-05
ENSMUSG00000032482,informative,0.47352395344239667,49465.24963,71977,30 Astro-Epen,0.160404
ENSMUSG00000032487,informative,0.4780653637666869,2579.579297,3781,34 Immune,0.0285999
ENSMUSG00000032492,informative,-0.1184943294381172,2355.180149,2289,33 Vascular,0.11687
ENSMUSG00000032494,uninformative,2.5332390678096628,44.5044091,291,33 Vascular,0.11687
ENSMUSG00000032498,informative,0.20828747056223651,3272.125778,3977,29 CB Glut,0
ENSMUSG00000032502,informative,-3,3691.237192,422,08 CNU-MGE GABA,0.00696787
ENSMUSG00000032508,informative,0.93340012352392865,1194.939201,2408,34 Immune,0.0285999
ENSMUSG00000032511,informative,-0.24597604290130351,1993.338436,1777,10 LSX GABA,0.000190033
ENSMUSG00000032513,informative,0.75447458110050558,3141.21504,5569,17 MH-LH Glut,0.00120354
ENSMUSG00000032528,informative,-0.0261509965355608,4203.429621,4349,01 IT-ET Glut,0.234215
ENSMUSG00000032537,informative,-1.6641892351569323,35233.84852,11663,16 HY MM Glut,0
ENSMUSG00000032540,informative,0.1208039085317985,5888.882694,6725,31 OPC-Oligo,0.1627
ENSMUSG00000032547,informative,-0.98547455930236205,19835.84966,10512,33 Vascular,0.11687
ENSMUSG00000032555,informative,0.13692310725806969,4518.798134,5222,33 Vascular,0.11687
ENSMUSG00000032562,informative,0.1585361115533877,41497.91984,48545,33 Vascular,0.11687
ENSMUSG00000032564,informative,-0.61519332940236005,37669.88865,25790,17 MH-LH Glut,0.00120354
ENSMUSG00000032578,informative,0.32886749038637719,1268.767017,1686,25 Pineal Glut,4.75082e-05
ENSMUSG00000032584,uninformative,0.78155353809626937,125.0302079,242,32 OEC,0
ENSMUSG00000032589,informative,0.052934156341620298,56772.18074,61729,29 CB Glut,0
ENSMUSG00000032591,uninformative,1.6444785241874704,3.574425393,30,28 CB GABA,0
ENSMUSG00000032593,uninformative,0.4702196038086317,180.8714862,287,28 CB GABA,0
ENSMUSG00000032602,informative,1.4857124260630881,2983.088625,8771,32 OEC,0
ENSMUSG00000032649,informative,-1.068774333704577,3484.608806,1756,32 OEC,0
ENSMUSG00000032679,informative,-0.2238544087257103,5174.291717,4658,32 OEC,0
ENSMUSG00000032688,informative,-1.9619574814813652,5275.382519,1434,34 Immune,0.0285999
ENSMUSG00000032691,weak,0.0425495098602248,648.6061064,716,34 Immune,0.0285999
ENSMUSG00000032698,informative,-0.44827796841068801,5370.779005,4140,34 Immune,0.0285999
ENSMUSG00000032715,weak,0.89812739248062445,239.6968528,485,28 CB GABA,0
ENSMUSG00000032725,uninformative,1.4896346829511533,73.76818333,235,34 Immune,0.0285999
ENSMUSG00000032741,informative,1.0383153624367123,8294.151699,17873,32 OEC,0
ENSMUSG00000032744,informative,-0.18066211475380431,1982.951227,1849,32 OEC,0
ENSMUSG00000032754,informative,0.35446930696258,2330.388308,3138,30 Astro-Epen,0.160404
ENSMUSG00000032769,uninformative,2.0911494803885389,19.82857372,108,21 MB Dopa,0
ENSMUSG00000032773,informative,0.73727257492626908,19633.84828,34309,04 DG-IMN Glut,0.0288375
ENSMUSG00000032776,informative,-0.83906302921441089,3570.828179,2115,15 HY Gnrh1 Glut,1.58361e-05
ENSMUSG00000032782,informative,-0.99855940314022196,3286.610013,1739,25 Pineal Glut,4.75082e-05
ENSMUSG00000032788,informative,0.2911535803750212,20934.67944,26855,20 MB GABA,0.00742711
ENSMUSG00000032796,informative,0.1289284532909093,2078.986598,2398,33 Vascular,0.11687
ENSMUSG00000032807,uninformative,1.3499782643538407,150.2623396,419,01 IT-ET Glut,0.234215
ENSMUSG00000032812,informative,0.91963540466417704,3816.493784,7581,34 Immune,0.0285999
ENSMUSG00000032816,informative,0.71202513112907817,7411.499695,12737,30 Astro-Epen,0.160404
ENSMUSG00000032826,informative,-2.9560461859302132,395835.9135,53460,31 OPC-Oligo,0.1627
ENSMUSG00000032839,informative,-1.1743685469954075,20292.97815,9436,09 CNU-LGE GABA,0.0528766
ENSMUSG00000032854,informative,0.3721962747939121,39194.49716,53168,31 OPC-Oligo,0.1627
ENSMUSG00000032855,informative,1.070882920065201,16376.20457,36061,29 CB Glut,0
ENSMUSG00000032860,uninformative,-0.00046717448417230001,115.4645376,137,33 Vascular,0.11687
ENSMUSG00000032864,uninformative,1.1231409915942725,10.8237545,42,21 MB Dopa,0
ENSMUSG00000032870,informative,-0.52125514924695271,40107.37244,29295,34 Immune,0.0285999
ENSMUSG00000032897,informative,-1.6102845959811032,17605.55126,6057,30 Astro-Epen,0.160404
ENSMUSG00000032898,informative,0.20871652166078361,18409.66845,22307,31 OPC-Oligo,0.1627
ENSMUSG00000032902,informative,1.1385748842043055,7800.98849,18012,33 Vascular,0.11687
ENSMUSG00000032911,informative,0.52227450768637151,7141.618973,10763,33 Vascular,0.11687
ENSMUSG00000032936,informative,1.3572664197924431,38229.04493,102635,09 CNU-LGE GABA,0.0528766
ENSMUSG00000032937,weak,-3,348.451385,19,29 CB Glut,0
ENSMUSG00000032942,weak,0.80028594778803441,830.9703403,1533,30 Astro-Epen,0.160404
ENSMUSG00000032968,informative,0.60637466982193622,4875.819435,7794,11 CNU-HYa GABA,0.0132548
ENSMUSG00000032988,uninformative,3,8.263267641,497,25 Pineal Glut,4.75082e-05
ENSMUSG00000032998,informative,-1.1282226797796506,17348.75219,8331,11 CNU-HYa GABA,0.0132548
ENSMUSG00000032999,uninformative,0.49284347666275741,19.3365538,45,15 HY Gnrh1 Glut,1.58361e-05
ENSMUSG00000033004,informative,-2.5223426941422891,160855.0629,29350,04 DG-IMN Glut,0.0288375
ENSMUSG00000033006,informative,0.16834558996025009,15896.64397,18733,32 OEC,0
ENSMUSG00000033014,informative,-1.0136661402231384,32020.88418,16632,05 OB-IMN GABA,0.00300885
ENSMUSG00000033016,informative,0.81348769262524945,1952.462422,3612,34 Immune,0.0285999
ENSMUSG00000033020,informative,0.38097333752088308,15024.92,20516,03 OB-CR Glut,0.000807639
ENSMUSG00000033059,informative,0.30935372870014749,19908.91906,25864,30 Astro-Epen,0.160404
ENSMUSG00000033063,informative,-0.58708272502178349,6225.839714,4366,07 CTX-MGE GABA,0.0224397
ENSMUSG00000033080,uninformative,3,21.82858781,252,30 Astro-Epen,0.160404
ENSMUSG00000033096,informative,2.0329674133850881,5617.97615,24108,15 HY Gnrh1 Glut,1.58361e-05
ENSMUSG00000033105,informative,1.3225774054252253,3430.777428,9008,15 HY Gnrh1 Glut,1.58361e-05
ENSMUSG00000033122,uninformative,-3,18.96905405,17,30 Astro-Epen,0.160404
ENSMUSG00000033124,informative,0.64552709442109624,16725.30089,27429,01 IT-ET Glut,0.234215
ENSMUSG00000033159,informative,1.385857047087879,4325.871784,11862,31 OPC-Oligo,0.1627
ENSMUSG00000033191,informative,0.64759024544335708,2886.90926,4755,33 Vascular,0.11687
ENSMUSG00000033196,uninformative,1.3470279342076363,93.91781648,268,16 HY MM Glut,0
ENSMUSG00000033208,informative,-1.0174772224126851,21250.75585,11006,32 OEC,0
ENSMUSG00000033227,uninformative,3,133.0869272,2876,32 OEC,0
ENSMUSG00000033237,informative,-0.75673957440495232,21704.22807,13474,34 Immune,0.0285999
ENSMUSG00000033253,informative,0.49897564222420659,4924.489378,7308,31 OPC-Oligo,0.1627
ENSMUSG00000033295,informative,-1.895087346400435,18373.76606,5191,03 OB-CR Glut,0.000807639
ENSMUSG00000033306,informative,-2.1755295121447973,23571.09598,5482,29 CB Glut,0
ENSMUSG00000033308,informative,-3,32050.66469,3740,31 OPC-Oligo,0.1627
ENSMUSG00000033326,informative,1.5048032032478544,7548.494328,22462,31 OPC-Oligo,0.1627
ENSMUSG00000033327,informative,0.4663226713130178,1199.652624,1761,33 Vascular,0.11687
ENSMUSG00000033335,informative,0.54187802304727417,21501.53291,32814,34 Immune,0.0285999
ENSMUSG00000033352,informative,-1.4433918096824128,53911.70963,20785,14 HY Glut,0.00593852
ENSMUSG00000033377,informative,-0.83057484958574068,13002.58978,7676,33 Vascular,0.11687
ENSMUSG00000033386,informative,-1.7296675100064591,1369.579596,448,34 Immune,0.0285999
ENSMUSG00000033389,informative,-0.0926164759231803,35424.00963,34823,29 CB Glut,0
ENSMUSG00000033400,informative,0.1217445559020613,11147.40751,12724,30 Astro-Epen,0.160404
ENSMUSG00000033411,informative,-1.1819030761491136,15646.17843,7241,33 Vascular,0.11687
ENSMUSG00000033419,informative,-2.5821883031236239,81601.48281,14292,20 MB GABA,0.00742711
ENSMUSG00000033439,informative,-0.48172381185532048,8496.893729,6391,31 OPC-Oligo,0.1627
ENSMUSG00000033446,informative,0.94699449542163883,2155.568623,4371,34 Immune,0.0285999
ENSMUSG00000033467,informative,1.3389240245748382,2899.727549,7703,25 Pineal Glut,4.75082e-05
ENSMUSG00000033501,uninformative,0.80528563923201923,15.92274797,46,07 CTX-MGE GABA,0.0224397
ENSMUSG00000033538,weak,-1.8949657704915277,644.9890175,197,34 Immune,0.0285999
ENSMUSG00000033540,informative,2.2902509319045534,1400.58985,7206,30 Astro-Epen,0.160404
ENSMUSG00000033543,informative,-0.52925208902865206,17086.07509,12420,03 OB-CR Glut,0.000807639
ENSMUSG00000033565,informative,-1.817987023320988,75148.70049,22346,05 OB-IMN GABA,0.00300885
ENSMUSG00000033577,informative,-0.29925607391245529,37993.72613,32366,30 Astro-Epen,0.160404
ENSMUSG00000033578,informative,1.4497809682068237,8691.024394,24892,11 CNU-HYa GABA,0.0132548
ENSMUSG00000033585,informative,2.806689639729572,15599.22468,114384,15 HY Gnrh1 Glut,1.58361e-05
ENSMUSG00000033595,informative,1.8118598217706912,16671.72351,61346,31 OPC-Oligo,0.1627
ENSMUSG00000033597,informative,1.5983221216626284,14588.12413,46298,30 Astro-Epen,0.160404
ENSMUSG00000033628,informative,1.654006116168369,7566.16131,24966,34 Immune,0.0285999
ENSMUSG00000033644,weak,0.50443043177326241,308.4885991,475,25 Pineal Glut,4.75082e-05
ENSMUSG00000033658,informative,0.44153475536311698,6482.375561,9240,15 HY Gnrh1 Glut,1.58361e-05
ENSMUSG00000033676,informative,-1.3645712726536103,147794.7943,60151,05 OB-IMN GABA,0.00300885
ENSMUSG00000033684,informative,0.82322838353090622,5042.113511,9364,25 Pineal Glut,4.75082e-05
ENSMUSG00000033712,informative,2.3268113634568079,6177.358049,32491,03 OB-CR Glut,0.000807639
ENSMUSG00000033717,informative,-0.72967080196891876,3496.781428,2225,30 Astro-Epen,0.160404
ENSMUSG00000033726,informative,1.4786274867630669,2773.452609,8116,01 IT-ET Glut,0.234215
ENSMUSG00000033730,informative,0.46604732015673539,38116.11685,55180,01 IT-ET Glut,0.234215
ENSMUSG00000033770,uninformative,2.0573416573059129,14.13097139,81,05 OB-IMN GABA,0.00300885
ENSMUSG00000033774,uninformative,0.91101922253683076,185.7780643,391,21 MB Dopa,0
ENSMUSG00000033777,uninformative,1.9453988981017041,180.6442896,748,34 Immune,0.0285999
ENSMUSG00000033788,informative,-0.58928661947348848,2083.997327,1467,33 Vascular,0.11687
ENSMUSG00000033792,informative,-0.1805385538072995,6509.606815,6034,34 Immune,0.0285999
ENSMUSG00000033825,uninformative,3,1.134792828,80,18 TH Glut,0.0535259
ENSMUSG00000033831,uninformative,2.9190637614657891,0.3870706679,18,22 MB-HB Sero,1.58361e-05
ENSMUSG00000033834,uninformative,3,0.005326123557,32,12 HY GABA,0.0167704
ENSMUSG00000033837,uninformative,3,0.08005441061,45,17 MH-LH Glut,0.00120354
ENSMUSG00000033854,informative,-1.638131074949831,11436.63592,3865,29 CB Glut,0
ENSMUSG00000033860,uninformative,2.6558657635886962,1.26800707,38,21 MB Dopa,0
ENSMUSG00000033871,informative,-0.1557512052322573,13225.84828,12455,29 CB Glut,0
ENSMUSG00000033900,informative,-0.073102979728086395,22418.49986,22344,15 HY Gnrh1 Glut,1.58361e-05
ENSMUSG00000033904,informative,0.97321388242726381,19721.75704,40583,31 OPC-Oligo,0.1627
ENSMUSG00000033910,informative,1.3417389674385285,18066.87981,47995,17 MH-LH Glut,0.00120354
ENSMUSG00000033933,informative,-0.12889023609083619,6194.028494,5951,30 Astro-Epen,0.160404
ENSMUSG00000033948,informative,-1.074737813170205,12123.5954,6046,32 OEC,0
ENSMUSG00000033949,informative,-1.9044498384153601,2803.839495,800,31 OPC-Oligo,0.1627
ENSMUSG00000033953,informative,0.20565238176589709,123114.2471,148769,01 IT-ET Glut,0.234215
ENSMUSG00000033965,informative,-1.191361209982448,16527.23052,7598,33 Vascular,0.11687
ENSMUSG00000033981,informative,-0.57027648501625716,267954.1211,189093,10 LSX GABA,0.000190033
ENSMUSG00000034009,informative,-0.72296787601293833,4915.74073,3136,06 CTX-CGE GABA,0.0131281
ENSMUSG00000034028,uninformative,-0.80720311349151386,155.962645,109,34 Immune,0.0285999
ENSMUSG00000034040,informative,-0.27457627935638829,57816.85494,50094,25 Pineal Glut,4.75082e-05
ENSMUSG00000034098,informative,-1.9494244521598545,20900.03664,5685,26 P GABA,0.00280298
ENSMUSG00000034101,informative,0.2671348292405335,26963.24954,34013,33 Vascular,0.11687
ENSMUSG00000034116,weak,1.7581537088386148,624.2595832,2231,34 Immune,0.0285999
ENSMUSG00000034120,informative,0.19467221451791111,30821.55365,36974,31 OPC-Oligo,0.1627
ENSMUSG00000034160,informative,-0.55791324214900406,59862.18186,42620,05 OB-IMN GABA,0.00300885
ENSMUSG00000034161,weak,-0.33638924584956081,548.49466,471,29 CB Glut,0
ENSMUSG00000034165,informative,-0.73359991025587701,16277.18651,10272,34 Immune,0.0285999
ENSMUSG00000034171,informative,1.0847750029805914,15363.83384,34160,04 DG-IMN Glut,0.0288375
ENSMUSG00000034187,informative,-0.32538827350649502,176915.1251,147948,18 TH Glut,0.0535259
ENSMUSG00000034210,informative,-0.62776943829317711,26048.07307,17678,31 OPC-Oligo,0.1627
ENSMUSG00000034218,informative,-1.3484501495143022,7438.363003,3076,25 Pineal Glut,4.75082e-05
ENSMUSG00000034227,informative,1.7506830560393312,1674.361153,5922,31 OPC-Oligo,0.1627
ENSMUSG00000034235,informative,-0.2354044539332017,21180.10406,18866,32 OEC,0
ENSMUSG00000034266,weak,-0.51825713817073038,250.5019723,199,34 Immune,0.0285999
ENSMUSG00000034269,informative,-1.2055813973025309,51932.76448,23608,25 Pineal Glut,4.75082e-05
ENSMUSG00000034275,informative,-0.017393407441387499,29255.90589,30301,02 NP-CT-L6b Glut,0.046653
ENSMUSG00000034282,weak,-0.37936466730930629,668.1548958,554,13 CNU-HYa Glut,0.0147909
ENSMUSG00000034311,uninformative,0.045502817292872699,97.93984876,122,05 OB-IMN GABA,0.00300885
ENSMUSG00000034329,uninformative,0.20208450254643759,130.9010297,182,05 OB-IMN GABA,0.00300885
ENSMUSG00000034330,informative,0.39895968353994959,1212.17029,1691,34 Immune,0.0285999
ENSMUSG00000034336,informative,0.55122371268942139,51345.73651,78846,18 TH Glut,0.0535259
ENSMUSG00000034342,informative,-0.67608028163002853,25818.8319,16946,34 Immune,0.0285999
ENSMUSG00000034362,uninformative,-0.93571374195108559,4.447588267,18,05 OB-IMN GABA,0.00300885
ENSMUSG00000034384,uninformative,2.4216068480900126,188.8986168,1089,29 CB Glut,0
ENSMUSG00000034390,informative,0.99650749159950935,54632.74281,114229,15 HY Gnrh1 Glut,1.58361e-05
ENSMUSG00000034394,uninformative,2.6802596727996484,102.9339855,713,30 Astro-Epen,0.160404
ENSMUSG00000034402,informative,-0.1938350276754712,25232.38895,23137,17 MH-LH Glut,0.00120354
ENSMUSG00000034403,informative,0.021684967313029199,22877.95377,24349,28 CB GABA,0
ENSMUSG00000034432,informative,0.74528856743442029,15546.27877,27321,13 CNU-HYa Glut,0.0147909
ENSMUSG00000034459,informative,-1.5527472037892214,1760.197921,652,33 Vascular,0.11687
ENSMUSG00000034462,informative,0.060141894430420097,12833.93784,14035,33 Vascular,0.11687
ENSMUSG00000034486,informative,-0.091138115800786998,2016.085039,1999,18 TH Glut,0.0535259
ENSMUSG00000034488,informative,-1.0700910064660465,152310.8738,76022,31 OPC-Oligo,0.1627
ENSMUSG00000034520,informative,-0.45330649623971181,7352.350911,5642,33 Vascular,0.11687
ENSMUSG00000034533,uninformative,0.73858662753338189,49.90086789,104,32 OEC,0
ENSMUSG00000034557,informative,-0.37991908864689411,43127.05423,34740,29 CB Glut,0
ENSMUSG00000034560,informative,-0.6048101468561341,15524.21078,10711,34 Immune,0.0285999
ENSMUSG00000034584,informative,0.52284537450415847,4387.298255,6621,29 CB Glut,0
ENSMUSG00000034593,informative,-0.48395094375842951,78089.39713,58524,02 NP-CT-L6b Glut,0.046653
ENSMUSG00000034613,informative,-0.67005028748476847,47570.50177,31340,34 Immune,0.0285999
ENSMUSG00000034640,informative,-0.17598745995456669,9262.416208,8606,15 HY Gnrh1 Glut,1.58361e-05
ENSMUSG00000034641,uninformative,1.3362887117740865,19.4057031,69,34 Immune,0.0285999
ENSMUSG00000034652,weak,-0.78916726785674352,640.5719235,404,34 Immune,0.0285999
ENSMUSG00000034656,informative,-1.8513037025408288,125755.8709,36531,29 CB Glut,0
ENSMUSG00000034659,informative,0.88248529737787995,10769.67034,20819,33 Vascular,0.11687
ENSMUSG00000034660,uninformative,-0.72516826717900662,11.59679385,23,22 MB-HB Sero,1.58361e-05
ENSMUSG00000034664,weak,-0.73757116135501566,880.6148791,569,21 MB Dopa,0
ENSMUSG00000034673,informative,1.4250483298722521,7241.120579,20390,34 Immune,0.0285999
ENSMUSG00000034674,informative,0.38452545528275361,10160.29073,13913,29 CB Glut,0
ENSMUSG00000034675,informative,2.3266706749911559,20570.36437,108136,04 DG-IMN Glut,0.0288375
ENSMUSG00000034683,uninformative,0.0328995374213897,49.35537045,77,34 Immune,0.0285999
ENSMUSG00000034684,informative,1.466491615234605,1226.117186,3568,25 Pineal Glut,4.75082e-05
ENSMUSG00000034687,informative,-2.0018675236828374,21043.03384,5520,09 CNU-LGE GABA,0.0528766
ENSMUSG00000034701,informative,-1.3213131686745918,4270.66647,1806,29 CB Glut,0
ENSMUSG00000034708,informative,1.9268400307177147,7913.511215,31544,34 Immune,0.0285999
ENSMUSG00000034730,informative,1.9572988505027356,46029.50563,187299,18 TH Glut,0.0535259
ENSMUSG00000034739,uninformative,3,7.214434274,1157,08 CNU-MGE GABA,0.00696787
ENSMUSG00000034744,informative,-0.52558285331870991,10976.73837,8005,15 HY Gnrh1 Glut,1.58361e-05
ENSMUSG00000034748,informative,2.2583756130306578,1670.887202,8396,03 OB-CR Glut,0.000807639
ENSMUSG00000034755,informative,-2.7178861456665087,46158.54228,7366,08 CNU-MGE GABA,0.00696787
ENSMUSG00000034758,weak,1.1228623479927995,456.5402442,1059,31 OPC-Oligo,0.1627
ENSMUSG00000034765,informative,0.79983934133991741,2832.319859,5191,29 CB Glut,0
ENSMUSG00000034777,uninformative,-3,161.5328544,19,29 CB Glut,0
ENSMUSG00000034781,informative,-1.5518621615299069,20765.78739,7436,33 Vascular,0.11687
ENSMUSG00000034783,uninformative,3,0.5728600595,34,17 MH-LH Glut,0.00120354
ENSMUSG00000034785,uninformative,1.5455751494802603,3.245115017,28,13 CNU-HYa Glut,0.0147909
ENSMUSG00000034789,informative,0.14763516082982031,13966.46308,16226,03 OB-CR Glut,0.000807639
ENSMUSG00000034825,informative,-0.95704478049483799,31555.56288,17046,05 OB-IMN GABA,0.00300885
ENSMUSG00000034832,informative,-0.91798700068530259,26799.31853,14876,34 Immune,0.0285999
ENSMUSG00000034833,weak,-2.503231887953723,220.7743463,56,25 Pineal Glut,4.75082e-05
ENSMUSG00000034837,uninformative,-2.8873129420672616,62.44254628,24,31 OPC-Oligo,0.1627
ENSMUSG00000034845,informative,-3,2298.973205,210,28 CB GABA,0
ENSMUSG00000034855,weak,-2.6977515914767145,624.3264576,116,32 OEC,0
ENSMUSG00000034858,informative,-0.0072936863444135001,19869.55615,20729,30 Astro-Epen,0.160404
ENSMUSG00000034881,weak,-0.29755532805763107,938.6099446,816,33 Vascular,0.11687
ENSMUSG00000034891,informative,1.9958505921236365,97611.7033,407927,07 CTX-MGE GABA,0.0224397
ENSMUSG00000034902,informative,0.49770034119118889,37422.76939,55378,01 IT-ET Glut,0.234215
ENSMUSG00000034906,weak,0.68144104827232854,298.939171,519,34 Immune,0.0285999
ENSMUSG00000034908,informative,-1.0011830841479337,9558.888105,5019,32 OEC,0
ENSMUSG00000034917,uninformative,0.879795532895982,166.5277362,338,28 CB GABA,0
ENSMUSG00000034957,informative,0.55641625575898057,1139.303757,1772,34 Immune,0.0285999
ENSMUSG00000034993,informative,0.59515596449653019,9586.805403,15190,22 MB-HB Sero,1.58361e-05
ENSMUSG00000034997,informative,0.37113009003431791,9278.763695,12590,16 HY MM Glut,0
ENSMUSG00000035000,informative,-0.46495843283070998,1272.903182,982,33 Vascular,0.11687
ENSMUSG00000035007,informative,0.10632113399671669,7468.886397,8440,09 CNU-LGE GABA,0.0528766
ENSMUSG00000035011,informative,-1.3440281300117909,53754.41828,22201,16 HY MM Glut,0
ENSMUSG00000035021,informative,-1.1361741830352798,2644.330984,1284,34 Immune,0.0285999
ENSMUSG00000035027,informative,-0.39115163304500211,20261.44773,16203,25 Pineal Glut,4.75082e-05
ENSMUSG00000035033,informative,0.69725631058049031,12611.95217,21442,02 NP-CT-L6b Glut,0.046653
ENSMUSG00000035067,informative,-2.0199677784585561,35364.27059,9151,29 CB Glut,0
ENSMUSG00000035086,informative,0.40389248508858738,17476.70051,24243,33 Vascular,0.11687
ENSMUSG00000035104,informative,0.0276250938762981,6169.482696,6605,30 Astro-Epen,0.160404
ENSMUSG00000035105,weak,1.8725127178753089,745.2548599,2878,06 CTX-CGE GABA,0.0131281
ENSMUSG00000035142,informative,-2.3190846510119654,4114.005625,879,32 OEC,0
ENSMUSG00000035152,informative,1.0024713479196861,55470.22317,116460,10 LSX GABA,0.000190033
ENSMUSG00000035158,informative,-2.9719922240197696,15717.77409,2114,25 Pineal Glut,4.75082e-05
ENSMUSG00000035187,weak,-1.2960441211502454,308.328324,147,23 P Glut,6.33443e-05
ENSMUSG00000035198,informative,1.4567358221844078,3311.722225,9542,15 HY Gnrh1 Glut,1.58361e-05
ENSMUSG00000035200,uninformative,-0.72638510725863903,172.6774193,125,25 Pineal Glut,4.75082e-05
ENSMUSG00000035212,informative,0.39957677343087061,7297.397309,10102,34 Immune,0.0285999
ENSMUSG00000035234,informative,-0.49468412635361769,1948.973429,1465,25 Pineal Glut,4.75082e-05
ENSMUSG00000035258,informative,-1.9167232449028304,3224.203742,910,03 OB-CR Glut,0.000807639
ENSMUSG00000035262,uninformative,2.5426178728383149,93.6808657,593,34 Immune,0.0285999
ENSMUSG00000035268,informative,-1.9699121310955503,49428.28582,13235,32 OEC,0
ENSMUSG00000035273,uninformative,-0.1170727370840806,191.5166908,201,03 OB-CR Glut,0.000807639
ENSMUSG00000035277,informative,0.3428230610638523,3263.665399,4353,07 CTX-MGE GABA,0.0224397
ENSMUSG00000035283,informative,-0.16020851845166501,11754.41893,11037,25 Pineal Glut,4.75082e-05
ENSMUSG00000035305,informative,-3,10364.43025,1113,32 OEC,0
ENSMUSG00000035329,informative,-0.34806392637651651,21080.55373,17368,15 HY Gnrh1 Glut,1.58361e-05
ENSMUSG00000035352,weak,-1.1864041074265479,509.4250639,250,34 Immune,0.0285999
ENSMUSG00000035365,weak,-0.63043571385207076,263.4506591,194,34 Immune,0.0285999
ENSMUSG00000035373,uninformative,0.67065571040158267,72.74139282,138,34 Immune,0.0285999
ENSMUSG00000035383,weak,-3,432.3358799,24,14 HY Glut,0.00593852
ENSMUSG00000035385,uninformative,-0.50955374394155006,176.9751847,146,34 Immune,0.0285999
ENSMUSG00000035392,informative,-3,76873.95823,8857,30 Astro-Epen,0.160404
ENSMUSG00000035394,weak,-0.81415019161655977,423.548373,268,30 Astro-Epen,0.160404
ENSMUSG00000035401,informative,-1.0104928917615383,25753.26811,13409,05 OB-IMN GABA,0.00300885
ENSMUSG00000035403,weak,1.4379380880078028,548.9037507,1576,30 Astro-Epen,0.160404
ENSMUSG00000035413,informative,1.0733606960071604,3385.742805,7482,31 OPC-Oligo,0.1627
ENSMUSG00000035427,uninformative,-0.79368308560308376,3.936836996,18,17 MH-LH Glut,0.00120354
ENSMUSG00000035431,informative,1.6851832422228172,1342.29776,4549,07 CTX-MGE GABA,0.0224397
ENSMUSG00000035441,informative,-0.71155822993003726,22788.65391,14604,31 OPC-Oligo,0.1627
ENSMUSG00000035448,uninformative,2.2730973555123355,2.748559078,34,01 IT-ET Glut,0.234215
ENSMUSG00000035451,uninformative,-1.7111859962145513,55.2019683,33,21 MB Dopa,0
ENSMUSG00000035478,informative,1.2518292069246817,14291.02517,35675,25 Pineal Glut,4.75082e-05
ENSMUSG00000035491,uninformative,-0.98728889325604963,12.21443664,22,26 P GABA,0.00280298
ENSMUSG00000035498,uninformative,-0.23032260112573169,193.8021276,189,15 HY Gnrh1 Glut,1.58361e-05
ENSMUSG00000035513,informative,0.9127080264546662,10000.86074,19751,03 OB-CR Glut,0.000807639
ENSMUSG00000035528,weak,-1.1291737382415372,447.819537,230,05 OB-IMN GABA,0.00300885
ENSMUSG00000035569,informative,-1.9521839405074699,75102.56038,20350,31 OPC-Oligo,0.1627
ENSMUSG00000035580,informative,-2.2759696417921682,4635.351347,1026,17 MH-LH Glut,0.00120354
ENSMUSG00000035596,informative,1.6645044945879302,15371.64447,51081,14 HY Glut,0.00593852
ENSMUSG00000035614,informative,-0.072778963947166,19068.70942,19012,15 HY Gnrh1 Glut,1.58361e-05
ENSMUSG00000035615,informative,-0.5216556705042702,7413.143921,5426,30 Astro-Epen,0.160404
ENSMUSG00000035620,informative,-0.27614254865552768,21740.49839,18826,09 CNU-LGE GABA,0.0528766
ENSMUSG00000035623,informative,-0.90352876548072358,36851.79448,20656,32 OEC,0
ENSMUSG00000035629,informative,0.48009359193750828,13262.89998,19399,31 OPC-Oligo,0.1627
ENSMUSG00000035638,uninformative,-2.452598283612911,4.224640609,14,14 HY Glut,0.00593852
ENSMUSG00000035678,weak,-1.2318719964712861,263.4866291,133,34 Immune,0.0285999
ENSMUSG00000035681,informative,-1.1734639130207971,103672.2956,48173,07 CTX-MGE GABA,0.0224397
ENSMUSG00000035692,informative,0.50257668656112719,1388.137933,2077,33 Vascular,0.11687
ENSMUSG00000035722,informative,1.658878173867423,3671.73705,12174,33 Vascular,0.11687
ENSMUSG00000035726,informative,-0.13647210900788459,17812.31158,16994,03 OB-CR Glut,0.000807639
ENSMUSG00000035735,informative,-0.073403139354686397,16222.84714,16170,04 DG-IMN Glut,0.0288375
ENSMUSG00000035757,informative,0.77000827211721157,5011.662739,8971,31 OPC-Oligo,0.1627
ENSMUSG00000035773,weak,0.67753463735561492,533.0817229,910,15 HY Gnrh1 Glut,1.58361e-05
ENSMUSG00000035775,weak,-1.2709840879916241,303.0015982,147,01 IT-ET Glut,0.234215
ENSMUSG00000035799,weak,0.89463245159247939,357.3314575,713,33 Vascular,0.11687
ENSMUSG00000035804,uninformative,3,0.1560304643,28,22 MB-HB Sero,1.58361e-05
ENSMUSG00000035805,informative,2.4976939389796722,9984.484616,59103,30 Astro-Epen,0.160404
ENSMUSG00000035835,informative,2.0382433897250603,4918.250051,21185,15 HY Gnrh1 Glut,1.58361e-05
ENSMUSG00000035852,weak,-0.72086196851542506,563.7116479,374,32 OEC,0
ENSMUSG00000035873,informative,-2.0178330775431865,1297.665919,351,33 Vascular,0.11687
ENSMUSG00000035896,weak,-1.8976421028392725,454.1484867,143,30 Astro-Epen,0.160404
ENSMUSG00000035898,informative,-0.46139218223220291,12530.67618,9551,22 MB-HB Sero,1.58361e-05
ENSMUSG00000035914,informative,-1.43518589806423,2675.435394,1052,05 OB-IMN GABA,0.00300885
ENSMUSG00000035916,weak,-3,759.8149023,88,17 MH-LH Glut,0.00120354
ENSMUSG00000035919,informative,-0.65989623946225906,20010.04309,13285,34 Immune,0.0285999
ENSMUSG00000035923,uninformative,1.22454538187452,3.888052738,43,26 P GABA,0.00280298
ENSMUSG00000035934,informative,-0.14104558391814459,28827.18857,27406,06 CTX-CGE GABA,0.0131281
ENSMUSG00000035946,uninformative,-0.17657956193750859,68.02029637,79,09 CNU-LGE GABA,0.0528766
ENSMUSG00000035953,informative,0.99093953879744079,11748.27126,24481,34 Immune,0.0285999
ENSMUSG00000035960,informative,-1.990446118888636,3446.39399,924,34 Immune,0.0285999
ENSMUSG00000035984,informative,-0.13198297970140441,3269.447966,3142,25 Pineal Glut,4.75082e-05
ENSMUSG00000036023,informative,0.46428439815466771,4475.003698,6485,34 Immune,0.0285999
ENSMUSG00000036026,informative,0.90028361965000891,25552.8474,49986,18 TH Glut,0.0535259
ENSMUSG00000036036,informative,-0.46422814021036868,1735.748134,1334,25 Pineal Glut,4.75082e-05
ENSMUSG00000036057,informative,1.4238684192345683,5238.579722,14744,29 CB Glut,0
ENSMUSG00000036078,informative,0.10879335810532829,7668.52494,8680,02 NP-CT-L6b Glut,0.046653
ENSMUSG00000036098,informative,0.35557084568836811,12517.62354,16797,31 OPC-Oligo,0.1627
ENSMUSG00000036106,informative,1.5467773141879826,1842.78452,5659,30 Astro-Epen,0.160404
ENSMUSG00000036110,uninformative,-0.064963579591367199,3.975891365,20,25 Pineal Glut,4.75082e-05
ENSMUSG00000036117,uninformative,-0.1865005771358908,32.65334881,46,25 Pineal Glut,4.75082e-05
ENSMUSG00000036123,weak,-0.092838841241429507,207.6496558,220,16 HY MM Glut,0
ENSMUSG00000036131,weak,1.0474643581509016,250.1956579,567,05 OB-IMN GABA,0.00300885
ENSMUSG00000036144,uninformative,-0.63556131260729798,28.63143912,35,16 HY MM Glut,0
ENSMUSG00000036169,weak,2.2396507916946931,331.6398454,1661,17 MH-LH Glut,0.00120354
ENSMUSG00000036192,informative,-2.6554729487485864,80904.61863,13469,30 Astro-Epen,0.160404
ENSMUSG00000036202,informative,-0.96021143329584202,18323.47936,9883,29 CB Glut,0
ENSMUSG00000036223,uninformative,0.74933684138890755,15.45636213,44,05 OB-IMN GABA,0.00300885
ENSMUSG00000036231,uninformative,1.8661144509142704,59.7368242,247,32 OEC,0
ENSMUSG00000036241,informative,-1.0311013595441108,37167.46148,19071,15 HY Gnrh1 Glut,1.58361e-05
ENSMUSG00000036251,uninformative,-0.67580870297269058,142.2988317,109,30 Astro-Epen,0.160404
ENSMUSG00000036264,informative,-1.0191091583961844,54545.47062,28214,01 IT-ET Glut,0.234215
ENSMUSG00000036270,informative,2.0895588291956271,5545.351627,24748,33 Vascular,0.11687
ENSMUSG00000036273,informative,0.070449979745115604,19614.27174,21595,09 CNU-LGE GABA,0.0528766
ENSMUSG00000036309,informative,-1.0259046645144392,46224.50969,23800,22 MB-HB Sero,1.58361e-05
ENSMUSG00000036323,informative,-0.79941648036513957,18784.4972,11324,15 HY Gnrh1 Glut,1.58361e-05
ENSMUSG00000036352,informative,0.33286870177825328,11705.28555,15463,33 Vascular,0.11687
ENSMUSG00000036357,informative,0.2352731954973494,1825.766342,2276,11 CNU-HYa GABA,0.0132548
ENSMUSG00000036362,informative,2.1790777863313111,1374.18744,6548,34 Immune,0.0285999
ENSMUSG00000036390,informative,-1.2439817853853208,2869.944503,1285,02 NP-CT-L6b Glut,0.046653
ENSMUSG00000036422,informative,2.6333776414310224,4431.137497,28836,10 LSX GABA,0.000190033
ENSMUSG00000036427,informative,0.7862887069877782,30086.18363,54381,22 MB-HB Sero,1.58361e-05
ENSMUSG00000036432,informative,0.60123282607395034,5172.579092,8238,33 Vascular,0.11687
ENSMUSG00000036437,informative,0.0218753677581533,10321.0826,10995,06 CTX-CGE GABA,0.0131281
ENSMUSG00000036446,weak,2.2091709621710565,378.9916227,1856,33 Vascular,0.11687
ENSMUSG00000036450,informative,0.21077533323379111,5110.537049,6213,05 OB-IMN GABA,0.00300885
ENSMUSG00000036459,informative,-0.75427767645139099,5503.375141,3434,33 Vascular,0.11687
ENSMUSG00000036466,informative,-1.2242508187613033,10731.51226,4828,29 CB Glut,0
ENSMUSG00000036499,informative,-0.93975687229972882,29848.66864,16319,29 CB Glut,0
ENSMUSG00000036501,informative,-0.20182885666557579,21023.27737,19167,14 HY Glut,0.00593852
ENSMUSG00000036503,informative,0.76831240979044502,37014.0041,66079,31 OPC-Oligo,0.1627
ENSMUSG00000036510,informative,-3,58769.89825,3705,17 MH-LH Glut,0.00120354
ENSMUSG00000036523,weak,-1.2823733436373861,816.1585679,367,32 OEC,0
ENSMUSG00000036564,informative,0.31123488576821529,208148.1594,270607,18 TH Glut,0.0535259
ENSMUSG00000036585,informative,-0.56984801331609736,13460.90134,9517,30 Astro-Epen,0.160404
ENSMUSG00000036586,uninformative,3,18.01081983,181,30 Astro-Epen,0.160404
ENSMUSG00000036602,uninformative,0.95242115311981235,71.49582995,162,33 Vascular,0.11687
ENSMUSG00000036606,informative,1.7706307005442099,5293.430238,18942,34 Immune,0.0285999
ENSMUSG00000036611,informative,0.72740250261022688,5455.907066,9481,32 OEC,0
ENSMUSG00000036613,informative,0.32516269587338142,13713.73478,18017,02 NP-CT-L6b Glut,0.046653
ENSMUSG00000036634,informative,0.94472742571473722,43920.32801,88591,31 OPC-Oligo,0.1627
ENSMUSG00000036636,informative,1.4284434925028666,7686.503992,21694,33 Vascular,0.11687
ENSMUSG00000036667,informative,0.12460320263427641,84523.02704,96562,22 MB-HB Sero,1.58361e-05
ENSMUSG00000036698,informative,-1.0919594372498425,29462.9775,14497,11 CNU-HYa GABA,0.0132548
ENSMUSG00000036699,informative,0.88972905304439343,11973.1553,23260,21 MB Dopa,0
ENSMUSG00000036712,informative,0.41984018504473442,42072.82152,58995,09 CNU-LGE GABA,0.0528766
ENSMUSG00000036766,informative,0.92424889702606383,41456.08928,82443,06 CTX-CGE GABA,0.0131281
ENSMUSG00000036777,informative,1.3689509429578255,11623.82328,31473,31 OPC-Oligo,0.1627
ENSMUSG00000036792,informative,-3,85619.71044,6471,25 Pineal Glut,4.75082e-05
ENSMUSG00000036815,informative,-3,588725.8509,20727,02 NP-CT-L6b Glut,0.046653
ENSMUSG00000036816,informative,-0.68585369907079163,1262.585445,838,29 CB Glut,0
ENSMUSG00000036817,informative,1.2645888919804829,15046.69231,37894,25 Pineal Glut,4.75082e-05
ENSMUSG00000036856,informative,-1.3459710048463127,6952.479108,2881,18 TH Glut,0.0535259
ENSMUSG00000036867,informative,0.3835332161079868,1176.192404,1624,33 Vascular,0.11687
ENSMUSG00000036880,informative,1.6699625870642585,1665.788299,5580,32 OEC,0
ENSMUSG00000036893,informative,-2.985463939110478,27241.55289,3619,29 CB Glut,0
ENSMUSG00000036899,uninformative,-3,8.989343511,15,09 CNU-LGE GABA,0.0528766
ENSMUSG00000036904,informative,0.18613057202014491,1403.336381,1689,15 HY Gnrh1 Glut,1.58361e-05
ENSMUSG00000036908,informative,0.71923036312340227,2953.397316,5111,34 Immune,0.0285999
ENSMUSG00000036912,uninformative,1.6103831317165864,13.68674847,62,25 Pineal Glut,4.75082e-05
ENSMUSG00000036932,informative,-0.051070293507218298,7958.128505,8064,28 CB GABA,0
ENSMUSG00000036940,informative,-0.70580975775797472,19797.80363,12733,25 Pineal Glut,4.75082e-05
ENSMUSG00000036943,informative,-1.3442457703130992,14861.12432,6148,34 Immune,0.0285999
ENSMUSG00000036961,uninformative,-2.5608097237500109,196.0147741,50,30 Astro-Epen,0.160404
ENSMUSG00000036964,informative,-1.2878307372254827,6111.54497,2638,15 HY Gnrh1 Glut,1.58361e-05
ENSMUSG00000036972,informative,-0.68174435109490317,4112.770114,2710,17 MH-LH Glut,0.00120354
ENSMUSG00000036986,informative,0.93936672888874562,2978.76006,6002,33 Vascular,0.11687
ENSMUSG00000037003,informative,0.63853547773097585,3764.046926,6156,33 Vascular,0.11687
ENSMUSG00000037010,informative,1.02668728405201,2919.938645,6250,30 Astro-Epen,0.160404
ENSMUSG00000037012,informative,0.6182427724502082,30464.64848,49020,25 Pineal Glut,4.75082e-05
ENSMUSG00000037014,uninformative,3,57.49255567,20717,17 MH-LH Glut,0.00120354
ENSMUSG00000037017,informative,1.0929444014235026,4649.310747,10408,32 OEC,0
ENSMUSG00000037020,weak,1.0883714017418689,270.5576909,620,32 OEC,0
ENSMUSG00000037025,uninformative,-0.66033702673001438,14.06016245,25,21 MB Dopa,0
ENSMUSG00000037034,uninformative,-0.77797218143167757,98.80642602,76,31 OPC-Oligo,0.1627
ENSMUSG00000037035,informative,-2.5606785537812589,1896.583522,352,25 Pineal Glut,4.75082e-05
ENSMUSG00000037049,informative,1.7100762137078769,11697.55964,40117,30 Astro-Epen,0.160404
ENSMUSG00000037072,informative,-0.73032477714154886,45369.15786,28668,32 OEC,0
ENSMUSG00000037143,informative,-1.2447046380457252,1423.864651,645,15 HY Gnrh1 Glut,1.58361e-05
ENSMUSG00000037157,uninformative,3,2.744848193,94,21 MB Dopa,0
ENSMUSG00000037169,informative,1.0935437785489059,1464.667952,3292,25 Pineal Glut,4.75082e-05
ENSMUSG00000037171,weak,0.50418181546118845,214.3302119,335,33 Vascular,0.11687
ENSMUSG00000037174,informative,-0.66553785670335086,17146.93822,11342,33 Vascular,0.11687
ENSMUSG00000037188,uninformative,1.899892816693608,121.5030514,494,03 OB-CR Glut,0.000807639
ENSMUSG00000037202,uninformative,1.4279815812196968,5.024505204,32,34 Immune,0.0285999
ENSMUSG00000037204,informative,2.5665362042347986,3657.362301,22721,33 Vascular,0.11687
ENSMUSG00000037211,informative,-0.105038793307437,3545.636007,3470,33 Vascular,0.11687
ENSMUSG00000037217,informative,1.2121260274740016,79535.77751,193080,01 IT-ET Glut,0.234215
ENSMUSG00000037225,informative,0.00025335642727820001,1056.323609,1123,25 Pineal Glut,4.75082e-05
ENSMUSG00000037235,informative,-2.1271580837016701,22485.34809,5400,33 Vascular,0.11687
ENSMUSG00000037242,informative,-1.1007597044396469,36991.89243,18087,33 Vascular,0.11687
ENSMUSG00000037266,informative,1.5620925874171481,58157.43885,179951,30 Astro-Epen,0.160404
ENSMUSG00000037315,informative,-0.67687841444619468,4629.926203,3050,05 OB-IMN GABA,0.00300885
ENSMUSG00000037318,weak,1.1550086377924218,268.1578151,643,34 Immune,0.0285999
ENSMUSG00000037321,weak,1.4415964573085771,583.3526594,1678,34 Immune,0.0285999
ENSMUSG00000037325,informative,0.1508421120564763,7170.534878,8357,25 Pineal Glut,4.75082e-05
ENSMUSG00000037335,uninformative,-1.3347220472230923,1.407366114,11,18 TH Glut,0.0535259
ENSMUSG00000037336,weak,-0.036235385627422297,535.3230479,563,25 Pineal Glut,4.75082e-05
ENSMUSG00000037351,informative,0.3279357894639035,31372.3804,41275,01 IT-ET Glut,0.234215
ENSMUSG00000037353,informative,1.5354122976565368,6256.018121,19018,34 Immune,0.0285999
ENSMUSG00000037361,informative,-0.2402009669375314,20101.873,17847,25 Pineal Glut,4.75082e-05
ENSMUSG00000037369,informative,-1.4957464710779098,20824.09612,7752,31 OPC-Oligo,0.1627
ENSMUSG00000037370,informative,0.47681162858205978,1540.733657,2263,33 Vascular,0.11687
ENSMUSG00000037373,informative,0.1284370290467248,27946.67549,32023,15 HY Gnrh1 Glut,1.58361e-05
ENSMUSG00000037386,informative,-2.3931028405468733,139852.2692,27910,29 CB Glut,0
ENSMUSG00000037405,informative,0.21749803770465431,1184.331077,1459,34 Immune,0.0285999
ENSMUSG00000037411,weak,-0.99954742328777679,518.0242258,287,33 Vascular,0.11687
ENSMUSG00000037465,informative,-1.5705935810088991,8174.971568,2899,34 Immune,0.0285999
ENSMUSG00000037474,informative,-2.8059244524290943,1747.608967,277,01 IT-ET Glut,0.234215
ENSMUSG00000037487,informative,-0.34102665980415198,40575.12678,33578,03 OB-CR Glut,0.000807639
ENSMUSG00000037493,informative,-0.085774225386944597,8572.264274,8479,25 Pineal Glut,4.75082e-05
ENSMUSG00000037523,informative,0.40788344692337641,1837.75439,2571,30 Astro-Epen,0.160404
ENSMUSG00000037526,informative,-0.0122132412344564,6521.283688,6791,31 OPC-Oligo,0.1627
ENSMUSG00000037548,uninformative,1.7585444170757942,34.53555824,149,15 HY Gnrh1 Glut,1.58361e-05
ENSMUSG00000037552,informative,0.89234898547141495,2288.697336,4468,33 Vascular,0.11687
ENSMUSG00000037553,informative,-0.2912559050022,9402.217677,8066,17 MH-LH Glut,0.00120354
ENSMUSG00000037578,informative,-1.1372285320890307,1525.213984,742,31 OPC-Oligo,0.1627
ENSMUSG00000037580,informative,-1.3595609747541524,1747.669712,729,25 Pineal Glut,4.75082e-05
ENSMUSG00000037583,uninformative,3,5.249479889,110,23 P Glut,6.33443e-05
ENSMUSG00000037600,uninformative,-1.0527434868769905,48.4672009,40,15 HY Gnrh1 Glut,1.58361e-05
ENSMUSG00000037605,informative,-2.9668766556085173,261043.2146,34997,15 HY Gnrh1 Glut,1.58361e-05
ENSMUSG00000037608,informative,-0.75602464837041861,46070.16952,28597,10 LSX GABA,0.000190033
ENSMUSG00000037610,informative,-3,15412.29435,918,07 CTX-MGE GABA,0.0224397
ENSMUSG00000037622,informative,0.61204405140442131,9736.875836,15609,25 Pineal Glut,4.75082e-05
ENSMUSG00000037624,informative,-1.0382919206580905,34816.63386,17777,09 CNU-LGE GABA,0.0528766
ENSMUSG00000037643,informative,0.5595578602414889,9971.387232,15414,28 CB GABA,0
ENSMUSG00000037656,informative,0.35130285418784157,16589.57302,22190,31 OPC-Oligo,0.1627
ENSMUSG00000037660,uninformative,1.2749177940178205,26.60323892,85,31 OPC-Oligo,0.1627
ENSMUSG00000037664,informative,1.3055242002754086,1949.791162,5067,33 Vascular,0.11687
ENSMUSG00000037669,informative,0.37631786343076579,15433.05027,21005,31 OPC-Oligo,0.1627
ENSMUSG00000037681,weak,-0.018818060214933801,558.8633188,594,15 HY Gnrh1 Glut,1.58361e-05
ENSMUSG00000037706,informative,1.3279942005843499,60550.38679,159279,34 Immune,0.0285999
ENSMUSG00000037754,informative,0.15029511807301549,48406.80715,56302,31 OPC-Oligo,0.1627
ENSMUSG00000037759,uninformative,0.44921911792292302,138.1041704,214,15 HY Gnrh1 Glut,1.58361e-05
ENSMUSG00000037771,informative,2.5301327439322372,13153.44283,79625,10 LSX GABA,0.000190033
ENSMUSG00000037780,uninformative,3,0.2865476935,67,20 MB GABA,0.00742711
ENSMUSG00000037815,informative,0.3147820231300012,14936.93648,19482,25 Pineal Glut,4.75082e-05
ENSMUSG00000037820,informative,1.5747261358136209,2811.265169,8792,33 Vascular,0.11687
ENSMUSG00000037846,informative,-0.58723820982944475,2042.323013,1440,31 OPC-Oligo,0.1627
ENSMUSG00000037847,informative,-1.989968729703909,2887.928613,777,25 Pineal Glut,4.75082e-05
ENSMUSG00000037860,informative,-1.8921976037730197,2893.492802,832,34 Immune,0.0285999
ENSMUSG00000037868,informative,-0.39480528601237408,1484.746718,1199,05 OB-IMN GABA,0.00300885
ENSMUSG00000037872,informative,0.61477399118008125,10561.76881,16962,25 Pineal Glut,4.75082e-05
ENSMUSG00000037894,informative,-1.9512316387590007,80611.46851,21856,28 CB GABA,0
ENSMUSG00000037896,informative,-1.1687355894580089,16250.7306,7589,25 Pineal Glut,4.75082e-05
ENSMUSG00000037902,informative,0.65339975179620224,46947.82629,77384,34 Immune,0.0285999
ENSMUSG00000037907,informative,1.5329912002118995,8871.100563,26915,15 HY Gnrh1 Glut,1.58361e-05
ENSMUSG00000037933,informative,1.3200403692825868,12509.79784,32742,33 Vascular,0.11687
ENSMUSG00000037935,informative,-1.029952312402679,12990.56791,6681,32 OEC,0
ENSMUSG00000037936,informative,-1.447528511909693,9474.44747,3655,25 Pineal Glut,4.75082e-05
ENSMUSG00000037940,informative,-2.4975518755036514,78762.94589,14636,28 CB GABA,0
ENSMUSG00000037944,uninformative,0.69344639894609106,22.59864736,55,08 CNU-MGE GABA,0.00696787
ENSMUSG00000037962,weak,0.28124197239062121,478.8640613,626,32 OEC,0
ENSMUSG00000037974,uninformative,1.3887210353540691,1.545648254,22,17 MH-LH Glut,0.00120354
ENSMUSG00000037984,informative,0.21488887025174869,18037.48643,21950,02 NP-CT-L6b Glut,0.046653
ENSMUSG00000037992,informative,1.1935007443118353,3104.286023,7456,25 Pineal Glut,4.75082e-05
ENSMUSG00000038026,informative,-0.31585494061690028,21142.60265,17812,18 TH Glut,0.0535259
ENSMUSG00000038028,informative,0.1730914618364725,3861.726684,4578,21 MB Dopa,0
ENSMUSG00000038034,informative,-0.0011018533093486999,20765.42104,21756,22 MB-HB Sero,1.58361e-05
ENSMUSG00000038037,weak,-1.9813881585507749,647.1800836,187,32 OEC,0
ENSMUSG00000038046,informative,1.2734448775296936,2222.653248,5647,13 CNU-HYa Glut,0.0147909
ENSMUSG00000038056,informative,-1.9777091470807917,51891.54722,13819,30 Astro-Epen,0.160404
ENSMUSG00000038058,informative,0.49955013680648019,1870.379595,2787,33 Vascular,0.11687
ENSMUSG00000038065,informative,1.3040021948912324,9143.634863,23672,18 TH Glut,0.0535259
ENSMUSG00000038067,uninformative,0.34299545080628591,14.79006173,36,32 OEC,0
ENSMUSG00000038080,informative,0.78415605476567729,2176.592038,3944,31 OPC-Oligo,0.1627
ENSMUSG00000038084,informative,-0.42059069663880222,27913.64971,21866,09 CNU-LGE GABA,0.0528766
ENSMUSG00000038086,weak,0.3886591553023036,537.7504537,754,33 Vascular,0.11687
ENSMUSG00000038121,informative,0.38301720303429332,6605.839689,9042,34 Immune,0.0285999
ENSMUSG00000038128,informative,-0.60721362954294178,73738.85313,50733,29 CB Glut,0
ENSMUSG00000038145,informative,-0.39227721003730409,31964.70859,25533,29 CB Glut,0
ENSMUSG00000038146,informative,-0.37761087862826398,10045.48973,8117,33 Vascular,0.11687
ENSMUSG00000038147,informative,1.5220817554725714,1573.866462,4754,34 Immune,0.0285999
ENSMUSG00000038148,uninformative,-1.7425725124742322,107.5400015,49,31 OPC-Oligo,0.1627
ENSMUSG00000038151,weak,-0.42558025290720819,433.5524356,354,32 OEC,0
ENSMUSG00000038156,informative,-0.120564494074439,35395.80054,34128,30 Astro-Epen,0.160404
ENSMUSG00000038160,informative,-0.61400950856259773,11945.26925,8193,33 Vascular,0.11687
ENSMUSG00000038173,informative,0.29920876439771971,5403.117226,6982,31 OPC-Oligo,0.1627
ENSMUSG00000038192,uninformative,3,4.345192776,60,15 HY Gnrh1 Glut,1.58361e-05
ENSMUSG00000038193,uninformative,3,0.02394482958,25,24 MY Glut,0.00326223
ENSMUSG00000038203,uninformative,-0.067266482665711197,0,11,01 IT-ET Glut,0.234215
ENSMUSG00000038209,uninformative,2.9179253668304823,1.018593391,31,07 CTX-MGE GABA,0.0224397
ENSMUSG00000038210,uninformative,1.5099039256057056,0,18,23 P Glut,6.33443e-05
ENSMUSG00000038224,uninformative,0.1882280234477485,68.51555909,98,34 Immune,0.0285999
ENSMUSG00000038225,informative,-0.38421644084552597,1648.278999,1339,34 Immune,0.0285999
ENSMUSG00000038227,uninformative,3,0.5233825073,125,27 MY GABA,9.50164e-05
ENSMUSG00000038235,informative,-0.3655555336986237,4518.073298,3690,34 Immune,0.0285999
ENSMUSG00000038236,uninformative,-2.8641376826955618,26.68497051,19,30 Astro-Epen,0.160404
ENSMUSG00000038241,informative,0.50348400231492141,7629.117984,11348,03 OB-CR Glut,0.000807639
ENSMUSG00000038253,uninformative,-3,154.4473807,29,24 MY Glut,0.00326223
ENSMUSG00000038255,informative,-0.59793845470253948,19732.2386,13675,04 DG-IMN Glut,0.0288375
ENSMUSG00000038257,informative,-0.98509276213459818,6129.639504,3260,13 CNU-HYa Glut,0.0147909
ENSMUSG00000038259,uninformative,1.1954724104278358,50.67051632,139,03 OB-CR Glut,0.000807639
ENSMUSG00000038276,uninformative,-0.031749126545618199,139.4824148,159,25 Pineal Glut,4.75082e-05
ENSMUSG00000038296,informative,-1.951968295422748,44998.98577,12201,15 HY Gnrh1 Glut,1.58361e-05
ENSMUSG00000038298,weak,-1.7784860683273509,323.083763,122,32 OEC,0
ENSMUSG00000038299,informative,1.4697720961441982,4498.333135,13072,34 Immune,0.0285999
ENSMUSG00000038304,uninformative,-3,124.0980656,24,34 Immune,0.0285999
ENSMUSG00000038319,informative,0.42657182818890699,2461.730679,3483,15 HY Gnrh1 Glut,1.58361e-05
ENSMUSG00000038331,informative,-2.0774490936721155,30038.20707,7472,01 IT-ET Glut,0.234215
ENSMUSG00000038332,informative,-1.0510138818929051,31804.63721,16098,33 Vascular,0.11687
ENSMUSG00000038366,informative,-0.1823361402232731,16368.94068,15130,34 Immune,0.0285999
ENSMUSG00000038372,informative,-2.7341773080934817,28977.04516,4578,15 HY Gnrh1 Glut,1.58361e-05
ENSMUSG00000038374,informative,-1.0266307188170272,11945.68676,6159,33 Vascular,0.11687
ENSMUSG00000038379,uninformative,1.0337024327080535,69.85536616,167,05 OB-IMN GABA,0.00300885
ENSMUSG00000038384,informative,0.61172555730318423,13627.79483,21835,34 Immune,0.0285999
ENSMUSG00000038393,informative,1.3679695280496209,4933.426453,13351,34 Immune,0.0285999
ENSMUSG00000038403,uninformative,-0.44803349796306968,134.3904857,119,19 MB Glut,0.00308803
ENSMUSG00000038416,informative,1.2117308841543351,7500.53033,18219,32 OEC,0
ENSMUSG00000038418,informative,-1.8129910384941803,90966.22438,27140,34 Immune,0.0285999
ENSMUSG00000038437,informative,2.0153012622619562,9562.449028,40522,33 Vascular,0.11687
ENSMUSG00000038451,weak,1.7856069624064843,828.1326137,3010,25 Pineal Glut,4.75082e-05
ENSMUSG00000038459,informative,1.0661500297113711,6625.009645,14551,04 DG-IMN Glut,0.0288375
ENSMUSG00000038473,informative,-1.1967700249093098,61096.42808,27941,02 NP-CT-L6b Glut,0.046653
ENSMUSG00000038486,informative,1.3408716235614782,90615.8157,240507,07 CTX-MGE GABA,0.0224397
ENSMUSG00000038495,informative,-1.0280798749178286,30078.74187,15469,31 OPC-Oligo,0.1627
ENSMUSG00000038496,informative,-1.607302011871921,2014.208546,708,33 Vascular,0.11687
ENSMUSG00000038508,uninformative,-0.62356172751411632,60.73674362,57,28 CB GABA,0
ENSMUSG00000038518,informative,-1.3299057485160011,26914.78824,11233,29 CB Glut,0
ENSMUSG00000038537,uninformative,1.1546990542515454,142.6069892,350,21 MB Dopa,0
ENSMUSG00000038539,informative,0.99926087371866479,4661.93408,9781,15 HY Gnrh1 Glut,1.58361e-05
ENSMUSG00000038550,informative,0.13008548149988031,2065.981187,2385,30 Astro-Epen,0.160404
ENSMUSG00000038567,uninformative,1.4693657552018859,5.888212846,35,25 Pineal Glut,4.75082e-05
ENSMUSG00000038580,uninformative,1.0227493441734239,36.56531562,111,03 OB-CR Glut,0.000807639
ENSMUSG00000038583,informative,0.24617931025070999,1963.302271,2456,33 Vascular,0.11687
ENSMUSG00000038593,informative,0.028589220316279199,2047.269573,2204,32 OEC,0
ENSMUSG00000038612,informative,0.93098109699848475,15139.87215,30260,34 Immune,0.0285999
ENSMUSG00000038615,informative,0.66270937294713517,42539.39167,70581,22 MB-HB Sero,1.58361e-05
ENSMUSG00000038650,informative,2.3962731152718968,4432.717987,24470,30 Astro-Epen,0.160404
ENSMUSG00000038668,informative,-1.9436966979612904,16066.09972,4391,31 OPC-Oligo,0.1627
ENSMUSG00000038692,uninformative,-1.5937088096287608,99.77954913,50,24 MY Glut,0.00326223
ENSMUSG00000038696,informative,-1.3510543069718377,27684.77503,11386,32 OEC,0
ENSMUSG00000038697,informative,0.2109394248147661,4728.15856,5750,33 Vascular,0.11687
ENSMUSG00000038700,uninformative,-2.1099263428029165,44.25390968,26,24 MY Glut,0.00326223
ENSMUSG00000038712,informative,-0.53961100857535083,8690.802025,6280,33 Vascular,0.11687
ENSMUSG00000038718,informative,-1.6815170173214484,22782.82069,7457,05 OB-IMN GABA,0.00300885
ENSMUSG00000038721,uninformative,-1.9522230264636244,13.71398809,19,24 MY Glut,0.00326223
ENSMUSG00000038729,informative,-1.5314642893527819,59330.6443,21519,33 Vascular,0.11687
ENSMUSG00000038732,informative,-0.1296978894395126,3211.01656,3091,31 OPC-Oligo,0.1627
ENSMUSG00000038745,uninformative,0.53979198217066793,156.5575402,255,02 NP-CT-L6b Glut,0.046653
ENSMUSG00000038751,uninformative,-0.4784756402815703,61.47910565,62,33 Vascular,0.11687
ENSMUSG00000038756,uninformative,1.6706425912066902,69.74886935,251,30 Astro-Epen,0.160404
ENSMUSG00000038759,informative,0.37514287984585631,5294.557535,7211,25 Pineal Glut,4.75082e-05
ENSMUSG00000038760,informative,-1.580419276922175,2693.442617,959,13 CNU-HYa Glut,0.0147909
ENSMUSG00000038762,informative,-0.18328071256230349,18122.31059,16738,25 Pineal Glut,4.75082e-05
ENSMUSG00000038765,weak,-1.7464062531335955,216.7093757,83,22 MB-HB Sero,1.58361e-05
ENSMUSG00000038777,informative,1.2432696316602032,2369.639147,5895,03 OB-CR Glut,0.000807639
ENSMUSG00000038780,informative,-0.59901860159115461,15691.87514,10870,34 Immune,0.0285999
ENSMUSG00000038784,informative,-2.8276440250885768,43526.21488,6439,29 CB Glut,0
ENSMUSG00000038793,weak,-0.83183562009621825,958.8298909,580,32 OEC,0
ENSMUSG00000038797,weak,2.0984927129141564,921.4338881,4154,34 Immune,0.0285999
ENSMUSG00000038805,informative,1.1486378673334086,6186.184105,14387,12 HY GABA,0.0167704
ENSMUSG00000038816,informative,-0.069240320341871095,9812.400963,9815,29 CB Glut,0
ENSMUSG00000038822,informative,-1.5279502282691175,22474.95417,8181,04 DG-IMN Glut,0.0288375
ENSMUSG00000038827,informative,1.1248209195458456,2804.014503,6424,15 HY Gnrh1 Glut,1.58361e-05
ENSMUSG00000038845,informative,-0.097325241534131898,9230.3301,9056,25 Pineal Glut,4.75082e-05
ENSMUSG00000038855,informative,-0.4251630920528075,13671.90109,10684,30 Astro-Epen,0.160404
ENSMUSG00000038872,informative,-2.66971858279868,61665.97034,10169,34 Immune,0.0285999
ENSMUSG00000038883,uninformative,0.15646123222109981,9.262360491,27,32 OEC,0
ENSMUSG00000038891,uninformative,-0.1704068386612419,0.07410896377,15,02 NP-CT-L6b Glut,0.046653
ENSMUSG00000038894,informative,0.30711196270945568,22531.91128,29224,31 OPC-Oligo,0.1627
ENSMUSG00000038954,informative,-2.0895768768402481,15281.4511,3777,25 Pineal Glut,4.75082e-05
ENSMUSG00000038982,informative,-1.1234774134344303,3640.105897,1766,15 HY Gnrh1 Glut,1.58361e-05
ENSMUSG00000039004,informative,1.233517574400437,3173.580685,7836,32 OEC,0
ENSMUSG00000039005,weak,-0.53164447563118411,912.3539122,677,34 Immune,0.0285999
ENSMUSG00000039037,informative,-2.189326761662211,64373.33621,14803,17 MH-LH Glut,0.00120354
ENSMUSG00000039055,uninformative,-0.6981498160287577,81.04615659,68,05 OB-IMN GABA,0.00300885
ENSMUSG00000039057,informative,-0.49676243559951377,21011.174,15617,05 OB-IMN GABA,0.00300885
ENSMUSG00000039059,informative,0.8625920020406409,9781.211076,18651,18 TH Glut,0.0535259
ENSMUSG00000039070,uninformative,0.79299287215832837,96.49217178,192,14 HY Glut,0.00593852
ENSMUSG00000039079,uninformative,3,188.2589947,3284,18 TH Glut,0.0535259
ENSMUSG00000039081,informative,0.27018669732048373,2646.344712,3360,25 Pineal Glut,4.75082e-05
ENSMUSG00000039086,informative,0.47826513767691248,7173.078228,10486,12 HY GABA,0.0167704
ENSMUSG00000039095,weak,0.79664780076266328,479.7684053,890,25 Pineal Glut,4.75082e-05
ENSMUSG00000039096,informative,1.2054285830712097,2329.998585,5647,28 CB GABA,0
ENSMUSG00000039097,uninformative,1.7607199285711157,82.363781,319,03 OB-CR Glut,0.000807639
ENSMUSG00000039109,informative,0.76256010735479118,1147.8137,2057,34 Immune,0.0285999
ENSMUSG00000039114,informative,0.13279964821050441,69293.37545,79617,17 MH-LH Glut,0.00120354
ENSMUSG00000039115,informative,-1.7638830723216949,7460.647961,2317,34 Immune,0.0285999
ENSMUSG00000039116,informative,-0.69194163146905163,1440.617555,950,32 OEC,0
ENSMUSG00000039117,informative,0.84845244698644717,5245.189764,9912,29 CB Glut,0
ENSMUSG00000039130,informative,1.3486094830903339,3098.442081,8285,25 Pineal Glut,4.75082e-05
ENSMUSG00000039137,informative,1.1270356826847965,6089.867907,13953,34 Immune,0.0285999
ENSMUSG00000039145,informative,-1.8229163184508561,85559.8947,25353,34 Immune,0.0285999
ENSMUSG00000039153,informative,-1.7258358927018902,18439.17962,5856,05 OB-IMN GABA,0.00300885
ENSMUSG00000039155,uninformative,0.37500455983070619,79.2093982,124,33 Vascular,0.11687
ENSMUSG00000039156,informative,-1.0652820742151137,28619.57336,14345,04 DG-IMN Glut,0.0288375
ENSMUSG00000039176,informative,1.4551589330802011,8089.539426,23257,33 Vascular,0.11687
ENSMUSG00000039187,weak,-3,248.9405048,30,33 Vascular,0.11687
ENSMUSG00000039191,informative,-0.2152665137825511,12782.35157,11552,34 Immune,0.0285999
ENSMUSG00000039193,weak,-1.6603064584922194,433.3767487,159,34 Immune,0.0285999
ENSMUSG00000039196,uninformative,3,0.2642098527,39,10 LSX GABA,0.000190033
ENSMUSG00000039206,informative,-0.29344088788542488,9070.229976,7770,34 Immune,0.0285999
ENSMUSG00000039208,informative,-2.3051446097805792,2281.965268,499,30 Astro-Epen,0.160404
ENSMUSG00000039217,informative,-0.68936449425890578,12773.60289,8315,30 Astro-Epen,0.160404
ENSMUSG00000039220,informative,0.2963050028841176,13445.98368,17316,34 Immune,0.0285999
ENSMUSG00000039224,uninformative,3,0.09332463598,30,20 MB GABA,0.00742711
ENSMUSG00000039231,informative,-0.20436071444997991,2995.631961,2740,25 Pineal Glut,4.75082e-05
ENSMUSG00000039236,uninformative,1.4596389436703072,182.5684629,544,33 Vascular,0.11687
ENSMUSG00000039238,uninformative,0.93216203055456404,68.51945314,154,21 MB Dopa,0
ENSMUSG00000039239,informative,-0.16494705710074739,8730.605014,8175,33 Vascular,0.11687
ENSMUSG00000039246,informative,0.0025724336452229001,1915.906278,2027,25 Pineal Glut,4.75082e-05
ENSMUSG00000039262,informative,0.56941220785612379,58793.81115,91426,25 Pineal Glut,4.75082e-05
ENSMUSG00000039285,informative,-0.27879605946905073,21955.36894,18977,07 CTX-MGE GABA,0.0224397
ENSMUSG00000039294,informative,1.0426961057812862,2775.122335,6007,34 Immune,0.0285999
ENSMUSG00000039296,uninformative,-0.149267903643275,12.74320607,28,34 Immune,0.0285999
ENSMUSG00000039298,informative,-0.51793324701330468,9569.780109,7018,31 OPC-Oligo,0.1627
ENSMUSG00000039304,informative,-0.4125875523820598,1435.839967,1146,33 Vascular,0.11687
ENSMUSG00000039308,informative,1.5652342842242413,2811.767161,8736,34 Immune,0.0285999
ENSMUSG00000039318,informative,-0.18200964535713179,22335.69785,20644,15 HY Gnrh1 Glut,1.58361e-05
ENSMUSG00000039323,informative,1.0656919837191208,4962.331772,10900,30 Astro-Epen,0.160404
ENSMUSG00000039329,uninformative,3,0.5079966334,37,17 MH-LH Glut,0.00120354
ENSMUSG00000039358,weak,1.4169373100997211,586.6350382,1659,04 DG-IMN Glut,0.0288375
ENSMUSG00000039361,informative,0.34670637491832368,33936.02258,45231,34 Immune,0.0285999
ENSMUSG00000039367,informative,1.1357388384034439,9114.671108,21001,33 Vascular,0.11687
ENSMUSG00000039382,informative,2.2959783139496772,4563.778177,23502,33 Vascular,0.11687
ENSMUSG00000039385,informative,-1.8293163761434328,23822.92842,7039,18 TH Glut,0.0535259
ENSMUSG00000039410,informative,-2.8372331441361678,10659.9901,1578,30 Astro-Epen,0.160404
ENSMUSG00000039457,weak,-0.95701501550211199,371.3935392,216,15 HY Gnrh1 Glut,1.58361e-05
ENSMUSG00000039458,informative,-0.34905638273002709,15664.51926,12901,04 DG-IMN Glut,0.0288375
ENSMUSG00000039462,uninformative,0.91790168548367679,64.15835845,144,25 Pineal Glut,4.75082e-05
ENSMUSG00000039463,informative,0.22483783976859781,6853.633262,8408,34 Immune,0.0285999
ENSMUSG00000039470,informative,-0.77531395825677285,29941.07658,18344,15 HY Gnrh1 Glut,1.58361e-05
ENSMUSG00000039515,informative,1.2261068392565198,24910.40912,61073,25 Pineal Glut,4.75082e-05
ENSMUSG00000039519,informative,-1.3297683117967924,16061.01137,6718,04 DG-IMN Glut,0.0288375
ENSMUSG00000039521,uninformative,-1.8824769205067955,118.6212921,41,34 Immune,0.0285999
ENSMUSG00000039523,informative,-0.34196504765940289,9871.679208,8176,31 OPC-Oligo,0.1627
ENSMUSG00000039531,informative,-2.489658412232262,14359.93531,2694,32 OEC,0
ENSMUSG00000039533,informative,-0.30901681866179798,24355.78146,20614,32 OEC,0
ENSMUSG00000039542,informative,-1.4126115364214811,182814.8644,71964,32 OEC,0
ENSMUSG00000039585,informative,-1.0610024731552314,67885.57147,34106,25 Pineal Glut,4.75082e-05
ENSMUSG00000039615,informative,0.21310546226777069,28342.97549,34439,28 CB GABA,0
ENSMUSG00000039623,informative,0.56279643215216768,3159.946732,4907,31 OPC-Oligo,0.1627
ENSMUSG00000039648,informative,-0.2391431227800867,3650.042513,3256,30 Astro-Epen,0.160404
ENSMUSG00000039656,informative,0.88549028498828275,10398.00793,20143,31 OPC-Oligo,0.1627
ENSMUSG00000039683,informative,-3,36669.72554,2110,32 OEC,0
ENSMUSG00000039703,informative,0.74522616562592825,13261.39082,23307,31 OPC-Oligo,0.1627
ENSMUSG00000039706,informative,-2.205308318226463,52620.55988,11970,02 NP-CT-L6b Glut,0.046653
ENSMUSG00000039714,informative,1.2263377858442288,1660.083624,4095,25 Pineal Glut,4.75082e-05
ENSMUSG00000039715,informative,0.2358594679228449,5692.709773,7040,15 HY Gnrh1 Glut,1.58361e-05
ENSMUSG00000039716,informative,-3,109503.4384,11248,05 OB-IMN GABA,0.00300885
ENSMUSG00000039728,uninformative,-0.66012417843168392,38.18964152,41,27 MY GABA,9.50164e-05
ENSMUSG00000039756,informative,-0.00025335642727820001,4674.67576,4913,25 Pineal Glut,4.75082e-05
ENSMUSG00000039760,uninformative,3,1.378851492,56,33 Vascular,0.11687
ENSMUSG00000039771,informative,-0.57245866645108534,14433.3843,10185,29 CB Glut,0
ENSMUSG00000039782,informative,-0.1176023870111656,24315.77052,23498,31 OPC-Oligo,0.1627
ENSMUSG00000039787,informative,2.0800479771686722,1199.441362,5333,31 OPC-Oligo,0.1627
ENSMUSG00000039809,informative,-1.4192127197367808,133421.3755,52293,17 MH-LH Glut,0.00120354
ENSMUSG00000039830,informative,1.5441142512371511,9396.655407,28729,31 OPC-Oligo,0.1627
ENSMUSG00000039835,informative,-0.87716708389310649,22487.60442,12851,30 Astro-Epen,0.160404
ENSMUSG00000039838,informative,1.5977032594807914,7519.800093,23864,29 CB Glut,0
ENSMUSG00000039842,informative,-1.3574388709100162,10529.59679,4321,15 HY Gnrh1 Glut,1.58361e-05
ENSMUSG00000039844,informative,-0.27436037895793508,21471.24185,18616,34 Immune,0.0285999
ENSMUSG00000039849,informative,-1.1147864103087928,11193.69535,5431,31 OPC-Oligo,0.1627
ENSMUSG00000039878,uninformative,1.5710580299183909,25.01438405,96,15 HY Gnrh1 Glut,1.58361e-05
ENSMUSG00000039886,informative,1.5794158414905699,2107.500382,6617,32 OEC,0
ENSMUSG00000039910,informative,-0.092386814255205202,14831.0046,14591,34 Immune,0.0285999
ENSMUSG00000039911,informative,0.77864472376297567,5728.379096,10313,31 OPC-Oligo,0.1627
ENSMUSG00000039936,informative,1.5204026016524188,3704.702631,11153,34 Immune,0.0285999
ENSMUSG00000039942,informative,-2.9458314186186092,2080.114746,298,29 CB Glut,0
ENSMUSG00000039943,informative,-1.3568591815272719,58713.13037,24033,29 CB Glut,0
ENSMUSG00000039952,informative,-0.7363155033620542,27659.04099,17411,32 OEC,0
ENSMUSG00000039954,informative,-1.9356061058741745,7085.767558,1956,09 CNU-LGE GABA,0.0528766
ENSMUSG00000039958,weak,0.30079055677840688,793.9582332,1041,32 OEC,0
ENSMUSG00000039985,informative,-0.79425354619613531,2835.9497,1729,05 OB-IMN GABA,0.00300885
ENSMUSG00000039994,weak,-0.27623532866865691,836.9810879,740,33 Vascular,0.11687
ENSMUSG00000040009,informative,-1.5502226314863301,23417.21567,8393,15 HY Gnrh1 Glut,1.58361e-05
ENSMUSG00000040016,informative,-3,2657.160419,250,16 HY MM Glut,0
ENSMUSG00000040021,informative,0.3846227239457008,9348.832544,12804,34 Immune,0.0285999
ENSMUSG00000040028,informative,0.99140181752421097,22767.02896,47441,31 OPC-Oligo,0.1627
ENSMUSG00000040033,informative,-0.1150905223032482,6386.244336,6194,33 Vascular,0.11687
ENSMUSG00000040035,informative,0.7895992985123147,33615.03545,60897,22 MB-HB Sero,1.58361e-05
ENSMUSG00000040040,informative,-0.040346187546672602,12440.64658,12691,32 OEC,0
ENSMUSG00000040046,uninformative,0.99065328191252522,37.89849389,96,25 Pineal Glut,4.75082e-05
ENSMUSG00000040055,informative,1.5944915010174991,11621.87299,36790,30 Astro-Epen,0.160404
ENSMUSG00000040061,weak,0.47129401991328268,372.1328388,557,34 Immune,0.0285999
ENSMUSG00000040084,weak,1.8805998139185984,264.6750896,1040,25 Pineal Glut,4.75082e-05
ENSMUSG00000040086,weak,-2.237111735551164,444.4026607,114,07 CTX-MGE GABA,0.0224397
ENSMUSG00000040093,weak,1.32396511893207,636.0445535,1686,34 Immune,0.0285999
ENSMUSG00000040111,informative,0.2328320591577849,49987.2706,61562,32 OEC,0
ENSMUSG00000040118,informative,-2.0492629756633574,128497.3471,32543,22 MB-HB Sero,1.58361e-05
ENSMUSG00000040125,informative,-0.97312224963543559,17939.22177,9590,17 MH-LH Glut,0.00120354
ENSMUSG00000040136,informative,1.593594079103043,4246.870935,13447,29 CB Glut,0
ENSMUSG00000040147,informative,-0.27185836867134699,6658.471653,5794,22 MB-HB Sero,1.58361e-05
ENSMUSG00000040148,uninformative,-1.7733928717924934,41.36413961,28,22 MB-HB Sero,1.58361e-05
ENSMUSG00000040152,weak,3,399.1361853,4376,32 OEC,0
ENSMUSG00000040204,weak,-2.6779675713738915,402.0295844,81,05 OB-IMN GABA,0.00300885
ENSMUSG00000040249,informative,1.1793181039730671,48452.4926,114993,30 Astro-Epen,0.160404
ENSMUSG00000040254,informative,0.29697253161202652,4958.573839,6407,32 OEC,0
ENSMUSG00000040258,weak,2.6083878963739142,846.0394092,5435,16 HY MM Glut,0
ENSMUSG00000040260,informative,-0.1941528315365684,27766.87728,25445,31 OPC-Oligo,0.1627
ENSMUSG00000040264,uninformative,3,0.8402279246,74,22 MB-HB Sero,1.58361e-05
ENSMUSG00000040268,informative,0.33483235335884448,29402.75744,38878,31 OPC-Oligo,0.1627
ENSMUSG00000040270,informative,-3,43704.14745,5407,34 Immune,0.0285999
ENSMUSG00000040274,informative,-1.8263256904684628,3820.354352,1144,34 Immune,0.0285999
ENSMUSG00000040289,informative,1.3288835745014971,6108.076353,16094,33 Vascular,0.11687
ENSMUSG00000040296,informative,-0.60309504186934415,2469.392389,1719,33 Vascular,0.11687
ENSMUSG00000040310,uninformative,2.3606317043173259,173.1253171,952,32 OEC,0
ENSMUSG00000040325,informative,-0.85235821643080734,12836.8262,7465,05 OB-IMN GABA,0.00300885
ENSMUSG00000040329,uninformative,-0.62407042349404307,88.70764559,76,15 HY Gnrh1 Glut,1.58361e-05
ENSMUSG00000040350,informative,-0.55181939943796565,1510.061776,1095,32 OEC,0
ENSMUSG00000040359,informative,0.00025456778249270001,10690.69626,11219,32 OEC,0
ENSMUSG00000040363,informative,-0.60449256719509159,12284.66308,8481,34 Immune,0.0285999
ENSMUSG00000040364,weak,1.2753611977598891,240.3063496,627,04 DG-IMN Glut,0.0288375
ENSMUSG00000040380,uninformative,0.6717129954687403,47.52252353,96,29 CB Glut,0
ENSMUSG00000040405,uninformative,-1.7333911106642412,65.5945158,36,33 Vascular,0.11687
ENSMUSG00000040407,informative,-1.6086312006165424,60413.38214,20771,09 CNU-LGE GABA,0.0528766
ENSMUSG00000040410,informative,-0.1553911603130865,5764.627206,5439,25 Pineal Glut,4.75082e-05
ENSMUSG00000040414,informative,0.027569340887322401,10007.93786,10704,07 CTX-MGE GABA,0.0224397
ENSMUSG00000040434,weak,-1.0287154386457695,252.1129348,145,25 Pineal Glut,4.75082e-05
ENSMUSG00000040452,informative,-2.4375166375731858,86249.94849,16705,15 HY Gnrh1 Glut,1.58361e-05
ENSMUSG00000040463,informative,1.979896021831796,3508.134733,14518,33 Vascular,0.11687
ENSMUSG00000040473,informative,-1.8080638855999049,6576.392559,1983,24 MY Glut,0.00326223
ENSMUSG00000040478,uninformative,-0.78335416653861489,21.95827897,37,14 HY Glut,0.00593852
ENSMUSG00000040482,informative,1.4842827358152233,1967.733828,5786,29 CB Glut,0
ENSMUSG00000040485,uninformative,1.5984495421837943,5.29866436,35,25 Pineal Glut,4.75082e-05
ENSMUSG00000040489,uninformative,-1.524087611474328,174.6374658,79,25 Pineal Glut,4.75082e-05
ENSMUSG00000040495,uninformative,3,57.42548345,7034,09 CNU-LGE GABA,0.0528766
ENSMUSG00000040506,informative,-0.76887618272952662,43340.35802,26665,25 Pineal Glut,4.75082e-05
ENSMUSG00000040522,uninformative,1.8740019785073083,17.2229102,85,34 Immune,0.0285999
ENSMUSG00000040525,uninformative,0.1085476098178713,68.03658554,93,33 Vascular,0.11687
ENSMUSG00000040533,uninformative,2.0495776856239787,80.15011409,367,31 OPC-Oligo,0.1627
ENSMUSG00000040552,informative,0.54201373403424391,1138.289548,1753,34 Immune,0.0285999
ENSMUSG00000040584,informative,-0.31825305518285762,20037.738,16854,33 Vascular,0.11687
ENSMUSG00000040586,informative,-0.86091924351056692,4148.870092,2409,25 Pineal Glut,4.75082e-05
ENSMUSG00000040592,uninformative,2.3947962205547864,46.18366046,275,34 Immune,0.0285999
ENSMUSG00000040605,weak,-0.12633756967499779,988.6881879,965,32 OEC,0
ENSMUSG00000040610,uninformative,-0.96623871456573718,6.428815065,19,24 MY Glut,0.00326223
ENSMUSG00000040613,weak,-0.11702326581103541,857.0732219,844,34 Immune,0.0285999
ENSMUSG00000040620,informative,0.97678249483778501,4911.197493,10144,04 DG-IMN Glut,0.0288375
ENSMUSG00000040627,uninformative,-0.66925099648477859,5.046684871,19,32 OEC,0
ENSMUSG00000040629,uninformative,2.8251587247680949,53.8113398,422,18 TH Glut,0.0535259
ENSMUSG00000040632,uninformative,-0.45852853106047819,148.494391,129,15 HY Gnrh1 Glut,1.58361e-05
ENSMUSG00000040640,informative,-2.3545455622859315,211185.4837,43279,04 DG-IMN Glut,0.0288375
ENSMUSG00000040669,informative,0.44747596795557898,8078.840589,11559,31 OPC-Oligo,0.1627
ENSMUSG00000040680,weak,0.3082615640550242,599.4588392,794,13 CNU-HYa Glut,0.0147909
ENSMUSG00000040693,informative,-1.4952576492956684,1683.345951,641,10 LSX GABA,0.000190033
ENSMUSG00000040712,informative,0.80285120871814442,22957.04152,41978,04 DG-IMN Glut,0.0288375
ENSMUSG00000040713,informative,-1.8254890885258139,8117.664577,2423,34 Immune,0.0285999
ENSMUSG00000040714,uninformative,2.8334901197842348,155.3947199,1183,15 HY Gnrh1 Glut,1.58361e-05
ENSMUSG00000040720,informative,0.072118089492228393,15266.33883,16831,29 CB Glut,0
ENSMUSG00000040726,uninformative,-2.7145022474417977,5.264658055,12,15 HY Gnrh1 Glut,1.58361e-05
ENSMUSG00000040732,informative,-1.5250859311330869,4325.368267,1590,33 Vascular,0.11687
ENSMUSG00000040747,informative,-0.061294122647244799,2067.403472,2092,34 Immune,0.0285999
ENSMUSG00000040760,informative,0.39502732689942321,29495.32092,40653,25 Pineal Glut,4.75082e-05
ENSMUSG00000040770,uninformative,2.5698578384727724,9.767540674,82,32 OEC,0
ENSMUSG00000040782,informative,-2.1484175832240151,27516.03154,6518,34 Immune,0.0285999
ENSMUSG00000040809,uninformative,1.1650857316205501,10.48494128,42,15 HY Gnrh1 Glut,1.58361e-05
ENSMUSG00000040856,informative,-3,7463.357078,978,21 MB Dopa,0
ENSMUSG00000040860,informative,1.188400707607258,7009.70262,16755,25 Pineal Glut,4.75082e-05
ENSMUSG00000040865,informative,-0.2140108095307843,21222.58095,19194,33 Vascular,0.11687
ENSMUSG00000040899,uninformative,-0.25523755678605481,50.24381587,60,34 Immune,0.0285999
ENSMUSG00000040901,uninformative,0.52876789190451101,6.928148827,27,28 CB GABA,0
ENSMUSG00000040918,informative,1.1425517552119755,2538.026461,5888,32 OEC,0
ENSMUSG00000040929,informative,-1.8170613903132149,58641.45166,17452,04 DG-IMN Glut,0.0288375
ENSMUSG00000040935,uninformative,-0.89898716175223925,38.12698974,37,02 NP-CT-L6b Glut,0.046653
ENSMUSG00000040940,informative,1.3553904980893343,8122.725617,21793,34 Immune,0.0285999
ENSMUSG00000040943,informative,-0.89375158659761189,17443.50961,9852,30 Astro-Epen,0.160404
ENSMUSG00000040945,informative,-0.31690356853771828,13885.42628,11695,32 OEC,0
ENSMUSG00000040966,uninformative,1.8956552144791767,83.6436461,345,33 Vascular,0.11687
ENSMUSG00000040972,informative,0.0451591567576951,14415.59312,15608,25 Pineal Glut,4.75082e-05
ENSMUSG00000040997,informative,1.1230682183401841,6788.043916,15508,32 OEC,0
ENSMUSG00000041046,informative,1.7837666181752403,8636.629313,31184,18 TH Glut,0.0535259
ENSMUSG00000041075,weak,0.85671562872259521,989.3226547,1894,32 OEC,0
ENSMUSG00000041078,informative,-2.0330867316452061,84872.14637,21742,28 CB GABA,0
ENSMUSG00000041096,informative,1.118618967289519,11937.298,27175,22 MB-HB Sero,1.58361e-05
ENSMUSG00000041112,informative,-1.9816260498043781,93345.95681,24779,34 Immune,0.0285999
ENSMUSG00000041126,informative,-3,23191.52934,3044,25 Pineal Glut,4.75082e-05
ENSMUSG00000041133,informative,0.73668047310699036,13671.24954,23885,33 Vascular,0.11687
ENSMUSG00000041135,informative,-0.62391487416034375,5479.356745,3741,34 Immune,0.0285999
ENSMUSG00000041147,informative,-1.1602611685068946,2055.33534,979,32 OEC,0
ENSMUSG00000041189,weak,0.63006921218667178,343.1142525,573,33 Vascular,0.11687
ENSMUSG00000041215,informative,-1.0412150088069825,15441.58027,7877,15 HY Gnrh1 Glut,1.58361e-05
ENSMUSG00000041231,informative,-0.98498772918526201,9996.240323,5307,23 P Glut,6.33443e-05
ENSMUSG00000041235,informative,-2.1342181958836521,19469.88212,4662,29 CB Glut,0
ENSMUSG00000041237,uninformative,0.95970421053571164,21.07534741,60,03 OB-CR Glut,0.000807639
ENSMUSG00000041247,uninformative,2.2711299870403332,4.332318997,58,25 Pineal Glut,4.75082e-05
ENSMUSG00000041272,informative,-2.754783287277871,50562.43933,7864,18 TH Glut,0.0535259
ENSMUSG00000041293,uninformative,2.4580273779108195,8.724638987,71,21 MB Dopa,0
ENSMUSG00000041301,informative,-1.6785810375983301,1425.776232,482,15 HY Gnrh1 Glut,1.58361e-05
ENSMUSG00000041309,informative,1.251668880261626,6890.073588,17207,31 OPC-Oligo,0.1627
ENSMUSG00000041324,informative,-2.1197044306780444,6113.178434,1489,32 OEC,0
ENSMUSG00000041329,informative,1.647126612036969,75320.5089,247189,30 Astro-Epen,0.160404
ENSMUSG00000041346,informative,1.7031369936126974,2286.556401,7819,31 OPC-Oligo,0.1627
ENSMUSG00000041347,uninformative,-0.74921687455407726,66.35497616,57,25 Pineal Glut,4.75082e-05
ENSMUSG00000041351,informative,1.7966869160756065,35441.48547,129027,17 MH-LH Glut,0.00120354
ENSMUSG00000041355,informative,0.97201259231287684,7314.093872,15049,34 Immune,0.0285999
ENSMUSG00000041362,informative,-0.63746290205399148,28250.3366,19043,15 HY Gnrh1 Glut,1.58361e-05
ENSMUSG00000041380,informative,-1.924237547637704,32448.96751,8973,26 P GABA,0.00280298
ENSMUSG00000041408,informative,-0.43406798566960197,29407.10681,22821,34 Immune,0.0285999
ENSMUSG00000041415,informative,-0.8730377094403956,20262.71534,11607,29 CB Glut,0
ENSMUSG00000041417,informative,-0.36531051891902661,57202.81842,46550,34 Immune,0.0285999
ENSMUSG00000041420,informative,1.1905716573985481,4621.445671,11069,15 HY Gnrh1 Glut,1.58361e-05
ENSMUSG00000041429,weak,1.133118654252443,733.9766838,1704,33 Vascular,0.11687
ENSMUSG00000041431,informative,-3,1704.905578,126,01 IT-ET Glut,0.234215
ENSMUSG00000041459,informative,1.9168536589342176,22361.03698,88484,28 CB GABA,0
ENSMUSG00000041482,informative,-1.7567436456673089,1047.202207,340,17 MH-LH Glut,0.00120354
ENSMUSG00000041483,informative,0.0149563307117701,12280.6888,13017,31 OPC-Oligo,0.1627
ENSMUSG00000041515,informative,0.23387797170515101,1519.940862,1889,34 Immune,0.0285999
ENSMUSG00000041530,informative,0.24917424277163039,10697.20098,13337,04 DG-IMN Glut,0.0288375
ENSMUSG00000041534,uninformative,0.2117674265077272,8.876394816,27,25 Pineal Glut,4.75082e-05
ENSMUSG00000041536,uninformative,3,0.002687023021,28,13 CNU-HYa Glut,0.0147909
ENSMUSG00000041540,informative,-3,69682.9851,7997,32 OEC,0
ENSMUSG00000041552,informative,-0.65033608477041172,9014.139617,6033,29 CB Glut,0
ENSMUSG00000041556,informative,1.7464012918049832,8607.52991,30277,30 Astro-Epen,0.160404
ENSMUSG00000041559,weak,3,901.5452986,11634,33 Vascular,0.11687
ENSMUSG00000041570,informative,0.61052635812555733,30655.5443,49056,10 LSX GABA,0.000190033
ENSMUSG00000041577,informative,0.37303097930330081,4135.671639,5628,33 Vascular,0.11687
ENSMUSG00000041578,uninformative,3,4.698240137,64,25 Pineal Glut,4.75082e-05
ENSMUSG00000041592,informative,-1.3559076443781719,22176.29953,9101,02 NP-CT-L6b Glut,0.046653
ENSMUSG00000041598,informative,0.62251795714935865,5491.715727,8875,32 OEC,0
ENSMUSG00000041616,uninformative,-0.58464758191137189,82.00700027,65,17 MH-LH Glut,0.00120354
ENSMUSG00000041629,informative,-3,24463.22455,2772,25 Pineal Glut,4.75082e-05
ENSMUSG00000041642,informative,0.74656417898331995,13444.21865,23650,34 Immune,0.0285999
ENSMUSG00000041644,uninformative,-3,80.33300957,13,05 OB-IMN GABA,0.00300885
ENSMUSG00000041653,informative,1.6078565391245256,2089.826757,6692,25 Pineal Glut,4.75082e-05
ENSMUSG00000041660,informative,-0.57015200455066084,1373.510702,985,30 Astro-Epen,0.160404
ENSMUSG00000041671,informative,0.146449662592436,4192.415114,4878,05 OB-IMN GABA,0.00300885
ENSMUSG00000041695,informative,1.5767499307228892,2472.960059,7747,09 CNU-LGE GABA,0.0528766
ENSMUSG00000041698,uninformative,2.6412651506139246,0.6803701225,26,21 MB Dopa,0
ENSMUSG00000041710,informative,-2.5043073859892493,23127.65302,4286,28 CB GABA,0
ENSMUSG00000041712,informative,0.97345157118605685,7817.191013,16099,25 Pineal Glut,4.75082e-05
ENSMUSG00000041718,informative,-0.68849855207622057,4653.532763,3041,29 CB Glut,0
ENSMUSG00000041720,informative,0.24982376575813661,57328.51042,71437,01 IT-ET Glut,0.234215
ENSMUSG00000041729,informative,0.86386430608997544,32548.79763,62088,29 CB Glut,0
ENSMUSG00000041730,uninformative,-1.1768424253400078,104.6809799,72,24 MY Glut,0.00326223
ENSMUSG00000041734,informative,-0.47321302541708887,3147.078611,2391,25 Pineal Glut,4.75082e-05
ENSMUSG00000041740,informative,1.0351341548490334,26578.35386,57092,25 Pineal Glut,4.75082e-05
ENSMUSG00000041771,informative,-0.63020805586897732,10502.42438,7125,09 CNU-LGE GABA,0.0528766
ENSMUSG00000041798,weak,-1.4891276530287627,984.9425497,383,15 HY Gnrh1 Glut,1.58361e-05
ENSMUSG00000041828,informative,-0.18927542350404969,4445.568588,4101,32 OEC,0
ENSMUSG00000041845,weak,1.265032596107285,361.5777126,928,33 Vascular,0.11687
ENSMUSG00000041846,informative,-0.17994563919342291,15797.97781,14627,33 Vascular,0.11687
ENSMUSG00000041870,informative,0.1985338124296514,12541.58389,15095,31 OPC-Oligo,0.1627
ENSMUSG00000041872,uninformative,-2.433154224794134,4.154697413,13,05 OB-IMN GABA,0.00300885
ENSMUSG00000041879,informative,-0.85941026907832252,17053.95059,9864,16 HY MM Glut,0
ENSMUSG00000041911,informative,0.52537461701979693,2957.865646,4477,05 OB-IMN GABA,0.00300885
ENSMUSG00000041912,informative,0.44342671636805281,6201.547364,8852,15 HY Gnrh1 Glut,1.58361e-05
ENSMUSG00000041936,informative,0.44752928344780563,15464.50233,22112,32 OEC,0
ENSMUSG00000041954,uninformative,-2.0081242781190798,83.40340704,37,04 DG-IMN Glut,0.0288375
ENSMUSG00000041977,informative,-0.7344743952137146,23857.03673,15039,07 CTX-MGE GABA,0.0224397
ENSMUSG00000042002,uninformative,0.58711210664970881,8.519969497,30,05 OB-IMN GABA,0.00300885
ENSMUSG00000042010,informative,-0.0809465527768439,2258.306011,2253,33 Vascular,0.11687
ENSMUSG00000042096,informative,-2.3666085003534163,1155.628746,258,30 Astro-Epen,0.160404
ENSMUSG00000042190,weak,1.6785486675558707,529.4314622,1794,34 Immune,0.0285999
ENSMUSG00000042207,informative,0.95871988989569557,23653.06551,48183,32 OEC,0
ENSMUSG00000042212,uninformative,3,0.395357107,28,22 MB-HB Sero,1.58361e-05
ENSMUSG00000042215,informative,-0.92127357957767841,2825.923227,1579,22 MB-HB Sero,1.58361e-05
ENSMUSG00000042228,informative,-1.9077153177627424,9220.568843,2590,34 Immune,0.0285999
ENSMUSG00000042249,informative,-0.30953704508860119,22255.53938,18831,30 Astro-Epen,0.160404
ENSMUSG00000042258,informative,-0.24458391737730201,1756.212828,1569,15 HY Gnrh1 Glut,1.58361e-05
ENSMUSG00000042265,uninformative,3,0.6127395884,34,34 Immune,0.0285999
ENSMUSG00000042279,uninformative,0.79760392442387007,13.81671154,42,33 Vascular,0.11687
ENSMUSG00000042282,weak,-1.2257407385279191,456.5674535,220,32 OEC,0
ENSMUSG00000042284,informative,-1.7872280560998686,14385.05147,4382,33 Vascular,0.11687
ENSMUSG00000042292,informative,-3,23182.66278,939,04 DG-IMN Glut,0.0288375
ENSMUSG00000042308,informative,1.6141299226049384,7008.760757,22498,25 Pineal Glut,4.75082e-05
ENSMUSG00000042323,informative,-0.90069303782899168,40284.45067,22623,25 Pineal Glut,4.75082e-05
ENSMUSG00000042328,informative,0.19554536702844741,6528.327031,7849,34 Immune,0.0285999
ENSMUSG00000042333,uninformative,3,29.27135831,1242,34 Immune,0.0285999
ENSMUSG00000042385,informative,-3,1467.396325,125,13 CNU-HYa Glut,0.0147909
ENSMUSG00000042390,informative,-0.64024300674746626,41873.13437,28164,04 DG-IMN Glut,0.0288375
ENSMUSG00000042406,informative,0.68701315048992195,29157.94041,49200,07 CTX-MGE GABA,0.0224397
ENSMUSG00000042410,informative,0.1068793517403733,13621.29532,15385,34 Immune,0.0285999
ENSMUSG00000042414,uninformative,-3,14.82392736,15,01 IT-ET Glut,0.234215
ENSMUSG00000042429,informative,0.24982747012717349,33227.73619,41420,02 NP-CT-L6b Glut,0.046653
ENSMUSG00000042448,uninformative,-2.4634976920822376,125.2572127,39,31 OPC-Oligo,0.1627
ENSMUSG00000042451,weak,-3,330.5662,40,25 Pineal Glut,4.75082e-05
ENSMUSG00000042453,informative,-1.234355962020643,18024.25136,8042,03 OB-CR Glut,0.000807639
ENSMUSG00000042474,uninformative,0.98827201357465921,49.99069176,121,23 P Glut,6.33443e-05
ENSMUSG00000042476,informative,-0.73674246486684691,1870.987102,1192,34 Immune,0.0285999
ENSMUSG00000042487,informative,0.85064697766970909,4210.424226,7972,28 CB GABA,0
ENSMUSG00000042489,weak,0.65971294537802105,467.2200779,790,09 CNU-LGE GABA,0.0528766
ENSMUSG00000042499,uninformative,2.502222734540767,0.008060689649,21,11 CNU-HYa GABA,0.0132548
ENSMUSG00000042502,informative,0.3906267318868461,6290.784765,8657,15 HY Gnrh1 Glut,1.58361e-05
ENSMUSG00000042506,informative,0.013584482874125101,37645.00414,39831,10 LSX GABA,0.000190033
ENSMUSG00000042557,informative,0.89195165730956905,7654.876781,14900,25 Pineal Glut,4.75082e-05
ENSMUSG00000042589,informative,-2.3216917426292096,24676.81962,5187,16 HY MM Glut,0
ENSMUSG00000042596,weak,-1.2081449250451028,678.1513414,323,19 MB Glut,0.00308803
ENSMUSG00000042599,informative,-1.0932570598312019,30069.85238,14782,04 DG-IMN Glut,0.0288375
ENSMUSG00000042604,informative,0.86803810532753123,9571.262809,18320,09 CNU-LGE GABA,0.0528766
ENSMUSG00000042622,informative,-0.68620209448951219,1052.494008,701,33 Vascular,0.11687
ENSMUSG00000042626,informative,1.384464772035221,1863.46462,5115,33 Vascular,0.11687
ENSMUSG00000042632,informative,-0.24686688608606669,3771.572846,3346,10 LSX GABA,0.000190033
ENSMUSG00000042644,weak,-0.49240361839127211,903.9581885,689,32 OEC,0
ENSMUSG00000042650,informative,-1.0832223747652443,17410.47382,8625,31 OPC-Oligo,0.1627
ENSMUSG00000042662,informative,-0.61535257799471643,4316.689677,2968,31 OPC-Oligo,0.1627
ENSMUSG00000042677,weak,0.098036316239357504,464.474568,537,34 Immune,0.0285999
ENSMUSG00000042680,informative,-1.7191684947984389,23382.11777,7456,32 OEC,0
ENSMUSG00000042682,informative,-3,53593.42914,681,31 OPC-Oligo,0.1627
ENSMUSG00000042705,informative,-1.3356974566503763,14686.59926,6112,03 OB-CR Glut,0.000807639
ENSMUSG00000042708,weak,-0.084816841550289193,949.476323,954,04 DG-IMN Glut,0.0288375
ENSMUSG00000042712,informative,-1.6155835278383339,30948.73732,10597,15 HY Gnrh1 Glut,1.58361e-05
ENSMUSG00000042717,uninformative,0.6318947768709039,87.68399369,159,18 TH Glut,0.0535259
ENSMUSG00000042745,informative,-1.1676644022589378,16420.92008,7674,33 Vascular,0.11687
ENSMUSG00000042757,informative,-3,45723.16359,1298,29 CB Glut,0
ENSMUSG00000042784,uninformative,-0.84647987633635668,100.2277656,74,30 Astro-Epen,0.160404
ENSMUSG00000042793,informative,-0.130717410431687,1564.336676,1513,32 OEC,0
ENSMUSG00000042807,informative,-2.3338240741829379,88510.81219,18410,31 OPC-Oligo,0.1627
ENSMUSG00000042808,uninformative,-1.2154362264340617,56.58864688,41,17 MH-LH Glut,0.00120354
ENSMUSG00000042812,weak,-0.83924007248843047,490.7624066,303,33 Vascular,0.11687
ENSMUSG00000042817,informative,0.49440378035537041,2877.082635,4263,28 CB GABA,0
ENSMUSG00000042821,weak,1.1996656368424157,384.2011659,942,33 Vascular,0.11687
ENSMUSG00000042834,informative,-0.1193963905016803,15322.80529,14795,29 CB Glut,0
ENSMUSG00000042846,informative,-1.5605646367705048,78453.41288,27890,29 CB Glut,0
ENSMUSG00000042861,uninformative,1.4791456484531795,34.59995231,119,28 CB GABA,0
ENSMUSG00000042901,informative,-0.76217195816107264,13710.02662,8485,15 HY Gnrh1 Glut,1.58361e-05
ENSMUSG00000042903,informative,-1.2027938540415175,1664.281842,773,32 OEC,0
ENSMUSG00000042985,uninformative,1.8827447122893544,2.36040258,28,08 CNU-MGE GABA,0.00696787
ENSMUSG00000043013,weak,-0.94720754499639037,322.8630826,191,17 MH-LH Glut,0.00120354
ENSMUSG00000043017,uninformative,0.59564138148709356,45.09688311,88,15 HY Gnrh1 Glut,1.58361e-05
ENSMUSG00000043029,weak,0.47131135182018319,412.0584114,615,31 OPC-Oligo,0.1627
ENSMUSG00000043051,informative,-3,4248.462382,459,34 Immune,0.0285999
ENSMUSG00000043079,informative,0.16624403829143061,18606.74624,21892,01 IT-ET Glut,0.234215
ENSMUSG00000043099,informative,0.84247459754212906,1479.259477,2804,33 Vascular,0.11687
ENSMUSG00000043144,uninformative,0.028948274409785101,110.3075067,134,29 CB Glut,0
ENSMUSG00000043207,informative,0.63823150468959111,7015.576652,11457,30 Astro-Epen,0.160404
ENSMUSG00000043263,uninformative,3,9.008936996,112,34 Immune,0.0285999
ENSMUSG00000043286,weak,-0.82297581056683111,223.5381017,148,33 Vascular,0.11687
ENSMUSG00000043289,informative,-3,5472.277257,637,09 CNU-LGE GABA,0.0528766
ENSMUSG00000043301,informative,-2.5766658039541386,44917.52981,7904,04 DG-IMN Glut,0.0288375
ENSMUSG00000043342,uninformative,3,0.1410981693,25,32 OEC,0
ENSMUSG00000043410,informative,-1.979291325360012,2509.106464,682,25 Pineal Glut,4.75082e-05
ENSMUSG00000043441,informative,-1.0106373549064165,4102.68537,2149,09 CNU-LGE GABA,0.0528766
ENSMUSG00000043456,informative,-2.4246782834204006,61764.5394,12068,31 OPC-Oligo,0.1627
ENSMUSG00000043487,informative,1.3022964816104907,1526.516166,3962,32 OEC,0
ENSMUSG00000043535,informative,-1.0024564133678988,24935.21751,13056,29 CB Glut,0
ENSMUSG00000043556,informative,-3,10710.8447,972,33 Vascular,0.11687
ENSMUSG00000043613,uninformative,2.6265686999698459,4.097720593,48,30 Astro-Epen,0.160404
ENSMUSG00000043635,informative,-0.4643981449626241,11546.76168,8784,09 CNU-LGE GABA,0.0528766
ENSMUSG00000043659,informative,-2.8083831512161139,6524.253233,999,26 P GABA,0.00280298
ENSMUSG00000043668,informative,-1.8310232105244599,13864.04684,4098,18 TH Glut,0.0535259
ENSMUSG00000043670,informative,0.54459169256801887,10455.5561,15995,07 CTX-MGE GABA,0.0224397
ENSMUSG00000043673,informative,0.46997869870522169,1736.856824,2545,07 CTX-MGE GABA,0.0224397
ENSMUSG00000043702,informative,-0.87704079789836342,3471.540275,1996,25 Pineal Glut,4.75082e-05
ENSMUSG00000043733,informative,0.18840443070042209,26434.40199,31576,31 OPC-Oligo,0.1627
ENSMUSG00000043753,uninformative,-1.1560403778271791,79.78904498,53,21 MB Dopa,0
ENSMUSG00000043807,uninformative,1.0915299622404089,80.50801883,197,25 Pineal Glut,4.75082e-05
ENSMUSG00000043811,informative,1.2418830158042655,13390.28237,33198,01 IT-ET Glut,0.234215
ENSMUSG00000043895,weak,0.93517222263130595,725.7623755,1471,32 OEC,0
ENSMUSG00000043909,informative,0.16610619369472179,18461.36283,21719,14 HY Glut,0.00593852
ENSMUSG00000043962,informative,0.3565911432136965,26755.40763,35909,34 Immune,0.0285999
ENSMUSG00000043969,informative,0.360338795548652,2210.141773,2989,03 OB-CR Glut,0.000807639
ENSMUSG00000043987,informative,-1.4437512836080997,9408.129939,3639,25 Pineal Glut,4.75082e-05
ENSMUSG00000044052,uninformative,1.1186336191455284,43.38746886,116,25 Pineal Glut,4.75082e-05
ENSMUSG00000044067,informative,0.35149128357367271,12724.37465,17034,28 CB GABA,0
ENSMUSG00000044080,informative,0.2824175316256623,12644.5512,16121,32 OEC,0
ENSMUSG00000044098,informative,-0.48862111453653179,20417.52297,15262,29 CB Glut,0
ENSMUSG00000044147,informative,-0.90458290108564721,5339.487771,3004,33 Vascular,0.11687
ENSMUSG00000044167,informative,-0.38704595827636068,14202.81017,11395,32 OEC,0
ENSMUSG00000044217,uninformative,2.3209063995021322,64.90025274,360,06 CTX-CGE GABA,0.0131281
ENSMUSG00000044254,weak,1.2292179554309417,237.1568978,600,09 CNU-LGE GABA,0.0528766
ENSMUSG00000044303,uninformative,1.717693516095399,37.29960198,147,33 Vascular,0.11687
ENSMUSG00000044312,uninformative,0.84401497489778021,9.093947059,34,01 IT-ET Glut,0.234215
ENSMUSG00000044317,informative,0.43909243199597531,2064.509989,2957,33 Vascular,0.11687
ENSMUSG00000044322,uninformative,3,3.942129793,107,21 MB Dopa,0
ENSMUSG00000044337,informative,-0.0069414064752614003,4753.944471,4973,33 Vascular,0.11687
ENSMUSG00000044338,weak,0.2139205216152093,295.2356237,375,33 Vascular,0.11687
ENSMUSG00000044350,informative,-1.4960860976340129,1722.005131,655,34 Immune,0.0285999
ENSMUSG00000044393,informative,-0.73102424292321611,1402.578789,901,04 DG-IMN Glut,0.0288375
ENSMUSG00000044433,informative,2.3876418777553088,2086.258233,11459,14 HY Glut,0.00593852
ENSMUSG00000044447,informative,-0.73418355682261405,9385.318402,5927,31 OPC-Oligo,0.1627
ENSMUSG00000044453,uninformative,-2.8410577803940611,67.27976466,25,31 OPC-Oligo,0.1627
ENSMUSG00000044468,weak,0.0909732325616361,523.2144264,600,34 Immune,0.0285999
ENSMUSG00000044534,weak,-2.108117781832668,225.252053,70,25 Pineal Glut,4.75082e-05
ENSMUSG00000044542,uninformative,2.1601963466501628,2.626626045,32,09 CNU-LGE GABA,0.0528766
ENSMUSG00000044583,weak,0.076471934233259098,943.9834475,1059,34 Immune,0.0285999
ENSMUSG00000044600,informative,-0.93592519521384798,18315.22034,10046,03 OB-CR Glut,0.000807639
ENSMUSG00000044641,weak,1.1551189660194872,909.7117617,2140,25 Pineal Glut,4.75082e-05
ENSMUSG00000044664,uninformative,1.7954959856725563,0.370303463,20,27 MY GABA,9.50164e-05
ENSMUSG00000044667,informative,-0.53907874291641511,85889.40181,61947,32 OEC,0
ENSMUSG00000044674,informative,1.6277144978874762,2900.102574,9416,17 MH-LH Glut,0.00120354
ENSMUSG00000044678,uninformative,3,1.148756195,299,27 MY GABA,9.50164e-05
ENSMUSG00000044681,uninformative,-1.1491667472201721,142.9097195,83,28 CB GABA,0
ENSMUSG00000044701,weak,-3,605.7927812,34,34 Immune,0.0285999
ENSMUSG00000044708,informative,0.5199511237935871,28631.5261,43039,31 OPC-Oligo,0.1627
ENSMUSG00000044768,informative,-1.1878692182100137,13675.80221,6305,31 OPC-Oligo,0.1627
ENSMUSG00000044772,uninformative,0.76769352991383288,125.1256208,240,30 Astro-Epen,0.160404
ENSMUSG00000044792,informative,1.9192432352721072,9316.212831,36937,28 CB GABA,0
ENSMUSG00000044827,uninformative,0.98814770551220799,91.37476502,207,34 Immune,0.0285999
ENSMUSG00000044933,informative,1.586805820686479,2406.843724,7593,05 OB-IMN GABA,0.00300885
ENSMUSG00000044988,uninformative,1.4496765034973562,74.81969815,232,11 CNU-HYa GABA,0.0132548
ENSMUSG00000044991,informative,-2.4515964602286324,7647.700878,1480,33 Vascular,0.11687
ENSMUSG00000045005,weak,-0.30462540575582558,925.5434128,801,12 HY GABA,0.0167704
ENSMUSG00000045007,informative,0.56377575608953168,5361.609205,8320,15 HY Gnrh1 Glut,1.58361e-05
ENSMUSG00000045019,uninformative,0.18863800997662511,13.22331976,32,15 HY Gnrh1 Glut,1.58361e-05
ENSMUSG00000045038,informative,-0.45344318132187489,168904.689,129262,04 DG-IMN Glut,0.0288375
ENSMUSG00000045087,informative,1.6791443172813336,3535.56559,11881,31 OPC-Oligo,0.1627
ENSMUSG00000045092,informative,0.072232252288674706,37310.0766,41114,30 Astro-Epen,0.160404
ENSMUSG00000045098,informative,-0.088072368341094803,21346.64039,21057,33 Vascular,0.11687
ENSMUSG00000045103,informative,-3,210364.9076,10816,25 Pineal Glut,4.75082e-05
ENSMUSG00000045107,informative,-2.3961336621619789,5349.592729,1080,32 OEC,0
ENSMUSG00000045136,informative,1.0129047299835336,7775.609322,16457,30 Astro-Epen,0.160404
ENSMUSG00000045179,weak,1.7694071414906971,829.9361988,2983,31 OPC-Oligo,0.1627
ENSMUSG00000045215,informative,-3,13719.31395,1731,05 OB-IMN GABA,0.00300885
ENSMUSG00000045232,uninformative,0.58270522877767505,13.6422871,46,20 MB GABA,0.00742711
ENSMUSG00000045281,weak,-0.089245966467981594,301.5583876,313,33 Vascular,0.11687
ENSMUSG00000045302,informative,0.28854329325515521,15490.85512,19840,32 OEC,0
ENSMUSG00000045322,uninformative,3,1.301124172,1238,05 OB-IMN GABA,0.00300885
ENSMUSG00000045328,weak,-0.42901880208920568,361.3452064,297,25 Pineal Glut,4.75082e-05
ENSMUSG00000045348,informative,0.75076300809557728,9153.859457,16155,15 HY Gnrh1 Glut,1.58361e-05
ENSMUSG00000045382,weak,1.9860926153630969,219.9220182,932,32 OEC,0
ENSMUSG00000045394,uninformative,2.1133759339230367,53.25493772,277,15 HY Gnrh1 Glut,1.58361e-05
ENSMUSG00000045471,uninformative,-0.48820581309349942,154.2790445,131,14 HY Glut,0.00593852
ENSMUSG00000045482,informative,1.0217240443253794,18514.43464,39402,15 HY Gnrh1 Glut,1.58361e-05
ENSMUSG00000045502,uninformative,3,1.83597318,46,04 DG-IMN Glut,0.0288375
ENSMUSG00000045515,informative,0.27393921935801818,23378.09401,29632,30 Astro-Epen,0.160404
ENSMUSG00000045518,uninformative,2.9304192266024121,76.87178752,645,13 CNU-HYa Glut,0.0147909
ENSMUSG00000045532,informative,1.2127967644255766,4376.599482,10646,31 OPC-Oligo,0.1627
ENSMUSG00000045551,uninformative,1.1935384694809543,13.18183235,49,34 Immune,0.0285999
ENSMUSG00000045589,informative,-0.51519430166391489,98882.47119,72506,01 IT-ET Glut,0.234215
ENSMUSG00000045591,uninformative,-3,39.72540189,9,26 P GABA,0.00280298
ENSMUSG00000045594,informative,0.1654711022048215,8865.748095,10434,03 OB-CR Glut,0.000807639
ENSMUSG00000045608,informative,0.39027766435384031,6275.558108,8634,30 Astro-Epen,0.160404
ENSMUSG00000045613,informative,-2.5197362448832274,21794.48087,3997,05 OB-IMN GABA,0.00300885
ENSMUSG00000045629,informative,-1.317479756801315,2908.192204,1238,31 OPC-Oligo,0.1627
ENSMUSG00000045636,informative,-0.64050076030016412,17740.1632,11939,33 Vascular,0.11687
ENSMUSG00000045648,informative,-2.6507008298311634,16433.48583,2757,21 MB Dopa,0
ENSMUSG00000045680,uninformative,1.7897738633001865,4.516379133,35,33 Vascular,0.11687
ENSMUSG00000045693,uninformative,2.0601508638737922,4.260247324,38,04 DG-IMN Glut,0.0288375
ENSMUSG00000045730,weak,0.60511690616988156,711.1674327,1150,34 Immune,0.0285999
ENSMUSG00000045731,informative,0.77803646745594324,2340.58162,4222,15 HY Gnrh1 Glut,1.58361e-05
ENSMUSG00000045875,informative,-0.92206760540860122,12305.86285,6828,06 CTX-CGE GABA,0.0131281
ENSMUSG00000045903,informative,1.4281038968093576,3219.219813,9102,05 OB-IMN GABA,0.00300885
ENSMUSG00000045930,informative,1.6556834820809423,1026.529157,3407,33 Vascular,0.11687
ENSMUSG00000045973,informative,-0.88339135608294894,20452.67978,11632,17 MH-LH Glut,0.00120354
ENSMUSG00000045983,informative,0.79748149839013638,32033.75786,58351,33 Vascular,0.11687
ENSMUSG00000045991,informative,-1.9665758687350161,5657.874348,1532,16 HY MM Glut,0
ENSMUSG00000046049,uninformative,2.2756956132961368,4.51576109,43,25 Pineal Glut,4.75082e-05
ENSMUSG00000046080,uninformative,0.38799167929041523,13.57580642,35,25 Pineal Glut,4.75082e-05
ENSMUSG00000046093,informative,0.94086133386065518,46626.06025,93804,02 NP-CT-L6b Glut,0.046653
ENSMUSG00000046159,informative,-3,91715.52996,7287,25 Pineal Glut,4.75082e-05
ENSMUSG00000046160,informative,-0.75440262832943505,35889.36111,22306,31 OPC-Oligo,0.1627
ENSMUSG00000046167,weak,0.99754304430659957,393.3679211,848,16 HY MM Glut,0
ENSMUSG00000046169,informative,-1.5301306038484768,6964.759,2542,21 MB Dopa,0
ENSMUSG00000046186,weak,1.3472161996776311,302.8607734,825,30 Astro-Epen,0.160404
ENSMUSG00000046215,informative,-0.45842064000542498,25944.53949,19807,02 NP-CT-L6b Glut,0.046653
ENSMUSG00000046223,weak,-1.2177253717541503,662.6977579,314,34 Immune,0.0285999
ENSMUSG00000046230,informative,-1.6294610847991189,43254.89342,14663,29 CB Glut,0
ENSMUSG00000046280,informative,0.967735831671235,1833.440866,3774,33 Vascular,0.11687
ENSMUSG00000046321,informative,-0.82215608681738661,17574.2972,10438,02 NP-CT-L6b Glut,0.046653
ENSMUSG00000046323,uninformative,-0.75151899735714423,0.606869219,15,34 Immune,0.0285999
ENSMUSG00000046338,uninformative,1.2603893647050892,110.9481987,296,18 TH Glut,0.0535259
ENSMUSG00000046352,informative,2.8048035460964886,1265.465716,9287,32 OEC,0
ENSMUSG00000046402,informative,2.1804164250469729,2343.815175,11151,33 Vascular,0.11687
ENSMUSG00000046432,informative,1.038483871072408,35129.66742,75620,15 HY Gnrh1 Glut,1.58361e-05
ENSMUSG00000046434,informative,1.6971588724883144,36004.022,122346,03 OB-CR Glut,0.000807639
ENSMUSG00000046470,informative,0.71199080322417074,5480.718698,9423,33 Vascular,0.11687
ENSMUSG00000046480,informative,2.7491314053980558,9782.905942,68941,09 CNU-LGE GABA,0.0528766
ENSMUSG00000046532,informative,-0.88508092949044692,18345.50268,10423,28 CB GABA,0
ENSMUSG00000046598,informative,1.178726187537406,7961.665016,18901,30 Astro-Epen,0.160404
ENSMUSG00000046668,informative,0.77890372585677514,23890.33349,42965,31 OPC-Oligo,0.1627
ENSMUSG00000046707,informative,0.032284492908306803,19847.97439,21282,10 LSX GABA,0.000190033
ENSMUSG00000046709,informative,-1.3859615976640032,142983.1826,57337,07 CTX-MGE GABA,0.0224397
ENSMUSG00000046711,informative,2.0372105550392998,1415.835118,6108,25 Pineal Glut,4.75082e-05
ENSMUSG00000046714,uninformative,3,118.6025611,2691,33 Vascular,0.11687
ENSMUSG00000046743,informative,0.37596484389625467,5468.051854,7459,04 DG-IMN Glut,0.0288375
ENSMUSG00000046750,weak,1.2196235115975038,322.3520502,804,21 MB Dopa,0
ENSMUSG00000046755,uninformative,3,0.01493467166,27,23 P Glut,6.33443e-05
ENSMUSG00000046768,informative,-1.7824079903460821,8801.443313,2696,33 Vascular,0.11687
ENSMUSG00000046791,informative,0.7771643288352178,1717.121569,3100,32 OEC,0
ENSMUSG00000046798,informative,0.80139266861966607,7029.246194,12852,18 TH Glut,0.0535259
ENSMUSG00000046806,informative,-3,3030.201972,355,34 Immune,0.0285999
ENSMUSG00000046845,uninformative,2.7081825132794939,0.02000173764,22,17 MH-LH Glut,0.00120354
ENSMUSG00000046865,informative,-0.074915348802000403,5977.59723,5962,34 Immune,0.0285999
ENSMUSG00000046876,informative,-2.9487624390134206,151545.2129,20580,09 CNU-LGE GABA,0.0528766
ENSMUSG00000046908,uninformative,-1.1740662935577546,128.1856309,75,33 Vascular,0.11687
ENSMUSG00000046922,weak,3,991.0323028,8523,09 CNU-LGE GABA,0.0528766
ENSMUSG00000046982,informative,-1.740691773857949,21599.66498,6787,05 OB-IMN GABA,0.00300885
ENSMUSG00000047013,informative,-0.0565999816312103,18330.94515,18483,04 DG-IMN Glut,0.0288375
ENSMUSG00000047021,weak,-0.27993257551567019,806.6841905,712,10 LSX GABA,0.000190033
ENSMUSG00000047098,informative,0.59351987522829974,2702.437672,4289,32 OEC,0
ENSMUSG00000047109,informative,-1.3963040703189855,1734.993402,706,31 OPC-Oligo,0.1627
ENSMUSG00000047123,weak,-1.5175130931653791,881.5687078,338,34 Immune,0.0285999
ENSMUSG00000047126,informative,1.0023455950063711,62373.53984,130931,34 Immune,0.0285999
ENSMUSG00000047139,informative,1.3022597086894121,1734.000054,4490,05 OB-IMN GABA,0.00300885
ENSMUSG00000047143,weak,1.9121937431380811,638.5345402,2545,03 OB-CR Glut,0.000807639
ENSMUSG00000047146,informative,-0.85051107156437666,9318.170986,5430,31 OPC-Oligo,0.1627
ENSMUSG00000047181,informative,0.094809497096471407,4641.954947,5210,15 HY Gnrh1 Glut,1.58361e-05
ENSMUSG00000047193,informative,-1.4598444787956624,27894.62051,10640,14 HY Glut,0.00593852
ENSMUSG00000047230,uninformative,3,45.63861172,1521,21 MB Dopa,0
ENSMUSG00000047250,informative,1.6254417885159675,2317.231425,7509,34 Immune,0.0285999
ENSMUSG00000047259,weak,0.58646199370617069,336.5121597,546,13 CNU-HYa Glut,0.0147909
ENSMUSG00000047260,informative,0.0129556642469016,21033.22949,22252,03 OB-CR Glut,0.000807639
ENSMUSG00000047261,informative,0.030840776306327099,90730.37373,97131,21 MB Dopa,0
ENSMUSG00000047295,uninformative,3,0.2696657777,38,09 CNU-LGE GABA,0.0528766
ENSMUSG00000047343,uninformative,-3,171.5378093,36,31 OPC-Oligo,0.1627
ENSMUSG00000047454,informative,-2.6113636093313648,159457.5463,27355,30 Astro-Epen,0.160404
ENSMUSG00000047462,uninformative,2.9277672975069162,0.6285765054,28,24 MY Glut,0.00326223
ENSMUSG00000047547,informative,-0.98350876963241163,30092.15564,15961,29 CB Glut,0
ENSMUSG00000047554,informative,-0.4048368145854338,8232.77119,6531,32 OEC,0
ENSMUSG00000047591,weak,1.3931755016762042,333.3053716,935,24 MY Glut,0.00326223
ENSMUSG00000047632,informative,-0.33405040650340428,4584.081616,3826,32 OEC,0
ENSMUSG00000047638,uninformative,0.36973677668460903,64.72945879,104,22 MB-HB Sero,1.58361e-05
ENSMUSG00000047649,informative,-1.243040646863546,5267.279749,2347,15 HY Gnrh1 Glut,1.58361e-05
ENSMUSG00000047710,informative,0.51368616530123001,7128.109826,10679,03 OB-CR Glut,0.000807639
ENSMUSG00000047714,informative,-0.31975578506968472,40619.78301,34114,09 CNU-LGE GABA,0.0528766
ENSMUSG00000047797,informative,0.44651514863421859,5595.05815,8005,31 OPC-Oligo,0.1627
ENSMUSG00000047798,uninformative,-0.049580488540206899,114.5584905,132,29 CB Glut,0
ENSMUSG00000047822,uninformative,-3,20.16672157,14,33 Vascular,0.11687
ENSMUSG00000047861,uninformative,0.64516032821296609,9.365113504,32,13 CNU-HYa Glut,0.0147909
ENSMUSG00000047879,informative,-0.12615604195995911,28042.65289,26937,16 HY MM Glut,0
ENSMUSG00000047880,weak,-3,335.8247616,30,31 OPC-Oligo,0.1627
ENSMUSG00000047898,uninformative,-3,10.22745001,13,03 OB-CR Glut,0.000807639
ENSMUSG00000047904,informative,-0.1843901033348388,3653.984516,3385,17 MH-LH Glut,0.00120354
ENSMUSG00000047945,informative,1.3401025684582395,17631.59393,46786,05 OB-IMN GABA,0.00300885
ENSMUSG00000048000,informative,-1.9730113816732084,34591.45736,9247,25 Pineal Glut,4.75082e-05
ENSMUSG00000048001,informative,-0.50950795073464716,5787.098309,4275,32 OEC,0
ENSMUSG00000048015,uninformative,1.5349871216921878,72.7717849,239,25 Pineal Glut,4.75082e-05
ENSMUSG00000048027,informative,1.2670275340854429,9036.397418,22803,17 MH-LH Glut,0.00120354
ENSMUSG00000048078,informative,-3,140698.133,13119,03 OB-CR Glut,0.000807639
ENSMUSG00000048120,informative,-0.7020870049594029,9257.990777,5978,34 Immune,0.0285999
ENSMUSG00000048126,weak,1.4352771446792345,393.9236236,1134,10 LSX GABA,0.000190033
ENSMUSG00000048138,uninformative,1.2068552891325794,135.0238392,352,07 CTX-MGE GABA,0.0224397
ENSMUSG00000048154,informative,1.1572136468905301,12186.62944,28494,29 CB Glut,0
ENSMUSG00000048163,informative,1.2930291044454134,6620.146334,17014,34 Immune,0.0285999
ENSMUSG00000048249,informative,-0.4664338221079245,30513.45553,23154,31 OPC-Oligo,0.1627
ENSMUSG00000048251,informative,-1.3705090789422865,44165.70079,17912,09 CNU-LGE GABA,0.0528766
ENSMUSG00000048304,informative,0.80558302926666892,11174.25705,20480,18 TH Glut,0.0535259
ENSMUSG00000048337,uninformative,1.7119856690815771,3.947976571,32,24 MY Glut,0.00326223
ENSMUSG00000048349,weak,-1.4985960104923948,387.3174212,159,17 MH-LH Glut,0.00120354
ENSMUSG00000048351,informative,0.069463537060208205,3748.267676,4137,33 Vascular,0.11687
ENSMUSG00000048376,informative,0.22439615931672591,1854.302971,2286,21 MB Dopa,0
ENSMUSG00000048377,uninformative,2.4840661827339034,1.044411702,27,13 CNU-HYa Glut,0.0147909
ENSMUSG00000048385,informative,0.75888016676184189,11177.57542,19834,07 CTX-MGE GABA,0.0224397
ENSMUSG00000048387,weak,2.2711474526232629,411.8520034,2103,33 Vascular,0.11687
ENSMUSG00000048402,informative,-2.4664226240736422,5569.257027,1071,30 Astro-Epen,0.160404
ENSMUSG00000048416,weak,0.32442511913906502,374.7635452,516,15 HY Gnrh1 Glut,1.58361e-05
ENSMUSG00000048450,weak,2.109926912768477,572.3229038,2608,33 Vascular,0.11687
ENSMUSG00000048458,informative,-0.79524999132476848,19462.41763,11766,01 IT-ET Glut,0.234215
ENSMUSG00000048480,uninformative,3,0.134349904,85,27 MY GABA,9.50164e-05
ENSMUSG00000048482,informative,-0.17821995170760541,19420.65459,17999,16 HY MM Glut,0
ENSMUSG00000048485,weak,1.3158573790243575,712.4784036,1876,17 MH-LH Glut,0.00120354
ENSMUSG00000048490,informative,-1.3518613264820318,24116.70985,9915,34 Immune,0.0285999
ENSMUSG00000048495,informative,-0.0504642950467118,4495.311919,4564,30 Astro-Epen,0.160404
ENSMUSG00000048502,uninformative,0.74394812987123349,82.76636298,162,32 OEC,0
ENSMUSG00000048520,weak,-1.0667871259699615,292.8700221,162,15 HY Gnrh1 Glut,1.58361e-05
ENSMUSG00000048521,uninformative,0.084205456365561898,26.89572486,46,34 Immune,0.0285999
ENSMUSG00000048534,weak,0.1177537532010046,203.9411454,248,29 CB Glut,0
ENSMUSG00000048540,informative,-0.043968491881520098,1027.243992,1060,03 OB-CR Glut,0.000807639
ENSMUSG00000048562,weak,1.3560979156387454,403.9001935,1101,05 OB-IMN GABA,0.00300885
ENSMUSG00000048578,informative,-0.414611602443204,14628.20627,11514,34 Immune,0.0285999
ENSMUSG00000048582,uninformative,-0.0065886376643521996,29.66653862,47,03 OB-CR Glut,0.000807639
ENSMUSG00000048583,informative,3,3318.720307,46649,33 Vascular,0.11687
ENSMUSG00000048616,informative,1.57169298662529,1188.946838,3721,07 CTX-MGE GABA,0.0224397
ENSMUSG00000048617,weak,-0.31124252232988209,980.7257243,844,25 Pineal Glut,4.75082e-05
ENSMUSG00000048626,uninformative,3,2.16629579,61,17 MH-LH Glut,0.00120354
ENSMUSG00000048731,informative,0.1799236688417922,1673.947503,2003,32 OEC,0
ENSMUSG00000048752,uninformative,1.7158847633995862,61.75368702,231,30 Astro-Epen,0.160404
ENSMUSG00000048756,informative,-0.41450168092766448,16961.43259,13349,29 CB Glut,0
ENSMUSG00000048763,uninformative,-1.2926999700042123,80.8012088,50,27 MY GABA,9.50164e-05
ENSMUSG00000048775,uninformative,1.8008928769913328,0.6391096355,21,05 OB-IMN GABA,0.00300885
ENSMUSG00000048776,weak,1.1463218498722192,457.3530989,1078,06 CTX-CGE GABA,0.0131281
ENSMUSG00000048806,uninformative,-2.9593809178677919,6.42357663,15,34 Immune,0.0285999
ENSMUSG00000048826,informative,2.3762964519909304,3371.893352,18363,01 IT-ET Glut,0.234215
ENSMUSG00000048834,informative,-0.90935459707783384,31033.20463,17327,07 CTX-MGE GABA,0.0224397
ENSMUSG00000048874,informative,-3,40225.79356,2462,04 DG-IMN Glut,0.0288375
ENSMUSG00000048895,informative,0.3554049309793671,83421.39449,111835,18 TH Glut,0.0535259
ENSMUSG00000048904,uninformative,1.7425605907681707,29.51447821,122,30 Astro-Epen,0.160404
ENSMUSG00000048915,informative,-3,62185.87312,7306,32 OEC,0
ENSMUSG00000049093,uninformative,-0.29801140715420388,37.70458053,48,16 HY MM Glut,0
ENSMUSG00000049100,informative,0.60409477454396876,52462.45017,83575,21 MB Dopa,0
ENSMUSG00000049103,uninformative,2.9893387990026392,19.430442,185,34 Immune,0.0285999
ENSMUSG00000049107,informative,-0.91992485766920484,1104.135937,627,25 Pineal Glut,4.75082e-05
ENSMUSG00000049109,uninformative,-0.39412110648010268,65.4462151,76,34 Immune,0.0285999
ENSMUSG00000049112,informative,0.55034126746502521,1065.2537,1651,07 CTX-MGE GABA,0.0224397
ENSMUSG00000049115,weak,-1.5844899487628279,288.055779,116,14 HY Glut,0.00593852
ENSMUSG00000049130,weak,-0.37382492949211821,896.8633447,741,34 Immune,0.0285999
ENSMUSG00000049281,informative,0.47143740911230397,20489.57811,29781,21 MB Dopa,0
ENSMUSG00000049295,informative,0.19819877111242309,4656.132951,5613,30 Astro-Epen,0.160404
ENSMUSG00000049307,uninformative,1.2035477461470161,69.03126549,184,21 MB Dopa,0
ENSMUSG00000049313,informative,0.49299136570624902,52674.6593,77687,25 Pineal Glut,4.75082e-05
ENSMUSG00000049354,informative,0.99025034113035082,28716.94284,59795,28 CB GABA,0
ENSMUSG00000049436,weak,0.16131951920432219,343.7884828,419,34 Immune,0.0285999
ENSMUSG00000049493,informative,-1.0775254926327438,11651.53499,5800,31 OPC-Oligo,0.1627
ENSMUSG00000049511,informative,-0.73785030972563104,4064.21942,2569,09 CNU-LGE GABA,0.0528766
ENSMUSG00000049548,uninformative,-0.45904143758177129,0.3120065796,16,17 MH-LH Glut,0.00120354
ENSMUSG00000049556,informative,0.076804293074032595,67967.96397,75130,01 IT-ET Glut,0.234215
ENSMUSG00000049604,uninformative,-1.595448236493034,1.88422108,8,04 DG-IMN Glut,0.0288375
ENSMUSG00000049641,uninformative,-1.5907907111894168,36.32756522,28,14 HY Glut,0.00593852
ENSMUSG00000049685,uninformative,0.50934594743500439,2.341846485,20,30 Astro-Epen,0.160404
ENSMUSG00000049686,informative,-1.2726709088058279,3783.139984,1656,34 Immune,0.0285999
ENSMUSG00000049691,uninformative,3,0,31,01 IT-ET Glut,0.234215
ENSMUSG00000049717,informative,0.26503077205623199,2728.101396,3451,15 HY Gnrh1 Glut,1.58361e-05
ENSMUSG00000049723,uninformative,3,4.297448904,259,34 Immune,0.0285999
ENSMUSG00000049734,uninformative,3,0.04318259145,4623,05 OB-IMN GABA,0.00300885
ENSMUSG00000049791,informative,-0.59259909850242742,4049.069485,2829,33 Vascular,0.11687
ENSMUSG00000049796,informative,-0.42717290983728629,1556.957248,1229,06 CTX-CGE GABA,0.0131281
ENSMUSG00000049892,informative,0.62945872267710024,3711.92205,6033,10 LSX GABA,0.000190033
ENSMUSG00000049908,uninformative,1.88823265565914,0.8006545954,22,21 MB Dopa,0
ENSMUSG00000049932,informative,0.77684362505648574,6384.504541,11478,15 HY Gnrh1 Glut,1.58361e-05
ENSMUSG00000050010,uninformative,1.7169695435012979,145.0311379,518,03 OB-CR Glut,0.000807639
ENSMUSG00000050063,informative,1.834089638508384,1261.429352,4731,31 OPC-Oligo,0.1627
ENSMUSG00000050074,weak,1.4888320068058489,875.0135277,2591,01 IT-ET Glut,0.234215
ENSMUSG00000050100,uninformative,-1.4211319585579436,55.16917382,45,22 MB-HB Sero,1.58361e-05
ENSMUSG00000050107,uninformative,0.85713548971029452,80.6608125,170,34 Immune,0.0285999
ENSMUSG00000050121,informative,-0.22093514716099821,12820.44234,11541,31 OPC-Oligo,0.1627
ENSMUSG00000050132,informative,1.2097984371053256,3118.507398,7575,03 OB-CR Glut,0.000807639
ENSMUSG00000050147,uninformative,2.4664764532062908,27.66376166,181,23 P Glut,6.33443e-05
ENSMUSG00000050197,uninformative,3,0.1906566632,57,22 MB-HB Sero,1.58361e-05
ENSMUSG00000050199,informative,-1.4533664418223422,12113.51101,4650,30 Astro-Epen,0.160404
ENSMUSG00000050232,uninformative,2.5104124761599054,6.032722439,57,34 Immune,0.0285999
ENSMUSG00000050234,informative,0.2343242147702489,1639.551371,2037,33 Vascular,0.11687
ENSMUSG00000050272,informative,-2.8925998808909674,139117.7902,19643,20 MB GABA,0.00742711
ENSMUSG00000050288,informative,-0.3645368417633485,4382.171229,3582,30 Astro-Epen,0.160404
ENSMUSG00000050295,informative,0.29248996500140129,4210.30368,5419,33 Vascular,0.11687
ENSMUSG00000050310,informative,-0.83586202790679753,24440.67262,14362,32 OEC,0
ENSMUSG00000050315,informative,-0.1562246136658372,19741.55952,18577,18 TH Glut,0.0535259
ENSMUSG00000050323,informative,0.69364926196330023,4898.180274,8317,25 Pineal Glut,4.75082e-05
ENSMUSG00000050328,uninformative,2.5059339993102179,0.005470833764,21,12 HY GABA,0.0167704
ENSMUSG00000050332,informative,0.36817219378094751,2829.674893,3843,03 OB-CR Glut,0.000807639
ENSMUSG00000050368,uninformative,-0.067266482665711197,0,12,01 IT-ET Glut,0.234215
ENSMUSG00000050370,uninformative,1.59068767542872,89.9417925,302,33 Vascular,0.11687
ENSMUSG00000050379,informative,0.72980437493693862,15574.19316,27078,18 TH Glut,0.0535259
ENSMUSG00000050397,weak,-0.45283833374644961,585.5423882,464,33 Vascular,0.11687
ENSMUSG00000050440,uninformative,-2.1781173319657019,85.28449251,43,15 HY Gnrh1 Glut,1.58361e-05
ENSMUSG00000050445,uninformative,3,0.1446187133,29,34 Immune,0.0285999
ENSMUSG00000050447,informative,-2.032086711048732,8352.727776,2155,25 Pineal Glut,4.75082e-05
ENSMUSG00000050463,uninformative,3,1.04004949,69,08 CNU-MGE GABA,0.00696787
ENSMUSG00000050505,informative,1.1992142845477007,4347.340014,10484,04 DG-IMN Glut,0.0288375
ENSMUSG00000050511,informative,1.0289562101465459,2514.963446,5394,07 CTX-MGE GABA,0.0224397
ENSMUSG00000050520,uninformative,3,0.3100514592,33,19 MB Glut,0.00308803
ENSMUSG00000050541,informative,-0.1143448438379842,8680.706699,8426,06 CTX-CGE GABA,0.0131281
ENSMUSG00000050552,informative,0.9097386466484062,19939.80138,39274,34 Immune,0.0285999
ENSMUSG00000050558,weak,-0.81512236222588463,974.6298188,604,16 HY MM Glut,0
ENSMUSG00000050567,informative,-0.049525171002197901,5355.703932,5438,34 Immune,0.0285999
ENSMUSG00000050578,uninformative,3,3.877050398,85,34 Immune,0.0285999
ENSMUSG00000050635,uninformative,-0.075855270952876003,0.005971050461,14,21 MB Dopa,0
ENSMUSG00000050666,informative,1.8622118659694631,2421.830469,9244,32 OEC,0
ENSMUSG00000050697,informative,0.17987020722623359,7610.736624,9049,31 OPC-Oligo,0.1627
ENSMUSG00000050737,weak,1.7001622932733107,741.5491696,2543,25 Pineal Glut,4.75082e-05
ENSMUSG00000050783,informative,-3,25488.23141,3162,05 OB-IMN GABA,0.00300885
ENSMUSG00000050799,uninformative,0.92102953951626843,0,17,01 IT-ET Glut,0.234215
ENSMUSG00000050812,informative,-0.65878980627677231,38772.90425,25747,29 CB Glut,0
ENSMUSG00000050840,informative,-2.5198483193163703,57957.03303,10611,30 Astro-Epen,0.160404
ENSMUSG00000050875,informative,0.70504211275711315,9160.579105,15663,22 MB-HB Sero,1.58361e-05
ENSMUSG00000050901,uninformative,-2.3534953476703562,13.55455952,18,16 HY MM Glut,0
ENSMUSG00000050917,uninformative,1.2548658471936591,4.592744399,29,09 CNU-LGE GABA,0.0528766
ENSMUSG00000050931,informative,-0.62556181776944475,2516.999553,1725,33 Vascular,0.11687
ENSMUSG00000050953,informative,1.1059379874368851,44440.51497,100252,30 Astro-Epen,0.160404
ENSMUSG00000050963,informative,1.4307932387777649,4946.195515,13997,18 TH Glut,0.0535259
ENSMUSG00000050965,informative,-2.9928541106360309,88430.03258,11654,05 OB-IMN GABA,0.00300885
ENSMUSG00000050966,uninformative,0.30907881258342879,15.93605835,37,25 Pineal Glut,4.75082e-05
ENSMUSG00000050989,informative,0.72259364363864853,4775.419232,8273,30 Astro-Epen,0.160404
ENSMUSG00000051076,uninformative,0.50655860182089252,82.9682888,140,09 CNU-LGE GABA,0.0528766
ENSMUSG00000051111,informative,-0.67869828041960489,13677.12978,8976,21 MB Dopa,0
ENSMUSG00000051136,uninformative,0.55378168469066391,36.05079989,72,21 MB Dopa,0
ENSMUSG00000051159,weak,2.7699038561931184,409.1474816,2946,25 Pineal Glut,4.75082e-05
ENSMUSG00000051176,uninformative,3,0.8415945328,33,06 CTX-CGE GABA,0.0131281
ENSMUSG00000051212,informative,-1.1031165087192458,1801.199313,894,34 Immune,0.0285999
ENSMUSG00000051220,uninformative,0.41370203705880371,41.26171286,74,34 Immune,0.0285999
ENSMUSG00000051235,weak,-0.74354292197828487,649.3642482,422,34 Immune,0.0285999
ENSMUSG00000051251,uninformative,0.90399664787732481,68.35982144,151,03 OB-CR Glut,0.000807639
ENSMUSG00000051314,uninformative,2.0205964954410653,16.63836384,90,21 MB Dopa,0
ENSMUSG00000051331,informative,-2.3636327068282341,130623.8644,26607,05 OB-IMN GABA,0.00300885
ENSMUSG00000051355,informative,0.67978844548054118,8954.73978,15046,25 Pineal Glut,4.75082e-05
ENSMUSG00000051367,uninformative,2.1805710343515159,44.05203987,229,15 HY Gnrh1 Glut,1.58361e-05
ENSMUSG00000051391,informative,0.22842348569929649,179172.1349,219945,21 MB Dopa,0
ENSMUSG00000051397,uninformative,-0.29870484861247881,118.7295231,117,16 HY MM Glut,0
ENSMUSG00000051413,informative,0.067415989118756695,2677.854799,2956,25 Pineal Glut,4.75082e-05
ENSMUSG00000051439,weak,2.5219553878487253,397.9842835,2416,34 Immune,0.0285999
ENSMUSG00000051456,weak,1.3882477280326613,734.0783132,2031,34 Immune,0.0285999
ENSMUSG00000051457,uninformative,1.784831855924661,10.90605984,58,34 Immune,0.0285999
ENSMUSG00000051469,informative,-0.057916902192870497,11239.89911,11329,32 OEC,0
ENSMUSG00000051498,uninformative,2.1112964694303726,55.32482642,270,34 Immune,0.0285999
ENSMUSG00000051592,uninformative,-0.76970993687447764,31.51887437,35,30 Astro-Epen,0.160404
ENSMUSG00000051650,informative,0.059680088055837903,12024.84533,13147,15 HY Gnrh1 Glut,1.58361e-05
ENSMUSG00000051675,informative,0.2311261033184201,25159.71834,30957,18 TH Glut,0.0535259
ENSMUSG00000051726,informative,1.2813212435743164,11854.67203,30215,05 OB-IMN GABA,0.00300885
ENSMUSG00000051747,weak,0.18210530728028629,611.4256196,743,16 HY MM Glut,0
ENSMUSG00000051768,informative,1.2713264450559705,3282.84136,8320,28 CB GABA,0
ENSMUSG00000051790,informative,0.77253695074623585,21519.19724,38532,16 HY MM Glut,0
ENSMUSG00000051855,informative,1.8173911544813035,7591.369234,28051,32 OEC,0
ENSMUSG00000051864,informative,-0.55318747484473829,11597.73829,8305,34 Immune,0.0285999
ENSMUSG00000051879,uninformative,2.7648111759852161,2.368049003,39,29 CB Glut,0
ENSMUSG00000051910,informative,-2.4224210278434453,37758.61638,7395,08 CNU-MGE GABA,0.00696787
ENSMUSG00000051920,informative,-0.49396273871710389,5542.250133,4147,01 IT-ET Glut,0.234215
ENSMUSG00000051950,informative,-1.4000549493278309,11638.75278,4636,18 TH Glut,0.0535259
ENSMUSG00000051969,uninformative,3,0.2628422022,30,34 Immune,0.0285999
ENSMUSG00000051977,weak,-0.01771196431637,593.2186903,630,25 Pineal Glut,4.75082e-05
ENSMUSG00000051980,uninformative,0.99335229005588521,138.9847584,307,21 MB Dopa,0
ENSMUSG00000051985,informative,2.2432350580864093,2027.195589,10084,01 IT-ET Glut,0.234215
ENSMUSG00000052013,weak,-1.6586941424221091,466.0397874,170,13 CNU-HYa Glut,0.0147909
ENSMUSG00000052085,informative,-1.1326331289085378,2920.377687,1411,34 Immune,0.0285999
ENSMUSG00000052105,informative,-0.77846267665324809,24206.03591,14801,29 CB Glut,0
ENSMUSG00000052133,informative,-1.3381391858067817,9812.93667,4082,09 CNU-LGE GABA,0.0528766
ENSMUSG00000052139,informative,-1.0400415870285376,23155.82917,11814,34 Immune,0.0285999
ENSMUSG00000052155,informative,0.072129000285268002,20597.40925,22703,04 DG-IMN Glut,0.0288375
ENSMUSG00000052212,uninformative,2.6440986302581071,0.6770730834,26,34 Immune,0.0285999
ENSMUSG00000052229,informative,0.83361308943876011,8923.025218,16686,31 OPC-Oligo,0.1627
ENSMUSG00000052234,uninformative,0.99867748956970159,73.50724405,171,30 Astro-Epen,0.160404
ENSMUSG00000052270,uninformative,2.8084437398833773,31.01569704,250,25 Pineal Glut,4.75082e-05
ENSMUSG00000052271,uninformative,2.0673574284333802,30.4226206,153,25 Pineal Glut,4.75082e-05
ENSMUSG00000052293,uninformative,3,127.7665709,13551,15 HY Gnrh1 Glut,1.58361e-05
ENSMUSG00000052301,informative,1.1064310887234501,3254.912086,7360,13 CNU-HYa Glut,0.0147909
ENSMUSG00000052316,uninformative,-0.59646135542467693,6.192297834,20,24 MY Glut,0.00326223
ENSMUSG00000052336,informative,-0.37533326416931578,19869.64394,16065,34 Immune,0.0285999
ENSMUSG00000052337,informative,0.78319463056793115,18824.58613,33959,30 Astro-Epen,0.160404
ENSMUSG00000052353,informative,-1.2610311326877155,8515.283663,3738,29 CB Glut,0
ENSMUSG00000052373,informative,1.4837947996151613,5125.386181,15037,29 CB Glut,0
ENSMUSG00000052374,informative,1.6202655829097714,3948.325511,12736,09 CNU-LGE GABA,0.0528766
ENSMUSG00000052397,informative,0.73440551807610133,3954.54603,6902,30 Astro-Epen,0.160404
ENSMUSG00000052430,informative,-2.1435267249714811,16829.48306,4006,30 Astro-Epen,0.160404
ENSMUSG00000052456,informative,1.8063115009658279,6461.167777,23695,28 CB GABA,0
ENSMUSG00000052459,informative,0.457280056123339,113328.9179,163046,07 CTX-MGE GABA,0.0224397
ENSMUSG00000052504,informative,-2.2278186484463589,21450.11099,4813,03 OB-CR Glut,0.000807639
ENSMUSG00000052516,informative,-2.1911236286807605,88251.39355,20263,03 OB-CR Glut,0.000807639
ENSMUSG00000052593,informative,-1.1225896112334128,7366.12734,3560,34 Immune,0.0285999
ENSMUSG00000052595,uninformative,-0.22249839538825761,33.5036238,46,14 HY Glut,0.00593852
ENSMUSG00000052632,informative,-0.25405791314902759,27876.49764,24507,32 OEC,0
ENSMUSG00000052688,weak,0.42927360853368329,462.5467663,669,31 OPC-Oligo,0.1627
ENSMUSG00000052726,informative,-0.93200220658665145,49477.51154,27194,06 CTX-CGE GABA,0.0131281
ENSMUSG00000052727,informative,0.17124478906162571,241406.9608,284822,25 Pineal Glut,4.75082e-05
ENSMUSG00000052821,weak,-0.73321995715462629,413.0812724,276,34 Immune,0.0285999
ENSMUSG00000052911,informative,2.3471301002584779,3276.077486,17485,33 Vascular,0.11687
ENSMUSG00000052921,informative,0.0113318932245931,5121.184472,5424,33 Vascular,0.11687
ENSMUSG00000052934,informative,1.6038427044844523,11492.45589,36617,02 NP-CT-L6b Glut,0.046653
ENSMUSG00000052942,informative,-1.14242616736083,12455.26847,5935,04 DG-IMN Glut,0.0288375
ENSMUSG00000052957,informative,0.079382247467113906,3122.757363,3473,30 Astro-Epen,0.160404
ENSMUSG00000053004,informative,-0.58111043484863345,6171.570442,4338,30 Astro-Epen,0.160404
ENSMUSG00000053024,informative,1.1185016309516749,30903.51895,70318,31 OPC-Oligo,0.1627
ENSMUSG00000053040,informative,-0.76341699277398978,1904.300753,1191,32 OEC,0
ENSMUSG00000053044,uninformative,1.2529932317203725,16.61065807,67,34 Immune,0.0285999
ENSMUSG00000053046,informative,1.5614807386312963,19994.1865,61849,28 CB GABA,0
ENSMUSG00000053062,informative,0.086296268968898707,9395.621533,10467,33 Vascular,0.11687
ENSMUSG00000053093,informative,-3,3372.495862,87,13 CNU-HYa Glut,0.0147909
ENSMUSG00000053110,informative,-1.3363729160144255,4127.500772,1728,32 OEC,0
ENSMUSG00000053113,informative,-1.0440498014562809,2409.841026,1248,34 Immune,0.0285999
ENSMUSG00000053119,informative,-0.80340767522438528,25297.84571,15203,33 Vascular,0.11687
ENSMUSG00000053129,weak,1.6851757086734782,249.7903019,860,31 OPC-Oligo,0.1627
ENSMUSG00000053137,informative,0.2064251335447814,6041.68386,7320,02 NP-CT-L6b Glut,0.046653
ENSMUSG00000053175,weak,0.00097673784056069991,277.4938187,307,34 Immune,0.0285999
ENSMUSG00000053268,uninformative,0.51035832564448369,25.12174753,54,22 MB-HB Sero,1.58361e-05
ENSMUSG00000053291,informative,0.047153223929204603,11234.6025,12178,31 OPC-Oligo,0.1627
ENSMUSG00000053293,informative,-0.15933196445463221,18430.44109,17307,16 HY MM Glut,0
ENSMUSG00000053329,informative,2.8243165949069402,6042.920356,44866,25 Pineal Glut,4.75082e-05
ENSMUSG00000053368,weak,-0.7428838749032588,468.5745594,309,17 MH-LH Glut,0.00120354
ENSMUSG00000053399,informative,-2.8304858659477512,2551.590206,391,29 CB Glut,0
ENSMUSG00000053411,informative,1.274661740539216,7411.12348,18804,25 Pineal Glut,4.75082e-05
ENSMUSG00000053436,informative,-0.48224571128052979,25068.63253,18818,34 Immune,0.0285999
ENSMUSG00000053581,informative,0.99374965389368763,6019.408689,12576,33 Vascular,0.11687
ENSMUSG00000053626,informative,-0.9995489893766436,3128.569263,1655,29 CB Glut,0
ENSMUSG00000053647,informative,0.026284132944601302,1586.624242,1709,33 Vascular,0.11687
ENSMUSG00000053716,informative,0.47687818220969658,21209.34554,30943,31 OPC-Oligo,0.1627
ENSMUSG00000053747,uninformative,1.1711354605066897,105.3740385,274,20 MB GABA,0.00742711
ENSMUSG00000053768,informative,-1.3628340452757759,37472.95199,15281,30 Astro-Epen,0.160404
ENSMUSG00000053774,informative,0.4391868942699157,15143.78737,21529,29 CB Glut,0
ENSMUSG00000053819,informative,-1.1639723943579077,64068.887,29973,29 CB Glut,0
ENSMUSG00000053846,weak,1.6955253181482419,707.3972657,2427,32 OEC,0
ENSMUSG00000053863,uninformative,0.58956803549688441,1.526824318,19,10 LSX GABA,0.000190033
ENSMUSG00000053897,informative,-1.2860309209469407,1544.404468,679,33 Vascular,0.11687
ENSMUSG00000053977,uninformative,2.8052629083253491,5.006969255,51,34 Immune,0.0285999
ENSMUSG00000054008,informative,-0.62377405340308945,20919.75017,14240,17 MH-LH Glut,0.00120354
ENSMUSG00000054021,informative,0.61029413237608687,4160.464459,6671,29 CB Glut,0
ENSMUSG00000054034,informative,2.5311552139618478,17405.35009,105432,03 OB-CR Glut,0.000807639
ENSMUSG00000054051,informative,0.077082305904457402,8105.883111,8975,04 DG-IMN Glut,0.0288375
ENSMUSG00000054115,informative,-1.1412142540467871,3236.742197,1553,28 CB GABA,0
ENSMUSG00000054162,informative,-1.0760923643517653,102669.1326,51045,09 CNU-LGE GABA,0.0528766
ENSMUSG00000054191,uninformative,1.4037712922387893,46.24884808,146,15 HY Gnrh1 Glut,1.58361e-05
ENSMUSG00000054200,uninformative,-1.769312091685058,67.27343571,36,07 CTX-MGE GABA,0.0224397
ENSMUSG00000054252,informative,1.8744120701192879,19435.0329,74687,30 Astro-Epen,0.160404
ENSMUSG00000054256,informative,0.61466582894600408,5782.2442,9293,25 Pineal Glut,4.75082e-05
ENSMUSG00000054263,informative,0.066314814836151398,18486.44388,20304,32 OEC,0
ENSMUSG00000054342,uninformative,2.3214996138525028,57.23533542,320,32 OEC,0
ENSMUSG00000054360,uninformative,-2.3661865900947183,97.33833804,35,25 Pineal Glut,4.75082e-05
ENSMUSG00000054387,informative,0.37502486594460271,22264.86686,30269,34 Immune,0.0285999
ENSMUSG00000054400,informative,-3,1883.421993,202,34 Immune,0.0285999
ENSMUSG00000054435,uninformative,0.90103048672538244,128.3023294,268,33 Vascular,0.11687
ENSMUSG00000054453,informative,0.55353383412627311,2398.633673,3705,08 CNU-MGE GABA,0.00696787
ENSMUSG00000054477,informative,-1.0755398387468962,39878.99497,19849,30 Astro-Epen,0.160404
ENSMUSG00000054517,informative,0.6185926288433603,1816.030633,2938,34 Immune,0.0285999
ENSMUSG00000054520,weak,1.3615378369659614,976.2489726,2646,34 Immune,0.0285999
ENSMUSG00000054580,weak,-0.56385757131415615,865.2549999,629,25 Pineal Glut,4.75082e-05
ENSMUSG00000054611,informative,-1.025549667702554,32619.93419,16804,25 Pineal Glut,4.75082e-05
ENSMUSG00000054640,informative,-1.194064994810714,197627.0807,90515,10 LSX GABA,0.000190033
ENSMUSG00000054641,uninformative,1.0554890186444179,11.85062448,43,22 MB-HB Sero,1.58361e-05
ENSMUSG00000054675,informative,0.27384171526095441,5321.35585,6757,34 Immune,0.0285999
ENSMUSG00000054693,informative,-0.15405766804887661,32474.04785,30594,33 Vascular,0.11687
ENSMUSG00000054733,informative,-1.4200400116466561,47330.17897,18547,29 CB Glut,0
ENSMUSG00000054764,uninformative,-1.038681212929585,108.7551674,79,18 TH Glut,0.0535259
ENSMUSG00000054766,informative,-2.4413205898747568,82335.72557,15898,28 CB GABA,0
ENSMUSG00000054792,informative,-0.0155257704529949,8038.425837,8348,25 Pineal Glut,4.75082e-05
ENSMUSG00000054889,weak,0.63081472029908703,645.5846891,1064,04 DG-IMN Glut,0.0288375
ENSMUSG00000054932,uninformative,-0.41631985853676928,42.28605358,49,34 Immune,0.0285999
ENSMUSG00000054942,informative,-0.39481762267391007,22133.83457,17654,08 CNU-MGE GABA,0.00696787
ENSMUSG00000054976,informative,-1.5406732957782192,45263.05559,16316,06 CTX-CGE GABA,0.0131281
ENSMUSG00000054988,uninformative,-0.090925621088665795,150.4472095,164,33 Vascular,0.11687
ENSMUSG00000055022,informative,-1.3968670626317143,152485.2536,60686,25 Pineal Glut,4.75082e-05
ENSMUSG00000055024,informative,-0.63365319191215463,24515.26926,16571,33 Vascular,0.11687
ENSMUSG00000055026,informative,-2.8348727700219531,125972.844,18514,09 CNU-LGE GABA,0.0528766
ENSMUSG00000055044,informative,-3,2659.048191,181,31 OPC-Oligo,0.1627
ENSMUSG00000055067,informative,-2.4744623656843041,52762.0119,9962,25 Pineal Glut,4.75082e-05
ENSMUSG00000055069,weak,-1.1239755037545731,901.7649117,449,34 Immune,0.0285999
ENSMUSG00000055078,informative,-0.36822403231601147,14491.77898,11779,05 OB-IMN GABA,0.00300885
ENSMUSG00000055102,uninformative,0.2129091397213855,15.4565081,35,10 LSX GABA,0.000190033
ENSMUSG00000055116,informative,0.0068469378287810004,19932.22553,20999,25 Pineal Glut,4.75082e-05
ENSMUSG00000055170,uninformative,1.9640705700085392,2.91009899,31,34 Immune,0.0285999
ENSMUSG00000055210,uninformative,3,70.58965275,743,12 HY GABA,0.0167704
ENSMUSG00000055214,informative,-2.0799025734730767,15941.9648,3966,29 CB Glut,0
ENSMUSG00000055254,informative,-0.69594850833260713,185054.7739,119719,30 Astro-Epen,0.160404
ENSMUSG00000055320,informative,-1.3224991595940516,16703.58238,7013,25 Pineal Glut,4.75082e-05
ENSMUSG00000055371,informative,-0.098912604826808206,10650.07585,10435,15 HY Gnrh1 Glut,1.58361e-05
ENSMUSG00000055407,informative,-0.33500983764099468,24533.73129,20394,15 HY Gnrh1 Glut,1.58361e-05
ENSMUSG00000055409,informative,-1.9735349507779647,61656.06524,16472,18 TH Glut,0.0535259
ENSMUSG00000055435,informative,0.26682142709222212,12292.53263,15512,34 Immune,0.0285999
ENSMUSG00000055447,informative,-0.40238806409953037,94668.28645,75061,32 OEC,0
ENSMUSG00000055471,informative,-2.428918634792478,16471.29006,3220,06 CTX-CGE GABA,0.0131281
ENSMUSG00000055489,informative,-2.243375815571937,5526.069195,1238,18 TH Glut,0.0535259
ENSMUSG00000055493,informative,-0.14422194531283991,8918.285117,8471,25 Pineal Glut,4.75082e-05
ENSMUSG00000055531,informative,0.62047683864043457,28265.11536,45545,29 CB Glut,0
ENSMUSG00000055609,uninformative,-0.1694512550434068,0.07339775242,12,21 MB Dopa,0
ENSMUSG00000055632,weak,0.55432117910903089,348.0154765,552,14 HY Glut,0.00593852
ENSMUSG00000055639,informative,-2.1130477940394679,17402.53429,4230,03 OB-CR Glut,0.000807639
ENSMUSG00000055653,informative,0.1133907975572394,2764.999175,3150,10 LSX GABA,0.000190033
ENSMUSG00000055670,informative,-0.55717981918931825,26641.10059,18986,32 OEC,0
ENSMUSG00000055723,informative,-0.48281534334432458,9050.186067,6801,04 DG-IMN Glut,0.0288375
ENSMUSG00000055737,informative,-2.7903863380540921,22924.37414,3503,32 OEC,0
ENSMUSG00000055761,informative,-3,40434.30364,1859,10 LSX GABA,0.000190033
ENSMUSG00000055775,uninformative,-0.4122653540290091,138.6959738,125,16 HY MM Glut,0
ENSMUSG00000055782,informative,-1.3382740751539617,10484.75185,4360,30 Astro-Epen,0.160404
ENSMUSG00000055799,informative,-1.1067588059952744,5205.558936,2548,30 Astro-Epen,0.160404
ENSMUSG00000055811,uninformative,3,0.005404524305,34,05 OB-IMN GABA,0.00300885
ENSMUSG00000055817,informative,0.33139851587901947,14759.80472,19474,31 OPC-Oligo,0.1627
ENSMUSG00000055839,informative,-2.3263046876232734,67927.30323,14206,15 HY Gnrh1 Glut,1.58361e-05
ENSMUSG00000055866,informative,0.087223724671299796,10492.87908,11695,30 Astro-Epen,0.160404
ENSMUSG00000055932,informative,-0.14658120521087359,54619.80765,51714,15 HY Gnrh1 Glut,1.58361e-05
ENSMUSG00000055937,uninformative,1.4474605643757843,76.68605793,237,28 CB GABA,0
ENSMUSG00000055976,uninformative,1.222540508284037,38.66694782,112,16 HY MM Glut,0
ENSMUSG00000055980,informative,0.078368475013526895,8139.338174,9020,25 Pineal Glut,4.75082e-05
ENSMUSG00000055994,weak,-1.1420932912140644,285.4457691,151,33 Vascular,0.11687
ENSMUSG00000056055,informative,-1.4035567635151796,1577.091737,640,25 Pineal Glut,4.75082e-05
ENSMUSG00000056073,informative,-2.4330908387783658,206461.2503,40070,29 CB Glut,0
ENSMUSG00000056078,uninformative,1.3526006791206535,33.00189252,114,04 DG-IMN Glut,0.0288375
ENSMUSG00000056130,uninformative,1.1157840387540594,69.01954599,174,34 Immune,0.0285999
ENSMUSG00000056153,informative,-0.41181045505509078,11303.54954,8926,25 Pineal Glut,4.75082e-05
ENSMUSG00000056162,uninformative,-0.2109563571030722,103.9312116,110,05 OB-IMN GABA,0.00300885
ENSMUSG00000056204,informative,-1.2931935316927392,2932.139741,1269,32 OEC,0
ENSMUSG00000056216,informative,-0.44290897321539691,11126.92652,8592,34 Immune,0.0285999
ENSMUSG00000056220,informative,0.2499610680710686,2689.338385,3367,34 Immune,0.0285999
ENSMUSG00000056258,informative,-3,195889.3913,24097,18 TH Glut,0.0535259
ENSMUSG00000056328,uninformative,0.31159472684764578,87.42767813,130,16 HY MM Glut,0
ENSMUSG00000056380,uninformative,0.75803011054968006,158.7065052,298,12 HY GABA,0.0167704
ENSMUSG00000056423,uninformative,-0.070846701750670496,42.09064245,58,30 Astro-Epen,0.160404
ENSMUSG00000056427,informative,-2.7547859455529333,95399.18821,14824,04 DG-IMN Glut,0.0288375
ENSMUSG00000056436,uninformative,3,2.457113965,69,22 MB-HB Sero,1.58361e-05
ENSMUSG00000056481,informative,1.2216994084942914,1310.62126,3220,33 Vascular,0.11687
ENSMUSG00000056492,informative,0.12366204234653611,15694.14922,17931,33 Vascular,0.11687
ENSMUSG00000056494,uninformative,-2.3337818717128558,109.5500688,46,25 Pineal Glut,4.75082e-05
ENSMUSG00000056529,weak,-0.70093548968370034,687.8434639,459,34 Immune,0.0285999
ENSMUSG00000056537,informative,0.40738457116864107,12738.78997,17718,34 Immune,0.0285999
ENSMUSG00000056553,informative,0.59630511111166729,120956.7489,191620,17 MH-LH Glut,0.00120354
ENSMUSG00000056648,uninformative,0.82448618818595776,9.770469907,35,24 MY Glut,0.00326223
ENSMUSG00000056749,informative,0.57532206666545094,1950.783862,3062,25 Pineal Glut,4.75082e-05
ENSMUSG00000056758,uninformative,2.0093077439906306,157.8375565,685,28 CB GABA,0
ENSMUSG00000056854,informative,-0.68725197937067595,2112.157296,1390,09 CNU-LGE GABA,0.0528766
ENSMUSG00000056962,informative,1.3247993008419003,5398.792753,14187,33 Vascular,0.11687
ENSMUSG00000057003,uninformative,0.78499622038462302,58.81390153,123,07 CTX-MGE GABA,0.0224397
ENSMUSG00000057069,informative,0.25746019326667069,8614.258728,10805,18 TH Glut,0.0535259
ENSMUSG00000057123,weak,1.265916521740013,241.891256,627,25 Pineal Glut,4.75082e-05
ENSMUSG00000057133,informative,-2.1775232421198907,44199.03374,10252,25 Pineal Glut,4.75082e-05
ENSMUSG00000057135,uninformative,-0.2034678565247619,38.54651446,51,34 Immune,0.0285999
ENSMUSG00000057170,uninformative,3,0.1516840669,25,08 CNU-MGE GABA,0.00696787
ENSMUSG00000057177,informative,1.6509354147413249,25841.92966,85053,16 HY MM Glut,0
ENSMUSG00000057236,informative,2.2524380049336536,17192.47644,85850,25 Pineal Glut,4.75082e-05
ENSMUSG00000057280,weak,0.52090564675532114,233.7996095,368,33 Vascular,0.11687
ENSMUSG00000057329,informative,-2.3317451143050811,21620.5561,4515,32 OEC,0
ENSMUSG00000057342,informative,1.5794989785826148,3545.755391,11121,34 Immune,0.0285999
ENSMUSG00000057367,informative,-1.2057862891682931,10511.36711,4790,32 OEC,0
ENSMUSG00000057375,informative,-0.75943235003610687,9599.506687,5957,34 Immune,0.0285999
ENSMUSG00000057378,informative,-2.8789192455755925,73430.31592,10474,09 CNU-LGE GABA,0.0528766
ENSMUSG00000057457,informative,-2.7639387496165781,1120.462551,188,09 CNU-LGE GABA,0.0528766
ENSMUSG00000057465,uninformative,-0.23753191949568059,83.37672872,90,33 Vascular,0.11687
ENSMUSG00000057497,informative,0.25744149608824618,6319.596372,7931,25 Pineal Glut,4.75082e-05
ENSMUSG00000057522,informative,-1.0322834501822733,70225.27957,35990,29 CB Glut,0
ENSMUSG00000057530,informative,0.2415863615230795,18247.62852,22620,33 Vascular,0.11687
ENSMUSG00000057531,informative,0.52333909114507937,15765.19928,23757,03 OB-CR Glut,0.000807639
ENSMUSG00000057606,weak,0.093946057998177901,524.8181588,603,27 MY GABA,9.50164e-05
ENSMUSG00000057614,informative,0.28867127347836952,40582.90839,51955,10 LSX GABA,0.000190033
ENSMUSG00000057672,informative,0.36763284689036457,10055.82638,13610,34 Immune,0.0285999
ENSMUSG00000057719,informative,-0.014846217067554899,2634.463413,2748,09 CNU-LGE GABA,0.0528766
ENSMUSG00000057722,informative,1.0287588680833597,1232.122542,2651,21 MB Dopa,0
ENSMUSG00000057738,informative,1.8853656040563389,57821.13864,223833,33 Vascular,0.11687
ENSMUSG00000057789,informative,-0.12546509212211471,2876.763015,2779,32 OEC,0
ENSMUSG00000057816,informative,-1.6675328309094519,1566.491304,532,30 Astro-Epen,0.160404
ENSMUSG00000057897,informative,1.4466531205960671,85976.93524,245555,04 DG-IMN Glut,0.0288375
ENSMUSG00000057967,weak,1.9655897917883012,405.1402963,1677,27 MY GABA,9.50164e-05
ENSMUSG00000057969,weak,2.9310711288941875,214.2458607,1735,25 Pineal Glut,4.75082e-05
ENSMUSG00000058013,informative,-0.22563805825506361,35962.94319,32240,33 Vascular,0.11687
ENSMUSG00000058022,uninformative,-0.88794973116719755,187.9593815,122,34 Immune,0.0285999
ENSMUSG00000058076,informative,0.99509286889242565,19963.61531,41708,25 Pineal Glut,4.75082e-05
ENSMUSG00000058230,informative,-0.082861866564370695,29707.39902,29404,31 OPC-Oligo,0.1627
ENSMUSG00000058248,informative,-0.68898765820180474,43449.05033,28261,01 IT-ET Glut,0.234215
ENSMUSG00000058258,informative,0.61493025151406866,8664.797896,13928,30 Astro-Epen,0.160404
ENSMUSG00000058290,uninformative,2.2554468967612484,98.34267939,512,34 Immune,0.0285999
ENSMUSG00000058388,informative,0.44454331773848871,15260.8937,21776,15 HY Gnrh1 Glut,1.58361e-05
ENSMUSG00000058400,informative,-1.5782588846130341,1406.883692,509,13 CNU-HYa Glut,0.0147909
ENSMUSG00000058427,weak,-3,458.5232172,7,34 Immune,0.0285999
ENSMUSG00000058440,informative,-1.356661703578788,18567.9711,7612,30 Astro-Epen,0.160404
ENSMUSG00000058441,informative,1.6246584364634469,7136.687473,23084,29 CB Glut,0
ENSMUSG00000058444,informative,-1.5194345963863258,22123.78352,8101,31 OPC-Oligo,0.1627
ENSMUSG00000058488,weak,2.5878207725054621,985.5275424,6229,12 HY GABA,0.0167704
ENSMUSG00000058499,uninformative,-0.141393547427905,0.05272386884,12,21 MB Dopa,0
ENSMUSG00000058571,informative,-3,92061.1915,6789,21 MB Dopa,0
ENSMUSG00000058594,informative,1.0900045479602964,9134.324519,20390,07 CTX-MGE GABA,0.0224397
ENSMUSG00000058665,weak,-1.3190331010219378,208.5184221,103,21 MB Dopa,0
ENSMUSG00000058690,informative,-1.526919932800479,24576.73439,8951,33 Vascular,0.11687
ENSMUSG00000058704,informative,-0.97484186073342438,15861.49713,8471,25 Pineal Glut,4.75082e-05
ENSMUSG00000058709,informative,0.79148478806237788,14132.68427,25646,33 Vascular,0.11687
ENSMUSG00000058755,uninformative,-2.036857155870254,171.2657817,59,34 Immune,0.0285999
ENSMUSG00000058756,informative,-0.19403406085540309,99412.528,91066,03 OB-CR Glut,0.000807639
ENSMUSG00000058794,uninformative,-0.0602732902329862,32.81950882,49,15 HY Gnrh1 Glut,1.58361e-05
ENSMUSG00000058806,weak,1.3198633663112651,422.2272171,1122,25 Pineal Glut,4.75082e-05
ENSMUSG00000058818,uninformative,-0.38659363135797897,197.3718456,174,34 Immune,0.0285999
ENSMUSG00000058831,uninformative,0.18327453091511051,38.49373003,62,25 Pineal Glut,4.75082e-05
ENSMUSG00000058835,informative,0.36177798622248258,37314.92714,50255,30 Astro-Epen,0.160404
ENSMUSG00000058975,informative,0.55674215002110949,28815.75527,44426,29 CB Glut,0
ENSMUSG00000058997,informative,-1.3990310771334056,25570.21476,10174,28 CB GABA,0
ENSMUSG00000059003,informative,-1.7990210252271923,227658.4807,68560,04 DG-IMN Glut,0.0288375
ENSMUSG00000059060,informative,-2.8744837028283405,2168.679783,325,34 Immune,0.0285999
ENSMUSG00000059077,uninformative,0.53004973153646406,0.3112836613,17,23 P Glut,6.33443e-05
ENSMUSG00000059089,uninformative,3,14.93846336,240,32 OEC,0
ENSMUSG00000059146,informative,-2.4995154322550679,110746.9613,20534,29 CB Glut,0
ENSMUSG00000059169,uninformative,-2.3129053503665737,3.742470724,12,05 OB-IMN GABA,0.00300885
ENSMUSG00000059201,uninformative,-2.7813241810724607,5.561645707,9,15 HY Gnrh1 Glut,1.58361e-05
ENSMUSG00000059203,informative,-3,44484.52502,3142,08 CNU-MGE GABA,0.00696787
ENSMUSG00000059208,informative,1.2329333255820183,22671.90938,55850,33 Vascular,0.11687
ENSMUSG00000059246,weak,-0.22090063485268899,293.7505579,288,16 HY MM Glut,0
ENSMUSG00000059248,informative,0.1850654942455455,11086.76857,13222,32 OEC,0
ENSMUSG00000059263,informative,-0.64767984656809174,26285.95635,17595,03 OB-CR Glut,0.000807639
ENSMUSG00000059325,informative,0.25531246462240331,8858.189467,11094,30 Astro-Epen,0.160404
ENSMUSG00000059327,informative,-3,12549.40923,1097,30 Astro-Epen,0.160404
ENSMUSG00000059336,informative,0.81068632761961701,2480.809273,4576,30 Astro-Epen,0.160404
ENSMUSG00000059363,informative,-2.724356759070456,2698.549193,443,03 OB-CR Glut,0.000807639
ENSMUSG00000059430,uninformative,1.5400166853423607,96.47480476,312,33 Vascular,0.11687
ENSMUSG00000059434,weak,0.72430692782685813,330.0206092,588,25 Pineal Glut,4.75082e-05
ENSMUSG00000059436,informative,0.34170441224735809,12829.07571,17050,33 Vascular,0.11687
ENSMUSG00000059447,informative,0.84835161778860191,8035.560631,15175,32 OEC,0
ENSMUSG00000059456,informative,1.0227268615751908,54540.88843,116120,04 DG-IMN Glut,0.0288375
ENSMUSG00000059474,informative,-1.4223581199212552,34907.25038,13661,34 Immune,0.0285999
ENSMUSG00000059481,uninformative,1.6217556805633495,17.29056904,82,27 MY GABA,9.50164e-05
ENSMUSG00000059495,informative,-1.0839519104605837,69688.29721,34467,30 Astro-Epen,0.160404
ENSMUSG00000059498,informative,1.129303827844903,1865.968932,4294,34 Immune,0.0285999
ENSMUSG00000059552,informative,1.6872462348705262,4787.794643,16173,34 Immune,0.0285999
ENSMUSG00000059588,informative,-1.3044150744055585,5800.330359,2476,33 Vascular,0.11687
ENSMUSG00000059602,informative,-1.4290324225116731,32383.47416,12616,19 MB Glut,0.00308803
ENSMUSG00000059714,informative,1.8331495168102601,6551.536591,24477,15 HY Gnrh1 Glut,1.58361e-05
ENSMUSG00000059810,informative,-0.25516648436694861,13411.93613,11790,33 Vascular,0.11687
ENSMUSG00000059824,informative,2.2722895958843181,10783.41435,54608,30 Astro-Epen,0.160404
ENSMUSG00000059851,informative,0.91192700151905881,3115.617138,6159,30 Astro-Epen,0.160404
ENSMUSG00000059852,informative,1.1853673464791561,1934.560096,4635,04 DG-IMN Glut,0.0288375
ENSMUSG00000059857,informative,-1.8372810215337367,113854.1346,33398,18 TH Glut,0.0535259
ENSMUSG00000059898,weak,-1.9063329880740965,299.4760854,99,33 Vascular,0.11687
ENSMUSG00000059901,weak,0.44821917178310849,257.1253765,384,33 Vascular,0.11687
ENSMUSG00000059921,informative,-3,126319.851,11865,28 CB GABA,0
ENSMUSG00000059923,informative,-0.89096623690619337,34004.81211,19228,05 OB-IMN GABA,0.00300885
ENSMUSG00000059991,informative,2.4887995841089725,8650.72834,50904,17 MH-LH Glut,0.00120354
ENSMUSG00000060090,informative,0.65037913930971825,4657.55994,7676,34 Immune,0.0285999
ENSMUSG00000060098,informative,0.14220198114669841,7226.586061,8372,25 Pineal Glut,4.75082e-05
ENSMUSG00000060166,informative,0.82020654043922647,16051.46012,29719,01 IT-ET Glut,0.234215
ENSMUSG00000060216,informative,1.0978090216250251,5345.824431,12005,34 Immune,0.0285999
ENSMUSG00000060227,informative,-1.7615326439442398,53191.09105,16452,15 HY Gnrh1 Glut,1.58361e-05
ENSMUSG00000060257,informative,0.93582712334229157,2381.377848,4790,28 CB GABA,0
ENSMUSG00000060261,informative,0.56662616916195452,44267.18122,68708,25 Pineal Glut,4.75082e-05
ENSMUSG00000060279,informative,0.88995730728053934,26293.69009,51068,31 OPC-Oligo,0.1627
ENSMUSG00000060284,weak,1.0741344195320643,501.7236416,1124,05 OB-IMN GABA,0.00300885
ENSMUSG00000060402,informative,0.32742091123281708,7184.88159,9470,16 HY MM Glut,0
ENSMUSG00000060429,informative,-1.5372022800226437,8785.698667,3187,32 OEC,0
ENSMUSG00000060450,informative,0.76962519046263245,55515.8056,99179,22 MB-HB Sero,1.58361e-05
ENSMUSG00000060477,informative,-1.4487923443257138,11595.76193,4466,34 Immune,0.0285999
ENSMUSG00000060508,uninformative,-1.3565560666163623,47.84203968,35,30 Astro-Epen,0.160404
ENSMUSG00000060509,uninformative,2.7315356196212286,6.46925815,75,34 Immune,0.0285999
ENSMUSG00000060534,informative,-3,195619.2639,5531,16 HY MM Glut,0
ENSMUSG00000060601,informative,-0.147394141873049,6831.095037,6478,33 Vascular,0.11687
ENSMUSG00000060733,informative,-0.45433168569175758,10466.05339,8019,34 Immune,0.0285999
ENSMUSG00000060735,weak,1.9041287493395389,270.0655107,1086,07 CTX-MGE GABA,0.0224397
ENSMUSG00000060780,informative,1.6344233100311585,12435.29141,40468,18 TH Glut,0.0535259
ENSMUSG00000060803,informative,3,3696.961198,41757,31 OPC-Oligo,0.1627
ENSMUSG00000060843,informative,-3,56960.02027,1693,31 OPC-Oligo,0.1627
ENSMUSG00000060890,weak,0.26019341008805158,238.8655782,316,25 Pineal Glut,4.75082e-05
ENSMUSG00000060981,informative,2.5341469617358672,1358.40737,8265,25 Pineal Glut,4.75082e-05
ENSMUSG00000061013,informative,-1.7288718879084766,14305.12693,4537,07 CTX-MGE GABA,0.0224397
ENSMUSG00000061048,uninformative,2.4402201493276565,42.25914064,261,32 OEC,0
ENSMUSG00000061132,informative,0.25601495331448543,3469.330151,4357,34 Immune,0.0285999
ENSMUSG00000061144,uninformative,3,0.3556619875,35,08 CNU-MGE GABA,0.00696787
ENSMUSG00000061311,uninformative,3,9.9129719,148,06 CTX-CGE GABA,0.0131281
ENSMUSG00000061353,informative,-0.1800579637882502,19496.23576,18046,33 Vascular,0.11687
ENSMUSG00000061393,informative,0.071378344711525196,4965.963524,5483,16 HY MM Glut,0
ENSMUSG00000061397,uninformative,-0.96724453248111042,32.55852237,33,03 OB-CR Glut,0.000807639
ENSMUSG00000061436,informative,-0.78185105287090051,43205.14194,26344,31 OPC-Oligo,0.1627
ENSMUSG00000061479,informative,1.2703962272311269,6128.180358,15506,33 Vascular,0.11687
ENSMUSG00000061517,informative,0.80986266253804129,2047.751281,3786,30 Astro-Epen,0.160404
ENSMUSG00000061524,informative,1.8549323131645108,2870.233956,10897,29 CB Glut,0
ENSMUSG00000061559,informative,0.57393055941828652,8639.541068,13491,25 Pineal Glut,4.75082e-05
ENSMUSG00000061577,uninformative,1.371522586145185,48.79240611,150,30 Astro-Epen,0.160404
ENSMUSG00000061578,informative,-1.6154013541402787,45710.06583,15646,12 HY GABA,0.0167704
ENSMUSG00000061589,informative,-0.91134234583895324,15253.85396,8513,29 CB Glut,0
ENSMUSG00000061665,informative,-1.5900749793787576,22872.00481,7975,33 Vascular,0.11687
ENSMUSG00000061666,informative,-0.70177057621426919,15164.40999,9784,27 MY GABA,9.50164e-05
ENSMUSG00000061689,informative,-0.33667832018702137,54011.60663,44835,05 OB-IMN GABA,0.00300885
ENSMUSG00000061718,informative,2.4162921864736417,16022.76871,89632,09 CNU-LGE GABA,0.0528766
ENSMUSG00000061731,informative,-2.8499607738230952,78081.7116,11362,32 OEC,0
ENSMUSG00000061762,informative,0.83508853900361346,12565.36909,23503,09 CNU-LGE GABA,0.0528766
ENSMUSG00000061809,uninformative,-0.38364684367851409,8.941498003,23,04 DG-IMN Glut,0.0288375
ENSMUSG00000061859,informative,-0.89354827724519514,13674.96644,7728,29 CB Glut,0
ENSMUSG00000061878,uninformative,3,191.4529972,2345,32 OEC,0
ENSMUSG00000061928,uninformative,3,5.859820495,182,08 CNU-MGE GABA,0.00696787
ENSMUSG00000061981,informative,0.62752172290900177,15146.21061,24533,14 HY Glut,0.00593852
ENSMUSG00000062014,informative,0.66356922304381938,22385.10517,37167,22 MB-HB Sero,1.58361e-05
ENSMUSG00000062070,informative,2.0117330239832691,27842.08836,117664,18 TH Glut,0.0535259
ENSMUSG00000062075,informative,0.14724850310055251,2812.880118,3280,29 CB Glut,0
ENSMUSG00000062157,uninformative,0.35986693862167701,56.99955309,93,32 OEC,0
ENSMUSG00000062175,weak,-1.3121371044624379,532.2056268,240,34 Immune,0.0285999
ENSMUSG00000062190,informative,0.86707935508819767,14138.00869,27035,01 IT-ET Glut,0.234215
ENSMUSG00000062202,informative,-2.9215478924117875,59687.12475,8269,04 DG-IMN Glut,0.0288375
ENSMUSG00000062209,informative,-3,208952.3121,10086,06 CTX-CGE GABA,0.0131281
ENSMUSG00000062234,informative,0.1191447845279511,16514.06766,18808,34 Immune,0.0285999
ENSMUSG00000062252,weak,1.8371333987143512,570.9155453,2156,22 MB-HB Sero,1.58361e-05
ENSMUSG00000062300,informative,0.49142635279410518,1508.221571,2238,17 MH-LH Glut,0.00120354
ENSMUSG00000062312,weak,0.73466044026773769,468.754852,834,33 Vascular,0.11687
ENSMUSG00000062327,uninformative,1.7959296822414408,19.88542451,91,34 Immune,0.0285999
ENSMUSG00000062372,informative,1.099201030612001,3364.823705,7578,09 CNU-LGE GABA,0.0528766
ENSMUSG00000062380,informative,1.9135558168320383,33521.15629,132333,18 TH Glut,0.0535259
ENSMUSG00000062421,informative,0.62269639930469001,7350.645787,11875,33 Vascular,0.11687
ENSMUSG00000062444,informative,1.287870566900841,15801.81445,40442,25 Pineal Glut,4.75082e-05
ENSMUSG00000062524,uninformative,3,4.866155021,77,34 Immune,0.0285999
ENSMUSG00000062542,informative,-1.1856998621200474,8385.966084,3878,17 MH-LH Glut,0.00120354
ENSMUSG00000062545,uninformative,0.30680171625288771,73.06147796,111,34 Immune,0.0285999
ENSMUSG00000062585,uninformative,1.3549344753637824,50.8607938,154,34 Immune,0.0285999
ENSMUSG00000062694,uninformative,1.3236491150298215,32.16891476,102,07 CTX-MGE GABA,0.0224397
ENSMUSG00000062751,uninformative,1.6429889853264856,2.66233294,27,02 NP-CT-L6b Glut,0.046653
ENSMUSG00000062773,uninformative,3,0.6879765369,118,05 OB-IMN GABA,0.00300885
ENSMUSG00000062778,uninformative,2.0417800326593718,172.382776,763,15 HY Gnrh1 Glut,1.58361e-05
ENSMUSG00000062797,informative,-2.0532100484327072,11783.55517,2990,15 HY Gnrh1 Glut,1.58361e-05
ENSMUSG00000062939,weak,-1.2295814490003916,721.8904103,338,25 Pineal Glut,4.75082e-05
ENSMUSG00000062960,informative,-0.35402830174226291,5637.353905,4637,33 Vascular,0.11687
ENSMUSG00000062991,informative,-3,402963.828,6031,26 P GABA,0.00280298
ENSMUSG00000063011,uninformative,2.2362634107421244,81.44144054,422,10 LSX GABA,0.000190033
ENSMUSG00000063065,informative,0.62777747528202721,15561.08442,25209,32 OEC,0
ENSMUSG00000063077,informative,-0.6653570010019445,207881.5532,137348,31 OPC-Oligo,0.1627
ENSMUSG00000063142,informative,-2.7862492394007967,261090.7473,39670,17 MH-LH Glut,0.00120354
ENSMUSG00000063145,informative,-0.70062771941858681,7025.796611,4545,25 Pineal Glut,4.75082e-05
ENSMUSG00000063193,uninformative,1.5788492449657463,11.77480547,55,29 CB Glut,0
ENSMUSG00000063229,informative,0.29667179611265071,31147.43966,40093,02 NP-CT-L6b Glut,0.046653
ENSMUSG00000063234,weak,-1.9861921512574805,577.4951801,168,34 Immune,0.0285999
ENSMUSG00000063239,informative,-0.33642558526177629,7982.802532,6640,29 CB Glut,0
ENSMUSG00000063273,informative,-0.29332000641723899,23398.62001,20021,22 MB-HB Sero,1.58361e-05
ENSMUSG00000063358,informative,0.2143554360058457,82272.95401,100024,04 DG-IMN Glut,0.0288375
ENSMUSG00000063415,informative,-0.21761400331000469,3330.712081,3017,30 Astro-Epen,0.160404
ENSMUSG00000063434,informative,-2.7351665931614386,70717.72873,11143,06 CTX-CGE GABA,0.0131281
ENSMUSG00000063439,informative,0.60603934180552432,2146.071252,3439,28 CB GABA,0
ENSMUSG00000063480,informative,-2.0528545907448312,31332.36019,7927,15 HY Gnrh1 Glut,1.58361e-05
ENSMUSG00000063522,uninformative,0.96674576405098978,130.3582905,284,34 Immune,0.0285999
ENSMUSG00000063524,informative,0.56794954656515018,17778.10881,27629,30 Astro-Epen,0.160404
ENSMUSG00000063531,informative,-0.54059097607644935,14056.95343,10141,17 MH-LH Glut,0.00120354
ENSMUSG00000063550,informative,-1.7165564054107121,17878.66439,5715,34 Immune,0.0285999
ENSMUSG00000063564,informative,-0.41611934755677188,5940.068611,4688,32 OEC,0
ENSMUSG00000063568,informative,-2.7829108975406367,32705.27945,4994,15 HY Gnrh1 Glut,1.58361e-05
ENSMUSG00000063632,informative,-1.094511907981818,17522.80091,8613,05 OB-IMN GABA,0.00300885
ENSMUSG00000063663,informative,-1.0588665191598232,11052.42239,5574,25 Pineal Glut,4.75082e-05
ENSMUSG00000063681,informative,-1.6501915652033683,1260.169201,436,25 Pineal Glut,4.75082e-05
ENSMUSG00000063683,uninformative,-0.78984479306731326,33.61269901,44,22 MB-HB Sero,1.58361e-05
ENSMUSG00000063727,weak,1.5127408213427365,396.6915472,1204,22 MB-HB Sero,1.58361e-05
ENSMUSG00000063779,uninformative,0.4554753426993961,1.77294318,19,15 HY Gnrh1 Glut,1.58361e-05
ENSMUSG00000063796,informative,1.216533089458097,4940.274308,12046,33 Vascular,0.11687
ENSMUSG00000063801,informative,-0.71142357062849004,11802.99892,7568,25 Pineal Glut,4.75082e-05
ENSMUSG00000063804,informative,-2.1867116773900248,9853.997845,2283,26 P GABA,0.00280298
ENSMUSG00000063870,informative,0.43133053349528599,42116.31569,59520,34 Immune,0.0285999
ENSMUSG00000063873,informative,-0.97057919505423795,64939.57707,34744,28 CB GABA,0
ENSMUSG00000063919,informative,-1.0509267336464718,30507.46916,15443,29 CB Glut,0
ENSMUSG00000063952,informative,0.31933572054323112,5479.704104,7180,34 Immune,0.0285999
ENSMUSG00000063972,informative,-3,24579.43415,1880,17 MH-LH Glut,0.00120354
ENSMUSG00000064068,informative,0.56965647273615905,4405.394896,6867,30 Astro-Epen,0.160404
ENSMUSG00000064080,informative,-0.45819282369325481,1912.070772,1474,32 OEC,0
ENSMUSG00000064127,informative,-0.66881069943868376,16100.98556,10627,10 LSX GABA,0.000190033
ENSMUSG00000064177,uninformative,-2.6555750062187462,65.05606828,26,15 HY Gnrh1 Glut,1.58361e-05
ENSMUSG00000064201,weak,-0.53481296308897974,229.8978878,182,04 DG-IMN Glut,0.0288375
ENSMUSG00000064215,informative,0.1030749144958738,5935.049883,6695,32 OEC,0
ENSMUSG00000064224,uninformative,3,0.2793719055,78,05 OB-IMN GABA,0.00300885
ENSMUSG00000064246,weak,0.87417948982719518,943.0401302,1828,25 Pineal Glut,4.75082e-05
ENSMUSG00000064272,uninformative,-1.3180218159504566,1.379659792,14,22 MB-HB Sero,1.58361e-05
ENSMUSG00000064293,informative,-3,141328.008,15008,28 CB GABA,0
ENSMUSG00000064294,weak,2.1598253673747441,621.8198701,2939,33 Vascular,0.11687
ENSMUSG00000064329,informative,-1.0483503538529744,57050.00869,28917,16 HY MM Glut,0
ENSMUSG00000065987,uninformative,3,7.949276793,122,34 Immune,0.0285999
ENSMUSG00000066000,weak,-0.070833181121160702,439.0704596,454,25 Pineal Glut,4.75082e-05
ENSMUSG00000066058,uninformative,0.21593890031965399,34.32253797,58,25 Pineal Glut,4.75082e-05
ENSMUSG00000066129,informative,0.19385036470401951,26576.78894,31866,31 OPC-Oligo,0.1627
ENSMUSG00000066150,informative,-0.21787511810772681,5172.867639,4676,33 Vascular,0.11687
ENSMUSG00000066189,informative,-0.97988609711578956,30248.2126,16092,09 CNU-LGE GABA,0.0528766
ENSMUSG00000066191,informative,-0.0087296746653567001,2983.402651,3123,04 DG-IMN Glut,0.0288375
ENSMUSG00000066197,weak,-2.2532689042639773,740.6463208,178,17 MH-LH Glut,0.00120354
ENSMUSG00000066324,informative,-0.85871310296235814,37682.148,21787,08 CNU-MGE GABA,0.00696787
ENSMUSG00000066513,uninformative,-0.32504849292459159,0.1956391233,13,19 MB Glut,0.00308803
ENSMUSG00000066568,informative,0.41760808358965401,14568.13586,20404,25 Pineal Glut,4.75082e-05
ENSMUSG00000066583,uninformative,3,0,25,01 IT-ET Glut,0.234215
ENSMUSG00000066652,uninformative,-0.6376205003030494,174.1927768,133,06 CTX-CGE GABA,0.0131281
ENSMUSG00000066677,uninformative,0.4801663718978712,22.93722347,50,25 Pineal Glut,4.75082e-05
ENSMUSG00000066687,informative,0.00054872945883989996,41128.49459,43124,06 CTX-CGE GABA,0.0131281
ENSMUSG00000066720,uninformative,2.849048326319052,9.330144221,93,15 HY Gnrh1 Glut,1.58361e-05
ENSMUSG00000066842,informative,-2.8171033956322438,13202.83591,1978,33 Vascular,0.11687
ENSMUSG00000066892,informative,0.44311610453454059,5997.888332,8560,25 Pineal Glut,4.75082e-05
ENSMUSG00000066975,uninformative,1.0632667037382892,136.9301802,317,34 Immune,0.0285999
ENSMUSG00000067006,uninformative,-1.1060687769634108,157.1649408,92,30 Astro-Epen,0.160404
ENSMUSG00000067028,informative,-2.4681047486768142,45796.56504,8695,19 MB Glut,0.00308803
ENSMUSG00000067071,informative,1.5723168358051585,1665.683791,5208,25 Pineal Glut,4.75082e-05
ENSMUSG00000067149,weak,0.35636601266064039,219.6692977,311,27 MY GABA,9.50164e-05
ENSMUSG00000067261,uninformative,2.2471352338126023,0.6051200224,23,32 OEC,0
ENSMUSG00000067299,uninformative,2.9704505558692875,0.2157763369,25,12 HY GABA,0.0167704
ENSMUSG00000067336,informative,-0.0506781112138577,57991.32917,58678,33 Vascular,0.11687
ENSMUSG00000067367,informative,-0.73745814952765187,4600.968657,2907,33 Vascular,0.11687
ENSMUSG00000067567,informative,-3,64615.71795,5284,30 Astro-Epen,0.160404
ENSMUSG00000067578,informative,-0.1035194592489864,6491.088603,6346,22 MB-HB Sero,1.58361e-05
ENSMUSG00000067586,informative,-0.3417730484303434,3401.529879,2828,33 Vascular,0.11687
ENSMUSG00000067702,uninformative,-0.67390461371500676,5.066220801,19,09 CNU-LGE GABA,0.0528766
ENSMUSG00000067714,uninformative,3,27.40632206,302,34 Immune,0.0285999
ENSMUSG00000067724,weak,-1.1748084543002228,337.2659661,172,08 CNU-MGE GABA,0.00696787
ENSMUSG00000067860,informative,-0.049065149863696499,2129.929301,2173,33 Vascular,0.11687
ENSMUSG00000067879,informative,0.25271407076743291,41164.92081,51403,02 NP-CT-L6b Glut,0.046653
ENSMUSG00000067889,informative,0.41368818072658181,30031.22596,41930,02 NP-CT-L6b Glut,0.046653
ENSMUSG00000068036,informative,-1.0053716798349392,36550.6945,19092,33 Vascular,0.11687
ENSMUSG00000068037,informative,1.893117764566939,1407.650616,5497,04 DG-IMN Glut,0.0288375
ENSMUSG00000068039,informative,0.93864145415610123,20177.1914,40537,15 HY Gnrh1 Glut,1.58361e-05
ENSMUSG00000068082,uninformative,-0.47425067662373832,44.05955585,49,22 MB-HB Sero,1.58361e-05
ENSMUSG00000068105,uninformative,0.47849677988844558,94.89297484,155,05 OB-IMN GABA,0.00300885
ENSMUSG00000068115,informative,-0.4452153558005999,3317.884147,2569,32 OEC,0
ENSMUSG00000068122,uninformative,1.8335017541308376,81.47829529,323,27 MY GABA,9.50164e-05
ENSMUSG00000068129,uninformative,0.8239329289432491,32.95872558,78,25 Pineal Glut,4.75082e-05
ENSMUSG00000068154,informative,-1.0990240555372011,1068.24751,538,25 Pineal Glut,4.75082e-05
ENSMUSG00000068206,informative,1.6267802548700376,6340.57258,20534,32 OEC,0
ENSMUSG00000068227,uninformative,2.2722474058041682,27.64545625,160,34 Immune,0.0285999
ENSMUSG00000068302,uninformative,3,0.4632055848,33,11 CNU-HYa GABA,0.0132548
ENSMUSG00000068329,informative,0.66677435984605626,3517.91692,5868,34 Immune,0.0285999
ENSMUSG00000068394,informative,-0.1745878408363748,2694.202795,2517,34 Immune,0.0285999
ENSMUSG00000068428,weak,-0.97047713744257325,283.2437434,167,24 MY Glut,0.00326223
ENSMUSG00000068614,uninformative,2.3143821020797546,1.491469115,28,12 HY GABA,0.0167704
ENSMUSG00000068615,weak,0.46437629214793957,670.6941719,986,25 Pineal Glut,4.75082e-05
ENSMUSG00000068686,weak,0.81490037226344636,784.0638803,1462,25 Pineal Glut,4.75082e-05
ENSMUSG00000068696,informative,0.82743688323134157,28739.41708,53458,09 CNU-LGE GABA,0.0528766
ENSMUSG00000068740,informative,1.0509424255062008,27238.59726,59146,01 IT-ET Glut,0.234215
ENSMUSG00000068742,informative,0.432925996316469,24972.08226,35337,30 Astro-Epen,0.160404
ENSMUSG00000068747,informative,0.1693554175587442,56897.01732,67054,31 OPC-Oligo,0.1627
ENSMUSG00000068748,informative,-0.88370808649195631,97610.83882,55443,30 Astro-Epen,0.160404
ENSMUSG00000068758,weak,-3,321.5738039,47,33 Vascular,0.11687
ENSMUSG00000068798,informative,-1.2690445437587012,28330.89451,12332,33 Vascular,0.11687
ENSMUSG00000068823,informative,0.00098302707635159999,60942.6431,63911,33 Vascular,0.11687
ENSMUSG00000068854,informative,1.0003536583026771,1064.845709,2249,25 Pineal Glut,4.75082e-05
ENSMUSG00000068859,informative,-3,2291.728982,226,05 OB-IMN GABA,0.00300885
ENSMUSG00000068876,informative,0.96581736292175357,1274.895067,2626,28 CB GABA,0
ENSMUSG00000069020,informative,-1.5334715562747157,11064.5365,4020,31 OPC-Oligo,0.1627
ENSMUSG00000069036,uninformative,3,0,41,01 IT-ET Glut,0.234215
ENSMUSG00000069041,uninformative,-0.82631186459425665,117.4385821,85,25 Pineal Glut,4.75082e-05
ENSMUSG00000069053,uninformative,3,18.01162436,209,31 OPC-Oligo,0.1627
ENSMUSG00000069089,informative,-0.91454067056733479,8350.386235,4657,32 OEC,0
ENSMUSG00000069132,weak,-0.55810488773463751,777.4806918,577,07 CTX-MGE GABA,0.0224397
ENSMUSG00000069135,informative,-0.1808176035852842,5885.534985,5456,34 Immune,0.0285999
ENSMUSG00000069170,informative,-2.768474590728943,2814.89433,448,32 OEC,0
ENSMUSG00000069171,informative,0.34361311781147941,34819.69791,46309,32 OEC,0
ENSMUSG00000069441,uninformative,3,7.181333696,185,03 OB-CR Glut,0.000807639
ENSMUSG00000069495,informative,-0.73182410702716283,21969.79824,13876,25 Pineal Glut,4.75082e-05
ENSMUSG00000069662,informative,-0.52136814706344203,82071.455,59925,34 Immune,0.0285999
ENSMUSG00000069678,informative,-0.024157650260629202,1497.530888,1559,29 CB Glut,0
ENSMUSG00000069706,uninformative,3,0.02201846304,31,24 MY Glut,0.00326223
ENSMUSG00000069729,informative,-2.0175200289469042,53756.9455,13926,03 OB-CR Glut,0.000807639
ENSMUSG00000069733,uninformative,-3,166.3600062,21,33 Vascular,0.11687
ENSMUSG00000069910,uninformative,0.230066473568313,141.3940379,190,25 Pineal Glut,4.75082e-05
ENSMUSG00000070047,informative,1.3100796255702476,9376.948429,24386,32 OEC,0
ENSMUSG00000070348,informative,-0.17429968870344659,12346.9156,11480,32 OEC,0
ENSMUSG00000070368,uninformative,-1.6510071659432863,52.90584927,33,24 MY Glut,0.00326223
ENSMUSG00000070520,informative,-0.31756613977405818,5997.398041,5058,15 HY Gnrh1 Glut,1.58361e-05
ENSMUSG00000070570,informative,1.3635871465959937,94934.12825,255966,02 NP-CT-L6b Glut,0.046653
ENSMUSG00000070583,uninformative,3,73.76410272,5948,34 Immune,0.0285999
ENSMUSG00000070643,informative,0.6813246292787255,3141.564601,5295,33 Vascular,0.11687
ENSMUSG00000070645,uninformative,3,0.9311690098,190,32 OEC,0
ENSMUSG00000070687,weak,-0.89680528901502987,581.8513562,351,09 CNU-LGE GABA,0.0528766
ENSMUSG00000070691,uninformative,0.96957260008959945,17.51310263,53,34 Immune,0.0285999
ENSMUSG00000070730,informative,1.0201098003428843,6792.81176,14451,25 Pineal Glut,4.75082e-05
ENSMUSG00000070733,informative,-1.4509502081978229,46763.50991,17937,31 OPC-Oligo,0.1627
ENSMUSG00000070803,informative,1.8193990000676363,1477.714462,5483,01 IT-ET Glut,0.234215
ENSMUSG00000070814,informative,-0.030466248367494501,3157.383555,3255,31 OPC-Oligo,0.1627
ENSMUSG00000070870,uninformative,3,0.5176154335,30,22 MB-HB Sero,1.58361e-05
ENSMUSG00000070873,uninformative,2.117662829547601,53.09573812,269,34 Immune,0.0285999
ENSMUSG00000070880,informative,0.63830782292916055,35134.64172,57314,06 CTX-CGE GABA,0.0131281
ENSMUSG00000071005,weak,-0.49593938059301768,285.675154,228,33 Vascular,0.11687
ENSMUSG00000071203,uninformative,0.68429394698159784,189.6518115,336,34 Immune,0.0285999
ENSMUSG00000071341,informative,-0.43320365573145719,7607.562832,5927,09 CNU-LGE GABA,0.0528766
ENSMUSG00000071359,informative,0.5706759704677048,11770.02138,18332,34 Immune,0.0285999
ENSMUSG00000071369,informative,-0.35560076380742722,23523.52309,19278,25 Pineal Glut,4.75082e-05
ENSMUSG00000071424,informative,-3,234723.9869,8173,28 CB GABA,0
ENSMUSG00000071489,uninformative,1.4888359603303576,97.6143884,305,08 CNU-MGE GABA,0.00696787
ENSMUSG00000071550,informative,-0.5283494643190868,1788.524966,1315,15 HY Gnrh1 Glut,1.58361e-05
ENSMUSG00000071552,uninformative,-1.275299114424709,17.44445847,23,15 HY Gnrh1 Glut,1.58361e-05
ENSMUSG00000071646,informative,2.1567056402837057,4294.790218,20084,33 Vascular,0.11687
ENSMUSG00000071713,weak,-0.16470605998861301,243.9836329,244,34 Immune,0.0285999
ENSMUSG00000071714,uninformative,2.7004449793703209,46.13233974,336,34 Immune,0.0285999
ENSMUSG00000071715,uninformative,1.4441644638372106,120.3583781,361,34 Immune,0.0285999
ENSMUSG00000072115,weak,-0.093121557814027506,548.7483272,555,34 Immune,0.0285999
ENSMUSG00000072214,informative,3,4543.294206,180335,01 IT-ET Glut,0.234215
ENSMUSG00000072294,informative,-3,74639.94251,9468,33 Vascular,0.11687
ENSMUSG00000072295,uninformative,0.37889957818466691,46.69754284,80,25 Pineal Glut,4.75082e-05
ENSMUSG00000072423,uninformative,0.46215055557909351,30.16636279,60,32 OEC,0
ENSMUSG00000072568,weak,1.8660919635506723,843.0980233,3247,17 MH-LH Glut,0.00120354
ENSMUSG00000072625,uninformative,3,1.930772059,42,06 CTX-CGE GABA,0.0131281
ENSMUSG00000072872,informative,-1.518082641123716,18628.62068,6830,15 HY Gnrh1 Glut,1.58361e-05
ENSMUSG00000073043,uninformative,2.2169880387889478,4.3342604,41,28 CB GABA,0
ENSMUSG00000073413,weak,-0.82614822398397203,279.8742826,181,31 OPC-Oligo,0.1627
ENSMUSG00000073418,weak,2.8224819925016678,901.5248651,6704,32 OEC,0
ENSMUSG00000073489,uninformative,0.031265840686847901,97.05308699,120,34 Immune,0.0285999
ENSMUSG00000073574,uninformative,1.8749835282788776,22.41472235,105,06 CTX-CGE GABA,0.0131281
ENSMUSG00000073599,informative,-1.206526081721609,1098.101482,514,34 Immune,0.0285999
ENSMUSG00000073602,uninformative,-3,44.22984655,14,24 MY Glut,0.00326223
ENSMUSG00000073616,informative,-1.3474026822815226,47017.02527,19375,25 Pineal Glut,4.75082e-05
ENSMUSG00000073658,uninformative,-0.21730956114248159,0.109602604,8,14 HY Glut,0.00593852
ENSMUSG00000073700,informative,1.1927091975123314,3010.371053,7227,33 Vascular,0.11687
ENSMUSG00000073705,informative,-1.7790110976180209,1260.040325,400,07 CTX-MGE GABA,0.0224397
ENSMUSG00000073802,weak,-2.3418253086275072,482.7714648,115,33 Vascular,0.11687
ENSMUSG00000073838,informative,1.4180864346807169,3486.315738,9779,28 CB GABA,0
ENSMUSG00000073889,informative,0.6630174022581482,5970.181339,9921,02 NP-CT-L6b Glut,0.046653
ENSMUSG00000073897,uninformative,1.4873970969304939,3.419801861,28,09 CNU-LGE GABA,0.0528766
ENSMUSG00000073982,informative,1.2399807209088891,7159.893414,17736,31 OPC-Oligo,0.1627
ENSMUSG00000074004,uninformative,-0.97279545345719498,188.1660805,116,23 P Glut,6.33443e-05
ENSMUSG00000074006,uninformative,3,27.01961515,1145,32 OEC,0
ENSMUSG00000074037,weak,-3,564.1606772,64,25 Pineal Glut,4.75082e-05
ENSMUSG00000074064,informative,0.25005453725697308,4830.390936,6035,34 Immune,0.0285999
ENSMUSG00000074115,uninformative,0.21342407298353611,121.6430348,164,33 Vascular,0.11687
ENSMUSG00000074121,uninformative,0.61359315376927015,30.80338694,66,17 MH-LH Glut,0.00120354
ENSMUSG00000074155,uninformative,1.5750218624677876,0.2762151227,19,08 CNU-MGE GABA,0.00696787
ENSMUSG00000074183,uninformative,3,2.208229369,49,22 MB-HB Sero,1.58361e-05
ENSMUSG00000074218,weak,-3,572.4731576,23,15 HY Gnrh1 Glut,1.58361e-05
ENSMUSG00000074264,informative,-1.7336484180902887,15088.97944,4769,26 P GABA,0.00280298
ENSMUSG00000074268,uninformative,3,0.08363096782,3172,20 MB GABA,0.00742711
ENSMUSG00000074269,informative,-3,1106.732314,144,03 OB-CR Glut,0.000807639
ENSMUSG00000074272,informative,0.36862532597440428,1335.527919,1823,33 Vascular,0.11687
ENSMUSG00000074361,weak,0.88613177728616299,273.2078163,546,34 Immune,0.0285999
ENSMUSG00000074365,uninformative,1.3980309810643532,114.5234615,334,25 Pineal Glut,4.75082e-05
ENSMUSG00000074435,uninformative,2.3808102816220207,0.2798225944,22,06 CTX-CGE GABA,0.0131281
ENSMUSG00000074439,uninformative,3,0,108,01 IT-ET Glut,0.234215
ENSMUSG00000074483,uninformative,3,2.342046937,332,32 OEC,0
ENSMUSG00000074486,uninformative,3,20.29657632,414,32 OEC,0
ENSMUSG00000074575,informative,1.7247024811039138,4203.30693,14582,04 DG-IMN Glut,0.0288375
ENSMUSG00000074622,informative,0.1138874888257711,6676.586769,7586,34 Immune,0.0285999
ENSMUSG00000074637,informative,-0.57915398121205575,15842.31319,11126,30 Astro-Epen,0.160404
ENSMUSG00000074656,informative,-2.660264179776616,33484.88675,5565,15 HY Gnrh1 Glut,1.58361e-05
ENSMUSG00000074657,informative,1.63315645446317,43509.65249,141431,16 HY MM Glut,0
ENSMUSG00000074695,uninformative,2.7118768393748138,94.12549543,668,28 CB GABA,0
ENSMUSG00000074698,informative,-0.85875982930956574,44104.87829,25497,33 Vascular,0.11687
ENSMUSG00000074704,uninformative,-1.1357803370603434,112.2187872,69,25 Pineal Glut,4.75082e-05
ENSMUSG00000074743,informative,0.66024890181568197,2444.355983,4064,33 Vascular,0.11687
ENSMUSG00000074768,uninformative,3,8.623555239,108,32 OEC,0
ENSMUSG00000074781,informative,-3,34500.05167,4439,08 CNU-MGE GABA,0.00696787
ENSMUSG00000074785,informative,-0.83025742500219912,14718.78153,8697,17 MH-LH Glut,0.00120354
ENSMUSG00000074794,informative,0.97150513367694324,13306.51114,27355,31 OPC-Oligo,0.1627
ENSMUSG00000074797,informative,-1.1275954572222844,11072.47746,5325,09 CNU-LGE GABA,0.0528766
ENSMUSG00000074811,weak,3,398.3267333,3451,25 Pineal Glut,4.75082e-05
ENSMUSG00000074818,informative,0.65700615028360854,1033.451583,1724,03 OB-CR Glut,0.000807639
ENSMUSG00000074852,weak,-3,571.129336,74,32 OEC,0
ENSMUSG00000074896,informative,0.82001220680829956,1367.873858,2547,32 OEC,0
ENSMUSG00000074925,informative,-0.1144068071870345,13678.7483,13255,30 Astro-Epen,0.160404
ENSMUSG00000074934,weak,0.096123766954605505,891.0169298,1014,05 OB-IMN GABA,0.00300885
ENSMUSG00000074939,uninformative,3,62.43485121,613,16 HY MM Glut,0
ENSMUSG00000075122,weak,-0.81488682243657862,487.5680009,306,34 Immune,0.0285999
ENSMUSG00000075232,informative,1.261355079022074,13898.75499,34926,25 Pineal Glut,4.75082e-05
ENSMUSG00000075284,informative,-3,17084.28732,1648,31 OPC-Oligo,0.1627
ENSMUSG00000075289,informative,0.78387503979812334,2716.39484,4917,31 OPC-Oligo,0.1627
ENSMUSG00000075304,uninformative,0.59163480278133951,93.99383454,165,28 CB GABA,0
ENSMUSG00000075307,weak,-0.25084920695804819,264.7356195,249,16 HY MM Glut,0
ENSMUSG00000075316,informative,-2.8893100621370014,7056.319179,1021,15 HY Gnrh1 Glut,1.58361e-05
ENSMUSG00000075318,informative,-0.45584766824493628,123095.4626,94046,29 CB Glut,0
ENSMUSG00000075324,informative,-2.3517889684088709,17976.70535,3705,31 OPC-Oligo,0.1627
ENSMUSG00000075370,uninformative,1.7565909324685576,6.057053478,40,04 DG-IMN Glut,0.0288375
ENSMUSG00000075402,uninformative,2.7848555570292239,1.490623929,33,15 HY Gnrh1 Glut,1.58361e-05
ENSMUSG00000075478,informative,1.1485426055077379,18563.08349,43134,10 LSX GABA,0.000190033
ENSMUSG00000075569,informative,-0.85106039416878509,3213.29725,1882,25 Pineal Glut,4.75082e-05
ENSMUSG00000075588,uninformative,-2.8039989705771204,72.21377257,26,24 MY Glut,0.00326223
ENSMUSG00000075605,uninformative,-0.90183446600071004,18.5877347,26,04 DG-IMN Glut,0.0288375
ENSMUSG00000075701,informative,0.0224365583742814,14749.70933,15712,30 Astro-Epen,0.160404
ENSMUSG00000075703,informative,-0.84945385636164517,15899.65416,9261,28 CB GABA,0
ENSMUSG00000075705,informative,-1.0721227865555782,7028.590439,3518,31 OPC-Oligo,0.1627
ENSMUSG00000075707,weak,-3,562.0652028,46,01 IT-ET Glut,0.234215
ENSMUSG00000076431,informative,-0.80144264803258447,15879.90454,9562,05 OB-IMN GABA,0.00300885
ENSMUSG00000076437,informative,-3,13641.65211,1347,15 HY Gnrh1 Glut,1.58361e-05
ENSMUSG00000076439,informative,0.60033538541810616,34718.16943,55164,31 OPC-Oligo,0.1627
ENSMUSG00000076609,weak,0.28990362068374531,324.536965,432,18 TH Glut,0.0535259
ENSMUSG00000076617,informative,1.267710341424876,3240.740005,8193,34 Immune,0.0285999
ENSMUSG00000078202,informative,0.0127366236587359,3237.333064,3438,32 OEC,0
ENSMUSG00000078249,uninformative,3,62.69919168,1711,28 CB GABA,0
ENSMUSG00000078302,informative,-1.2520010448195591,1594.760663,717,33 Vascular,0.11687
ENSMUSG00000078365,uninformative,1.356782989109921,6.447274262,35,25 Pineal Glut,4.75082e-05
ENSMUSG00000078453,informative,-2.2972033624233914,7378.078837,1588,25 Pineal Glut,4.75082e-05
ENSMUSG00000078517,informative,2.1574841508977407,10977.75041,51333,31 OPC-Oligo,0.1627
ENSMUSG00000078532,informative,0.33934832428619399,6719.106673,8923,31 OPC-Oligo,0.1627
ENSMUSG00000078566,informative,-0.056799748023095599,16700.37497,16838,18 TH Glut,0.0535259
ENSMUSG00000078619,informative,1.4825025843088422,3143.097859,9220,29 CB Glut,0
ENSMUSG00000078650,uninformative,1.6008821144292571,4.656196822,41,33 Vascular,0.11687
ENSMUSG00000078656,weak,3,365.6438812,8267,33 Vascular,0.11687
ENSMUSG00000078816,informative,1.235243854169644,36286.52847,89521,18 TH Glut,0.0535259
ENSMUSG00000078817,uninformative,-2.0030187835979536,83.10524316,37,21 MB Dopa,0
ENSMUSG00000078853,weak,-0.39318780757578531,708.4407438,581,33 Vascular,0.11687
ENSMUSG00000078919,informative,-0.48998306976751671,22806.72214,17030,16 HY MM Glut,0
ENSMUSG00000079055,informative,-0.911172727952269,20848.56952,11631,25 Pineal Glut,4.75082e-05
ENSMUSG00000079092,uninformative,-0.081432719823285996,0.009867654728,15,05 OB-IMN GABA,0.00300885
ENSMUSG00000079105,weak,-2.498581233153645,338.7252346,78,02 NP-CT-L6b Glut,0.046653
ENSMUSG00000079109,informative,-3,4915.552144,304,29 CB Glut,0
ENSMUSG00000079164,uninformative,1.8757629192949223,123.8292853,495,34 Immune,0.0285999
ENSMUSG00000079227,informative,-0.27076228464691809,1954.203172,1713,34 Immune,0.0285999
ENSMUSG00000079277,uninformative,-0.1603711609984256,162.1822286,168,27 MY GABA,9.50164e-05
ENSMUSG00000079299,uninformative,-3,13.13527826,15,21 MB Dopa,0
ENSMUSG00000079355,weak,-3,972.2230315,103,28 CB GABA,0
ENSMUSG00000079415,weak,2.066644536015362,278.3273886,1241,25 Pineal Glut,4.75082e-05
ENSMUSG00000079465,weak,-0.88278738925028211,586.7893451,349,33 Vascular,0.11687
ENSMUSG00000079477,informative,2.1883744786479089,42876.29307,204782,07 CTX-MGE GABA,0.0224397
ENSMUSG00000079487,informative,0.55433277525344637,3443.074785,5314,33 Vascular,0.11687
ENSMUSG00000079557,informative,-0.38953286326452152,24118.38469,19306,31 OPC-Oligo,0.1627
ENSMUSG00000079560,uninformative,-3,70.15906903,22,27 MY GABA,9.50164e-05
ENSMUSG00000079592,uninformative,3,0.1962853171,4448,33 Vascular,0.11687
ENSMUSG00000079658,informative,-1.5211673712188216,34765.66791,12706,07 CTX-MGE GABA,0.0224397
ENSMUSG00000080316,informative,-2.5586112751404264,13494.15353,2415,29 CB Glut,0
ENSMUSG00000081683,weak,1.7043804951429411,512.9871251,1778,30 Astro-Epen,0.160404
ENSMUSG00000082361,weak,-1.1057193431145145,282.4220849,153,25 Pineal Glut,4.75082e-05
ENSMUSG00000085912,informative,-1.809515109031743,1079.562498,338,34 Immune,0.0285999
ENSMUSG00000086503,informative,-3,118523.31,29,30 Astro-Epen,0.160404
ENSMUSG00000087260,informative,-1.3511010472881411,21878.54804,9001,03 OB-CR Glut,0.000807639
ENSMUSG00000087408,informative,3,2158.583582,22440,30 Astro-Epen,0.160404
ENSMUSG00000087598,informative,2.1844284301102155,1259.070219,6016,05 OB-IMN GABA,0.00300885
ENSMUSG00000089661,weak,-0.68679975585632813,585.8715943,397,03 OB-CR Glut,0.000807639
ENSMUSG00000089669,weak,2.1895751651182382,610.3652902,2937,33 Vascular,0.11687
ENSMUSG00000089678,uninformative,-3,45.33774201,17,04 DG-IMN Glut,0.0288375
ENSMUSG00000089682,informative,0.4488714408084245,11205.72725,16042,07 CTX-MGE GABA,0.0224397
ENSMUSG00000089727,uninformative,3,1.325483352,78,34 Immune,0.0285999
ENSMUSG00000090071,informative,2.424121563053816,30038.36616,168940,01 IT-ET Glut,0.234215
ENSMUSG00000090125,informative,-1.2649932102801773,12938.17323,5656,31 OPC-Oligo,0.1627
ENSMUSG00000090231,uninformative,1.1403214984194727,65.67375922,169,03 OB-CR Glut,0.000807639
ENSMUSG00000090877,informative,1.6548124663464563,1752.192695,5799,33 Vascular,0.11687
ENSMUSG00000090935,informative,-1.7296838587831582,28304.53555,8957,28 CB GABA,0
ENSMUSG00000091387,informative,0.055898295529421597,2454.167765,2697,30 Astro-Epen,0.160404
ENSMUSG00000091512,informative,-0.79144773811808711,14546.15829,8821,25 Pineal Glut,4.75082e-05
ENSMUSG00000091898,informative,-0.96967046311950444,1821.418368,990,01 IT-ET Glut,0.234215
ENSMUSG00000092035,informative,0.0618133716446259,6109.095354,6705,22 MB-HB Sero,1.58361e-05
ENSMUSG00000092274,informative,1.4613877046557959,20033.20169,57809,31 OPC-Oligo,0.1627
ENSMUSG00000094686,uninformative,1.3126736458449997,27.42716176,89,01 IT-ET Glut,0.234215
ENSMUSG00000095079,uninformative,3,0.03046429516,296,22 MB-HB Sero,1.58361e-05
ENSMUSG00000095139,informative,-0.25027239766988479,11914.53161,10511,30 Astro-Epen,0.160404
ENSMUSG00000095180,uninformative,0.19909351689194441,15.61485688,35,34 Immune,0.0285999
ENSMUSG00000095304,uninformative,3,2.262862914,97,33 Vascular,0.11687
ENSMUSG00000095675,uninformative,3,0,49,01 IT-ET Glut,0.234215
ENSMUSG00000095687,informative,3,1045.59984,27388,34 Immune,0.0285999
ENSMUSG00000096014,informative,-0.32387992808045701,4112.233164,3458,10 LSX GABA,0.000190033
ENSMUSG00000096054,informative,-1.6487549072938548,173831.8496,58099,29 CB Glut,0
ENSMUSG00000096146,informative,2.1003621498805547,4005.145783,18014,03 OB-CR Glut,0.000807639
ENSMUSG00000096225,weak,0.9802982617823448,344.8978128,730,08 CNU-MGE GABA,0.00696787
ENSMUSG00000096351,weak,-0.12705587163897841,320.0157419,323,25 Pineal Glut,4.75082e-05
ENSMUSG00000096472,informative,0.583405066713373,10834.08312,17025,15 HY Gnrh1 Glut,1.58361e-05
ENSMUSG00000096727,weak,-3,542.5730099,84,34 Immune,0.0285999
ENSMUSG00000097328,informative,0.026089704753231701,2355.456728,2529,25 Pineal Glut,4.75082e-05
ENSMUSG00000100241,uninformative,3,79.81093951,1017,17 MH-LH Glut,0.00120354
ENSMUSG00000100916,uninformative,3,0.6253636158,190,30 Astro-Epen,0.160404
ENSMUSG00000101174,uninformative,-3,104.8481532,25,27 MY GABA,9.50164e-05
ENSMUSG00000102037,uninformative,2.2287084047295469,97.96110097,501,34 Immune,0.0285999
ENSMUSG00000102252,informative,0.12640156837161781,81660.81131,93409,23 P Glut,6.33443e-05
ENSMUSG00000102976,weak,3,764.7083314,25369,03 OB-CR Glut,0.000807639
ENSMUSG00000104148,uninformative,3,56.65496633,633,06 CTX-CGE GABA,0.0131281
ENSMUSG00000104213,uninformative,0.5994284942872754,90.33230401,160,34 Immune,0.0285999
ENSMUSG00000104318,uninformative,3,55.2085981,5783,28 CB GABA,0
ENSMUSG00000105827,uninformative,3,160.9474302,32501,33 Vascular,0.11687
ENSMUSG00000109324,informative,-1.5622229473990159,6664.84047,2380,25 Pineal Glut,4.75082e-05
ENSMUSG00000109511,informative,0.11712780332893789,3725.864013,4250,15 HY Gnrh1 Glut,1.58361e-05
ENSMUSG00000109523,uninformative,3,0,19722,01 IT-ET Glut,0.234215
ENSMUSG00000110206,weak,-0.41664278093288931,916.2664197,735,33 Vascular,0.11687
ENSMUSG00000113949,uninformative,3,3.686580316,9148,22 MB-HB Sero,1.58361e-05
ENSMUSG00000115987,informative,1.9547475250882584,8470.734907,34423,25 Pineal Glut,4.75082e-05
ENSMUSG00000116158,uninformative,-1.6547255454480356,2.005195949,16,03 OB-CR Glut,0.000807639
