class_code,total_counts,n_cells
0,10,9
0,11,9
0,12,2
0,13,9
0,14,10
0,15,7
0,16,14
0,17,7
0,18,8
0,19,12
0,20,17
0,21,18
0,22,12
0,23,16
0,24,14
0,25,26
0,26,23
0,27,21
0,28,13
0,29,15
0,30,32
0,31,26
0,32,26
0,33,26
0,34,28
0,35,34
0,36,32
0,37,28
0,38,27
0,39,36
0,40,21
0,41,45
0,42,29
0,43,24
0,44,36
0,45,35
0,46,26
0,47,36
0,48,30
0,49,29
0,50,31
0,51,45
0,52,35
0,53,37
0,54,36
0,55,36
0,56,27
0,57,29
0,58,32
0,59,26
0,60,20
0,61,30
0,62,29
0,63,28
0,64,28
0,65,30
0,66,29
0,67,27
0,68,17
0,69,30
0,70,20
0,71,18
0,72,31
0,73,25
0,74,23
0,75,24
0,76,29
0,77,19
0,78,25
0,79,29
0,80,31
0,81,28
0,82,32
0,83,33
0,84,27
0,85,39
0,86,31
0,87,23
0,88,23
0,89,18
0,90,25
0,91,31
0,92,35
0,93,26
0,94,26
0,95,19
0,96,28
0,97,38
0,98,31
0,99,28
0,100,29
0,101,30
0,102,25
0,103,35
0,104,33
0,105,29
0,106,38
0,107,28
0,108,26
0,109,31
0,110,24
0,111,30
0,112,40
0,113,32
0,114,27
0,115,27
0,116,25
0,117,26
0,118,36
0,119,30
0,120,31
0,121,33
0,122,29
0,123,30
0,124,30
0,125,36
0,126,38
0,127,22
0,128,24
0,129,25
0,130,38
0,131,35
0,132,42
0,133,32
0,134,40
0,135,35
0,136,35
0,137,34
0,138,31
0,139,42
0,140,42
0,141,31
0,142,35
0,143,31
0,144,31
0,145,36
0,146,43
0,147,37
0,148,50
0,149,26
0,150,28
0,151,44
0,152,33
0,153,33
0,154,31
0,155,35
0,156,41
0,157,33
0,158,32
0,159,38
0,160,50
0,161,29
0,162,38
0,163,36
0,164,32
0,165,35
0,166,37
0,167,45
0,168,33
0,169,38
0,170,37
0,171,44
0,172,21
0,173,29
0,174,24
0,175,37
0,176,37
0,177,34
0,178,25
0,179,32
0,180,28
0,181,29
0,182,48
0,183,30
0,184,28
0,185,49
0,186,44
0,187,40
0,188,29
0,189,30
0,190,36
0,191,35
0,192,35
0,193,38
0,194,34
0,195,32
0,196,24
0,197,39
0,198,45
0,199,39
0,200,42
0,201,39
0,202,42
0,203,39
0,204,43
0,205,42
0,206,33
0,207,46
0,208,32
0,209,43
0,210,36
0,211,42
0,212,41
0,213,46
0,214,29
0,215,24
0,216,43
0,217,36
0,218,36
0,219,37
0,220,35
0,221,37
0,222,45
0,223,47
0,224,39
0,225,34
0,226,60
0,227,33
0,228,41
0,229,33
0,230,47
0,231,51
0,232,40
0,233,38
0,234,54
0,235,48
0,236,34
0,237,39
0,238,39
0,239,38
0,240,42
0,241,40
0,242,32
0,243,26
0,244,45
0,245,28
0,246,40
0,247,41
0,248,34
0,249,30
0,250,47
0,251,38
0,252,38
0,253,39
0,254,52
0,255,34
0,256,41
0,257,41
0,258,29
0,259,45
0,260,49
0,261,45
0,262,50
0,263,37
0,264,46
0,265,49
0,266,42
0,267,54
0,268,46
0,269,34
0,270,53
0,271,39
0,272,53
0,273,39
0,274,37
0,275,43
0,276,37
0,277,33
0,278,44
0,279,47
0,280,58
0,281,42
0,282,49
0,283,38
0,284,46
0,285,41
0,286,39
0,287,47
0,288,53
0,289,44
0,290,45
0,291,39
0,292,50
0,293,37
0,294,41
0,295,40
0,296,37
0,297,37
0,298,38
0,299,40
0,300,42
0,301,37
0,302,46
0,303,43
0,304,39
0,305,46
0,306,47
0,307,44
0,308,44
0,309,46
0,310,41
0,311,57
0,312,52
0,313,65
0,314,45
0,315,44
0,316,35
0,317,41
0,318,61
0,319,28
0,320,48
0,321,28
0,322,46
0,323,46
0,324,42
0,325,36
0,326,53
0,327,38
0,328,43
0,329,37
0,330,47
0,331,38
0,332,42
0,333,51
0,334,34
0,335,45
0,336,26
0,337,44
0,338,50
0,339,38
0,340,58
0,341,42
0,342,46
0,343,31
0,344,27
0,345,32
0,346,44
0,347,47
0,348,39
0,349,61
0,350,48
0,351,48
0,352,54
0,353,47
0,354,44
0,355,47
0,356,48
0,357,46
0,358,43
0,359,43
0,360,36
0,361,38
0,362,39
0,363,54
0,364,45
0,365,40
0,366,40
0,367,34
0,368,36
0,369,44
0,370,47
0,371,38
0,372,42
0,373,42
0,374,44
0,375,44
0,376,44
0,377,42
0,378,39
0,379,38
0,380,31
0,381,37
0,382,42
0,383,29
0,384,42
0,385,37
0,386,35
0,387,44
0,388,49
0,389,36
0,390,36
0,391,38
0,392,51
0,393,45
0,394,48
0,395,39
0,396,49
0,397,51
0,398,44
0,399,34
0,400,37
0,401,56
0,402,35
0,403,47
0,404,43
0,405,47
0,406,37
0,407,51
0,408,49
0,409,36
0,410,48
0,411,52
0,412,32
0,413,40
0,414,46
0,415,51
0,416,37
0,417,57
0,418,45
0,419,48
0,420,48
0,421,48
0,422,50
0,423,42
0,424,42
0,425,43
0,426,44
0,427,43
0,428,43
0,429,44
0,430,42
0,431,36
0,432,38
0,433,43
0,434,43
0,435,40
0,436,44
0,437,40
0,438,35
0,439,44
0,440,36
0,441,48
0,442,42
0,443,40
0,444,31
0,445,52
0,446,50
0,447,46
0,448,38
0,449,45
0,450,49
0,451,48
0,452,30
0,453,39
0,454,31
0,455,47
0,456,56
0,457,36
0,458,38
0,459,38
0,460,47
0,461,47
0,462,42
0,463,38
0,464,48
0,465,33
0,466,38
0,467,38
0,468,49
0,469,35
0,470,39
0,471,36
0,472,49
0,473,42
0,474,34
0,475,41
0,476,43
0,477,39
0,478,46
0,479,36
0,480,38
0,481,39
0,482,38
0,483,44
0,484,36
0,485,45
0,486,52
0,487,46
0,488,42
0,489,41
0,490,40
0,491,49
0,492,45
0,493,45
0,494,48
0,495,38
0,496,37
0,497,31
0,498,41
0,499,41
0,500,42
0,501,42
0,502,30
0,503,46
0,504,41
0,505,38
0,506,47
0,507,42
0,508,40
0,509,38
0,510,46
0,511,51
0,512,47
0,513,38
0,514,33
0,515,39
0,516,40
0,517,32
0,518,31
0,519,38
0,520,39
0,521,48
0,522,41
0,523,39
0,524,40
0,525,38
0,526,41
0,527,30
0,528,38
0,529,43
0,530,37
0,531,33
0,532,32
0,533,34
0,534,28
0,535,31
0,536,46
0,537,34
0,538,43
0,539,38
0,540,32
0,541,40
0,542,36
0,543,28
0,544,30
0,545,47
0,546,29
0,547,26
0,548,41
0,549,40
0,550,29
0,551,39
0,552,31
0,553,43
0,554,46
0,555,40
0,556,34
0,557,33
0,558,44
0,559,37
0,560,34
0,561,37
0,562,33
0,563,31
0,564,36
0,565,36
0,566,46
0,567,38
0,568,39
0,569,35
0,570,25
0,571,37
0,572,33
0,573,41
0,574,41
0,575,46
0,576,47
0,577,26
0,578,41
0,579,27
0,580,37
0,581,36
0,582,38
0,583,39
0,584,40
0,585,23
0,586,33
0,587,35
0,588,39
0,589,41
0,590,34
0,591,37
0,592,27
0,593,34
0,594,43
0,595,34
0,596,38
0,597,38
0,598,39
0,599,26
0,600,38
0,601,39
0,602,28
0,603,35
0,604,36
0,605,35
0,606,27
0,607,35
0,608,34
0,609,22
0,610,40
0,611,30
0,612,41
0,613,32
0,614,36
0,615,41
0,616,34
0,617,32
0,618,38
0,619,28
0,620,35
0,621,38
0,622,29
0,623,34
0,624,26
0,625,34
0,626,33
0,627,34
0,628,29
0,629,29
0,630,37
0,631,24
0,632,39
0,633,34
0,634,41
0,635,26
0,636,25
0,637,42
0,638,34
0,639,32
0,640,32
0,641,38
0,642,44
0,643,33
0,644,40
0,645,35
0,646,30
0,647,30
0,648,35
0,649,26
0,650,41
0,651,23
0,652,33
0,653,42
0,654,37
0,655,31
0,656,31
0,657,27
0,658,37
0,659,28
0,660,33
0,661,28
0,662,30
0,663,35
0,664,42
0,665,39
0,666,36
0,667,33
0,668,48
0,669,23
0,670,38
0,671,39
0,672,24
0,673,30
0,674,27
0,675,38
0,676,36
0,677,37
0,678,33
0,679,27
0,680,39
0,681,35
0,682,25
0,683,38
0,684,33
0,685,30
0,686,35
0,687,30
0,688,35
0,689,32
0,690,36
0,691,27
0,692,28
0,693,29
0,694,43
0,695,36
0,696,25
0,697,32
0,698,34
0,699,29
0,700,24
0,701,32
0,702,40
0,703,36
0,704,35
0,705,38
0,706,35
0,707,28
0,708,26
0,709,30
0,710,31
0,711,40
0,712,39
0,713,31
0,714,30
0,715,32
0,716,38
0,717,31
0,718,30
0,719,36
0,720,34
0,721,31
0,722,36
0,723,24
0,724,36
0,725,26
0,726,27
0,727,21
0,728,33
0,729,39
0,730,31
0,731,33
0,732,21
0,733,28
0,734,36
0,735,34
0,736,36
0,737,22
0,738,34
0,739,38
0,740,35
0,741,29
0,742,31
0,743,29
0,744,40
0,745,24
0,746,35
0,747,33
0,748,25
0,749,33
0,750,39
0,751,29
0,752,28
0,753,26
0,754,31
0,755,24
0,756,21
0,757,33
0,758,23
0,759,30
0,760,31
0,761,35
0,762,31
0,763,28
0,764,25
0,765,25
0,766,35
0,767,28
0,768,28
0,769,31
0,770,34
0,771,30
0,772,28
0,773,30
0,774,33
0,775,21
0,776,18
0,777,31
0,778,35
0,779,32
0,780,35
0,781,33
0,782,18
0,783,38
0,784,24
0,785,16
0,786,19
0,787,36
0,788,31
0,789,43
0,790,21
0,791,27
0,792,27
0,793,27
0,794,23
0,795,38
0,796,25
0,797,35
0,798,18
0,799,22
0,800,41
0,801,24
0,802,40
0,803,37
0,804,30
0,805,36
0,806,32
0,807,30
0,808,37
0,809,30
0,810,15
0,811,29
0,812,23
0,813,23
0,814,16
0,815,27
0,816,33
0,817,27
0,818,31
0,819,23
0,820,30
0,821,28
0,822,25
0,823,32
0,824,30
0,825,25
0,826,20
0,827,26
0,828,23
0,829,26
0,830,24
0,831,32
0,832,23
0,833,25
0,834,24
0,835,25
0,836,30
0,837,23
0,838,29
0,839,23
0,840,38
0,841,18
0,842,31
0,843,29
0,844,34
0,845,27
0,846,29
0,847,34
0,848,18
0,849,23
0,850,30
0,851,26
0,852,21
0,853,22
0,854,30
0,855,19
0,856,25
0,857,27
0,858,26
0,859,29
0,860,28
0,861,33
0,862,26
0,863,28
0,864,23
0,865,19
0,866,23
0,867,30
0,868,24
0,869,28
0,870,24
0,871,25
0,872,19
0,873,35
0,874,17
0,875,17
0,876,20
0,877,22
0,878,23
0,879,20
0,880,22
0,881,22
0,882,24
0,883,20
0,884,21
0,885,18
0,886,22
0,887,29
0,888,13
0,889,23
0,890,20
0,891,26
0,892,18
0,893,17
0,894,15
0,895,19
0,896,31
0,897,20
0,898,26
0,899,26
0,900,22
0,901,19
0,902,21
0,903,15
0,904,21
0,905,17
0,906,42
0,907,27
0,908,18
0,909,21
0,910,24
0,911,22
0,912,22
0,913,28
0,914,16
0,915,25
0,916,21
0,917,18
0,918,17
0,919,21
0,920,17
0,921,24
0,922,21
0,923,19
0,924,21
0,925,20
0,926,23
0,927,18
0,928,20
0,929,17
0,930,19
0,931,26
0,932,26
0,933,26
0,934,17
0,935,21
0,936,24
0,937,25
0,938,16
0,939,16
0,940,23
0,941,18
0,942,12
0,943,21
0,944,17
0,945,27
0,946,16
0,947,27
0,948,19
0,949,16
0,950,12
0,951,14
0,952,30
0,953,20
0,954,18
0,955,24
0,956,14
0,957,21
0,958,15
0,959,16
0,960,12
0,961,16
0,962,19
0,963,8
0,964,22
0,965,18
0,966,21
0,967,18
0,968,18
0,969,19
0,970,22
0,971,21
0,972,16
0,973,14
0,974,22
0,975,16
0,976,33
0,977,17
0,978,20
0,979,13
0,980,20
0,981,21
0,982,22
0,983,21
0,984,16
0,985,15
0,986,15
0,987,16
0,988,19
0,989,15
0,990,20
0,991,21
0,992,19
0,993,17
0,994,18
0,995,12
0,996,17
0,997,22
0,998,22
0,999,22
0,1000,21
0,1001,20
0,1002,20
0,1003,11
0,1004,18
0,1005,19
0,1006,15
0,1007,16
0,1008,14
0,1009,17
0,1010,12
0,1011,9
0,1012,14
0,1013,13
0,1014,14
0,1015,16
0,1016,17
0,1017,13
0,1018,15
0,1019,12
0,1020,17
0,1021,17
0,1022,11
0,1023,23
0,1024,14
0,1025,11
0,1026,21
0,1027,12
0,1028,21
0,1029,19
0,1030,18
0,1031,13
0,1032,17
0,1033,18
0,1034,19
0,1035,20
0,1036,6
0,1037,16
0,1038,12
0,1039,13
0,1040,23
0,1041,10
0,1042,16
0,1043,11
0,1044,16
0,1045,19
0,1046,9
0,1047,11
0,1048,11
0,1049,21
0,1050,11
0,1051,17
0,1052,12
0,1053,17
0,1054,14
0,1055,15
0,1056,22
0,1057,11
0,1058,18
0,1059,9
0,1060,10
0,1061,13
0,1062,12
0,1063,10
0,1064,17
0,1065,16
0,1066,16
0,1067,18
0,1068,14
0,1069,16
0,1070,13
0,1071,12
0,1072,14
0,1073,18
0,1074,17
0,1075,20
0,1076,12
0,1077,17
0,1078,13
0,1079,6
0,1080,15
0,1081,10
0,1082,19
0,1083,7
0,1084,12
0,1085,18
0,1086,12
0,1087,14
0,1088,16
0,1089,8
0,1090,10
0,1091,21
0,1092,10
0,1093,13
0,1094,10
0,1095,13
0,1096,13
0,1097,10
0,1098,13
0,1099,17
0,1100,9
0,1101,13
0,1102,16
0,1103,16
0,1104,17
0,1105,12
0,1106,7
0,1107,12
0,1108,11
0,1109,10
0,1110,17
0,1111,14
0,1112,7
0,1113,11
0,1114,7
0,1115,10
0,1116,12
0,1117,9
0,1118,6
0,1119,11
0,1120,8
0,1121,15
0,1122,11
0,1123,15
0,1124,18
0,1125,9
0,1126,10
0,1127,10
0,1128,10
0,1129,11
0,1130,18
0,1131,11
0,1132,20
0,1133,12
0,1134,13
0,1135,13
0,1136,11
0,1137,11
0,1138,11
0,1139,9
0,1140,6
0,1141,10
0,1142,11
0,1143,9
0,1144,14
0,1145,13
0,1146,4
0,1147,11
0,1148,17
0,1149,8
0,1150,10
0,1151,5
0,1152,12
0,1153,5
0,1154,16
0,1155,7
0,1156,8
0,1157,15
0,1158,5
0,1159,9
0,1160,10
0,1161,5
0,1162,4
0,1163,9
0,1164,6
0,1165,7
0,1166,6
0,1167,8
0,1168,7
0,1169,7
0,1170,4
0,1171,12
0,1172,8
0,1173,14
0,1174,10
0,1175,8
0,1176,7
0,1177,13
0,1178,10
0,1179,14
0,1180,9
0,1181,11
0,1182,7
0,1183,6
0,1184,7
0,1185,5
0,1186,8
0,1187,3
0,1188,8
0,1189,11
0,1190,5
0,1191,15
0,1192,9
0,1193,7
0,1194,7
0,1195,10
0,1196,10
0,1197,5
0,1198,13
0,1199,6
0,1200,6
0,1201,11
0,1202,13
0,1203,7
0,1204,8
0,1205,8
0,1206,5
0,1207,9
0,1208,12
0,1209,4
0,1210,7
0,1211,9
0,1212,2
0,1213,12
0,1214,7
0,1215,10
0,1216,4
0,1217,9
0,1218,7
0,1219,5
0,1220,5
0,1221,5
0,1222,4
0,1223,11
0,1224,10
0,1225,5
0,1226,3
0,1227,8
0,1228,9
0,1229,8
0,1230,7
0,1231,5
0,1232,10
0,1233,11
0,1234,6
0,1235,7
0,1236,6
0,1237,11
0,1238,8
0,1239,9
0,1240,5
0,1241,6
0,1242,9
0,1243,7
0,1244,4
0,1245,10
0,1246,6
0,1247,10
0,1248,9
0,1249,7
0,1250,7
0,1251,4
0,1252,7
0,1253,9
0,1254,12
0,1255,14
0,1256,8
0,1257,3
0,1258,6
0,1259,7
0,1260,10
0,1261,6
0,1262,5
0,1263,4
0,1264,6
0,1265,6
0,1266,4
0,1267,10
0,1268,8
0,1269,8
0,1270,5
0,1271,3
0,1272,10
0,1273,7
0,1274,5
0,1275,5
0,1276,5
0,1277,12
0,1278,6
0,1279,3
0,1280,6
0,1281,4
0,1282,13
0,1283,6
0,1284,9
0,1285,12
0,1286,3
0,1287,10
0,1288,9
0,1289,5
0,1290,5
0,1291,6
0,1292,11
0,1293,6
0,1294,5
0,1295,4
0,1296,3
0,1297,7
0,1298,6
0,1299,5
0,1300,1
0,1301,11
0,1302,5
0,1303,7
0,1304,5
0,1305,6
0,1306,9
0,1307,7
0,1308,6
0,1309,9
0,1310,7
0,1311,9
0,1312,4
0,1313,2
0,1314,4
0,1315,8
0,1316,8
0,1317,11
0,1318,4
0,1319,5
0,1320,6
0,1321,7
0,1322,5
0,1323,5
0,1324,7
0,1325,3
0,1326,4
0,1327,5
0,1328,8
0,1329,4
0,1330,5
0,1331,3
0,1332,8
0,1333,6
0,1334,6
0,1335,9
0,1336,1
0,1337,6
0,1338,7
0,1339,6
0,1340,3
0,1341,2
0,1342,5
0,1343,4
0,1344,7
0,1345,3
0,1346,6
0,1347,8
0,1348,2
0,1349,10
0,1350,9
0,1351,2
0,1352,4
0,1353,2
0,1354,7
0,1355,7
0,1356,3
0,1357,3
0,1358,7
0,1359,4
0,1360,6
0,1361,2
0,1362,6
0,1363,1
0,1364,4
0,1365,3
0,1366,7
0,1367,4
0,1368,4
0,1369,3
0,1370,1
0,1371,2
0,1372,6
0,1373,1
0,1374,3
0,1375,4
0,1376,11
0,1377,5
0,1378,3
0,1379,3
0,1380,4
0,1381,8
0,1382,2
0,1383,5
0,1384,2
0,1385,5
0,1386,2
0,1387,6
0,1388,3
0,1389,4
0,1390,4
0,1391,4
0,1392,8
0,1393,7
0,1394,6
0,1395,4
0,1396,2
0,1397,4
0,1398,6
0,1399,3
0,1400,6
0,1401,8
0,1402,6
0,1403,1
0,1404,7
0,1405,2
0,1406,2
0,1407,5
0,1408,5
0,1409,4
0,1410,5
0,1411,5
0,1412,3
0,1413,6
0,1414,3
0,1415,2
0,1416,9
0,1417,2
0,1418,8
0,1419,7
0,1420,2
0,1421,4
0,1422,6
0,1423,4
0,1424,4
0,1425,2
0,1426,3
0,1427,4
0,1428,4
0,1429,7
0,1430,4
0,1431,5
0,1432,5
0,1433,3
0,1434,6
0,1435,5
0,1436,9
0,1437,2
0,1438,1
0,1439,2
0,1440,3
0,1441,3
0,1442,3
0,1443,2
0,1444,5
0,1445,2
0,1446,3
0,1447,4
0,1448,7
0,1449,1
0,1450,5
0,1452,5
0,1453,5
0,1454,7
0,1455,6
0,1456,8
0,1457,6
0,1458,3
0,1459,1
0,1460,4
0,1461,2
0,1462,1
0,1463,5
0,1464,2
0,1465,2
0,1466,2
0,1467,4
0,1468,5
0,1469,4
0,1470,5
0,1471,3
0,1472,3
0,1473,3
0,1474,5
0,1475,1
0,1476,3
0,1477,2
0,1478,1
0,1479,6
0,1481,3
0,1482,5
0,1484,5
0,1485,2
0,1486,3
0,1487,2
0,1488,7
0,1489,1
0,1490,7
0,1491,1
0,1492,4
0,1493,7
0,1494,2
0,1495,1
0,1496,7
0,1497,3
0,1498,5
0,1499,6
0,1500,2
0,1501,1
0,1503,4
0,1504,1
0,1505,1
0,1506,2
0,1507,3
0,1508,1
0,1509,3
0,1510,6
0,1511,2
0,1512,1
0,1513,3
0,1514,2
0,1515,3
0,1516,5
0,1517,6
0,1518,4
0,1520,1
0,1521,4
0,1522,4
0,1523,1
0,1524,4
0,1525,3
0,1526,4
0,1528,1
0,1529,5
0,1530,3
0,1531,1
0,1532,2
0,1533,2
0,1534,6
0,1535,1
0,1536,1
0,1537,3
0,1538,3
0,1539,2
0,1540,2
0,1541,1
0,1543,3
0,1544,1
0,1545,5
0,1546,2
0,1547,3
0,1548,1
0,1549,3
0,1550,2
0,1552,1
0,1553,2
0,1554,1
0,1555,3
0,1556,2
0,1557,1
0,1558,4
0,1559,2
0,1561,1
0,1562,4
0,1563,4
0,1564,9
0,1566,1
0,1567,1
0,1568,1
0,1569,2
0,1572,2
0,1573,1
0,1574,4
0,1575,1
0,1576,3
0,1577,3
0,1578,4
0,1579,1
0,1580,3
0,1582,1
0,1583,4
0,1584,4
0,1585,2
0,1586,1
0,1587,1
0,1588,5
0,1589,2
0,1590,1
0,1591,2
0,1592,1
0,1593,3
0,1594,2
0,1595,2
0,1596,5
0,1598,1
0,1599,1
0,1601,2
0,1602,4
0,1603,2
0,1604,2
0,1605,1
0,1606,3
0,1607,2
0,1608,2
0,1609,1
0,1610,2
0,1611,1
0,1612,2
0,1613,1
0,1614,4
0,1615,2
0,1616,2
0,1617,2
0,1618,2
0,1620,4
0,1621,1
0,1622,3
0,1623,1
0,1624,2
0,1625,1
0,1626,1
0,1627,2
0,1628,3
0,1629,3
0,1630,1
0,1632,2
0,1633,2
0,1634,1
0,1635,3
0,1636,2
0,1637,2
0,1638,2
0,1640,6
0,1641,1
0,1642,2
0,1643,2
0,1645,2
0,1646,2
0,1647,1
0,1649,1
0,1650,1
0,1651,1
0,1652,5
0,1653,2
0,1654,1
0,1655,1
0,1656,1
0,1657,2
0,1658,1
0,1659,1
0,1660,3
0,1663,3
0,1664,1
0,1665,1
0,1666,4
0,1667,3
0,1668,1
0,1670,1
0,1671,1
0,1672,3
0,1673,2
0,1674,1
0,1676,2
0,1677,3
0,1678,1
0,1679,1
0,1680,4
0,1681,1
0,1682,2
0,1683,5
0,1684,3
0,1685,4
0,1686,1
0,1687,1
0,1688,2
0,1689,3
0,1690,2
0,1691,4
0,1692,1
0,1694,1
0,1695,4
0,1697,3
0,1698,3
0,1699,1
0,1700,2
0,1701,2
0,1702,1
0,1703,3
0,1704,3
0,1705,3
0,1706,1
0,1707,3
0,1709,2
0,1710,2
0,1711,1
0,1712,1
0,1713,2
0,1714,1
0,1716,1
0,1718,2
0,1719,2
0,1720,2
0,1721,1
0,1722,1
0,1723,1
0,1724,1
0,1725,2
0,1726,4
0,1727,5
0,1728,3
0,1729,1
0,1730,5
0,1731,3
0,1732,3
0,1733,3
0,1734,1
0,1735,1
0,1737,2
0,1740,2
0,1741,2
0,1742,3
0,1744,2
0,1746,3
0,1750,2
0,1751,1
0,1754,1
0,1755,1
0,1758,1
0,1759,1
0,1763,3
0,1765,1
0,1766,1
0,1767,1
0,1768,2
0,1769,1
0,1770,1
0,1773,1
0,1774,3
0,1775,1
0,1776,1
0,1777,2
0,1779,1
0,1780,3
0,1781,2
0,1782,2
0,1783,1
0,1785,1
0,1787,1
0,1789,1
0,1792,1
0,1793,1
0,1794,1
0,1795,2
0,1796,1
0,1797,1
0,1798,1
0,1799,1
0,1800,2
0,1801,1
0,1803,1
0,1805,1
0,1807,1
0,1809,2
0,1810,1
0,1812,3
0,1813,1
0,1814,2
0,1815,1
0,1816,3
0,1817,1
0,1820,1
0,1821,2
0,1822,1
0,1824,2
0,1825,1
0,1828,2
0,1829,1
0,1832,1
0,1833,1
0,1836,1
0,1838,2
0,1839,1
0,1842,2
0,1844,1
0,1847,2
0,1850,1
0,1851,3
0,1852,2
0,1853,1
0,1856,1
0,1857,1
0,1858,1
0,1863,1
0,1864,1
0,1866,2
0,1871,1
0,1872,1
0,1874,1
0,1876,3
0,1877,1
0,1878,1
0,1881,1
0,1882,2
0,1887,1
0,1888,1
0,1891,1
0,1892,2
0,1894,1
0,1895,2
0,1896,1
0,1897,2
0,1898,2
0,1901,1
0,1903,2
0,1904,1
0,1909,1
0,1910,2
0,1911,1
0,1912,2
0,1920,2
0,1921,1
0,1922,1
0,1925,1
0,1927,1
0,1929,2
0,1932,1
0,1934,1
0,1935,1
0,1936,1
0,1937,2
0,1938,1
0,1939,2
0,1942,1
0,1949,1
0,1950,1
0,1951,1
0,1956,1
0,1957,1
0,1959,1
0,1960,2
0,1965,1
0,1967,1
0,1968,1
0,1969,1
0,1978,1
0,1980,1
0,1982,1
0,1983,1
0,1994,1
0,1998,1
0,2000,1
0,2001,1
0,2004,1
0,2005,1
0,2006,1
0,2008,1
0,2015,1
0,2016,1
0,2017,1
0,2019,1
0,2023,1
0,2026,1
0,2032,1
0,2033,2
0,2034,1
0,2035,1
0,2036,1
0,2037,1
0,2039,1
0,2040,1
0,2042,1
0,2047,1
0,2050,1
0,2051,1
0,2052,1
0,2053,2
0,2054,1
0,2057,1
0,2059,1
0,2064,1
0,2067,1
0,2068,1
0,2077,1
0,2078,1
0,2079,1
0,2081,2
0,2086,1
0,2087,1
0,2094,1
0,2097,1
0,2098,2
0,2100,1
0,2106,1
0,2111,1
0,2115,1
0,2123,1
0,2125,1
0,2126,1
0,2127,1
0,2136,1
0,2138,1
0,2141,1
0,2142,1
0,2144,1
0,2145,1
0,2146,1
0,2150,2
0,2152,1
0,2161,1
0,2166,1
0,2167,1
0,2168,1
0,2169,1
0,2170,1
0,2172,1
0,2176,1
0,2177,1
0,2180,1
0,2181,1
0,2182,1
0,2183,1
0,2190,1
0,2191,1
0,2193,1
0,2197,1
0,2198,1
0,2199,1
0,2206,1
0,2212,1
0,2221,1
0,2222,1
0,2226,1
0,2230,1
0,2232,1
0,2244,1
0,2249,1
0,2250,1
0,2255,1
0,2260,1
0,2262,2
0,2267,1
0,2268,2
0,2270,1
0,2275,1
0,2276,1
0,2286,1
0,2294,1
0,2306,1
0,2309,1
0,2312,1
0,2315,1
0,2326,1
0,2328,1
0,2330,1
0,2336,1
0,2341,1
0,2342,1
0,2356,1
0,2359,1
0,2379,1
0,2387,1
0,2391,1
0,2406,1
0,2412,1
0,2414,1
0,2417,1
0,2421,1
0,2433,1
0,2437,1
0,2444,1
0,2450,1
0,2466,1
0,2475,1
0,2479,1
0,2483,1
0,2484,1
0,2487,1
0,2490,1
0,2548,1
0,2563,1
0,2565,1
0,2586,1
0,2601,1
0,2613,1
0,2655,1
0,2659,1
0,2661,1
0,2662,1
0,2717,1
0,2727,1
0,2739,1
0,2791,1
0,2819,1
0,2842,1
0,2853,1
0,2854,1
0,2858,1
0,2863,1
0,2872,1
0,2890,1
0,2900,1
0,2910,1
0,2957,1
0,2998,1
0,3042,1
0,3090,1
0,3107,1
0,3124,1
0,3218,1
0,3311,1
0,3564,1
1,15,6
1,16,3
1,17,3
1,18,11
1,19,7
1,20,9
1,21,4
1,22,7
1,23,3
1,24,2
1,25,10
1,26,10
1,27,8
1,28,7
1,29,6
1,30,21
1,31,13
1,32,24
1,33,14
1,34,16
1,35,13
1,36,25
1,37,15
1,38,27
1,39,17
1,40,18
1,41,32
1,42,20
1,43,18
1,44,17
1,45,32
1,46,20
1,47,32
1,48,19
1,49,20
1,50,20
1,51,27
1,52,22
1,53,19
1,54,23
1,55,19
1,56,22
1,57,21
1,58,19
1,59,17
1,60,20
1,61,29
1,62,26
1,63,27
1,64,28
1,65,30
1,66,34
1,67,33
1,68,28
1,69,26
1,70,44
1,71,39
1,72,20
1,73,38
1,74,45
1,75,31
1,76,39
1,77,31
1,78,33
1,79,33
1,80,33
1,81,35
1,82,38
1,83,28
1,84,30
1,85,42
1,86,27
1,87,27
1,88,31
1,89,23
1,90,32
1,91,31
1,92,38
1,93,32
1,94,39
1,95,30
1,96,28
1,97,29
1,98,23
1,99,33
1,100,35
1,101,38
1,102,49
1,103,30
1,104,47
1,105,29
1,106,36
1,107,32
1,108,32
1,109,28
1,110,28
1,111,26
1,112,27
1,113,42
1,114,37
1,115,33
1,116,26
1,117,34
1,118,42
1,119,27
1,120,43
1,121,26
1,122,47
1,123,34
1,124,42
1,125,43
1,126,41
1,127,38
1,128,30
1,129,40
1,130,33
1,131,42
1,132,46
1,133,49
1,134,35
1,135,37
1,136,36
1,137,45
1,138,30
1,139,32
1,140,31
1,141,49
1,142,44
1,143,35
1,144,47
1,145,39
1,146,36
1,147,50
1,148,39
1,149,39
1,150,32
1,151,34
1,152,43
1,153,30
1,154,46
1,155,37
1,156,42
1,157,35
1,158,53
1,159,41
1,160,33
1,161,34
1,162,51
1,163,43
1,164,42
1,165,41
1,166,37
1,167,52
1,168,57
1,169,47
1,170,32
1,171,44
1,172,46
1,173,35
1,174,41
1,175,64
1,176,53
1,177,39
1,178,37
1,179,36
1,180,43
1,181,43
1,182,32
1,183,41
1,184,41
1,185,41
1,186,58
1,187,37
1,188,38
1,189,34
1,190,36
1,191,42
1,192,50
1,193,50
1,194,48
1,195,50
1,196,53
1,197,49
1,198,46
1,199,40
1,200,59
1,201,44
1,202,47
1,203,57
1,204,45
1,205,62
1,206,47
1,207,52
1,208,53
1,209,50
1,210,57
1,211,40
1,212,40
1,213,36
1,214,43
1,215,42
1,216,47
1,217,53
1,218,52
1,219,46
1,220,46
1,221,55
1,222,51
1,223,52
1,224,51
1,225,48
1,226,55
1,227,55
1,228,46
1,229,54
1,230,41
1,231,54
1,232,58
1,233,56
1,234,47
1,235,59
1,236,43
1,237,48
1,238,54
1,239,43
1,240,33
1,241,42
1,242,50
1,243,52
1,244,49
1,245,48
1,246,37
1,247,58
1,248,48
1,249,42
1,250,42
1,251,53
1,252,56
1,253,48
1,254,54
1,255,45
1,256,63
1,257,48
1,258,45
1,259,48
1,260,45
1,261,55
1,262,53
1,263,50
1,264,53
1,265,48
1,266,40
1,267,61
1,268,48
1,269,56
1,270,48
1,271,59
1,272,46
1,273,49
1,274,52
1,275,54
1,276,56
1,277,52
1,278,43
1,279,52
1,280,52
1,281,49
1,282,30
1,283,53
1,284,46
1,285,64
1,286,50
1,287,39
1,288,48
1,289,57
1,290,50
1,291,43
1,292,64
1,293,54
1,294,46
1,295,43
1,296,45
1,297,51
1,298,52
1,299,39
1,300,50
1,301,50
1,302,48
1,303,41
1,304,39
1,305,62
1,306,47
1,307,49
1,308,54
1,309,48
1,310,53
1,311,56
1,312,59
1,313,55
1,314,54
1,315,47
1,316,27
1,317,51
1,318,50
1,319,41
1,320,39
1,321,53
1,322,52
1,323,46
1,324,44
1,325,61
1,326,54
1,327,55
1,328,56
1,329,51
1,330,55
1,331,47
1,332,50
1,333,58
1,334,31
1,335,46
1,336,50
1,337,55
1,338,52
1,339,62
1,340,46
1,341,43
1,342,52
1,343,43
1,344,38
1,345,49
1,346,47
1,347,60
1,348,55
1,349,50
1,350,52
1,351,42
1,352,55
1,353,55
1,354,49
1,355,55
1,356,43
1,357,44
1,358,49
1,359,44
1,360,41
1,361,59
1,362,39
1,363,47
1,364,47
1,365,55
1,366,44
1,367,47
1,368,52
1,369,34
1,370,45
1,371,51
1,372,37
1,373,37
1,374,59
1,375,66
1,376,57
1,377,40
1,378,70
1,379,55
1,380,47
1,381,48
1,382,45
1,383,49
1,384,34
1,385,54
1,386,45
1,387,50
1,388,48
1,389,59
1,390,47
1,391,48
1,392,47
1,393,58
1,394,48
1,395,57
1,396,48
1,397,51
1,398,49
1,399,47
1,400,46
1,401,39
1,402,50
1,403,47
1,404,54
1,405,58
1,406,43
1,407,55
1,408,56
1,409,59
1,410,43
1,411,45
1,412,38
1,413,38
1,414,55
1,415,43
1,416,43
1,417,49
1,418,38
1,419,54
1,420,54
1,421,56
1,422,49
1,423,48
1,424,48
1,425,33
1,426,49
1,427,44
1,428,43
1,429,48
1,430,41
1,431,53
1,432,57
1,433,48
1,434,53
1,435,48
1,436,43
1,437,44
1,438,47
1,439,48
1,440,48
1,441,46
1,442,41
1,443,42
1,444,49
1,445,42
1,446,48
1,447,45
1,448,51
1,449,40
1,450,44
1,451,54
1,452,49
1,453,43
1,454,51
1,455,34
1,456,33
1,457,56
1,458,34
1,459,43
1,460,45
1,461,40
1,462,48
1,463,45
1,464,49
1,465,42
1,466,36
1,467,36
1,468,54
1,469,50
1,470,55
1,471,33
1,472,38
1,473,47
1,474,42
1,475,39
1,476,37
1,477,52
1,478,33
1,479,47
1,480,51
1,481,39
1,482,50
1,483,44
1,484,52
1,485,62
1,486,48
1,487,51
1,488,39
1,489,36
1,490,47
1,491,38
1,492,42
1,493,36
1,494,41
1,495,37
1,496,53
1,497,30
1,498,44
1,499,52
1,500,46
1,501,32
1,502,54
1,503,54
1,504,46
1,505,46
1,506,50
1,507,55
1,508,35
1,509,47
1,510,44
1,511,53
1,512,39
1,513,47
1,514,43
1,515,38
1,516,40
1,517,33
1,518,46
1,519,47
1,520,41
1,521,45
1,522,39
1,523,53
1,524,39
1,525,38
1,526,41
1,527,58
1,528,45
1,529,46
1,530,36
1,531,39
1,532,39
1,533,43
1,534,37
1,535,47
1,536,32
1,537,47
1,538,43
1,539,40
1,540,47
1,541,41
1,542,52
1,543,41
1,544,39
1,545,37
1,546,40
1,547,39
1,548,48
1,549,51
1,550,49
1,551,38
1,552,53
1,553,41
1,554,42
1,555,38
1,556,41
1,557,49
1,558,49
1,559,53
1,560,41
1,561,42
1,562,42
1,563,28
1,564,42
1,565,45
1,566,45
1,567,41
1,568,44
1,569,43
1,570,50
1,571,37
1,572,33
1,573,54
1,574,30
1,575,40
1,576,40
1,577,42
1,578,35
1,579,41
1,580,46
1,581,33
1,582,49
1,583,34
1,584,40
1,585,44
1,586,39
1,587,34
1,588,38
1,589,41
1,590,26
1,591,32
1,592,40
1,593,39
1,594,41
1,595,25
1,596,42
1,597,51
1,598,45
1,599,46
1,600,29
1,601,38
1,602,41
1,603,28
1,604,34
1,605,33
1,606,32
1,607,34
1,608,39
1,609,28
1,610,37
1,611,43
1,612,42
1,613,37
1,614,18
1,615,39
1,616,37
1,617,33
1,618,45
1,619,47
1,620,44
1,621,41
1,622,40
1,623,42
1,624,29
1,625,31
1,626,38
1,627,31
1,628,40
1,629,35
1,630,51
1,631,33
1,632,29
1,633,37
1,634,28
1,635,41
1,636,45
1,637,29
1,638,41
1,639,36
1,640,39
1,641,42
1,642,38
1,643,34
1,644,29
1,645,33
1,646,44
1,647,23
1,648,36
1,649,33
1,650,43
1,651,38
1,652,38
1,653,38
1,654,36
1,655,25
1,656,32
1,657,34
1,658,35
1,659,35
1,660,33
1,661,39
1,662,26
1,663,36
1,664,31
1,665,35
1,666,46
1,667,34
1,668,40
1,669,40
1,670,36
1,671,37
1,672,45
1,673,35
1,674,39
1,675,45
1,676,36
1,677,27
1,678,35
1,679,31
1,680,41
1,681,45
1,682,28
1,683,32
1,684,47
1,685,32
1,686,34
1,687,23
1,688,30
1,689,34
1,690,33
1,691,33
1,692,43
1,693,29
1,694,28
1,695,29
1,696,35
1,697,30
1,698,37
1,699,36
1,700,28
1,701,38
1,702,40
1,703,30
1,704,35
1,705,35
1,706,39
1,707,31
1,708,30
1,709,26
1,710,32
1,711,32
1,712,37
1,713,41
1,714,40
1,715,22
1,716,38
1,717,37
1,718,42
1,719,29
1,720,27
1,721,47
1,722,16
1,723,36
1,724,29
1,725,30
1,726,38
1,727,32
1,728,25
1,729,38
1,730,33
1,731,28
1,732,36
1,733,29
1,734,34
1,735,29
1,736,36
1,737,37
1,738,32
1,739,29
1,740,38
1,741,35
1,742,38
1,743,37
1,744,37
1,745,32
1,746,39
1,747,31
1,748,27
1,749,33
1,750,33
1,751,27
1,752,33
1,753,26
1,754,26
1,755,28
1,756,34
1,757,26
1,758,32
1,759,41
1,760,26
1,761,38
1,762,34
1,763,37
1,764,30
1,765,22
1,766,31
1,767,24
1,768,30
1,769,29
1,770,24
1,771,22
1,772,32
1,773,33
1,774,22
1,775,22
1,776,33
1,777,34
1,778,25
1,779,26
1,780,30
1,781,35
1,782,22
1,783,39
1,784,37
1,785,37
1,786,29
1,787,33
1,788,30
1,789,35
1,790,30
1,791,22
1,792,39
1,793,32
1,794,34
1,795,37
1,796,26
1,797,40
1,798,34
1,799,28
1,800,33
1,801,25
1,802,29
1,803,32
1,804,28
1,805,29
1,806,35
1,807,33
1,808,24
1,809,25
1,810,31
1,811,27
1,812,27
1,813,39
1,814,33
1,815,32
1,816,29
1,817,34
1,818,35
1,819,28
1,820,31
1,821,23
1,822,19
1,823,29
1,824,25
1,825,36
1,826,35
1,827,25
1,828,24
1,829,27
1,830,23
1,831,39
1,832,26
1,833,26
1,834,28
1,835,36
1,836,25
1,837,36
1,838,34
1,839,26
1,840,23
1,841,25
1,842,32
1,843,25
1,844,18
1,845,33
1,846,27
1,847,27
1,848,22
1,849,26
1,850,26
1,851,18
1,852,30
1,853,35
1,854,29
1,855,16
1,856,28
1,857,34
1,858,29
1,859,22
1,860,26
1,861,28
1,862,30
1,863,31
1,864,23
1,865,32
1,866,19
1,867,25
1,868,26
1,869,30
1,870,25
1,871,27
1,872,24
1,873,23
1,874,37
1,875,28
1,876,25
1,877,24
1,878,33
1,879,31
1,880,25
1,881,25
1,882,21
1,883,21
1,884,30
1,885,19
1,886,15
1,887,23
1,888,37
1,889,30
1,890,33
1,891,23
1,892,31
1,893,29
1,894,23
1,895,19
1,896,27
1,897,25
1,898,27
1,899,22
1,900,23
1,901,25
1,902,28
1,903,23
1,904,23
1,905,24
1,906,28
1,907,26
1,908,18
1,909,29
1,910,16
1,911,33
1,912,32
1,913,26
1,914,28
1,915,23
1,916,26
1,917,30
1,918,31
1,919,15
1,920,21
1,921,23
1,922,27
1,923,29
1,924,19
1,925,40
1,926,30
1,927,32
1,928,28
1,929,23
1,930,25
1,931,27
1,932,28
1,933,22
1,934,28
1,935,30
1,936,28
1,937,27
1,938,28
1,939,25
1,940,25
1,941,28
1,942,29
1,943,28
1,944,20
1,945,27
1,946,30
1,947,30
1,948,18
1,949,22
1,950,25
1,951,23
1,952,20
1,953,24
1,954,28
1,955,25
1,956,24
1,957,25
1,958,24
1,959,27
1,960,31
1,961,29
1,962,30
1,963,17
1,964,35
1,965,28
1,966,20
1,967,14
1,968,24
1,969,22
1,970,26
1,971,18
1,972,30
1,973,26
1,974,24
1,975,28
1,976,26
1,977,34
1,978,25
1,979,20
1,980,32
1,981,24
1,982,24
1,983,27
1,984,21
1,985,21
1,986,27
1,987,22
1,988,23
1,989,21
1,990,25
1,991,21
1,992,18
1,993,21
1,994,26
1,995,25
1,996,26
1,997,18
1,998,24
1,999,26
1,1000,34
1,1001,29
1,1002,27
1,1003,25
1,1004,18
1,1005,21
1,1006,18
1,1007,24
1,1008,24
1,1009,15
1,1010,33
1,1011,27
1,1012,23
1,1013,23
1,1014,19
1,1015,18
1,1016,17
1,1017,28
1,1018,30
1,1019,14
1,1020,22
1,1021,19
1,1022,20
1,1023,26
1,1024,38
1,1025,25
1,1026,29
1,1027,17
1,1028,25
1,1029,21
1,1030,31
1,1031,31
1,1032,22
1,1033,19
1,1034,26
1,1035,25
1,1036,24
1,1037,19
1,1038,19
1,1039,14
1,1040,30
1,1041,22
1,1042,36
1,1043,17
1,1044,22
1,1045,25
1,1046,24
1,1047,30
1,1048,16
1,1049,22
1,1050,25
1,1051,26
1,1052,30
1,1053,16
1,1054,13
1,1055,21
1,1056,15
1,1057,26
1,1058,18
1,1059,30
1,1060,27
1,1061,25
1,1062,28
1,1063,21
1,1064,20
1,1065,34
1,1066,12
1,1067,19
1,1068,15
1,1069,18
1,1070,29
1,1071,14
1,1072,19
1,1073,15
1,1074,19
1,1075,28
1,1076,26
1,1077,20
1,1078,24
1,1079,15
1,1080,23
1,1081,23
1,1082,26
1,1083,22
1,1084,25
1,1085,23
1,1086,15
1,1087,24
1,1088,20
1,1089,27
1,1090,20
1,1091,21
1,1092,25
1,1093,14
1,1094,10
1,1095,19
1,1096,20
1,1097,15
1,1098,13
1,1099,16
1,1100,21
1,1101,26
1,1102,25
1,1103,31
1,1104,14
1,1105,19
1,1106,24
1,1107,17
1,1108,21
1,1109,18
1,1110,18
1,1111,21
1,1112,26
1,1113,27
1,1114,15
1,1115,18
1,1116,28
1,1117,16
1,1118,19
1,1119,21
1,1120,23
1,1121,23
1,1122,16
1,1123,20
1,1124,16
1,1125,15
1,1126,24
1,1127,22
1,1128,16
1,1129,21
1,1130,15
1,1131,23
1,1132,19
1,1133,20
1,1134,17
1,1135,24
1,1136,11
1,1137,17
1,1138,20
1,1139,14
1,1140,11
1,1141,16
1,1142,19
1,1143,23
1,1144,17
1,1145,17
1,1146,21
1,1147,18
1,1148,15
1,1149,18
1,1150,15
1,1151,16
1,1152,23
1,1153,18
1,1154,23
1,1155,17
1,1156,17
1,1157,20
1,1158,17
1,1159,17
1,1160,22
1,1161,18
1,1162,20
1,1163,20
1,1164,21
1,1165,21
1,1166,26
1,1167,16
1,1168,18
1,1169,19
1,1170,18
1,1171,22
1,1172,28
1,1173,23
1,1174,28
1,1175,15
1,1176,16
1,1177,13
1,1178,22
1,1179,22
1,1180,22
1,1181,11
1,1182,19
1,1183,9
1,1184,25
1,1185,18
1,1186,30
1,1187,12
1,1188,18
1,1189,17
1,1190,17
1,1191,16
1,1192,18
1,1193,15
1,1194,20
1,1195,17
1,1196,18
1,1197,9
1,1198,20
1,1199,20
1,1200,20
1,1201,19
1,1202,7
1,1203,26
1,1204,18
1,1205,24
1,1206,17
1,1207,21
1,1208,18
1,1209,19
1,1210,16
1,1211,10
1,1212,9
1,1213,15
1,1214,13
1,1215,22
1,1216,21
1,1217,23
1,1218,15
1,1219,19
1,1220,23
1,1221,17
1,1222,20
1,1223,19
1,1224,14
1,1225,23
1,1226,20
1,1227,17
1,1228,18
1,1229,16
1,1230,19
1,1231,20
1,1232,14
1,1233,14
1,1234,5
1,1235,16
1,1236,17
1,1237,18
1,1238,18
1,1239,17
1,1240,14
1,1241,15
1,1242,18
1,1243,17
1,1244,22
1,1245,28
1,1246,19
1,1247,20
1,1248,15
1,1249,18
1,1250,15
1,1251,14
1,1252,20
1,1253,13
1,1254,13
1,1255,11
1,1256,13
1,1257,15
1,1258,14
1,1259,21
1,1260,12
1,1261,15
1,1262,23
1,1263,12
1,1264,12
1,1265,22
1,1266,17
1,1267,20
1,1268,9
1,1269,15
1,1270,14
1,1271,16
1,1272,15
1,1273,12
1,1274,16
1,1275,19
1,1276,19
1,1277,10
1,1278,11
1,1279,16
1,1280,18
1,1281,19
1,1282,15
1,1283,16
1,1284,20
1,1285,18
1,1286,12
1,1287,24
1,1288,7
1,1289,26
1,1290,13
1,1291,13
1,1292,18
1,1293,16
1,1294,17
1,1295,17
1,1296,10
1,1297,19
1,1298,11
1,1299,19
1,1300,10
1,1301,21
1,1302,18
1,1303,22
1,1304,19
1,1305,8
1,1306,16
1,1307,16
1,1308,12
1,1309,20
1,1310,10
1,1311,13
1,1312,13
1,1313,11
1,1314,16
1,1315,16
1,1316,19
1,1317,15
1,1318,13
1,1319,15
1,1320,8
1,1321,12
1,1322,12
1,1323,23
1,1324,13
1,1325,14
1,1326,11
1,1327,14
1,1328,18
1,1329,12
1,1330,18
1,1331,14
1,1332,12
1,1333,15
1,1334,9
1,1335,14
1,1336,12
1,1337,15
1,1338,14
1,1339,15
1,1340,13
1,1341,18
1,1342,15
1,1343,16
1,1344,16
1,1345,7
1,1346,4
1,1347,15
1,1348,15
1,1349,10
1,1350,8
1,1351,14
1,1352,16
1,1353,21
1,1354,13
1,1355,12
1,1356,13
1,1357,11
1,1358,13
1,1359,11
1,1360,10
1,1361,19
1,1362,15
1,1363,11
1,1364,12
1,1365,13
1,1366,16
1,1367,12
1,1368,11
1,1369,5
1,1370,9
1,1371,8
1,1372,17
1,1373,9
1,1374,17
1,1375,15
1,1376,11
1,1377,14
1,1378,12
1,1379,11
1,1380,12
1,1381,17
1,1382,16
1,1383,13
1,1384,13
1,1385,15
1,1386,8
1,1387,8
1,1388,6
1,1389,20
1,1390,13
1,1391,12
1,1392,11
1,1393,14
1,1394,11
1,1395,10
1,1396,13
1,1397,17
1,1398,7
1,1399,9
1,1400,17
1,1401,5
1,1402,19
1,1403,12
1,1404,12
1,1405,10
1,1406,8
1,1407,18
1,1408,16
1,1409,8
1,1410,15
1,1411,19
1,1412,12
1,1413,11
1,1414,15
1,1415,12
1,1416,14
1,1417,16
1,1418,9
1,1419,9
1,1420,11
1,1421,13
1,1422,14
1,1423,14
1,1424,16
1,1425,6
1,1426,10
1,1427,11
1,1428,5
1,1429,15
1,1430,7
1,1431,18
1,1432,8
1,1433,14
1,1434,12
1,1435,10
1,1436,12
1,1437,7
1,1438,19
1,1439,8
1,1440,11
1,1441,9
1,1442,14
1,1443,13
1,1444,6
1,1445,11
1,1446,10
1,1447,12
1,1448,19
1,1449,14
1,1450,10
1,1451,6
1,1452,12
1,1453,9
1,1454,6
1,1455,11
1,1456,10
1,1457,14
1,1458,12
1,1459,12
1,1460,13
1,1461,6
1,1462,6
1,1463,10
1,1464,10
1,1465,17
1,1466,20
1,1467,16
1,1468,10
1,1469,16
1,1470,8
1,1471,12
1,1472,9
1,1473,9
1,1474,13
1,1475,6
1,1476,8
1,1477,12
1,1478,5
1,1479,13
1,1480,5
1,1481,13
1,1482,11
1,1483,9
1,1484,6
1,1485,13
1,1486,14
1,1487,10
1,1488,11
1,1489,11
1,1490,10
1,1491,5
1,1492,8
1,1493,11
1,1494,5
1,1495,6
1,1496,4
1,1497,5
1,1498,11
1,1499,10
1,1500,11
1,1501,5
1,1502,11
1,1503,3
1,1504,11
1,1505,7
1,1506,11
1,1507,8
1,1508,9
1,1509,12
1,1510,11
1,1511,6
1,1512,14
1,1513,15
1,1514,10
1,1515,9
1,1516,8
1,1517,11
1,1518,11
1,1519,7
1,1520,14
1,1521,8
1,1522,9
1,1523,6
1,1524,7
1,1525,7
1,1526,10
1,1527,6
1,1528,8
1,1529,5
1,1530,8
1,1531,7
1,1532,10
1,1533,6
1,1534,9
1,1535,5
1,1536,10
1,1537,10
1,1538,12
1,1539,7
1,1540,10
1,1541,10
1,1542,13
1,1543,14
1,1544,8
1,1545,10
1,1546,10
1,1547,11
1,1548,9
1,1549,9
1,1550,3
1,1551,5
1,1552,7
1,1553,6
1,1554,4
1,1555,9
1,1556,5
1,1557,11
1,1558,8
1,1559,6
1,1560,9
1,1561,7
1,1562,12
1,1563,9
1,1564,10
1,1565,6
1,1566,12
1,1567,14
1,1568,13
1,1569,9
1,1570,4
1,1571,9
1,1572,14
1,1573,9
1,1574,8
1,1575,14
1,1576,7
1,1577,10
1,1578,4
1,1579,5
1,1580,4
1,1581,11
1,1582,8
1,1583,6
1,1584,13
1,1585,10
1,1586,7
1,1587,9
1,1588,4
1,1589,9
1,1590,4
1,1591,12
1,1592,13
1,1593,8
1,1594,3
1,1595,8
1,1596,10
1,1597,10
1,1598,4
1,1599,8
1,1600,12
1,1601,8
1,1602,6
1,1603,13
1,1604,12
1,1605,9
1,1606,10
1,1607,8
1,1608,11
1,1609,8
1,1610,4
1,1611,10
1,1612,2
1,1613,6
1,1614,8
1,1615,8
1,1616,10
1,1617,8
1,1618,8
1,1619,9
1,1620,9
1,1621,8
1,1622,12
1,1623,7
1,1624,7
1,1625,9
1,1626,6
1,1627,11
1,1628,4
1,1629,5
1,1630,11
1,1631,7
1,1632,9
1,1633,10
1,1634,4
1,1635,6
1,1636,13
1,1637,3
1,1638,13
1,1639,11
1,1640,6
1,1641,6
1,1642,7
1,1643,7
1,1644,9
1,1645,4
1,1646,7
1,1647,4
1,1648,4
1,1649,9
1,1650,9
1,1651,7
1,1652,13
1,1653,5
1,1654,9
1,1655,8
1,1656,7
1,1657,7
1,1658,3
1,1659,3
1,1660,6
1,1661,4
1,1662,3
1,1663,10
1,1664,2
1,1665,7
1,1666,6
1,1667,9
1,1668,5
1,1669,7
1,1670,5
1,1671,7
1,1672,3
1,1673,11
1,1674,6
1,1675,2
1,1676,6
1,1677,5
1,1678,11
1,1679,15
1,1680,3
1,1681,11
1,1682,8
1,1683,7
1,1684,6
1,1685,7
1,1686,8
1,1687,5
1,1688,10
1,1689,8
1,1690,7
1,1691,7
1,1692,9
1,1693,3
1,1694,3
1,1695,8
1,1696,3
1,1697,6
1,1698,7
1,1699,6
1,1700,2
1,1701,6
1,1702,5
1,1703,2
1,1704,6
1,1705,5
1,1706,10
1,1707,8
1,1708,7
1,1709,6
1,1710,6
1,1711,8
1,1712,4
1,1713,5
1,1714,6
1,1715,2
1,1716,7
1,1717,7
1,1718,6
1,1719,8
1,1720,4
1,1721,5
1,1722,6
1,1723,6
1,1724,5
1,1725,11
1,1726,13
1,1727,4
1,1728,6
1,1729,5
1,1730,8
1,1731,8
1,1732,4
1,1733,4
1,1734,2
1,1735,4
1,1736,10
1,1737,8
1,1738,2
1,1739,1
1,1740,7
1,1741,4
1,1742,6
1,1743,4
1,1744,11
1,1745,2
1,1746,5
1,1747,5
1,1748,6
1,1749,7
1,1750,7
1,1751,8
1,1752,6
1,1753,4
1,1754,6
1,1755,6
1,1756,7
1,1757,4
1,1758,6
1,1759,7
1,1760,6
1,1761,9
1,1762,8
1,1763,13
1,1764,8
1,1765,1
1,1766,10
1,1767,8
1,1768,9
1,1769,9
1,1770,9
1,1771,3
1,1772,6
1,1773,3
1,1774,8
1,1775,6
1,1776,8
1,1777,9
1,1778,7
1,1779,1
1,1780,5
1,1781,5
1,1782,4
1,1783,1
1,1784,3
1,1785,6
1,1786,5
1,1787,3
1,1788,7
1,1789,5
1,1790,9
1,1791,4
1,1792,2
1,1793,7
1,1794,8
1,1795,5
1,1796,4
1,1797,4
1,1798,6
1,1799,3
1,1800,3
1,1801,4
1,1802,6
1,1803,3
1,1804,7
1,1805,6
1,1806,3
1,1807,6
1,1808,1
1,1809,5
1,1810,6
1,1811,6
1,1812,9
1,1813,4
1,1814,8
1,1815,3
1,1816,4
1,1817,7
1,1818,10
1,1819,7
1,1820,5
1,1821,5
1,1822,5
1,1823,6
1,1824,4
1,1825,4
1,1826,8
1,1827,4
1,1828,4
1,1829,7
1,1830,7
1,1831,1
1,1832,5
1,1833,5
1,1834,4
1,1835,8
1,1836,4
1,1837,7
1,1838,1
1,1839,8
1,1840,7
1,1841,7
1,1842,4
1,1843,9
1,1844,8
1,1845,5
1,1846,3
1,1847,2
1,1848,5
1,1849,4
1,1851,6
1,1852,4
1,1853,2
1,1854,6
1,1855,1
1,1856,4
1,1857,2
1,1858,2
1,1859,1
1,1860,3
1,1861,3
1,1862,5
1,1863,9
1,1864,6
1,1865,4
1,1866,3
1,1867,2
1,1868,6
1,1869,7
1,1870,4
1,1871,4
1,1872,2
1,1873,9
1,1874,6
1,1875,3
1,1876,6
1,1877,5
1,1878,2
1,1879,4
1,1880,6
1,1881,3
1,1882,2
1,1883,5
1,1884,7
1,1885,1
1,1886,6
1,1887,3
1,1888,3
1,1889,5
1,1890,7
1,1891,6
1,1892,2
1,1894,5
1,1895,7
1,1896,4
1,1897,3
1,1898,7
1,1899,6
1,1900,4
1,1901,5
1,1902,3
1,1903,6
1,1904,3
1,1905,6
1,1906,3
1,1907,4
1,1908,3
1,1909,5
1,1910,2
1,1911,4
1,1912,6
1,1913,6
1,1914,6
1,1915,8
1,1916,8
1,1917,5
1,1918,2
1,1919,6
1,1920,1
1,1921,2
1,1923,5
1,1924,7
1,1925,2
1,1926,3
1,1927,5
1,1928,2
1,1929,3
1,1930,3
1,1931,2
1,1932,7
1,1933,6
1,1934,2
1,1935,7
1,1936,7
1,1937,4
1,1938,3
1,1939,3
1,1940,5
1,1941,7
1,1942,3
1,1943,6
1,1944,5
1,1945,9
1,1946,3
1,1947,4
1,1948,3
1,1949,5
1,1950,3
1,1951,2
1,1952,5
1,1953,7
1,1954,5
1,1955,8
1,1956,2
1,1957,5
1,1958,4
1,1959,3
1,1960,2
1,1961,2
1,1962,2
1,1963,4
1,1964,2
1,1965,5
1,1966,2
1,1967,3
1,1968,4
1,1969,4
1,1970,3
1,1972,3
1,1973,5
1,1974,3
1,1975,5
1,1976,1
1,1977,6
1,1978,4
1,1979,2
1,1980,3
1,1981,6
1,1982,4
1,1983,3
1,1984,3
1,1985,3
1,1986,4
1,1988,1
1,1989,4
1,1990,7
1,1991,5
1,1992,3
1,1993,6
1,1994,4
1,1995,1
1,1996,5
1,1997,1
1,1998,4
1,1999,8
1,2000,4
1,2001,5
1,2002,2
1,2003,4
1,2004,4
1,2005,5
1,2006,1
1,2007,4
1,2008,3
1,2009,3
1,2010,5
1,2011,4
1,2012,2
1,2013,4
1,2014,1
1,2015,1
1,2016,4
1,2017,5
1,2018,8
1,2019,1
1,2020,3
1,2021,8
1,2022,6
1,2023,3
1,2024,2
1,2025,6
1,2026,4
1,2028,2
1,2029,3
1,2030,3
1,2031,2
1,2032,3
1,2033,5
1,2034,5
1,2035,5
1,2036,2
1,2037,9
1,2038,5
1,2039,1
1,2040,1
1,2041,5
1,2042,2
1,2044,4
1,2045,4
1,2046,2
1,2047,3
1,2048,4
1,2049,3
1,2050,1
1,2051,4
1,2052,6
1,2053,3
1,2054,4
1,2055,4
1,2056,1
1,2057,4
1,2058,2
1,2059,1
1,2060,4
1,2061,1
1,2062,2
1,2063,2
1,2065,7
1,2066,3
1,2067,2
1,2068,5
1,2069,1
1,2070,2
1,2071,2
1,2072,2
1,2073,4
1,2074,1
1,2075,4
1,2076,5
1,2078,3
1,2079,4
1,2080,1
1,2081,2
1,2082,5
1,2083,2
1,2084,3
1,2085,1
1,2086,1
1,2087,2
1,2088,2
1,2089,2
1,2090,2
1,2091,1
1,2092,7
1,2093,3
1,2094,1
1,2095,1
1,2096,2
1,2097,2
1,2098,1
1,2099,1
1,2100,2
1,2101,4
1,2102,5
1,2103,3
1,2104,2
1,2105,4
1,2106,5
1,2107,6
1,2108,5
1,2109,1
1,2110,3
1,2111,4
1,2113,4
1,2114,1
1,2116,2
1,2117,1
1,2118,3
1,2120,6
1,2122,1
1,2125,2
1,2127,1
1,2128,3
1,2129,4
1,2130,1
1,2131,6
1,2132,4
1,2133,2
1,2134,3
1,2136,1
1,2137,2
1,2138,1
1,2139,4
1,2140,3
1,2141,4
1,2142,3
1,2145,1
1,2146,2
1,2147,2
1,2149,2
1,2150,5
1,2152,3
1,2154,4
1,2155,4
1,2156,2
1,2157,2
1,2159,3
1,2160,1
1,2161,3
1,2162,2
1,2163,2
1,2164,3
1,2165,3
1,2166,5
1,2167,1
1,2168,4
1,2169,2
1,2170,3
1,2172,2
1,2173,1
1,2174,1
1,2176,2
1,2177,3
1,2178,2
1,2179,6
1,2180,2
1,2181,4
1,2182,5
1,2183,1
1,2184,1
1,2185,2
1,2186,1
1,2188,3
1,2189,1
1,2190,2
1,2191,1
1,2192,1
1,2193,3
1,2194,2
1,2195,4
1,2196,3
1,2197,1
1,2199,1
1,2200,1
1,2201,2
1,2202,3
1,2203,2
1,2204,2
1,2205,2
1,2206,2
1,2207,4
1,2208,3
1,2209,3
1,2210,3
1,2211,4
1,2212,3
1,2213,1
1,2214,5
1,2216,3
1,2217,3
1,2218,3
1,2219,2
1,2220,1
1,2221,1
1,2222,3
1,2223,4
1,2224,3
1,2225,2
1,2226,1
1,2227,1
1,2228,3
1,2230,2
1,2231,1
1,2232,2
1,2233,3
1,2234,3
1,2236,1
1,2237,1
1,2238,1
1,2239,3
1,2241,4
1,2242,3
1,2243,2
1,2244,3
1,2245,2
1,2247,3
1,2248,1
1,2250,4
1,2251,1
1,2252,1
1,2253,1
1,2254,1
1,2255,1
1,2256,3
1,2257,1
1,2258,2
1,2260,2
1,2261,2
1,2262,1
1,2263,2
1,2264,2
1,2265,4
1,2267,1
1,2268,2
1,2270,2
1,2271,2
1,2272,2
1,2273,6
1,2274,1
1,2275,2
1,2276,2
1,2278,2
1,2279,2
1,2280,1
1,2281,3
1,2282,2
1,2283,1
1,2285,1
1,2286,3
1,2287,1
1,2288,2
1,2289,3
1,2290,1
1,2292,1
1,2293,2
1,2295,1
1,2297,3
1,2299,2
1,2300,1
1,2303,2
1,2304,2
1,2305,2
1,2306,1
1,2307,1
1,2308,1
1,2309,2
1,2311,1
1,2312,1
1,2313,1
1,2314,1
1,2315,1
1,2316,1
1,2317,1
1,2320,2
1,2321,2
1,2323,1
1,2324,4
1,2325,1
1,2326,1
1,2329,4
1,2330,1
1,2331,1
1,2332,1
1,2335,1
1,2336,2
1,2337,1
1,2339,2
1,2340,1
1,2341,1
1,2342,2
1,2343,1
1,2344,1
1,2345,3
1,2347,2
1,2350,2
1,2351,3
1,2352,4
1,2353,1
1,2354,1
1,2355,4
1,2356,2
1,2357,3
1,2358,1
1,2359,1
1,2360,1
1,2361,2
1,2362,2
1,2364,2
1,2365,2
1,2367,1
1,2369,1
1,2370,1
1,2371,2
1,2373,1
1,2374,2
1,2375,2
1,2376,1
1,2377,1
1,2379,2
1,2380,3
1,2381,1
1,2383,1
1,2385,1
1,2386,3
1,2387,1
1,2389,2
1,2390,2
1,2391,3
1,2393,3
1,2394,2
1,2395,3
1,2396,1
1,2397,1
1,2398,1
1,2399,1
1,2400,1
1,2401,1
1,2403,1
1,2404,4
1,2405,3
1,2406,2
1,2407,2
1,2408,1
1,2410,3
1,2414,2
1,2415,1
1,2416,2
1,2418,1
1,2419,2
1,2422,2
1,2424,3
1,2425,1
1,2428,3
1,2429,1
1,2430,2
1,2431,1
1,2432,1
1,2433,2
1,2434,3
1,2436,1
1,2438,3
1,2439,2
1,2441,1
1,2442,1
1,2443,4
1,2446,3
1,2447,3
1,2448,1
1,2450,2
1,2451,2
1,2452,2
1,2453,1
1,2455,1
1,2457,2
1,2458,4
1,2460,1
1,2465,4
1,2466,3
1,2467,2
1,2468,1
1,2469,1
1,2470,1
1,2472,2
1,2473,1
1,2474,1
1,2475,2
1,2477,4
1,2478,1
1,2480,1
1,2481,2
1,2482,1
1,2485,1
1,2491,3
1,2492,3
1,2494,1
1,2495,2
1,2496,1
1,2498,1
1,2499,4
1,2500,1
1,2502,4
1,2503,1
1,2504,2
1,2505,4
1,2508,3
1,2511,1
1,2512,1
1,2513,1
1,2514,1
1,2515,1
1,2516,1
1,2517,2
1,2518,3
1,2519,2
1,2520,1
1,2521,1
1,2522,1
1,2523,1
1,2524,1
1,2525,1
1,2528,1
1,2530,1
1,2531,2
1,2537,1
1,2538,1
1,2539,1
1,2541,2
1,2543,1
1,2544,2
1,2545,2
1,2547,2
1,2549,1
1,2550,2
1,2551,1
1,2553,1
1,2554,1
1,2558,2
1,2559,2
1,2560,1
1,2561,1
1,2563,2
1,2567,1
1,2568,1
1,2569,1
1,2570,2
1,2571,3
1,2574,1
1,2575,2
1,2576,1
1,2579,1
1,2580,1
1,2581,1
1,2582,1
1,2584,1
1,2585,1
1,2590,1
1,2591,1
1,2594,1
1,2596,1
1,2597,1
1,2600,2
1,2605,1
1,2606,3
1,2608,1
1,2610,3
1,2611,2
1,2612,1
1,2614,1
1,2616,1
1,2618,2
1,2623,2
1,2625,2
1,2626,1
1,2627,1
1,2632,1
1,2633,1
1,2634,2
1,2635,1
1,2637,4
1,2638,1
1,2639,1
1,2641,2
1,2642,2
1,2646,1
1,2649,1
1,2650,2
1,2655,1
1,2656,1
1,2658,1
1,2659,3
1,2661,2
1,2662,1
1,2664,2
1,2665,1
1,2667,1
1,2669,3
1,2670,1
1,2671,2
1,2672,3
1,2673,1
1,2674,1
1,2676,1
1,2677,2
1,2678,1
1,2680,1
1,2681,2
1,2685,2
1,2690,2
1,2692,1
1,2695,1
1,2697,2
1,2707,2
1,2709,1
1,2710,1
1,2713,1
1,2714,1
1,2715,1
1,2718,2
1,2720,1
1,2723,2
1,2724,1
1,2726,1
1,2729,1
1,2730,1
1,2731,2
1,2732,1
1,2735,1
1,2736,1
1,2738,1
1,2739,1
1,2740,1
1,2742,1
1,2746,1
1,2747,2
1,2748,1
1,2751,2
1,2752,1
1,2753,1
1,2754,1
1,2755,1
1,2758,2
1,2759,1
1,2761,1
1,2765,1
1,2771,1
1,2774,2
1,2775,1
1,2776,1
1,2777,2
1,2778,1
1,2781,1
1,2782,1
1,2784,1
1,2785,1
1,2786,1
1,2788,1
1,2791,1
1,2793,1
1,2794,1
1,2796,1
1,2799,1
1,2800,1
1,2801,2
1,2803,3
1,2804,1
1,2805,1
1,2813,1
1,2818,1
1,2821,1
1,2825,1
1,2826,1
1,2830,1
1,2831,1
1,2838,1
1,2840,1
1,2846,2
1,2847,2
1,2848,1
1,2849,1
1,2851,1
1,2852,1
1,2854,1
1,2856,2
1,2858,1
1,2859,1
1,2860,1
1,2866,1
1,2875,1
1,2885,1
1,2886,1
1,2890,3
1,2892,2
1,2899,1
1,2901,1
1,2902,1
1,2906,1
1,2907,1
1,2910,2
1,2912,1
1,2913,1
1,2914,2
1,2915,1
1,2917,1
1,2920,1
1,2921,1
1,2925,1
1,2930,1
1,2936,1
1,2937,1
1,2939,1
1,2948,2
1,2949,1
1,2951,1
1,2954,2
1,2955,1
1,2957,1
1,2960,1
1,2968,1
1,2971,1
1,2974,1
1,2977,1
1,2980,1
1,2982,1
1,2983,1
1,2985,1
1,2988,2
1,2989,2
1,2994,2
1,3000,1
1,3003,2
1,3004,1
1,3010,2
1,3012,1
1,3016,1
1,3019,1
1,3021,1
1,3023,1
1,3035,2
1,3038,1
1,3050,2
1,3052,1
1,3057,1
1,3061,2
1,3064,1
1,3071,2
1,3075,1
1,3077,1
1,3079,2
1,3083,1
1,3090,2
1,3092,1
1,3103,1
1,3105,1
1,3109,1
1,3113,1
1,3114,1
1,3117,1
1,3121,2
1,3145,1
1,3151,1
1,3155,1
1,3158,1
1,3160,1
1,3161,1
1,3169,2
1,3172,3
1,3173,1
1,3180,1
1,3190,1
1,3197,2
1,3201,1
1,3207,1
1,3226,1
1,3231,1
1,3235,1
1,3244,1
1,3251,1
1,3262,1
1,3269,1
1,3284,1
1,3290,1
1,3291,1
1,3296,1
1,3303,1
1,3310,1
1,3315,1
1,3323,1
1,3331,1
1,3338,1
1,3356,1
1,3362,1
1,3370,1
1,3380,1
1,3382,1
1,3384,1
1,3386,1
1,3391,1
1,3393,1
1,3395,1
1,3412,2
1,3414,1
1,3422,1
1,3424,1
1,3449,1
1,3462,1
1,3466,1
1,3471,1
1,3477,1
1,3486,1
1,3493,1
1,3497,1
1,3501,1
1,3536,1
1,3542,1
1,3590,1
1,3630,1
1,3638,1
1,3640,1
1,3646,1
1,3649,1
1,3651,1
1,3652,1
1,3659,1
1,3690,1
1,3704,1
1,3706,1
1,3724,1
1,3734,1
1,3736,1
1,3764,1
1,3803,1
1,3809,1
1,3817,1
1,3853,1
1,3893,1
1,3896,1
1,3932,1
1,3984,1
1,4046,1
1,4118,1
1,4169,1
1,4343,1
1,4642,1
1,5054,1
2,133,1
2,137,1
2,319,1
3,15,24
3,16,24
3,17,23
3,18,27
3,19,28
3,20,25
3,21,24
3,22,35
3,23,24
3,24,31
3,25,35
3,26,27
3,27,27
3,28,39
3,29,37
3,30,22
3,31,18
3,32,27
3,33,16
3,34,19
3,35,30
3,36,26
3,37,36
3,38,28
3,39,28
3,40,29
3,41,19
3,42,27
3,43,30
3,44,37
3,45,33
3,46,32
3,47,37
3,48,38
3,49,40
3,50,31
3,51,35
3,52,47
3,53,27
3,54,31
3,55,42
3,56,42
3,57,35
3,58,29
3,59,37
3,60,49
3,61,37
3,62,55
3,63,48
3,64,56
3,65,48
3,66,48
3,67,45
3,68,47
3,69,44
3,70,55
3,71,53
3,72,55
3,73,52
3,74,41
3,75,50
3,76,64
3,77,49
3,78,56
3,79,62
3,80,56
3,81,39
3,82,60
3,83,52
3,84,52
3,85,51
3,86,50
3,87,36
3,88,41
3,89,45
3,90,56
3,91,49
3,92,49
3,93,40
3,94,60
3,95,50
3,96,65
3,97,66
3,98,69
3,99,40
3,100,39
3,101,59
3,102,67
3,103,54
3,104,53
3,105,67
3,106,47
3,107,59
3,108,55
3,109,56
3,110,59
3,111,45
3,112,49
3,113,65
3,114,61
3,115,52
3,116,47
3,117,38
3,118,55
3,119,51
3,120,67
3,121,61
3,122,59
3,123,50
3,124,61
3,125,59
3,126,47
3,127,34
3,128,55
3,129,70
3,130,51
3,131,58
3,132,50
3,133,53
3,134,48
3,135,67
3,136,52
3,137,62
3,138,41
3,139,61
3,140,57
3,141,58
3,142,71
3,143,49
3,144,50
3,145,56
3,146,40
3,147,36
3,148,60
3,149,54
3,150,59
3,151,52
3,152,46
3,153,45
3,154,61
3,155,42
3,156,60
3,157,40
3,158,47
3,159,60
3,160,55
3,161,60
3,162,54
3,163,48
3,164,56
3,165,48
3,166,62
3,167,50
3,168,43
3,169,53
3,170,44
3,171,47
3,172,56
3,173,42
3,174,65
3,175,57
3,176,56
3,177,57
3,178,43
3,179,53
3,180,35
3,181,46
3,182,61
3,183,40
3,184,43
3,185,47
3,186,55
3,187,35
3,188,56
3,189,37
3,190,74
3,191,52
3,192,44
3,193,45
3,194,43
3,195,45
3,196,43
3,197,49
3,198,54
3,199,45
3,200,58
3,201,62
3,202,40
3,203,48
3,204,55
3,205,48
3,206,52
3,207,50
3,208,47
3,209,45
3,210,45
3,211,50
3,212,54
3,213,44
3,214,44
3,215,47
3,216,39
3,217,45
3,218,48
3,219,54
3,220,40
3,221,54
3,222,54
3,223,43
3,224,32
3,225,43
3,226,45
3,227,60
3,228,50
3,229,45
3,230,52
3,231,43
3,232,47
3,233,55
3,234,52
3,235,54
3,236,53
3,237,43
3,238,31
3,239,55
3,240,36
3,241,58
3,242,42
3,243,49
3,244,47
3,245,38
3,246,45
3,247,34
3,248,38
3,249,51
3,250,34
3,251,37
3,252,45
3,253,34
3,254,41
3,255,31
3,256,38
3,257,35
3,258,27
3,259,34
3,260,38
3,261,39
3,262,35
3,263,35
3,264,35
3,265,29
3,266,36
3,267,41
3,268,39
3,269,33
3,270,43
3,271,35
3,272,30
3,273,37
3,274,42
3,275,41
3,276,38
3,277,31
3,278,24
3,279,28
3,280,35
3,281,41
3,282,45
3,283,37
3,284,31
3,285,38
3,286,33
3,287,32
3,288,27
3,289,42
3,290,43
3,291,46
3,292,32
3,293,25
3,294,35
3,295,25
3,296,28
3,297,43
3,298,33
3,299,33
3,300,33
3,301,47
3,302,37
3,303,35
3,304,37
3,305,46
3,306,28
3,307,44
3,308,27
3,309,39
3,310,40
3,311,36
3,312,30
3,313,39
3,314,39
3,315,26
3,316,32
3,317,40
3,318,34
3,319,37
3,320,33
3,321,39
3,322,28
3,323,19
3,324,37
3,325,37
3,326,34
3,327,33
3,328,30
3,329,36
3,330,34
3,331,27
3,332,24
3,333,38
3,334,34
3,335,34
3,336,37
3,337,25
3,338,28
3,339,38
3,340,35
3,341,39
3,342,29
3,343,34
3,344,43
3,345,30
3,346,33
3,347,34
3,348,39
3,349,36
3,350,30
3,351,35
3,352,39
3,353,32
3,354,26
3,355,41
3,356,45
3,357,38
3,358,29
3,359,29
3,360,46
3,361,27
3,362,27
3,363,33
3,364,32
3,365,31
3,366,32
3,367,39
3,368,26
3,369,34
3,370,27
3,371,18
3,372,31
3,373,26
3,374,26
3,375,27
3,376,23
3,377,27
3,378,38
3,379,28
3,380,30
3,381,22
3,382,28
3,383,25
3,384,25
3,385,32
3,386,15
3,387,30
3,388,34
3,389,22
3,390,29
3,391,30
3,392,25
3,393,27
3,394,21
3,395,26
3,396,33
3,397,30
3,398,30
3,399,32
3,400,24
3,401,25
3,402,24
3,403,23
3,404,24
3,405,26
3,406,25
3,407,24
3,408,24
3,409,30
3,410,32
3,411,24
3,412,36
3,413,30
3,414,30
3,415,26
3,416,25
3,417,28
3,418,20
3,419,33
3,420,26
3,421,22
3,422,26
3,423,30
3,424,25
3,425,19
3,426,29
3,427,21
3,428,31
3,429,25
3,430,26
3,431,22
3,432,25
3,433,32
3,434,25
3,435,35
3,436,25
3,437,20
3,438,23
3,439,30
3,440,25
3,441,34
3,442,26
3,443,24
3,444,30
3,445,29
3,446,20
3,447,24
3,448,37
3,449,26
3,450,25
3,451,31
3,452,27
3,453,20
3,454,24
3,455,31
3,456,20
3,457,23
3,458,22
3,459,26
3,460,19
3,461,25
3,462,22
3,463,29
3,464,23
3,465,32
3,466,18
3,467,23
3,468,23
3,469,27
3,470,28
3,471,18
3,472,24
3,473,32
3,474,26
3,475,16
3,476,26
3,477,18
3,478,19
3,479,25
3,480,24
3,481,27
3,482,21
3,483,18
3,484,20
3,485,24
3,486,17
3,487,27
3,488,24
3,489,20
3,490,19
3,491,19
3,492,25
3,493,27
3,494,15
3,495,24
3,496,20
3,497,23
3,498,28
3,499,23
3,500,19
3,501,23
3,502,25
3,503,25
3,504,17
3,505,26
3,506,15
3,507,17
3,508,24
3,509,18
3,510,20
3,511,19
3,512,21
3,513,25
3,514,22
3,515,21
3,516,16
3,517,22
3,518,14
3,519,24
3,520,23
3,521,20
3,522,20
3,523,19
3,524,18
3,525,17
3,526,16
3,527,18
3,528,20
3,529,21
3,530,16
3,531,26
3,532,22
3,533,23
3,534,32
3,535,16
3,536,26
3,537,12
3,538,20
3,539,19
3,540,14
3,541,18
3,542,16
3,543,18
3,544,21
3,545,14
3,546,18
3,547,25
3,548,19
3,549,26
3,550,16
3,551,16
3,552,17
3,553,19
3,554,15
3,555,21
3,556,13
3,557,18
3,558,26
3,559,17
3,560,17
3,561,19
3,562,18
3,563,16
3,564,11
3,565,11
3,566,24
3,567,22
3,568,12
3,569,22
3,570,16
3,571,16
3,572,18
3,573,16
3,574,21
3,575,19
3,576,12
3,577,16
3,578,15
3,579,15
3,580,21
3,581,16
3,582,13
3,583,25
3,584,17
3,585,9
3,586,23
3,587,18
3,588,16
3,589,15
3,590,10
3,591,14
3,592,14
3,593,17
3,594,13
3,595,17
3,596,16
3,597,11
3,598,11
3,599,22
3,600,18
3,601,22
3,602,17
3,603,13
3,604,23
3,605,20
3,606,16
3,607,10
3,608,23
3,609,7
3,610,17
3,611,13
3,612,15
3,613,15
3,614,17
3,615,19
3,616,13
3,617,15
3,618,18
3,619,16
3,620,14
3,621,16
3,622,17
3,623,13
3,624,13
3,625,18
3,626,14
3,627,14
3,628,11
3,629,13
3,630,18
3,631,17
3,632,17
3,633,15
3,634,15
3,635,22
3,636,13
3,637,12
3,638,17
3,639,19
3,640,10
3,641,9
3,642,16
3,643,11
3,644,14
3,645,15
3,646,20
3,647,10
3,648,16
3,649,14
3,650,16
3,651,19
3,652,15
3,653,16
3,654,25
3,655,14
3,656,10
3,657,9
3,658,12
3,659,18
3,660,13
3,661,7
3,662,14
3,663,8
3,664,17
3,665,15
3,666,14
3,667,12
3,668,8
3,669,12
3,670,13
3,671,10
3,672,11
3,673,8
3,674,17
3,675,15
3,676,17
3,677,17
3,678,9
3,679,28
3,680,11
3,681,12
3,682,12
3,683,16
3,684,19
3,685,13
3,686,15
3,687,10
3,688,14
3,689,8
3,690,15
3,691,11
3,692,19
3,693,21
3,694,13
3,695,12
3,696,11
3,697,8
3,698,15
3,699,17
3,700,7
3,701,10
3,702,11
3,703,20
3,704,9
3,705,12
3,706,12
3,707,12
3,708,10
3,709,9
3,710,16
3,711,12
3,712,12
3,713,10
3,714,14
3,715,5
3,716,9
3,717,19
3,718,11
3,719,11
3,720,9
3,721,9
3,722,10
3,723,12
3,724,13
3,725,12
3,726,11
3,727,13
3,728,11
3,729,11
3,730,11
3,731,14
3,732,14
3,733,13
3,734,15
3,735,6
3,736,9
3,737,12
3,738,14
3,739,15
3,740,9
3,741,8
3,742,10
3,743,8
3,744,11
3,745,16
3,746,11
3,747,4
3,748,13
3,749,13
3,750,8
3,751,7
3,752,10
3,753,15
3,754,4
3,755,13
3,756,15
3,757,9
3,758,13
3,759,7
3,760,13
3,761,8
3,762,16
3,763,13
3,764,11
3,765,4
3,766,7
3,767,7
3,768,17
3,769,7
3,770,9
3,771,6
3,772,10
3,773,8
3,774,10
3,775,15
3,776,4
3,777,12
3,778,4
3,779,16
3,780,5
3,781,9
3,782,7
3,783,11
3,784,11
3,785,11
3,786,9
3,787,12
3,788,9
3,789,10
3,790,19
3,791,13
3,792,8
3,793,17
3,794,10
3,795,9
3,796,13
3,797,18
3,798,8
3,799,14
3,800,10
3,801,11
3,802,13
3,803,7
3,804,10
3,805,8
3,806,8
3,807,10
3,808,11
3,809,15
3,810,8
3,811,9
3,812,5
3,813,12
3,814,12
3,815,6
3,816,9
3,817,8
3,818,7
3,819,5
3,820,8
3,821,7
3,822,10
3,823,9
3,824,8
3,825,8
3,826,9
3,827,6
3,828,13
3,829,4
3,830,12
3,831,12
3,832,5
3,833,9
3,834,8
3,835,10
3,836,8
3,837,8
3,838,7
3,839,6
3,840,8
3,841,10
3,842,13
3,843,7
3,844,7
3,845,5
3,846,10
3,847,6
3,848,6
3,849,9
3,850,14
3,851,15
3,852,17
3,853,9
3,854,7
3,855,8
3,856,12
3,857,13
3,858,10
3,859,7
3,860,7
3,861,12
3,862,7
3,863,8
3,864,4
3,865,9
3,866,7
3,867,12
3,868,8
3,869,7
3,870,6
3,871,11
3,872,12
3,873,8
3,874,4
3,875,10
3,876,6
3,877,7
3,878,1
3,879,5
3,880,9
3,881,9
3,882,7
3,883,4
3,884,6
3,885,9
3,886,8
3,887,8
3,888,8
3,889,13
3,890,8
3,891,17
3,892,6
3,893,5
3,894,5
3,895,12
3,896,9
3,897,3
3,898,3
3,899,9
3,900,5
3,901,8
3,902,12
3,903,7
3,904,8
3,905,4
3,906,10
3,907,4
3,908,8
3,909,9
3,910,12
3,911,7
3,912,4
3,913,11
3,914,8
3,915,7
3,916,2
3,917,5
3,918,5
3,919,2
3,920,3
3,921,9
3,922,5
3,923,4
3,924,9
3,925,7
3,926,7
3,927,10
3,928,10
3,929,9
3,930,3
3,931,11
3,932,12
3,933,12
3,934,7
3,935,5
3,936,6
3,937,11
3,938,3
3,939,8
3,940,4
3,941,7
3,942,7
3,943,8
3,944,4
3,945,7
3,946,8
3,947,7
3,948,9
3,949,6
3,950,10
3,951,2
3,952,4
3,953,6
3,954,3
3,955,12
3,956,3
3,957,7
3,958,9
3,959,1
3,960,6
3,961,7
3,962,8
3,963,8
3,964,8
3,965,8
3,966,6
3,967,7
3,968,7
3,969,4
3,970,6
3,971,2
3,972,5
3,973,8
3,974,8
3,975,5
3,976,6
3,977,4
3,978,3
3,979,4
3,980,7
3,981,7
3,982,4
3,983,3
3,984,8
3,985,3
3,986,3
3,987,9
3,988,6
3,989,7
3,990,5
3,991,1
3,992,7
3,993,5
3,994,12
3,995,5
3,996,7
3,997,7
3,998,7
3,999,3
3,1000,9
3,1001,8
3,1002,6
3,1003,5
3,1004,4
3,1005,5
3,1006,2
3,1007,3
3,1008,7
3,1010,6
3,1011,5
3,1012,3
3,1013,3
3,1014,2
3,1015,3
3,1016,7
3,1017,7
3,1018,3
3,1019,5
3,1020,1
3,1021,2
3,1022,11
3,1023,6
3,1024,5
3,1025,6
3,1026,3
3,1027,3
3,1028,11
3,1029,4
3,1030,3
3,1031,4
3,1032,3
3,1033,1
3,1034,9
3,1035,1
3,1036,5
3,1037,2
3,1038,7
3,1039,3
3,1040,4
3,1041,3
3,1042,6
3,1043,6
3,1044,5
3,1045,5
3,1046,4
3,1047,6
3,1048,5
3,1049,7
3,1050,6
3,1051,5
3,1052,4
3,1053,1
3,1054,7
3,1055,3
3,1056,4
3,1057,3
3,1058,5
3,1059,6
3,1060,6
3,1061,6
3,1062,3
3,1063,4
3,1064,5
3,1065,2
3,1066,3
3,1067,3
3,1068,3
3,1069,2
3,1070,8
3,1071,5
3,1072,4
3,1073,3
3,1074,5
3,1075,5
3,1076,4
3,1077,1
3,1078,4
3,1079,2
3,1080,7
3,1081,5
3,1082,5
3,1083,7
3,1084,2
3,1085,2
3,1086,3
3,1087,2
3,1088,6
3,1089,1
3,1090,5
3,1091,2
3,1092,5
3,1093,5
3,1094,3
3,1095,5
3,1096,3
3,1097,4
3,1099,2
3,1100,5
3,1101,5
3,1102,3
3,1103,4
3,1104,2
3,1107,4
3,1108,1
3,1109,5
3,1110,3
3,1111,5
3,1112,3
3,1113,1
3,1114,5
3,1115,2
3,1116,4
3,1117,2
3,1118,4
3,1119,2
3,1120,4
3,1121,4
3,1122,2
3,1123,1
3,1124,3
3,1125,4
3,1126,5
3,1127,6
3,1128,3
3,1129,5
3,1130,2
3,1131,5
3,1132,4
3,1133,7
3,1134,3
3,1135,4
3,1136,3
3,1137,7
3,1138,4
3,1139,1
3,1140,2
3,1141,6
3,1142,4
3,1143,4
3,1144,5
3,1145,6
3,1146,1
3,1147,3
3,1148,4
3,1149,2
3,1150,5
3,1151,1
3,1152,3
3,1153,3
3,1154,2
3,1155,1
3,1156,4
3,1157,2
3,1158,1
3,1159,5
3,1161,1
3,1162,2
3,1163,5
3,1164,2
3,1165,1
3,1167,1
3,1168,2
3,1169,5
3,1170,3
3,1171,3
3,1172,2
3,1173,7
3,1174,2
3,1175,1
3,1176,1
3,1177,1
3,1178,3
3,1179,3
3,1180,1
3,1181,3
3,1182,4
3,1183,6
3,1184,3
3,1185,6
3,1186,3
3,1187,4
3,1188,4
3,1189,5
3,1190,5
3,1191,3
3,1192,2
3,1193,2
3,1194,2
3,1195,1
3,1196,2
3,1199,2
3,1200,3
3,1201,1
3,1202,1
3,1203,3
3,1206,3
3,1207,2
3,1208,3
3,1209,2
3,1210,4
3,1211,3
3,1212,1
3,1213,2
3,1214,5
3,1215,2
3,1216,3
3,1217,7
3,1218,1
3,1219,1
3,1220,3
3,1221,2
3,1222,2
3,1223,1
3,1224,1
3,1225,1
3,1226,2
3,1227,1
3,1228,3
3,1229,4
3,1230,4
3,1232,1
3,1234,1
3,1235,1
3,1236,3
3,1237,1
3,1239,2
3,1240,1
3,1241,3
3,1242,3
3,1243,2
3,1244,6
3,1245,3
3,1246,2
3,1247,1
3,1248,3
3,1249,2
3,1251,2
3,1252,3
3,1253,1
3,1254,2
3,1255,3
3,1256,1
3,1257,3
3,1258,1
3,1259,1
3,1260,1
3,1262,1
3,1263,1
3,1264,3
3,1266,3
3,1267,1
3,1268,2
3,1270,1
3,1271,1
3,1272,3
3,1273,1
3,1276,2
3,1277,6
3,1280,1
3,1281,1
3,1282,1
3,1284,2
3,1285,2
3,1286,1
3,1287,1
3,1288,2
3,1289,2
3,1291,3
3,1292,1
3,1294,2
3,1295,2
3,1296,1
3,1297,1
3,1298,2
3,1299,1
3,1300,4
3,1301,1
3,1302,2
3,1303,2
3,1304,1
3,1305,1
3,1306,3
3,1307,2
3,1308,1
3,1309,4
3,1311,4
3,1312,2
3,1313,1
3,1315,1
3,1316,2
3,1317,2
3,1318,1
3,1319,1
3,1320,1
3,1321,1
3,1322,1
3,1323,1
3,1324,2
3,1325,3
3,1326,1
3,1327,1
3,1330,1
3,1332,1
3,1333,1
3,1334,1
3,1335,1
3,1336,5
3,1337,1
3,1338,1
3,1341,2
3,1343,2
3,1344,2
3,1345,2
3,1346,2
3,1347,1
3,1349,1
3,1351,1
3,1352,1
3,1354,1
3,1356,5
3,1357,3
3,1358,3
3,1361,2
3,1363,2
3,1365,2
3,1366,1
3,1367,2
3,1368,1
3,1370,1
3,1371,2
3,1372,4
3,1373,1
3,1374,1
3,1375,1
3,1378,1
3,1379,1
3,1380,1
3,1383,2
3,1384,1
3,1385,1
3,1388,1
3,1389,3
3,1390,1
3,1391,2
3,1392,1
3,1393,1
3,1394,1
3,1397,1
3,1400,1
3,1408,2
3,1412,1
3,1413,1
3,1414,1
3,1416,2
3,1418,1
3,1419,3
3,1420,1
3,1421,1
3,1422,1
3,1425,2
3,1432,1
3,1433,1
3,1434,2
3,1438,1
3,1439,2
3,1440,1
3,1442,1
3,1444,1
3,1445,2
3,1449,1
3,1451,1
3,1453,1
3,1457,1
3,1462,2
3,1463,5
3,1466,1
3,1467,2
3,1471,1
3,1472,1
3,1474,2
3,1475,1
3,1477,1
3,1479,1
3,1481,1
3,1483,1
3,1484,1
3,1485,1
3,1493,1
3,1494,1
3,1497,1
3,1498,1
3,1501,1
3,1502,2
3,1503,1
3,1504,1
3,1505,2
3,1506,1
3,1508,2
3,1509,1
3,1513,1
3,1518,1
3,1532,1
3,1534,1
3,1536,2
3,1539,1
3,1541,1
3,1542,1
3,1544,1
3,1546,1
3,1547,1
3,1548,1
3,1549,1
3,1553,1
3,1556,1
3,1557,1
3,1562,1
3,1563,1
3,1565,1
3,1570,1
3,1575,1
3,1580,1
3,1582,2
3,1583,1
3,1585,1
3,1589,1
3,1592,1
3,1598,1
3,1603,1
3,1604,1
3,1605,1
3,1611,1
3,1612,1
3,1614,1
3,1625,1
3,1627,1
3,1643,1
3,1644,2
3,1645,1
3,1648,1
3,1653,1
3,1654,2
3,1670,2
3,1675,1
3,1683,1
3,1689,1
3,1696,1
3,1713,2
3,1714,1
3,1715,1
3,1716,1
3,1717,2
3,1733,1
3,1737,1
3,1749,1
3,1758,2
3,1761,1
3,1773,1
3,1783,1
3,1795,1
3,1813,1
3,1823,1
3,1829,1
3,1830,1
3,1832,1
3,1833,1
3,1834,1
3,1837,1
3,1844,1
3,1851,1
3,1864,1
3,1871,1
3,1876,1
3,1902,1
3,1914,1
3,1915,1
3,1925,1
3,1930,1
3,1935,1
3,1949,1
3,1959,1
3,1972,1
3,1978,1
3,1985,1
3,1993,1
3,1998,1
3,2003,1
3,2036,1
3,2048,1
3,2142,1
3,2144,1
3,2173,1
3,2183,1
3,2186,1
3,2243,1
3,2268,1
3,2318,1
3,2358,1
3,2420,1
3,2454,1
3,2472,1
3,2567,1
3,2700,1
3,2907,1
4,30,20
4,31,28
4,32,20
4,33,24
4,34,30
4,35,22
4,36,28
4,37,34
4,38,31
4,39,26
4,40,27
4,41,28
4,42,25
4,43,32
4,44,24
4,45,28
4,46,29
4,47,33
4,48,32
4,49,32
4,50,27
4,51,34
4,52,23
4,53,30
4,54,26
4,55,35
4,56,33
4,57,22
4,58,26
4,59,26
4,60,32
4,61,33
4,62,29
4,63,39
4,64,27
4,65,42
4,66,47
4,67,40
4,68,30
4,69,32
4,70,27
4,71,31
4,72,33
4,73,46
4,74,29
4,75,31
4,76,38
4,77,26
4,78,34
4,79,28
4,80,32
4,81,30
4,82,29
4,83,32
4,84,28
4,85,27
4,86,38
4,87,28
4,88,34
4,89,35
4,90,39
4,91,44
4,92,31
4,93,32
4,94,38
4,95,22
4,96,46
4,97,37
4,98,34
4,99,25
4,100,28
4,101,37
4,102,43
4,103,31
4,104,18
4,105,33
4,106,40
4,107,40
4,108,28
4,109,32
4,110,22
4,111,30
4,112,37
4,113,27
4,114,30
4,115,30
4,116,30
4,117,20
4,118,33
4,119,30
4,120,32
4,121,35
4,122,34
4,123,32
4,124,31
4,125,38
4,126,31
4,127,30
4,128,30
4,129,33
4,130,43
4,131,32
4,132,30
4,133,28
4,134,32
4,135,52
4,136,37
4,137,38
4,138,51
4,139,39
4,140,44
4,141,34
4,142,36
4,143,41
4,144,40
4,145,24
4,146,36
4,147,39
4,148,35
4,149,41
4,150,36
4,151,36
4,152,27
4,153,29
4,154,38
4,155,50
4,156,25
4,157,44
4,158,30
4,159,42
4,160,24
4,161,37
4,162,24
4,163,40
4,164,26
4,165,28
4,166,35
4,167,42
4,168,22
4,169,47
4,170,43
4,171,34
4,172,35
4,173,40
4,174,33
4,175,42
4,176,28
4,177,51
4,178,43
4,179,35
4,180,40
4,181,44
4,182,44
4,183,39
4,184,36
4,185,45
4,186,25
4,187,36
4,188,34
4,189,41
4,190,46
4,191,45
4,192,31
4,193,43
4,194,39
4,195,36
4,196,36
4,197,42
4,198,35
4,199,40
4,200,40
4,201,36
4,202,31
4,203,40
4,204,30
4,205,32
4,206,39
4,207,22
4,208,39
4,209,37
4,210,43
4,211,46
4,212,41
4,213,35
4,214,44
4,215,35
4,216,28
4,217,40
4,218,37
4,219,50
4,220,34
4,221,29
4,222,47
4,223,36
4,224,43
4,225,41
4,226,35
4,227,40
4,228,29
4,229,35
4,230,42
4,231,36
4,232,41
4,233,31
4,234,39
4,235,34
4,236,31
4,237,31
4,238,35
4,239,37
4,240,28
4,241,40
4,242,24
4,243,33
4,244,41
4,245,31
4,246,27
4,247,40
4,248,42
4,249,32
4,250,32
4,251,36
4,252,44
4,253,39
4,254,30
4,255,40
4,256,38
4,257,38
4,258,33
4,259,40
4,260,38
4,261,34
4,262,42
4,263,38
4,264,20
4,265,39
4,266,34
4,267,49
4,268,35
4,269,35
4,270,31
4,271,34
4,272,38
4,273,42
4,274,34
4,275,37
4,276,30
4,277,39
4,278,45
4,279,36
4,280,30
4,281,30
4,282,29
4,283,37
4,284,23
4,285,31
4,286,36
4,287,32
4,288,27
4,289,36
4,290,31
4,291,42
4,292,31
4,293,42
4,294,34
4,295,36
4,296,31
4,297,31
4,298,22
4,299,29
4,300,39
4,301,30
4,302,28
4,303,41
4,304,30
4,305,33
4,306,37
4,307,34
4,308,35
4,309,32
4,310,38
4,311,33
4,312,28
4,313,33
4,314,29
4,315,34
4,316,37
4,317,32
4,318,32
4,319,30
4,320,31
4,321,36
4,322,35
4,323,29
4,324,33
4,325,28
4,326,40
4,327,30
4,328,41
4,329,30
4,330,29
4,331,32
4,332,26
4,333,28
4,334,29
4,335,33
4,336,31
4,337,29
4,338,37
4,339,26
4,340,39
4,341,36
4,342,24
4,343,32
4,344,43
4,345,28
4,346,33
4,347,36
4,348,37
4,349,42
4,350,30
4,351,31
4,352,35
4,353,21
4,354,34
4,355,31
4,356,30
4,357,28
4,358,24
4,359,34
4,360,30
4,361,23
4,362,26
4,363,33
4,364,31
4,365,32
4,366,20
4,367,23
4,368,31
4,369,24
4,370,41
4,371,32
4,372,35
4,373,34
4,374,24
4,375,35
4,376,35
4,377,30
4,378,21
4,379,30
4,380,21
4,381,34
4,382,34
4,383,29
4,384,42
4,385,28
4,386,40
4,387,27
4,388,29
4,389,27
4,390,28
4,391,27
4,392,28
4,393,24
4,394,34
4,395,27
4,396,29
4,397,28
4,398,29
4,399,20
4,400,18
4,401,22
4,402,24
4,403,24
4,404,20
4,405,26
4,406,27
4,407,21
4,408,36
4,409,36
4,410,27
4,411,36
4,412,27
4,413,28
4,414,28
4,415,27
4,416,21
4,417,30
4,418,19
4,419,20
4,420,26
4,421,24
4,422,34
4,423,34
4,424,26
4,425,36
4,426,34
4,427,26
4,428,28
4,429,30
4,430,34
4,431,30
4,432,29
4,433,37
4,434,22
4,435,36
4,436,26
4,437,30
4,438,20
4,439,32
4,440,29
4,441,25
4,442,30
4,443,32
4,444,28
4,445,25
4,446,33
4,447,36
4,448,31
4,449,29
4,450,29
4,451,30
4,452,29
4,453,36
4,454,37
4,455,23
4,456,26
4,457,26
4,458,28
4,459,30
4,460,17
4,461,25
4,462,24
4,463,22
4,464,41
4,465,35
4,466,29
4,467,30
4,468,30
4,469,17
4,470,28
4,471,27
4,472,17
4,473,22
4,474,31
4,475,21
4,476,25
4,477,21
4,478,22
4,479,25
4,480,34
4,481,34
4,482,24
4,483,29
4,484,31
4,485,24
4,486,19
4,487,28
4,488,20
4,489,22
4,490,24
4,491,30
4,492,19
4,493,19
4,494,24
4,495,29
4,496,32
4,497,19
4,498,20
4,499,25
4,500,32
4,501,25
4,502,19
4,503,32
4,504,28
4,505,28
4,506,22
4,507,27
4,508,23
4,509,27
4,510,33
4,511,32
4,512,19
4,513,27
4,514,21
4,515,20
4,516,27
4,517,27
4,518,22
4,519,27
4,520,21
4,521,25
4,522,19
4,523,22
4,524,34
4,525,17
4,526,23
4,527,24
4,528,19
4,529,24
4,530,14
4,531,22
4,532,27
4,533,24
4,534,23
4,535,27
4,536,28
4,537,31
4,538,27
4,539,25
4,540,19
4,541,22
4,542,30
4,543,33
4,544,22
4,545,21
4,546,17
4,547,25
4,548,19
4,549,20
4,550,27
4,551,29
4,552,21
4,553,14
4,554,19
4,555,20
4,556,24
4,557,25
4,558,22
4,559,27
4,560,28
4,561,24
4,562,22
4,563,15
4,564,18
4,565,28
4,566,24
4,567,18
4,568,24
4,569,21
4,570,14
4,571,18
4,572,16
4,573,27
4,574,21
4,575,26
4,576,30
4,577,26
4,578,18
4,579,15
4,580,18
4,581,14
4,582,28
4,583,18
4,584,18
4,585,13
4,586,22
4,587,23
4,588,19
4,589,19
4,590,17
4,591,31
4,592,13
4,593,21
4,594,17
4,595,12
4,596,22
4,597,25
4,598,20
4,599,29
4,600,14
4,601,31
4,602,14
4,603,18
4,604,21
4,605,20
4,606,13
4,607,17
4,608,22
4,609,12
4,610,18
4,611,32
4,612,18
4,613,24
4,614,17
4,615,23
4,616,30
4,617,21
4,618,18
4,619,19
4,620,26
4,621,10
4,622,22
4,623,15
4,624,24
4,625,15
4,626,21
4,627,19
4,628,15
4,629,24
4,630,14
4,631,20
4,632,16
4,633,12
4,634,13
4,635,17
4,636,12
4,637,15
4,638,21
4,639,17
4,640,28
4,641,20
4,642,24
4,643,13
4,644,22
4,645,21
4,646,18
4,647,21
4,648,15
4,649,23
4,650,19
4,651,17
4,652,15
4,653,20
4,654,20
4,655,21
4,656,20
4,657,17
4,658,29
4,659,9
4,660,21
4,661,14
4,662,19
4,663,9
4,664,14
4,665,16
4,666,16
4,667,17
4,668,14
4,669,15
4,670,23
4,671,27
4,672,17
4,673,18
4,674,17
4,675,31
4,676,16
4,677,16
4,678,16
4,679,21
4,680,13
4,681,13
4,682,21
4,683,14
4,684,18
4,685,14
4,686,18
4,687,17
4,688,19
4,689,14
4,690,16
4,691,15
4,692,13
4,693,12
4,694,16
4,695,20
4,696,12
4,697,24
4,698,12
4,699,20
4,700,21
4,701,19
4,702,22
4,703,10
4,704,16
4,705,17
4,706,18
4,707,20
4,708,13
4,709,13
4,710,11
4,711,21
4,712,17
4,713,11
4,714,21
4,715,26
4,716,12
4,717,10
4,718,13
4,719,22
4,720,12
4,721,16
4,722,17
4,723,15
4,724,18
4,725,16
4,726,15
4,727,12
4,728,16
4,729,13
4,730,13
4,731,18
4,732,24
4,733,13
4,734,13
4,735,19
4,736,18
4,737,20
4,738,20
4,739,14
4,740,12
4,741,23
4,742,20
4,743,17
4,744,12
4,745,11
4,746,17
4,747,13
4,748,22
4,749,13
4,750,16
4,751,25
4,752,15
4,753,16
4,754,17
4,755,16
4,756,13
4,757,12
4,758,9
4,759,16
4,760,16
4,761,10
4,762,15
4,763,13
4,764,11
4,765,18
4,766,21
4,767,12
4,768,10
4,769,14
4,770,14
4,771,25
4,772,11
4,773,10
4,774,15
4,775,20
4,776,13
4,777,13
4,778,15
4,779,9
4,780,22
4,781,13
4,782,13
4,783,9
4,784,19
4,785,17
4,786,11
4,787,18
4,788,16
4,789,18
4,790,14
4,791,10
4,792,9
4,793,7
4,794,13
4,795,10
4,796,14
4,797,8
4,798,8
4,799,22
4,800,14
4,801,11
4,802,12
4,803,16
4,804,16
4,805,14
4,806,20
4,807,12
4,808,11
4,809,13
4,810,13
4,811,14
4,812,9
4,813,8
4,814,11
4,815,11
4,816,6
4,817,10
4,818,14
4,819,23
4,820,14
4,821,11
4,822,16
4,823,7
4,824,11
4,825,17
4,826,16
4,827,21
4,828,9
4,829,12
4,830,11
4,831,8
4,832,15
4,833,18
4,834,11
4,835,19
4,836,12
4,837,9
4,838,13
4,839,11
4,840,12
4,841,9
4,842,13
4,843,8
4,844,18
4,845,12
4,846,9
4,847,15
4,848,14
4,849,14
4,850,14
4,851,16
4,852,12
4,853,21
4,854,14
4,855,14
4,856,21
4,857,5
4,858,17
4,859,9
4,860,19
4,861,11
4,862,8
4,863,11
4,864,7
4,865,13
4,866,9
4,867,9
4,868,15
4,869,5
4,870,12
4,871,11
4,872,13
4,873,9
4,874,8
4,875,6
4,876,14
4,877,9
4,878,12
4,879,16
4,880,17
4,881,9
4,882,9
4,883,14
4,884,12
4,885,14
4,886,8
4,887,10
4,888,9
4,889,8
4,890,7
4,891,13
4,892,13
4,893,10
4,894,15
4,895,9
4,896,12
4,897,10
4,898,14
4,899,9
4,900,11
4,901,6
4,902,10
4,903,16
4,904,9
4,905,12
4,906,9
4,907,12
4,908,8
4,909,12
4,910,7
4,911,10
4,912,8
4,913,7
4,914,9
4,915,13
4,916,13
4,917,11
4,918,10
4,919,11
4,920,16
4,921,15
4,922,6
4,923,8
4,924,9
4,925,9
4,926,7
4,927,7
4,928,6
4,929,11
4,930,13
4,931,11
4,932,14
4,933,12
4,934,10
4,935,12
4,936,14
4,937,6
4,938,6
4,939,16
4,940,7
4,941,9
4,942,6
4,943,8
4,944,5
4,945,7
4,946,8
4,947,7
4,948,10
4,949,9
4,950,8
4,951,6
4,952,18
4,953,6
4,954,12
4,955,8
4,956,9
4,957,14
4,958,5
4,959,6
4,960,9
4,961,4
4,962,15
4,963,12
4,964,8
4,965,13
4,966,11
4,967,9
4,968,6
4,969,5
4,970,6
4,971,8
4,972,7
4,973,11
4,974,7
4,975,10
4,976,7
4,977,4
4,978,7
4,979,5
4,980,10
4,981,10
4,982,14
4,983,10
4,984,10
4,985,13
4,986,12
4,987,8
4,988,11
4,989,6
4,990,7
4,991,7
4,992,5
4,993,5
4,994,11
4,995,8
4,996,9
4,997,9
4,998,11
4,999,11
4,1000,9
4,1001,14
4,1002,7
4,1003,5
4,1004,7
4,1005,9
4,1006,8
4,1007,9
4,1008,9
4,1009,6
4,1010,8
4,1011,10
4,1012,6
4,1013,17
4,1014,13
4,1015,8
4,1016,5
4,1017,9
4,1018,4
4,1019,13
4,1020,8
4,1021,4
4,1022,9
4,1023,9
4,1024,6
4,1025,4
4,1026,9
4,1027,10
4,1028,6
4,1029,9
4,1030,16
4,1031,10
4,1032,6
4,1033,10
4,1034,7
4,1035,13
4,1036,5
4,1037,10
4,1038,7
4,1039,13
4,1040,10
4,1041,12
4,1042,6
4,1043,8
4,1044,4
4,1045,7
4,1046,2
4,1047,10
4,1048,6
4,1049,7
4,1050,5
4,1051,13
4,1052,12
4,1053,4
4,1054,8
4,1055,10
4,1056,5
4,1057,6
4,1058,7
4,1059,7
4,1060,6
4,1061,7
4,1062,5
4,1063,6
4,1064,10
4,1065,4
4,1066,12
4,1067,6
4,1068,10
4,1069,12
4,1070,6
4,1071,10
4,1072,8
4,1073,3
4,1074,11
4,1075,15
4,1076,6
4,1077,9
4,1078,5
4,1079,9
4,1080,9
4,1081,9
4,1082,6
4,1083,4
4,1084,4
4,1085,6
4,1086,2
4,1087,3
4,1088,7
4,1089,6
4,1090,2
4,1091,8
4,1092,5
4,1093,8
4,1094,7
4,1095,9
4,1096,9
4,1097,4
4,1098,5
4,1099,8
4,1100,5
4,1101,5
4,1102,3
4,1103,9
4,1104,6
4,1105,4
4,1106,10
4,1107,4
4,1108,8
4,1109,4
4,1110,10
4,1111,8
4,1112,11
4,1113,6
4,1114,4
4,1115,8
4,1116,10
4,1117,7
4,1118,4
4,1119,6
4,1120,6
4,1121,16
4,1122,3
4,1123,3
4,1124,9
4,1125,7
4,1126,3
4,1127,8
4,1128,7
4,1129,9
4,1130,10
4,1131,8
4,1132,6
4,1133,8
4,1134,5
4,1135,7
4,1136,10
4,1137,7
4,1138,5
4,1139,10
4,1140,10
4,1141,5
4,1142,4
4,1143,3
4,1144,5
4,1145,6
4,1146,3
4,1147,8
4,1148,4
4,1149,7
4,1150,6
4,1151,2
4,1152,7
4,1153,7
4,1154,9
4,1155,4
4,1156,7
4,1157,11
4,1158,3
4,1159,6
4,1160,6
4,1161,5
4,1162,4
4,1163,5
4,1164,6
4,1165,8
4,1166,3
4,1167,6
4,1168,10
4,1169,8
4,1170,5
4,1171,4
4,1172,5
4,1173,15
4,1174,8
4,1175,9
4,1176,6
4,1177,7
4,1178,6
4,1179,2
4,1180,4
4,1181,9
4,1182,10
4,1183,3
4,1184,6
4,1185,7
4,1186,4
4,1187,4
4,1188,8
4,1189,1
4,1190,8
4,1191,6
4,1192,5
4,1193,11
4,1194,7
4,1195,9
4,1196,7
4,1197,5
4,1198,4
4,1199,4
4,1200,5
4,1201,2
4,1202,4
4,1203,6
4,1204,5
4,1205,6
4,1206,4
4,1207,7
4,1208,4
4,1209,1
4,1210,10
4,1211,4
4,1212,3
4,1213,9
4,1214,2
4,1215,6
4,1216,4
4,1217,8
4,1218,8
4,1219,4
4,1220,4
4,1221,2
4,1222,4
4,1223,4
4,1224,4
4,1225,4
4,1226,8
4,1227,6
4,1228,3
4,1229,6
4,1230,7
4,1231,8
4,1232,2
4,1233,7
4,1234,4
4,1235,4
4,1236,9
4,1237,2
4,1238,5
4,1239,6
4,1240,4
4,1241,5
4,1242,4
4,1243,3
4,1244,3
4,1245,4
4,1246,4
4,1247,3
4,1248,8
4,1249,5
4,1250,2
4,1251,6
4,1252,4
4,1253,4
4,1254,5
4,1255,3
4,1256,9
4,1257,4
4,1258,5
4,1259,2
4,1260,5
4,1261,8
4,1262,6
4,1263,5
4,1264,3
4,1265,5
4,1266,2
4,1268,2
4,1269,8
4,1270,2
4,1271,6
4,1272,4
4,1273,5
4,1274,4
4,1275,3
4,1276,5
4,1277,1
4,1278,4
4,1279,6
4,1280,1
4,1281,3
4,1282,3
4,1283,11
4,1284,2
4,1285,2
4,1286,3
4,1287,4
4,1288,7
4,1289,3
4,1290,7
4,1291,6
4,1292,5
4,1293,4
4,1294,3
4,1295,6
4,1296,4
4,1297,3
4,1298,2
4,1299,7
4,1300,5
4,1301,2
4,1302,1
4,1303,5
4,1304,6
4,1305,8
4,1306,2
4,1307,2
4,1309,8
4,1310,4
4,1311,5
4,1312,7
4,1313,1
4,1314,2
4,1315,3
4,1316,3
4,1317,3
4,1318,3
4,1319,2
4,1320,6
4,1321,1
4,1322,5
4,1323,3
4,1324,2
4,1325,7
4,1326,5
4,1327,3
4,1328,5
4,1329,1
4,1330,4
4,1331,4
4,1332,7
4,1333,3
4,1334,7
4,1335,3
4,1337,5
4,1338,4
4,1339,5
4,1340,2
4,1341,4
4,1342,3
4,1343,5
4,1344,5
4,1345,5
4,1346,8
4,1347,2
4,1348,3
4,1349,2
4,1350,5
4,1351,7
4,1352,3
4,1353,5
4,1354,3
4,1355,5
4,1356,2
4,1357,2
4,1358,4
4,1359,1
4,1360,4
4,1361,7
4,1362,5
4,1363,1
4,1364,2
4,1365,3
4,1366,4
4,1367,5
4,1368,4
4,1369,2
4,1370,6
4,1371,4
4,1372,3
4,1373,3
4,1374,1
4,1375,2
4,1376,2
4,1377,3
4,1378,2
4,1379,4
4,1380,3
4,1381,3
4,1382,4
4,1383,7
4,1385,2
4,1386,3
4,1387,3
4,1388,8
4,1389,3
4,1390,3
4,1391,4
4,1392,2
4,1393,3
4,1394,1
4,1395,3
4,1396,10
4,1397,6
4,1398,2
4,1399,3
4,1400,2
4,1401,3
4,1402,7
4,1403,3
4,1405,4
4,1406,3
4,1407,6
4,1408,2
4,1409,5
4,1410,1
4,1412,1
4,1413,3
4,1414,4
4,1415,2
4,1416,2
4,1417,3
4,1418,2
4,1419,7
4,1420,1
4,1421,3
4,1422,2
4,1423,5
4,1424,6
4,1425,2
4,1426,2
4,1427,5
4,1428,2
4,1429,4
4,1430,4
4,1431,4
4,1432,1
4,1433,1
4,1436,2
4,1437,4
4,1438,4
4,1439,2
4,1441,3
4,1442,1
4,1443,2
4,1444,2
4,1445,3
4,1447,2
4,1448,1
4,1449,2
4,1450,4
4,1451,4
4,1452,3
4,1453,4
4,1454,2
4,1455,5
4,1456,2
4,1457,2
4,1458,1
4,1459,3
4,1460,1
4,1461,1
4,1462,2
4,1463,1
4,1464,1
4,1465,2
4,1466,4
4,1467,3
4,1468,3
4,1469,1
4,1471,3
4,1474,2
4,1475,2
4,1476,2
4,1477,2
4,1478,2
4,1479,1
4,1480,1
4,1481,7
4,1483,3
4,1484,2
4,1486,1
4,1487,2
4,1488,5
4,1489,2
4,1490,2
4,1491,2
4,1492,1
4,1493,5
4,1494,4
4,1495,2
4,1496,1
4,1497,3
4,1498,3
4,1499,6
4,1500,4
4,1501,1
4,1502,3
4,1503,2
4,1504,3
4,1505,3
4,1506,2
4,1507,2
4,1508,1
4,1509,2
4,1510,6
4,1511,1
4,1512,5
4,1514,5
4,1515,5
4,1517,1
4,1518,2
4,1519,2
4,1520,1
4,1521,1
4,1522,1
4,1523,2
4,1524,4
4,1525,2
4,1526,1
4,1527,1
4,1529,3
4,1530,3
4,1532,1
4,1533,2
4,1534,2
4,1535,3
4,1536,1
4,1537,3
4,1538,5
4,1539,4
4,1540,5
4,1541,8
4,1543,3
4,1544,2
4,1545,3
4,1546,4
4,1547,3
4,1548,1
4,1549,1
4,1550,2
4,1551,1
4,1552,3
4,1553,2
4,1554,2
4,1555,2
4,1556,3
4,1558,1
4,1559,2
4,1560,2
4,1561,1
4,1563,1
4,1564,1
4,1565,1
4,1566,1
4,1567,5
4,1568,2
4,1569,3
4,1571,2
4,1572,4
4,1573,4
4,1574,2
4,1575,2
4,1576,2
4,1577,4
4,1578,2
4,1579,5
4,1580,1
4,1581,2
4,1582,5
4,1583,1
4,1587,7
4,1588,2
4,1589,4
4,1590,1
4,1591,1
4,1592,2
4,1593,4
4,1595,1
4,1596,1
4,1597,3
4,1598,1
4,1600,3
4,1601,2
4,1602,3
4,1603,2
4,1604,2
4,1605,1
4,1606,1
4,1608,2
4,1609,3
4,1610,2
4,1612,1
4,1614,1
4,1615,2
4,1616,1
4,1617,3
4,1619,2
4,1622,2
4,1623,3
4,1625,4
4,1626,2
4,1627,1
4,1628,2
4,1629,2
4,1630,1
4,1631,2
4,1632,3
4,1634,3
4,1637,1
4,1638,1
4,1639,2
4,1640,2
4,1641,2
4,1642,1
4,1643,1
4,1644,1
4,1645,2
4,1647,2
4,1648,1
4,1649,3
4,1651,2
4,1652,3
4,1653,1
4,1654,1
4,1655,1
4,1656,1
4,1658,5
4,1659,3
4,1660,2
4,1661,1
4,1662,2
4,1664,2
4,1665,2
4,1666,1
4,1667,1
4,1668,1
4,1669,2
4,1670,3
4,1671,1
4,1672,1
4,1674,3
4,1676,4
4,1677,2
4,1679,1
4,1680,2
4,1682,1
4,1684,1
4,1685,1
4,1687,3
4,1690,1
4,1693,1
4,1694,1
4,1695,1
4,1696,2
4,1698,2
4,1700,1
4,1702,1
4,1703,2
4,1706,1
4,1708,1
4,1712,1
4,1713,1
4,1714,1
4,1716,2
4,1717,3
4,1718,1
4,1719,1
4,1720,1
4,1721,1
4,1722,2
4,1723,3
4,1724,1
4,1725,1
4,1726,4
4,1727,2
4,1728,1
4,1730,2
4,1732,2
4,1733,3
4,1734,2
4,1736,1
4,1737,1
4,1738,1
4,1740,3
4,1741,1
4,1743,1
4,1744,1
4,1745,2
4,1746,1
4,1747,1
4,1748,1
4,1749,4
4,1750,2
4,1751,2
4,1752,2
4,1754,2
4,1755,1
4,1756,2
4,1757,2
4,1758,2
4,1759,4
4,1760,2
4,1763,1
4,1764,1
4,1765,2
4,1766,1
4,1767,1
4,1769,2
4,1770,1
4,1773,1
4,1774,1
4,1775,1
4,1777,3
4,1778,3
4,1779,1
4,1780,1
4,1781,1
4,1783,1
4,1784,2
4,1785,1
4,1789,1
4,1790,1
4,1792,4
4,1793,1
4,1797,1
4,1798,1
4,1802,1
4,1804,1
4,1805,2
4,1807,1
4,1808,1
4,1809,2
4,1810,1
4,1813,1
4,1814,2
4,1815,3
4,1816,4
4,1817,1
4,1818,2
4,1820,2
4,1821,1
4,1823,3
4,1826,5
4,1827,1
4,1828,1
4,1829,1
4,1830,2
4,1831,1
4,1834,1
4,1835,2
4,1836,1
4,1837,1
4,1838,1
4,1839,2
4,1840,1
4,1843,1
4,1845,1
4,1847,1
4,1849,1
4,1850,1
4,1852,1
4,1854,1
4,1855,1
4,1858,2
4,1859,1
4,1861,2
4,1866,1
4,1867,1
4,1868,3
4,1871,2
4,1872,1
4,1876,2
4,1880,2
4,1881,1
4,1884,2
4,1891,4
4,1892,1
4,1894,2
4,1895,1
4,1898,1
4,1902,2
4,1903,1
4,1905,3
4,1906,2
4,1907,1
4,1910,1
4,1911,1
4,1912,1
4,1914,1
4,1915,2
4,1917,1
4,1918,1
4,1920,1
4,1923,1
4,1924,1
4,1927,3
4,1930,1
4,1931,1
4,1933,1
4,1934,2
4,1935,3
4,1936,2
4,1938,3
4,1940,1
4,1942,1
4,1943,1
4,1944,1
4,1945,2
4,1946,2
4,1953,2
4,1954,1
4,1956,1
4,1960,1
4,1963,1
4,1968,2
4,1972,2
4,1974,1
4,1976,1
4,1978,1
4,1980,1
4,1982,1
4,1984,1
4,1986,3
4,1990,1
4,1996,1
4,2003,1
4,2005,2
4,2007,1
4,2010,2
4,2012,1
4,2018,1
4,2019,1
4,2020,1
4,2023,1
4,2025,3
4,2026,1
4,2027,1
4,2028,1
4,2033,1
4,2040,3
4,2044,1
4,2045,1
4,2050,2
4,2051,1
4,2052,1
4,2055,1
4,2061,1
4,2062,1
4,2064,1
4,2070,1
4,2073,1
4,2074,1
4,2075,1
4,2078,1
4,2083,1
4,2086,2
4,2088,1
4,2093,1
4,2094,1
4,2099,1
4,2102,1
4,2103,1
4,2112,1
4,2115,1
4,2117,1
4,2121,1
4,2126,1
4,2133,1
4,2135,1
4,2142,2
4,2145,3
4,2146,1
4,2148,2
4,2150,1
4,2153,1
4,2162,1
4,2163,1
4,2164,1
4,2166,1
4,2168,1
4,2169,1
4,2172,1
4,2174,1
4,2175,1
4,2176,1
4,2181,1
4,2187,1
4,2195,1
4,2202,1
4,2204,1
4,2206,1
4,2207,1
4,2211,2
4,2212,1
4,2214,1
4,2219,1
4,2220,1
4,2221,1
4,2222,1
4,2227,1
4,2232,1
4,2238,1
4,2240,1
4,2242,1
4,2257,1
4,2263,1
4,2264,1
4,2267,1
4,2269,1
4,2282,1
4,2298,1
4,2304,2
4,2311,1
4,2313,1
4,2317,1
4,2328,1
4,2329,3
4,2341,1
4,2353,1
4,2355,2
4,2356,1
4,2364,2
4,2367,2
4,2371,1
4,2372,1
4,2373,1
4,2384,1
4,2387,1
4,2389,1
4,2391,1
4,2396,1
4,2399,1
4,2416,1
4,2427,1
4,2430,1
4,2456,1
4,2461,1
4,2462,1
4,2467,1
4,2476,1
4,2479,1
4,2485,1
4,2488,1
4,2489,1
4,2506,1
4,2523,1
4,2525,1
4,2531,2
4,2574,1
4,2583,1
4,2586,1
4,2625,1
4,2633,1
4,2645,1
4,2649,2
4,2693,1
4,2701,1
4,2733,1
4,2819,1
4,2844,1
4,2885,1
4,2890,1
4,2922,1
4,2924,1
4,2951,1
4,2955,1
4,2971,1
4,3087,1
4,3133,1
4,3375,1
4,3513,1
4,4079,1
4,4286,1
4,4593,1
5,30,2
5,31,2
5,32,2
5,33,2
5,34,1
5,35,1
5,36,3
5,39,1
5,40,1
5,41,3
5,42,2
5,43,3
5,44,2
5,45,2
5,48,5
5,49,1
5,50,2
5,51,2
5,52,1
5,53,4
5,54,3
5,55,3
5,56,3
5,57,1
5,58,3
5,59,2
5,60,3
5,62,5
5,63,8
5,64,6
5,65,2
5,66,5
5,67,6
5,68,8
5,69,3
5,70,4
5,71,6
5,72,8
5,73,9
5,74,3
5,75,10
5,76,4
5,77,10
5,78,7
5,79,3
5,80,7
5,81,8
5,82,11
5,83,6
5,84,8
5,85,5
5,86,10
5,87,7
5,88,6
5,89,7
5,90,3
5,91,9
5,92,6
5,93,9
5,94,9
5,95,9
5,96,7
5,97,7
5,98,11
5,99,6
5,100,4
5,101,9
5,102,12
5,103,13
5,104,11
5,105,9
5,106,6
5,107,8
5,108,9
5,109,12
5,110,9
5,111,6
5,112,7
5,113,8
5,114,6
5,115,10
5,116,8
5,117,10
5,118,3
5,119,9
5,250,6
5,251,11
5,252,8
5,253,6
5,254,5
5,255,2
5,256,9
5,257,8
5,258,6
5,259,5
5,260,9
5,261,6
5,262,6
5,263,8
5,264,7
5,265,8
5,266,10
5,267,4
5,268,3
5,269,12
5,270,9
5,271,1
5,272,6
5,273,8
5,274,10
5,275,12
5,276,6
5,277,7
5,278,8
5,279,4
5,280,1
5,281,9
5,282,12
5,283,5
5,284,13
5,285,5
5,286,11
5,287,13
5,288,5
5,289,4
5,290,11
5,291,12
5,292,12
5,293,8
5,294,10
5,295,4
5,296,6
5,297,12
5,298,12
5,299,8
5,300,10
5,301,3
5,302,5
5,303,11
5,304,3
5,305,4
5,306,10
5,307,7
5,308,8
5,309,8
5,310,12
5,311,14
5,312,8
5,313,17
5,314,6
5,315,12
5,316,10
5,317,10
5,318,8
5,319,17
5,320,12
5,321,12
5,322,11
5,323,12
5,324,12
5,325,6
5,326,5
5,327,8
5,328,8
5,329,9
5,330,13
5,331,5
5,332,8
5,333,7
5,334,7
5,335,7
5,336,11
5,337,6
5,338,6
5,339,10
5,340,10
5,341,4
5,342,6
5,343,2
5,344,12
5,345,9
5,346,9
5,347,15
5,348,15
5,349,10
5,350,8
5,351,9
5,352,11
5,353,13
5,354,11
5,355,10
5,356,4
5,357,6
5,358,6
5,359,13
5,360,7
5,361,12
5,362,9
5,363,18
5,364,9
5,365,7
5,366,15
5,367,19
5,368,10
5,369,11
5,370,7
5,371,8
5,372,7
5,373,7
5,374,4
5,375,8
5,376,9
5,377,13
5,378,17
5,379,9
5,380,8
5,381,8
5,382,9
5,383,7
5,384,9
5,385,4
5,386,3
5,387,11
5,388,8
5,389,10
5,390,16
5,391,7
5,392,12
5,393,14
5,394,9
5,395,7
5,396,9
5,397,15
5,398,7
5,399,11
5,400,7
5,401,16
5,402,10
5,403,12
5,404,10
5,405,8
5,406,11
5,407,9
5,408,9
5,409,1
5,410,7
5,411,12
5,412,9
5,413,4
5,414,9
5,415,12
5,416,8
5,417,13
5,418,8
5,419,10
5,420,11
5,421,6
5,422,15
5,423,11
5,424,16
5,425,11
5,426,12
5,427,15
5,428,18
5,429,13
5,430,12
5,431,12
5,432,11
5,433,17
5,434,12
5,435,16
5,436,15
5,437,10
5,438,10
5,439,12
5,440,15
5,441,13
5,442,14
5,443,7
5,444,9
5,445,9
5,446,10
5,447,9
5,448,11
5,449,4
5,450,6
5,451,15
5,452,8
5,453,15
5,454,10
5,455,7
5,456,4
5,457,6
5,458,14
5,459,13
5,460,14
5,461,9
5,462,8
5,463,10
5,464,9
5,465,8
5,466,12
5,467,13
5,468,14
5,469,16
5,470,7
5,471,9
5,472,7
5,473,10
5,474,16
5,475,15
5,476,5
5,477,11
5,478,10
5,479,11
5,480,4
5,481,12
5,482,9
5,483,13
5,484,12
5,485,10
5,486,10
5,487,14
5,488,13
5,489,8
5,490,8
5,491,10
5,492,7
5,493,10
5,494,13
5,495,11
5,496,14
5,497,9
5,498,10
5,499,9
5,500,11
5,501,17
5,502,11
5,503,13
5,504,9
5,505,13
5,506,11
5,507,17
5,508,13
5,509,7
5,510,16
5,511,6
5,512,12
5,513,13
5,514,14
5,515,10
5,516,10
5,517,7
5,518,13
5,519,13
5,520,8
5,521,6
5,522,12
5,523,13
5,524,14
5,525,13
5,526,10
5,527,10
5,528,23
5,529,12
5,530,6
5,531,8
5,532,14
5,533,3
5,534,15
5,535,9
5,536,8
5,537,15
5,538,9
5,539,8
5,540,12
5,541,7
5,542,8
5,543,12
5,544,8
5,545,10
5,546,13
5,547,12
5,548,13
5,549,11
5,550,12
5,551,8
5,552,10
5,553,16
5,554,10
5,555,5
5,556,12
5,557,10
5,558,11
5,559,3
5,560,15
5,561,8
5,562,12
5,563,13
5,564,13
5,565,7
5,566,18
5,567,13
5,568,8
5,569,8
5,570,6
5,571,7
5,572,14
5,573,16
5,574,5
5,575,9
5,576,14
5,577,12
5,578,10
5,579,6
5,580,11
5,581,10
5,582,18
5,583,10
5,584,7
5,585,8
5,586,12
5,587,9
5,588,12
5,589,7
5,590,10
5,591,16
5,592,11
5,593,10
5,594,11
5,595,5
5,596,8
5,597,10
5,598,8
5,599,8
5,600,5
5,601,11
5,602,9
5,603,9
5,604,11
5,605,9
5,606,13
5,607,13
5,608,8
5,609,9
5,610,5
5,611,9
5,612,13
5,613,15
5,614,11
5,615,9
5,616,8
5,617,3
5,618,14
5,619,7
5,620,7
5,621,7
5,622,12
5,623,12
5,624,11
5,625,8
5,626,11
5,627,11
5,628,11
5,629,11
5,630,8
5,631,10
5,632,10
5,633,16
5,634,11
5,635,13
5,636,11
5,637,1
5,638,11
5,639,10
5,640,9
5,641,10
5,642,12
5,643,7
5,644,12
5,645,5
5,646,8
5,647,7
5,648,6
5,649,10
5,650,11
5,651,3
5,652,8
5,653,6
5,654,11
5,655,10
5,656,4
5,657,7
5,658,11
5,659,4
5,660,10
5,661,7
5,662,8
5,663,13
5,664,13
5,665,11
5,666,12
5,667,11
5,668,7
5,669,12
5,670,14
5,671,9
5,672,13
5,673,4
5,674,8
5,675,11
5,676,12
5,677,8
5,678,9
5,679,7
5,680,9
5,681,6
5,682,9
5,683,11
5,684,10
5,685,9
5,686,8
5,687,10
5,688,7
5,689,9
5,690,8
5,691,11
5,692,8
5,693,6
5,694,9
5,695,3
5,696,7
5,697,13
5,698,7
5,699,6
5,700,5
5,701,13
5,702,8
5,703,5
5,704,13
5,705,7
5,706,13
5,707,13
5,708,7
5,709,8
5,710,6
5,711,6
5,712,10
5,713,12
5,714,13
5,715,7
5,716,9
5,717,9
5,718,15
5,719,2
5,720,2
5,721,11
5,722,10
5,723,9
5,724,6
5,725,10
5,726,10
5,727,6
5,728,14
5,729,10
5,730,15
5,731,8
5,732,7
5,733,6
5,734,8
5,735,4
5,736,6
5,737,5
5,738,8
5,739,8
5,740,9
5,741,11
5,742,10
5,743,6
5,744,7
5,745,6
5,746,3
5,747,10
5,748,8
5,749,8
5,750,9
5,751,10
5,752,8
5,753,6
5,754,6
5,755,4
5,756,7
5,757,10
5,758,8
5,759,6
5,760,8
5,761,6
5,762,9
5,763,6
5,764,9
5,765,4
5,766,4
5,767,8
5,768,2
5,769,6
5,770,6
5,771,10
5,772,5
5,773,8
5,774,11
5,775,3
5,776,2
5,777,6
5,778,10
5,779,6
5,780,2
5,781,6
5,782,2
5,783,2
5,784,6
5,785,5
5,786,6
5,787,11
5,788,7
5,789,9
5,790,5
5,791,7
5,792,10
5,793,6
5,794,2
5,795,9
5,796,7
5,797,8
5,798,9
5,799,6
5,800,9
5,801,7
5,802,5
5,803,10
5,804,9
5,805,7
5,806,6
5,807,5
5,808,6
5,809,7
5,810,4
5,811,2
5,812,8
5,813,6
5,814,4
5,815,7
5,816,5
5,817,4
5,818,4
5,819,4
5,820,7
5,821,6
5,822,2
5,823,4
5,824,9
5,825,6
5,826,7
5,827,7
5,828,5
5,829,6
5,830,3
5,831,8
5,832,3
5,833,5
5,834,2
5,835,2
5,836,6
5,837,5
5,838,2
5,839,5
5,840,7
5,841,6
5,842,10
5,843,10
5,844,4
5,845,2
5,846,10
5,847,4
5,848,7
5,849,6
5,850,3
5,851,12
5,852,3
5,853,8
5,854,5
5,855,3
5,856,6
5,857,3
5,858,6
5,859,4
5,860,8
5,861,2
5,862,5
5,863,6
5,864,7
5,865,6
5,866,8
5,867,4
5,868,4
5,869,3
5,870,6
5,871,8
5,872,2
5,873,6
5,874,3
5,875,4
5,876,4
5,877,8
5,878,6
5,879,2
5,880,3
5,881,7
5,882,2
5,883,4
5,884,6
5,885,4
5,886,1
5,887,5
5,888,3
5,889,7
5,890,1
5,891,4
5,892,5
5,893,5
5,894,4
5,895,4
5,896,1
5,897,5
5,898,3
5,899,3
5,900,1
5,901,5
5,902,4
5,903,4
5,904,3
5,905,3
5,906,4
5,907,3
5,908,2
5,909,3
5,910,3
5,911,2
5,912,3
5,913,5
5,914,4
5,915,2
5,916,1
5,917,6
5,918,2
5,919,3
5,920,7
5,921,2
5,922,2
5,923,4
5,924,3
5,925,1
5,927,4
5,928,3
5,929,2
5,930,5
5,931,5
5,932,1
5,933,1
5,934,2
5,935,3
5,936,5
5,937,3
5,938,3
5,939,6
5,940,2
5,941,6
5,942,2
5,943,1
5,944,3
5,945,2
5,946,3
5,948,4
5,949,1
5,950,4
5,951,2
5,952,2
5,953,2
5,954,4
5,955,5
5,956,4
5,957,1
5,958,2
5,959,2
5,960,2
5,961,2
5,962,9
5,964,2
5,965,1
5,967,2
5,968,3
5,969,3
5,970,2
5,971,2
5,972,4
5,973,2
5,974,1
5,975,3
5,976,1
5,977,1
5,978,3
5,979,2
5,980,1
5,981,2
5,982,3
5,983,2
5,984,2
5,985,3
5,986,2
5,988,3
5,989,2
5,990,1
5,993,1
5,995,1
5,996,1
5,997,2
5,999,1
5,1000,2
5,1001,2
5,1002,2
5,1003,2
5,1004,3
5,1006,1
5,1007,1
5,1009,1
5,1010,1
5,1011,1
5,1013,3
5,1014,4
5,1017,1
5,1018,2
5,1019,2
5,1020,2
5,1021,1
5,1023,1
5,1024,3
5,1025,2
5,1026,2
5,1027,1
5,1028,1
5,1029,4
5,1032,3
5,1034,5
5,1035,4
5,1038,1
5,1039,2
5,1040,1
5,1041,1
5,1042,3
5,1043,2
5,1045,1
5,1047,2
5,1048,3
5,1049,1
5,1050,2
5,1053,2
5,1056,2
5,1057,2
5,1058,2
5,1060,1
5,1061,1
5,1062,1
5,1063,1
5,1064,1
5,1067,2
5,1068,1
5,1069,1
5,1070,3
5,1071,1
5,1072,1
5,1073,3
5,1074,1
5,1075,2
5,1076,2
5,1077,2
5,1078,1
5,1079,1
5,1080,1
5,1082,1
5,1085,1
5,1086,2
5,1091,2
5,1093,2
5,1094,1
5,1096,2
5,1098,2
5,1099,1
5,1100,2
5,1101,1
5,1103,2
5,1104,1
5,1105,1
5,1107,2
5,1110,1
5,1112,2
5,1113,2
5,1115,1
5,1116,2
5,1117,1
5,1118,3
5,1120,1
5,1123,2
5,1124,1
5,1125,3
5,1127,1
5,1128,2
5,1132,2
5,1134,2
5,1136,1
5,1137,1
5,1140,1
5,1141,2
5,1144,1
5,1147,1
5,1148,2
5,1149,1
5,1150,1
5,1151,1
5,1152,3
5,1153,1
5,1154,2
5,1156,4
5,1157,2
5,1158,1
5,1159,2
5,1164,2
5,1165,1
5,1166,1
5,1167,3
5,1170,1
5,1171,1
5,1172,1
5,1174,1
5,1176,1
5,1179,2
5,1180,2
5,1182,1
5,1183,1
5,1184,2
5,1186,3
5,1189,1
5,1192,1
5,1194,1
5,1196,2
5,1197,1
5,1199,1
5,1202,1
5,1203,1
5,1204,2
5,1206,1
5,1210,1
5,1211,1
5,1212,1
5,1213,2
5,1214,2
5,1216,1
5,1217,1
5,1218,1
5,1220,1
5,1222,1
5,1226,1
5,1229,1
5,1233,2
5,1237,2
5,1239,1
5,1240,1
5,1246,1
5,1256,1
5,1264,1
5,1265,1
5,1274,1
5,1275,2
5,1277,1
5,1280,1
5,1286,2
5,1287,1
5,1289,2
5,1291,1
5,1293,1
5,1295,3
5,1298,1
5,1301,1
5,1303,2
5,1308,4
5,1310,1
5,1313,1
5,1316,1
5,1319,1
5,1323,1
5,1326,1
5,1329,1
5,1331,1
5,1339,2
5,1342,1
5,1344,2
5,1347,1
5,1354,1
5,1360,1
5,1368,1
5,1370,1
5,1379,1
5,1382,1
5,1385,1
5,1393,1
5,1410,1
5,1416,1
5,1421,1
5,1424,1
5,1425,1
5,1430,2
5,1432,1
5,1433,2
5,1440,1
5,1444,1
5,1449,1
5,1450,1
5,1458,1
5,1462,1
5,1469,1
5,1476,1
5,1478,1
5,1479,1
5,1484,1
5,1492,1
5,1496,1
5,1498,1
5,1508,1
5,1515,1
5,1516,1
5,1532,1
5,1560,1
5,1565,1
5,1568,1
5,1583,1
5,1593,1
5,1597,1
5,1611,1
5,1622,1
5,1630,1
5,1631,1
5,1637,1
5,1641,1
5,1649,1
5,1657,1
5,1668,1
5,1703,1
5,1732,1
5,1756,1
5,1758,1
5,1765,1
5,1805,1
5,1843,1
5,1915,1
5,1946,1
5,1963,1
5,1983,1
5,2011,1
5,2143,1
5,2164,1
5,2514,1
6,60,344
6,61,287
6,62,330
6,63,311
6,64,336
6,65,350
6,66,330
6,67,336
6,68,346
6,69,321
6,70,301
6,71,337
6,72,312
6,73,342
6,74,333
6,75,314
6,76,331
6,77,337
6,78,339
6,79,319
6,80,319
6,81,373
6,82,355
6,83,370
6,84,343
6,85,328
6,86,341
6,87,345
6,88,364
6,89,320
6,90,326
6,91,319
6,92,323
6,93,332
6,94,329
6,95,332
6,96,314
6,97,345
6,98,363
6,99,338
6,100,316
6,101,353
6,102,340
6,103,352
6,104,380
6,105,337
6,106,352
6,107,326
6,108,345
6,109,343
6,110,322
6,111,311
6,112,308
6,113,324
6,114,313
6,115,315
6,116,313
6,117,316
6,118,332
6,119,319
6,120,578
6,121,589
6,122,521
6,123,592
6,124,550
6,125,614
6,126,605
6,127,631
6,128,585
6,129,619
6,130,604
6,131,573
6,132,594
6,133,578
6,134,560
6,135,614
6,136,579
6,137,625
6,138,560
6,139,645
6,140,529
6,141,637
6,142,584
6,143,637
6,144,601
6,145,604
6,146,561
6,147,578
6,148,608
6,149,566
6,150,578
6,151,610
6,152,572
6,153,580
6,154,582
6,155,621
6,156,621
6,157,574
6,158,595
6,159,591
6,160,592
6,161,588
6,162,594
6,163,614
6,164,618
6,165,560
6,166,578
6,167,625
6,168,607
6,169,585
6,170,617
6,171,599
6,172,563
6,173,598
6,174,538
6,175,581
6,176,594
6,177,543
6,178,562
6,179,576
6,180,529
6,181,539
6,182,577
6,183,563
6,184,575
6,185,585
6,186,575
6,187,592
6,188,581
6,189,593
6,190,573
6,191,565
6,192,568
6,193,551
6,194,604
6,195,547
6,196,550
6,197,553
6,198,551
6,199,549
6,200,564
6,201,567
6,202,511
6,203,495
6,204,548
6,205,529
6,206,534
6,207,566
6,208,530
6,209,544
6,210,545
6,211,522
6,212,552
6,213,523
6,214,538
6,215,536
6,216,509
6,217,536
6,218,549
6,219,500
6,220,511
6,221,529
6,222,492
6,223,509
6,224,507
6,225,532
6,226,491
6,227,534
6,228,571
6,229,475
6,230,492
6,231,473
6,232,494
6,233,490
6,234,500
6,235,531
6,236,470
6,237,458
6,238,496
6,239,504
6,240,532
6,241,523
6,242,507
6,243,491
6,244,482
6,245,500
6,246,504
6,247,482
6,248,459
6,249,449
6,250,448
6,251,453
6,252,472
6,253,470
6,254,450
6,255,429
6,256,525
6,257,457
6,258,466
6,259,440
6,260,425
6,261,462
6,262,437
6,263,438
6,264,417
6,265,455
6,266,441
6,267,437
6,268,404
6,269,454
6,270,414
6,271,423
6,272,443
6,273,441
6,274,424
6,275,428
6,276,415
6,277,421
6,278,401
6,279,417
6,280,383
6,281,469
6,282,405
6,283,423
6,284,440
6,285,438
6,286,435
6,287,462
6,288,422
6,289,413
6,290,386
6,291,403
6,292,422
6,293,379
6,294,390
6,295,406
6,296,376
6,297,413
6,298,438
6,299,397
6,300,404
6,301,415
6,302,394
6,303,370
6,304,419
6,305,343
6,306,377
6,307,334
6,308,418
6,309,403
6,310,377
6,311,383
6,312,357
6,313,358
6,314,386
6,315,407
6,316,359
6,317,333
6,318,365
6,319,372
6,320,366
6,321,389
6,322,358
6,323,375
6,324,387
6,325,332
6,326,360
6,327,322
6,328,318
6,329,321
6,330,346
6,331,352
6,332,343
6,333,335
6,334,348
6,335,304
6,336,364
6,337,369
6,338,340
6,339,331
6,340,359
6,341,307
6,342,306
6,343,318
6,344,352
6,345,348
6,346,342
6,347,304
6,348,322
6,349,313
6,350,350
6,351,288
6,352,308
6,353,298
6,354,302
6,355,325
6,356,248
6,357,308
6,358,293
6,359,265
6,360,318
6,361,298
6,362,306
6,363,248
6,364,278
6,365,288
6,366,319
6,367,275
6,368,324
6,369,272
6,370,319
6,371,291
6,372,270
6,373,297
6,374,266
6,375,286
6,376,282
6,377,258
6,378,253
6,379,278
6,380,230
6,381,294
6,382,277
6,383,256
6,384,273
6,385,250
6,386,250
6,387,250
6,388,253
6,389,270
6,390,274
6,391,273
6,392,257
6,393,262
6,394,253
6,395,259
6,396,234
6,397,260
6,398,239
6,399,229
6,400,248
6,401,229
6,402,245
6,403,224
6,404,255
6,405,227
6,406,259
6,407,245
6,408,241
6,409,227
6,410,234
6,411,262
6,412,237
6,413,191
6,414,228
6,415,229
6,416,221
6,417,206
6,418,202
6,419,228
6,420,221
6,421,218
6,422,241
6,423,198
6,424,199
6,425,206
6,426,208
6,427,220
6,428,185
6,429,197
6,430,200
6,431,227
6,432,208
6,433,212
6,434,181
6,435,203
6,436,195
6,437,193
6,438,207
6,439,192
6,440,189
6,441,215
6,442,201
6,443,211
6,444,199
6,445,198
6,446,184
6,447,177
6,448,177
6,449,176
6,450,164
6,451,170
6,452,177
6,453,208
6,454,197
6,455,194
6,456,190
6,457,172
6,458,167
6,459,189
6,460,183
6,461,189
6,462,178
6,463,175
6,464,174
6,465,186
6,466,182
6,467,152
6,468,160
6,469,166
6,470,175
6,471,167
6,472,156
6,473,159
6,474,162
6,475,173
6,476,169
6,477,163
6,478,173
6,479,146
6,480,191
6,481,155
6,482,149
6,483,139
6,484,156
6,485,161
6,486,155
6,487,162
6,488,154
6,489,148
6,490,154
6,491,144
6,492,134
6,493,154
6,494,153
6,495,162
6,496,148
6,497,138
6,498,139
6,499,138
6,500,129
6,501,141
6,502,124
6,503,133
6,504,144
6,505,151
6,506,147
6,507,151
6,508,149
6,509,120
6,510,120
6,511,112
6,512,129
6,513,142
6,514,131
6,515,114
6,516,153
6,517,117
6,518,142
6,519,125
6,520,134
6,521,120
6,522,124
6,523,118
6,524,129
6,525,119
6,526,127
6,527,131
6,528,115
6,529,115
6,530,134
6,531,105
6,532,108
6,533,112
6,534,127
6,535,104
6,536,126
6,537,131
6,538,110
6,539,112
6,540,91
6,541,129
6,542,114
6,543,117
6,544,111
6,545,96
6,546,112
6,547,103
6,548,102
6,549,113
6,550,106
6,551,103
6,552,110
6,553,119
6,554,106
6,555,112
6,556,101
6,557,102
6,558,104
6,559,115
6,560,113
6,561,107
6,562,102
6,563,98
6,564,91
6,565,117
6,566,81
6,567,96
6,568,83
6,569,108
6,570,87
6,571,96
6,572,105
6,573,84
6,574,92
6,575,91
6,576,95
6,577,103
6,578,104
6,579,103
6,580,98
6,581,95
6,582,94
6,583,73
6,584,98
6,585,101
6,586,81
6,587,94
6,588,97
6,589,100
6,590,88
6,591,77
6,592,91
6,593,74
6,594,88
6,595,71
6,596,95
6,597,91
6,598,75
6,599,89
6,600,86
6,601,91
6,602,65
6,603,82
6,604,76
6,605,76
6,606,81
6,607,87
6,608,81
6,609,61
6,610,67
6,611,80
6,612,84
6,613,74
6,614,83
6,615,87
6,616,65
6,617,76
6,618,68
6,619,66
6,620,82
6,621,95
6,622,78
6,623,83
6,624,72
6,625,71
6,626,90
6,627,81
6,628,70
6,629,73
6,630,64
6,631,79
6,632,81
6,633,64
6,634,69
6,635,67
6,636,55
6,637,77
6,638,79
6,639,56
6,640,54
6,641,61
6,642,76
6,643,74
6,644,72
6,645,75
6,646,51
6,647,61
6,648,78
6,649,64
6,650,61
6,651,70
6,652,56
6,653,73
6,654,59
6,655,62
6,656,68
6,657,59
6,658,49
6,659,60
6,660,47
6,661,62
6,662,52
6,663,67
6,664,52
6,665,77
6,666,71
6,667,55
6,668,55
6,669,54
6,670,73
6,671,67
6,672,62
6,673,61
6,674,53
6,675,66
6,676,56
6,677,45
6,678,64
6,679,67
6,680,63
6,681,54
6,682,56
6,683,58
6,684,73
6,685,59
6,686,58
6,687,52
6,688,50
6,689,52
6,690,59
6,691,58
6,692,59
6,693,60
6,694,54
6,695,56
6,696,55
6,697,48
6,698,47
6,699,45
6,700,52
6,701,59
6,702,77
6,703,44
6,704,43
6,705,51
6,706,61
6,707,45
6,708,40
6,709,40
6,710,54
6,711,41
6,712,54
6,713,45
6,714,49
6,715,51
6,716,45
6,717,62
6,718,41
6,719,56
6,720,43
6,721,47
6,722,45
6,723,46
6,724,40
6,725,56
6,726,44
6,727,41
6,728,43
6,729,48
6,730,41
6,731,41
6,732,38
6,733,52
6,734,47
6,735,51
6,736,37
6,737,39
6,738,46
6,739,50
6,740,36
6,741,39
6,742,37
6,743,36
6,744,30
6,745,48
6,746,36
6,747,39
6,748,41
6,749,45
6,750,35
6,751,39
6,752,30
6,753,36
6,754,50
6,755,29
6,756,38
6,757,50
6,758,38
6,759,44
6,760,41
6,761,42
6,762,44
6,763,37
6,764,37
6,765,46
6,766,29
6,767,45
6,768,41
6,769,33
6,770,36
6,771,35
6,772,29
6,773,40
6,774,37
6,775,36
6,776,32
6,777,49
6,778,44
6,779,33
6,780,37
6,781,21
6,782,34
6,783,32
6,784,43
6,785,30
6,786,22
6,787,28
6,788,25
6,789,29
6,790,44
6,791,31
6,792,38
6,793,32
6,794,30
6,795,39
6,796,24
6,797,31
6,798,29
6,799,34
6,800,32
6,801,31
6,802,33
6,803,28
6,804,41
6,805,36
6,806,35
6,807,25
6,808,27
6,809,34
6,810,23
6,811,18
6,812,30
6,813,31
6,814,29
6,815,36
6,816,24
6,817,29
6,818,34
6,819,35
6,820,23
6,821,45
6,822,20
6,823,34
6,824,36
6,825,44
6,826,34
6,827,23
6,828,23
6,829,25
6,830,21
6,831,21
6,832,31
6,833,25
6,834,25
6,835,30
6,836,29
6,837,31
6,838,24
6,839,30
6,840,22
6,841,31
6,842,23
6,843,35
6,844,20
6,845,27
6,846,16
6,847,26
6,848,35
6,849,19
6,850,18
6,851,24
6,852,22
6,853,20
6,854,20
6,855,35
6,856,18
6,857,17
6,858,21
6,859,18
6,860,26
6,861,24
6,862,22
6,863,27
6,864,27
6,865,23
6,866,32
6,867,26
6,868,26
6,869,31
6,870,20
6,871,12
6,872,17
6,873,19
6,874,21
6,875,15
6,876,18
6,877,23
6,878,28
6,879,21
6,880,15
6,881,27
6,882,19
6,883,20
6,884,24
6,885,18
6,886,22
6,887,25
6,888,23
6,889,12
6,890,14
6,891,27
6,892,19
6,893,22
6,894,28
6,895,17
6,896,12
6,897,20
6,898,19
6,899,19
6,900,25
6,901,21
6,902,18
6,903,14
6,904,17
6,905,17
6,906,16
6,907,12
6,908,21
6,909,19
6,910,21
6,911,15
6,912,21
6,913,15
6,914,22
6,915,18
6,916,14
6,917,16
6,918,16
6,919,15
6,920,16
6,921,28
6,922,16
6,923,14
6,924,14
6,925,22
6,926,24
6,927,17
6,928,21
6,929,27
6,930,17
6,931,13
6,932,20
6,933,18
6,934,19
6,935,17
6,936,18
6,937,13
6,938,23
6,939,13
6,940,15
6,941,10
6,942,13
6,943,12
6,944,20
6,945,18
6,946,19
6,947,11
6,948,11
6,949,14
6,950,16
6,951,13
6,952,22
6,953,12
6,954,15
6,955,18
6,956,12
6,957,12
6,958,15
6,959,18
6,960,14
6,961,12
6,962,20
6,963,20
6,964,17
6,965,13
6,966,14
6,967,13
6,968,18
6,969,8
6,970,9
6,971,14
6,972,14
6,973,11
6,974,13
6,975,11
6,976,19
6,977,14
6,978,5
6,979,14
6,980,21
6,981,13
6,982,16
6,983,11
6,984,12
6,985,18
6,986,15
6,987,14
6,988,12
6,989,11
6,990,14
6,991,7
6,992,9
6,993,19
6,994,11
6,995,11
6,996,14
6,997,14
6,998,19
6,999,14
6,1000,16
6,1001,12
6,1002,15
6,1003,9
6,1004,15
6,1005,8
6,1006,11
6,1007,12
6,1008,9
6,1009,10
6,1010,12
6,1011,14
6,1012,17
6,1013,22
6,1014,14
6,1015,10
6,1016,14
6,1017,19
6,1018,12
6,1019,12
6,1020,11
6,1021,11
6,1022,8
6,1023,14
6,1024,13
6,1025,15
6,1026,8
6,1027,8
6,1028,10
6,1029,12
6,1030,7
6,1031,15
6,1032,6
6,1033,13
6,1034,20
6,1035,9
6,1036,12
6,1037,11
6,1038,13
6,1039,16
6,1040,12
6,1041,8
6,1042,11
6,1043,9
6,1044,12
6,1045,11
6,1046,7
6,1047,9
6,1048,12
6,1049,11
6,1050,13
6,1051,13
6,1052,2
6,1053,8
6,1054,12
6,1055,7
6,1056,9
6,1057,9
6,1058,10
6,1059,4
6,1060,10
6,1061,5
6,1062,13
6,1063,14
6,1064,10
6,1065,6
6,1066,9
6,1067,13
6,1068,14
6,1069,6
6,1070,6
6,1071,10
6,1072,5
6,1073,4
6,1074,10
6,1075,12
6,1076,6
6,1077,7
6,1078,11
6,1079,10
6,1080,9
6,1081,7
6,1082,14
6,1083,1
6,1084,10
6,1085,6
6,1086,8
6,1087,9
6,1088,5
6,1089,10
6,1090,11
6,1091,9
6,1092,5
6,1093,7
6,1094,12
6,1095,6
6,1096,10
6,1097,11
6,1098,4
6,1099,11
6,1100,7
6,1101,6
6,1102,8
6,1103,4
6,1104,7
6,1105,9
6,1106,5
6,1107,6
6,1108,7
6,1109,9
6,1110,8
6,1111,8
6,1112,8
6,1113,6
6,1114,11
6,1115,10
6,1116,9
6,1117,5
6,1118,4
6,1119,7
6,1120,4
6,1121,5
6,1122,7
6,1123,2
6,1124,14
6,1125,9
6,1126,13
6,1127,8
6,1128,8
6,1129,7
6,1130,7
6,1131,4
6,1132,7
6,1133,5
6,1134,6
6,1135,11
6,1136,4
6,1137,8
6,1138,7
6,1139,7
6,1140,4
6,1141,8
6,1142,6
6,1143,7
6,1144,9
6,1145,8
6,1146,6
6,1147,7
6,1148,9
6,1149,2
6,1150,5
6,1151,5
6,1152,10
6,1153,2
6,1154,6
6,1155,4
6,1156,4
6,1157,4
6,1158,6
6,1159,4
6,1160,5
6,1161,11
6,1162,8
6,1163,8
6,1164,1
6,1165,4
6,1166,8
6,1167,3
6,1168,9
6,1169,6
6,1170,11
6,1171,6
6,1172,8
6,1173,5
6,1174,8
6,1175,3
6,1176,4
6,1177,11
6,1178,3
6,1179,3
6,1180,8
6,1181,7
6,1182,4
6,1183,2
6,1184,3
6,1185,5
6,1186,7
6,1187,3
6,1188,5
6,1189,6
6,1190,2
6,1191,8
6,1192,6
6,1193,8
6,1194,5
6,1195,7
6,1196,8
6,1197,4
6,1198,7
6,1199,5
6,1200,10
6,1201,4
6,1202,6
6,1203,9
6,1204,6
6,1205,5
6,1206,5
6,1207,6
6,1208,7
6,1209,3
6,1211,3
6,1212,5
6,1213,5
6,1214,6
6,1215,9
6,1216,4
6,1217,4
6,1218,1
6,1219,4
6,1220,2
6,1221,8
6,1222,7
6,1223,5
6,1224,7
6,1225,4
6,1226,5
6,1227,3
6,1228,3
6,1229,1
6,1230,8
6,1231,7
6,1232,7
6,1233,4
6,1234,8
6,1235,7
6,1236,6
6,1237,4
6,1238,2
6,1239,2
6,1240,7
6,1241,3
6,1242,9
6,1243,4
6,1244,7
6,1245,5
6,1246,7
6,1247,5
6,1248,5
6,1249,1
6,1250,5
6,1251,3
6,1252,3
6,1253,3
6,1254,11
6,1255,4
6,1256,2
6,1257,4
6,1258,4
6,1259,6
6,1260,2
6,1261,5
6,1262,5
6,1263,2
6,1264,2
6,1265,5
6,1266,4
6,1267,5
6,1268,4
6,1269,3
6,1270,2
6,1271,4
6,1272,3
6,1273,7
6,1274,7
6,1275,6
6,1276,5
6,1277,3
6,1278,5
6,1279,1
6,1280,11
6,1281,1
6,1282,4
6,1283,6
6,1284,1
6,1285,5
6,1286,5
6,1287,3
6,1288,4
6,1289,7
6,1291,3
6,1292,3
6,1293,3
6,1294,4
6,1295,1
6,1296,6
6,1297,3
6,1298,6
6,1299,6
6,1300,4
6,1301,2
6,1302,4
6,1303,3
6,1304,2
6,1305,5
6,1306,5
6,1307,6
6,1308,3
6,1309,3
6,1310,1
6,1311,3
6,1312,5
6,1313,8
6,1314,3
6,1315,1
6,1316,2
6,1317,6
6,1318,8
6,1319,2
6,1320,6
6,1321,3
6,1322,2
6,1323,2
6,1324,2
6,1325,4
6,1326,1
6,1327,6
6,1328,6
6,1329,2
6,1330,8
6,1332,2
6,1333,4
6,1334,4
6,1335,3
6,1336,2
6,1337,1
6,1338,3
6,1339,4
6,1340,4
6,1341,1
6,1342,3
6,1343,2
6,1344,1
6,1345,5
6,1346,1
6,1347,6
6,1348,4
6,1349,1
6,1350,3
6,1351,7
6,1352,4
6,1353,2
6,1354,2
6,1355,3
6,1356,2
6,1357,3
6,1358,2
6,1359,3
6,1360,3
6,1361,1
6,1362,5
6,1363,5
6,1364,1
6,1365,4
6,1366,2
6,1367,5
6,1368,1
6,1369,4
6,1371,1
6,1372,5
6,1373,5
6,1374,4
6,1375,1
6,1376,1
6,1378,2
6,1379,6
6,1380,3
6,1381,6
6,1382,3
6,1383,2
6,1384,6
6,1385,4
6,1386,4
6,1387,3
6,1388,1
6,1389,3
6,1390,3
6,1391,4
6,1392,2
6,1393,1
6,1394,1
6,1395,2
6,1396,2
6,1397,3
6,1398,3
6,1399,2
6,1400,1
6,1401,3
6,1402,3
6,1403,3
6,1404,4
6,1406,5
6,1407,2
6,1409,2
6,1410,1
6,1411,4
6,1412,1
6,1413,3
6,1414,4
6,1415,3
6,1417,3
6,1418,1
6,1419,2
6,1420,1
6,1421,3
6,1422,4
6,1423,3
6,1424,6
6,1425,2
6,1426,1
6,1428,2
6,1429,2
6,1430,2
6,1431,3
6,1432,2
6,1433,2
6,1434,4
6,1435,4
6,1436,4
6,1437,2
6,1438,4
6,1439,3
6,1440,3
6,1441,5
6,1442,3
6,1443,6
6,1444,1
6,1445,1
6,1446,1
6,1447,2
6,1448,2
6,1450,2
6,1451,1
6,1452,3
6,1453,2
6,1454,1
6,1455,3
6,1457,4
6,1458,3
6,1459,3
6,1460,2
6,1461,2
6,1462,1
6,1463,2
6,1465,4
6,1466,3
6,1467,1
6,1469,4
6,1470,2
6,1471,1
6,1472,3
6,1473,4
6,1474,2
6,1475,4
6,1476,1
6,1477,2
6,1480,2
6,1481,2
6,1482,3
6,1483,2
6,1484,1
6,1485,2
6,1486,1
6,1487,1
6,1488,1
6,1489,2
6,1491,4
6,1492,3
6,1493,3
6,1494,1
6,1495,1
6,1497,3
6,1498,1
6,1499,1
6,1500,2
6,1501,2
6,1502,1
6,1504,1
6,1505,1
6,1506,2
6,1507,2
6,1508,3
6,1509,5
6,1510,1
6,1511,2
6,1512,3
6,1513,2
6,1514,2
6,1515,1
6,1516,2
6,1518,3
6,1519,2
6,1520,1
6,1521,1
6,1522,1
6,1523,2
6,1525,1
6,1527,1
6,1528,2
6,1529,3
6,1530,1
6,1531,1
6,1532,3
6,1533,2
6,1534,2
6,1535,2
6,1536,1
6,1537,3
6,1538,2
6,1539,3
6,1540,1
6,1541,1
6,1542,1
6,1543,1
6,1545,2
6,1547,2
6,1548,1
6,1549,1
6,1551,1
6,1554,2
6,1556,2
6,1557,2
6,1558,3
6,1559,3
6,1560,1
6,1561,3
6,1563,1
6,1564,2
6,1565,1
6,1567,1
6,1568,2
6,1569,1
6,1570,1
6,1571,3
6,1573,1
6,1574,1
6,1575,1
6,1576,2
6,1577,2
6,1578,1
6,1579,1
6,1580,3
6,1582,3
6,1583,4
6,1585,2
6,1586,4
6,1587,2
6,1588,1
6,1589,1
6,1590,1
6,1591,1
6,1592,2
6,1593,2
6,1595,3
6,1596,1
6,1597,1
6,1598,1
6,1600,1
6,1601,1
6,1602,1
6,1604,1
6,1605,3
6,1606,1
6,1607,4
6,1608,1
6,1609,2
6,1610,1
6,1611,1
6,1613,2
6,1615,2
6,1616,2
6,1619,3
6,1620,1
6,1621,1
6,1623,2
6,1626,3
6,1627,1
6,1628,3
6,1629,3
6,1630,1
6,1635,3
6,1639,3
6,1640,1
6,1641,1
6,1645,1
6,1646,2
6,1648,1
6,1650,1
6,1652,2
6,1653,1
6,1654,1
6,1655,2
6,1656,2
6,1657,1
6,1659,2
6,1660,2
6,1661,2
6,1662,3
6,1663,1
6,1664,1
6,1667,1
6,1668,1
6,1670,1
6,1671,2
6,1672,3
6,1677,1
6,1680,2
6,1683,1
6,1686,2
6,1687,1
6,1688,3
6,1690,1
6,1691,2
6,1693,2
6,1695,1
6,1696,1
6,1697,1
6,1698,1
6,1699,2
6,1700,1
6,1701,2
6,1702,1
6,1706,1
6,1712,1
6,1715,1
6,1720,1
6,1721,1
6,1722,2
6,1723,1
6,1724,1
6,1725,1
6,1727,2
6,1728,2
6,1730,1
6,1733,1
6,1734,1
6,1735,1
6,1738,1
6,1739,1
6,1741,1
6,1743,2
6,1744,1
6,1746,1
6,1749,1
6,1751,1
6,1752,1
6,1753,1
6,1755,1
6,1759,1
6,1760,1
6,1763,1
6,1765,1
6,1767,1
6,1769,2
6,1772,1
6,1773,1
6,1774,1
6,1776,2
6,1778,1
6,1779,1
6,1782,1
6,1784,2
6,1785,1
6,1787,1
6,1788,2
6,1790,2
6,1791,2
6,1795,1
6,1796,1
6,1797,1
6,1802,1
6,1803,1
6,1806,2
6,1807,2
6,1808,1
6,1809,1
6,1810,1
6,1811,1
6,1814,2
6,1815,2
6,1816,2
6,1818,1
6,1820,1
6,1821,2
6,1822,1
6,1824,2
6,1830,1
6,1831,2
6,1833,1
6,1834,3
6,1840,1
6,1842,1
6,1843,1
6,1845,1
6,1848,1
6,1849,2
6,1855,1
6,1857,2
6,1863,1
6,1865,1
6,1866,1
6,1867,2
6,1872,1
6,1873,1
6,1876,1
6,1880,1
6,1881,1
6,1883,1
6,1884,1
6,1885,1
6,1887,2
6,1889,2
6,1891,2
6,1892,1
6,1894,2
6,1896,1
6,1897,3
6,1898,1
6,1900,1
6,1901,1
6,1906,1
6,1909,1
6,1912,1
6,1913,1
6,1918,1
6,1921,1
6,1929,1
6,1930,1
6,1933,1
6,1936,1
6,1937,2
6,1938,1
6,1946,1
6,1952,2
6,1955,1
6,1960,1
6,1965,1
6,1973,1
6,1978,1
6,1979,1
6,1980,1
6,1988,1
6,1990,1
6,1992,1
6,1993,1
6,1995,1
6,1997,1
6,1998,1
6,2002,1
6,2004,1
6,2019,1
6,2020,1
6,2031,2
6,2038,2
6,2040,1
6,2045,1
6,2046,1
6,2050,1
6,2052,1
6,2058,2
6,2070,1
6,2073,1
6,2075,1
6,2081,1
6,2092,1
6,2103,1
6,2104,2
6,2110,1
6,2117,1
6,2125,1
6,2130,1
6,2136,1
6,2139,1
6,2153,1
6,2160,1
6,2164,1
6,2166,1
6,2168,2
6,2169,1
6,2178,1
6,2185,1
6,2189,1
6,2190,1
6,2193,1
6,2202,1
6,2220,1
6,2221,1
6,2223,1
6,2228,1
6,2231,1
6,2232,1
6,2259,1
6,2288,1
6,2297,2
6,2298,1
6,2308,2
6,2317,1
6,2322,1
6,2335,1
6,2348,1
6,2351,1
6,2360,1
6,2376,1
6,2383,1
6,2395,2
6,2403,1
6,2407,1
6,2429,1
6,2452,1
6,2466,1
6,2468,1
6,2469,1
6,2483,1
6,2493,1
6,2536,1
6,2572,2
6,2575,1
6,2588,1
6,2597,1
6,2603,1
6,2622,1
6,2638,1
6,2703,1
6,2794,1
6,2852,1
6,2889,1
6,2897,1
6,2898,1
6,3017,1
7,10,37
7,11,33
7,12,34
7,13,28
7,14,38
7,15,44
7,16,38
7,17,35
7,18,37
7,19,47
7,20,42
7,21,52
7,22,39
7,23,48
7,24,44
7,25,48
7,26,41
7,27,33
7,28,37
7,29,35
7,30,40
7,31,42
7,32,51
7,33,51
7,34,46
7,35,36
7,36,52
7,37,47
7,38,42
7,39,51
7,40,47
7,41,47
7,42,44
7,43,56
7,44,53
7,45,57
7,46,48
7,47,46
7,48,55
7,49,51
7,50,50
7,51,38
7,52,41
7,53,52
7,54,47
7,55,61
7,56,46
7,57,54
7,58,55
7,59,47
7,60,50
7,61,70
7,62,61
7,63,55
7,64,42
7,65,45
7,66,67
7,67,53
7,68,57
7,69,69
7,70,59
7,71,69
7,72,55
7,73,59
7,74,62
7,75,72
7,76,49
7,77,70
7,78,63
7,79,69
7,80,59
7,81,62
7,82,68
7,83,72
7,84,70
7,85,72
7,86,64
7,87,59
7,88,67
7,89,68
7,90,54
7,91,68
7,92,69
7,93,65
7,94,74
7,95,67
7,96,55
7,97,76
7,98,68
7,99,55
7,100,76
7,101,71
7,102,63
7,103,63
7,104,75
7,105,74
7,106,63
7,107,79
7,108,71
7,109,91
7,110,75
7,111,84
7,112,72
7,113,59
7,114,66
7,115,76
7,116,76
7,117,66
7,118,78
7,119,92
7,120,57
7,121,68
7,122,82
7,123,67
7,124,84
7,125,71
7,126,91
7,127,72
7,128,60
7,129,62
7,130,68
7,131,87
7,132,83
7,133,94
7,134,59
7,135,72
7,136,81
7,137,69
7,138,65
7,139,67
7,140,68
7,141,77
7,142,86
7,143,62
7,144,78
7,145,77
7,146,75
7,147,71
7,148,74
7,149,72
7,150,75
7,151,77
7,152,86
7,153,81
7,154,99
7,155,74
7,156,80
7,157,95
7,158,66
7,159,85
7,160,92
7,161,71
7,162,69
7,163,80
7,164,71
7,165,78
7,166,76
7,167,65
7,168,88
7,169,97
7,170,69
7,171,64
7,172,67
7,173,75
7,174,78
7,175,72
7,176,75
7,177,77
7,178,82
7,179,78
7,180,78
7,181,86
7,182,86
7,183,71
7,184,80
7,185,95
7,186,82
7,187,71
7,188,76
7,189,73
7,190,87
7,191,86
7,192,83
7,193,91
7,194,81
7,195,82
7,196,71
7,197,91
7,198,89
7,199,88
7,200,69
7,201,69
7,202,79
7,203,63
7,204,78
7,205,74
7,206,71
7,207,86
7,208,84
7,209,94
7,210,83
7,211,80
7,212,80
7,213,80
7,214,82
7,215,67
7,216,78
7,217,74
7,218,88
7,219,75
7,220,88
7,221,80
7,222,82
7,223,79
7,224,79
7,225,66
7,226,82
7,227,91
7,228,80
7,229,76
7,230,74
7,231,79
7,232,69
7,233,82
7,234,74
7,235,96
7,236,77
7,237,88
7,238,80
7,239,97
7,240,81
7,241,72
7,242,77
7,243,94
7,244,90
7,245,73
7,246,75
7,247,65
7,248,77
7,249,76
7,250,93
7,251,80
7,252,95
7,253,74
7,254,84
7,255,81
7,256,73
7,257,76
7,258,66
7,259,70
7,260,68
7,261,84
7,262,80
7,263,78
7,264,87
7,265,78
7,266,75
7,267,84
7,268,78
7,269,77
7,270,69
7,271,81
7,272,82
7,273,79
7,274,82
7,275,77
7,276,83
7,277,80
7,278,66
7,279,74
7,280,84
7,281,70
7,282,86
7,283,68
7,284,72
7,285,71
7,286,89
7,287,52
7,288,70
7,289,80
7,290,75
7,291,72
7,292,63
7,293,85
7,294,81
7,295,65
7,296,97
7,297,73
7,298,68
7,299,73
7,300,87
7,301,82
7,302,67
7,303,81
7,304,59
7,305,77
7,306,79
7,307,74
7,308,82
7,309,97
7,310,93
7,311,70
7,312,85
7,313,73
7,314,73
7,315,88
7,316,92
7,317,64
7,318,81
7,319,80
7,320,63
7,321,85
7,322,64
7,323,66
7,324,76
7,325,75
7,326,62
7,327,77
7,328,65
7,329,69
7,330,75
7,331,73
7,332,75
7,333,65
7,334,74
7,335,83
7,336,76
7,337,62
7,338,63
7,339,60
7,340,74
7,341,92
7,342,76
7,343,59
7,344,72
7,345,62
7,346,60
7,347,76
7,348,61
7,349,73
7,350,86
7,351,80
7,352,65
7,353,76
7,354,86
7,355,60
7,356,75
7,357,61
7,358,74
7,359,62
7,360,76
7,361,72
7,362,55
7,363,71
7,364,82
7,365,68
7,366,72
7,367,69
7,368,76
7,369,78
7,370,70
7,371,62
7,372,69
7,373,84
7,374,79
7,375,72
7,376,71
7,377,82
7,378,86
7,379,62
7,380,74
7,381,65
7,382,60
7,383,84
7,384,82
7,385,60
7,386,68
7,387,79
7,388,66
7,389,71
7,390,56
7,391,75
7,392,69
7,393,76
7,394,55
7,395,62
7,396,68
7,397,54
7,398,68
7,399,63
7,400,57
7,401,66
7,402,74
7,403,72
7,404,74
7,405,72
7,406,76
7,407,68
7,408,68
7,409,63
7,410,64
7,411,70
7,412,82
7,413,77
7,414,58
7,415,65
7,416,60
7,417,65
7,418,54
7,419,60
7,420,52
7,421,55
7,422,63
7,423,55
7,424,58
7,425,59
7,426,74
7,427,66
7,428,82
7,429,73
7,430,66
7,431,78
7,432,67
7,433,57
7,434,75
7,435,63
7,436,57
7,437,65
7,438,59
7,439,60
7,440,68
7,441,66
7,442,57
7,443,56
7,444,69
7,445,62
7,446,51
7,447,58
7,448,47
7,449,52
7,450,60
7,451,67
7,452,54
7,453,62
7,454,52
7,455,62
7,456,56
7,457,61
7,458,57
7,459,61
7,460,71
7,461,62
7,462,50
7,463,57
7,464,62
7,465,81
7,466,56
7,467,58
7,468,48
7,469,70
7,470,63
7,471,49
7,472,58
7,473,49
7,474,64
7,475,48
7,476,51
7,477,44
7,478,58
7,479,76
7,480,61
7,481,44
7,482,45
7,483,50
7,484,64
7,485,60
7,486,60
7,487,65
7,488,63
7,489,63
7,490,62
7,491,60
7,492,50
7,493,58
7,494,52
7,495,58
7,496,41
7,497,59
7,498,53
7,499,56
7,500,57
7,501,59
7,502,59
7,503,53
7,504,41
7,505,61
7,506,58
7,507,59
7,508,54
7,509,44
7,510,65
7,511,48
7,512,43
7,513,41
7,514,55
7,515,55
7,516,52
7,517,69
7,518,54
7,519,41
7,520,47
7,521,51
7,522,47
7,523,54
7,524,51
7,525,56
7,526,53
7,527,40
7,528,50
7,529,53
7,530,46
7,531,50
7,532,42
7,533,53
7,534,49
7,535,46
7,536,56
7,537,73
7,538,53
7,539,46
7,540,51
7,541,49
7,542,45
7,543,51
7,544,50
7,545,46
7,546,64
7,547,50
7,548,47
7,549,51
7,550,53
7,551,40
7,552,50
7,553,49
7,554,52
7,555,34
7,556,57
7,557,47
7,558,46
7,559,43
7,560,36
7,561,48
7,562,44
7,563,55
7,564,44
7,565,34
7,566,50
7,567,52
7,568,40
7,569,57
7,570,56
7,571,49
7,572,58
7,573,39
7,574,54
7,575,37
7,576,34
7,577,34
7,578,38
7,579,52
7,580,48
7,581,42
7,582,42
7,583,40
7,584,51
7,585,42
7,586,42
7,587,36
7,588,42
7,589,41
7,590,42
7,591,43
7,592,33
7,593,47
7,594,35
7,595,30
7,596,49
7,597,47
7,598,40
7,599,36
7,600,32
7,601,39
7,602,44
7,603,44
7,604,35
7,605,31
7,606,42
7,607,40
7,608,29
7,609,34
7,610,41
7,611,37
7,612,42
7,613,55
7,614,31
7,615,39
7,616,40
7,617,40
7,618,51
7,619,41
7,620,42
7,621,50
7,622,53
7,623,36
7,624,38
7,625,36
7,626,32
7,627,38
7,628,37
7,629,40
7,630,30
7,631,38
7,632,32
7,633,46
7,634,27
7,635,43
7,636,35
7,637,43
7,638,44
7,639,34
7,640,44
7,641,31
7,642,37
7,643,27
7,644,37
7,645,39
7,646,44
7,647,41
7,648,47
7,649,36
7,650,28
7,651,29
7,652,43
7,653,35
7,654,35
7,655,33
7,656,38
7,657,47
7,658,39
7,659,33
7,660,37
7,661,26
7,662,36
7,663,37
7,664,34
7,665,24
7,666,30
7,667,33
7,668,25
7,669,39
7,670,37
7,671,31
7,672,28
7,673,40
7,674,35
7,675,37
7,676,40
7,677,36
7,678,44
7,679,30
7,680,45
7,681,41
7,682,41
7,683,21
7,684,34
7,685,35
7,686,46
7,687,37
7,688,41
7,689,25
7,690,33
7,691,21
7,692,27
7,693,36
7,694,35
7,695,35
7,696,28
7,697,29
7,698,22
7,699,29
7,700,27
7,701,24
7,702,37
7,703,32
7,704,28
7,705,35
7,706,37
7,707,29
7,708,25
7,709,35
7,710,35
7,711,30
7,712,34
7,713,24
7,714,24
7,715,25
7,716,29
7,717,28
7,718,35
7,719,33
7,720,33
7,721,27
7,722,24
7,723,31
7,724,24
7,725,27
7,726,31
7,727,26
7,728,29
7,729,35
7,730,35
7,731,23
7,732,24
7,733,32
7,734,24
7,735,33
7,736,26
7,737,39
7,738,25
7,739,19
7,740,24
7,741,31
7,742,28
7,743,25
7,744,29
7,745,29
7,746,30
7,747,23
7,748,29
7,749,29
7,750,23
7,751,39
7,752,36
7,753,23
7,754,37
7,755,37
7,756,32
7,757,28
7,758,19
7,759,25
7,760,24
7,761,28
7,762,21
7,763,37
7,764,19
7,765,31
7,766,19
7,767,19
7,768,31
7,769,28
7,770,24
7,771,24
7,772,25
7,773,19
7,774,22
7,775,32
7,776,28
7,777,33
7,778,24
7,779,28
7,780,29
7,781,25
7,782,17
7,783,25
7,784,33
7,785,28
7,786,22
7,787,24
7,788,22
7,789,14
7,790,27
7,791,26
7,792,19
7,793,17
7,794,14
7,795,19
7,796,21
7,797,25
7,798,18
7,799,20
7,800,20
7,801,21
7,802,15
7,803,27
7,804,28
7,805,21
7,806,25
7,807,28
7,808,20
7,809,24
7,810,24
7,811,23
7,812,25
7,813,26
7,814,33
7,815,23
7,816,18
7,817,22
7,818,32
7,819,24
7,820,24
7,821,30
7,822,20
7,823,27
7,824,22
7,825,27
7,826,23
7,827,19
7,828,16
7,829,16
7,830,17
7,831,25
7,832,21
7,833,17
7,834,14
7,835,16
7,836,16
7,837,21
7,838,21
7,839,20
7,840,23
7,841,28
7,842,17
7,843,16
7,844,18
7,845,26
7,846,10
7,847,16
7,848,19
7,849,14
7,850,20
7,851,16
7,852,20
7,853,19
7,854,23
7,855,20
7,856,23
7,857,17
7,858,20
7,859,17
7,860,21
7,861,20
7,862,21
7,863,21
7,864,26
7,865,21
7,866,19
7,867,18
7,868,15
7,869,15
7,870,14
7,871,15
7,872,16
7,873,20
7,874,15
7,875,28
7,876,17
7,877,19
7,878,19
7,879,19
7,880,17
7,881,14
7,882,21
7,883,19
7,884,19
7,885,23
7,886,12
7,887,13
7,888,21
7,889,17
7,890,17
7,891,25
7,892,14
7,893,19
7,894,17
7,895,17
7,896,15
7,897,24
7,898,23
7,899,19
7,900,9
7,901,19
7,902,25
7,903,14
7,904,16
7,905,17
7,906,17
7,907,23
7,908,11
7,909,21
7,910,15
7,911,14
7,912,14
7,913,16
7,914,15
7,915,12
7,916,12
7,917,21
7,918,21
7,919,17
7,920,27
7,921,14
7,922,20
7,923,17
7,924,17
7,925,22
7,926,15
7,927,17
7,928,12
7,929,16
7,930,25
7,931,11
7,932,11
7,933,13
7,934,9
7,935,14
7,936,20
7,937,10
7,938,19
7,939,10
7,940,13
7,941,16
7,942,9
7,943,14
7,944,13
7,945,10
7,946,16
7,947,17
7,948,15
7,949,14
7,950,12
7,951,14
7,952,12
7,953,8
7,954,15
7,955,13
7,956,16
7,957,14
7,958,12
7,959,9
7,960,14
7,961,14
7,962,12
7,963,16
7,964,11
7,965,10
7,966,15
7,967,11
7,968,19
7,969,9
7,970,12
7,971,17
7,972,9
7,973,14
7,974,15
7,975,10
7,976,14
7,977,14
7,978,13
7,979,10
7,980,19
7,981,14
7,982,19
7,983,22
7,984,11
7,985,17
7,986,12
7,987,18
7,988,10
7,989,5
7,990,7
7,991,11
7,992,9
7,993,11
7,994,15
7,995,10
7,996,7
7,997,11
7,998,8
7,999,19
7,1000,8
7,1001,14
7,1002,15
7,1003,14
7,1004,13
7,1005,18
7,1006,14
7,1007,19
7,1008,17
7,1009,10
7,1010,7
7,1011,16
7,1012,20
7,1013,11
7,1014,7
7,1015,9
7,1016,11
7,1017,16
7,1018,12
7,1019,8
7,1020,13
7,1021,9
7,1022,14
7,1023,12
7,1024,10
7,1025,9
7,1026,8
7,1027,11
7,1028,11
7,1029,5
7,1030,14
7,1031,19
7,1032,16
7,1033,9
7,1034,12
7,1035,10
7,1036,10
7,1037,9
7,1038,7
7,1039,17
7,1040,9
7,1041,11
7,1042,15
7,1043,10
7,1044,10
7,1045,7
7,1046,8
7,1047,11
7,1048,12
7,1049,11
7,1050,8
7,1051,14
7,1052,17
7,1053,8
7,1054,13
7,1055,12
7,1056,11
7,1057,5
7,1058,12
7,1059,11
7,1060,11
7,1061,11
7,1062,11
7,1063,11
7,1064,9
7,1065,8
7,1066,11
7,1067,12
7,1068,8
7,1069,12
7,1070,10
7,1071,7
7,1072,9
7,1073,8
7,1074,5
7,1075,5
7,1076,12
7,1077,13
7,1078,8
7,1079,9
7,1080,9
7,1081,8
7,1082,8
7,1083,17
7,1084,6
7,1085,14
7,1086,10
7,1087,6
7,1088,8
7,1089,8
7,1090,10
7,1091,3
7,1092,7
7,1093,9
7,1094,8
7,1095,9
7,1096,8
7,1097,7
7,1098,9
7,1099,5
7,1100,7
7,1101,11
7,1102,4
7,1103,7
7,1104,8
7,1105,11
7,1106,10
7,1107,9
7,1108,9
7,1109,5
7,1110,6
7,1111,6
7,1112,11
7,1113,9
7,1114,7
7,1115,5
7,1116,10
7,1117,11
7,1118,10
7,1119,8
7,1120,12
7,1121,8
7,1122,13
7,1123,8
7,1124,4
7,1125,7
7,1126,7
7,1127,9
7,1128,6
7,1129,7
7,1130,6
7,1131,13
7,1132,11
7,1133,6
7,1134,7
7,1135,7
7,1136,5
7,1137,6
7,1138,7
7,1139,5
7,1140,7
7,1141,5
7,1142,5
7,1143,3
7,1144,7
7,1145,3
7,1146,9
7,1147,7
7,1148,6
7,1149,8
7,1150,7
7,1151,7
7,1152,9
7,1153,10
7,1154,10
7,1155,6
7,1156,8
7,1157,7
7,1158,5
7,1159,6
7,1160,7
7,1161,13
7,1162,8
7,1163,3
7,1164,10
7,1165,6
7,1166,3
7,1167,9
7,1168,9
7,1169,9
7,1170,8
7,1171,5
7,1172,5
7,1173,10
7,1174,3
7,1175,7
7,1176,5
7,1177,9
7,1178,4
7,1179,4
7,1180,6
7,1181,6
7,1182,6
7,1183,10
7,1184,7
7,1185,9
7,1186,1
7,1187,1
7,1188,2
7,1189,3
7,1191,8
7,1192,9
7,1193,3
7,1194,6
7,1195,11
7,1196,8
7,1197,7
7,1198,5
7,1199,3
7,1200,6
7,1201,5
7,1202,5
7,1203,7
7,1204,4
7,1205,3
7,1206,7
7,1207,8
7,1208,5
7,1209,5
7,1210,2
7,1211,2
7,1212,5
7,1213,5
7,1214,8
7,1215,1
7,1216,8
7,1217,7
7,1218,3
7,1219,4
7,1220,7
7,1221,11
7,1222,5
7,1223,7
7,1224,5
7,1225,3
7,1226,11
7,1227,6
7,1228,6
7,1229,14
7,1230,5
7,1231,6
7,1232,8
7,1233,6
7,1234,4
7,1235,5
7,1236,5
7,1237,8
7,1238,5
7,1239,5
7,1240,6
7,1241,6
7,1242,4
7,1243,8
7,1244,2
7,1245,6
7,1246,6
7,1247,6
7,1248,5
7,1249,4
7,1250,4
7,1251,6
7,1252,5
7,1253,4
7,1254,4
7,1255,6
7,1256,6
7,1257,3
7,1258,8
7,1259,6
7,1260,4
7,1261,8
7,1262,5
7,1263,10
7,1264,2
7,1265,2
7,1266,9
7,1267,5
7,1268,6
7,1269,3
7,1270,6
7,1271,10
7,1272,2
7,1273,4
7,1274,4
7,1275,2
7,1276,3
7,1277,2
7,1278,7
7,1279,4
7,1280,2
7,1281,4
7,1282,2
7,1283,1
7,1284,8
7,1285,10
7,1286,3
7,1287,4
7,1288,4
7,1289,3
7,1290,3
7,1291,8
7,1292,6
7,1293,5
7,1295,3
7,1296,3
7,1297,3
7,1298,6
7,1299,3
7,1300,1
7,1301,3
7,1302,1
7,1303,6
7,1304,6
7,1305,6
7,1306,8
7,1307,5
7,1308,3
7,1309,4
7,1310,4
7,1311,3
7,1312,3
7,1313,7
7,1314,3
7,1315,4
7,1316,4
7,1317,6
7,1318,3
7,1319,6
7,1320,2
7,1321,5
7,1322,5
7,1323,3
7,1324,2
7,1325,1
7,1326,3
7,1327,3
7,1328,4
7,1329,3
7,1330,4
7,1331,2
7,1332,3
7,1333,1
7,1334,3
7,1335,1
7,1336,1
7,1337,6
7,1338,3
7,1339,3
7,1340,2
7,1341,1
7,1342,4
7,1343,3
7,1344,6
7,1345,2
7,1346,8
7,1347,4
7,1348,8
7,1349,4
7,1350,5
7,1351,5
7,1352,4
7,1353,2
7,1354,4
7,1355,3
7,1356,3
7,1357,2
7,1358,5
7,1359,1
7,1360,5
7,1361,5
7,1362,3
7,1363,5
7,1364,4
7,1365,6
7,1366,7
7,1367,4
7,1368,1
7,1369,2
7,1370,1
7,1371,2
7,1372,3
7,1373,1
7,1374,1
7,1375,3
7,1376,3
7,1377,2
7,1378,4
7,1379,2
7,1380,5
7,1381,2
7,1382,1
7,1383,3
7,1384,2
7,1385,4
7,1386,5
7,1387,4
7,1388,1
7,1389,5
7,1390,1
7,1391,4
7,1392,6
7,1393,3
7,1394,2
7,1395,3
7,1396,3
7,1397,2
7,1398,5
7,1399,4
7,1400,4
7,1401,3
7,1402,5
7,1403,3
7,1404,3
7,1405,4
7,1406,1
7,1407,5
7,1408,3
7,1409,1
7,1410,2
7,1412,1
7,1413,4
7,1414,4
7,1415,5
7,1416,6
7,1417,6
7,1418,5
7,1419,4
7,1420,1
7,1421,1
7,1422,3
7,1424,4
7,1425,1
7,1426,5
7,1427,1
7,1428,4
7,1429,1
7,1430,3
7,1431,6
7,1432,4
7,1433,1
7,1435,3
7,1436,3
7,1437,1
7,1438,2
7,1439,1
7,1440,2
7,1441,3
7,1442,1
7,1443,1
7,1444,4
7,1445,3
7,1446,2
7,1447,1
7,1448,3
7,1449,2
7,1451,2
7,1452,1
7,1453,4
7,1454,5
7,1456,5
7,1457,1
7,1458,4
7,1459,2
7,1460,2
7,1461,2
7,1462,3
7,1463,2
7,1464,1
7,1465,1
7,1466,3
7,1467,1
7,1468,3
7,1469,1
7,1470,2
7,1471,2
7,1472,3
7,1473,2
7,1474,4
7,1475,3
7,1476,2
7,1477,2
7,1478,6
7,1479,3
7,1480,4
7,1481,4
7,1482,2
7,1483,1
7,1484,2
7,1486,1
7,1487,1
7,1488,1
7,1489,2
7,1491,2
7,1492,2
7,1493,2
7,1494,1
7,1495,2
7,1497,5
7,1498,1
7,1499,2
7,1500,3
7,1501,6
7,1502,2
7,1503,2
7,1505,2
7,1506,1
7,1507,1
7,1508,3
7,1509,3
7,1510,1
7,1511,2
7,1512,2
7,1513,1
7,1514,2
7,1515,4
7,1516,2
7,1517,4
7,1519,4
7,1520,4
7,1522,1
7,1523,1
7,1524,3
7,1526,2
7,1527,3
7,1528,5
7,1529,1
7,1530,2
7,1531,3
7,1532,1
7,1533,2
7,1534,1
7,1535,1
7,1536,1
7,1537,4
7,1538,4
7,1539,1
7,1540,3
7,1541,3
7,1542,1
7,1543,3
7,1544,3
7,1545,4
7,1547,2
7,1548,1
7,1549,2
7,1550,2
7,1551,2
7,1552,3
7,1553,1
7,1554,1
7,1555,1
7,1556,1
7,1557,2
7,1558,4
7,1559,3
7,1560,1
7,1561,2
7,1563,2
7,1564,1
7,1565,3
7,1566,3
7,1567,2
7,1569,3
7,1570,1
7,1571,2
7,1572,3
7,1573,3
7,1574,4
7,1575,2
7,1576,1
7,1577,1
7,1578,2
7,1579,1
7,1580,2
7,1581,2
7,1582,2
7,1584,4
7,1586,1
7,1588,1
7,1589,2
7,1591,3
7,1592,1
7,1593,1
7,1594,4
7,1595,1
7,1596,2
7,1597,1
7,1598,1
7,1600,5
7,1601,3
7,1602,4
7,1603,2
7,1604,1
7,1605,3
7,1607,1
7,1608,1
7,1609,1
7,1610,2
7,1611,4
7,1613,3
7,1614,3
7,1615,1
7,1617,2
7,1618,4
7,1619,1
7,1620,5
7,1621,2
7,1622,1
7,1624,3
7,1625,1
7,1626,3
7,1627,1
7,1629,1
7,1632,2
7,1633,6
7,1634,1
7,1635,2
7,1637,3
7,1639,2
7,1640,2
7,1643,5
7,1644,1
7,1645,2
7,1646,3
7,1647,2
7,1648,5
7,1650,3
7,1652,1
7,1653,1
7,1654,2
7,1656,1
7,1658,1
7,1659,2
7,1660,1
7,1661,2
7,1662,2
7,1663,4
7,1664,2
7,1665,1
7,1666,2
7,1667,3
7,1669,2
7,1670,1
7,1674,2
7,1675,2
7,1676,1
7,1677,1
7,1679,1
7,1681,1
7,1682,2
7,1683,2
7,1684,1
7,1685,3
7,1686,1
7,1687,1
7,1689,3
7,1690,1
7,1692,1
7,1694,3
7,1695,3
7,1696,1
7,1697,1
7,1698,1
7,1699,2
7,1701,1
7,1703,2
7,1705,1
7,1706,1
7,1707,1
7,1708,2
7,1709,2
7,1710,2
7,1712,2
7,1715,2
7,1716,1
7,1717,1
7,1718,1
7,1719,1
7,1721,1
7,1722,1
7,1723,4
7,1724,1
7,1726,1
7,1728,3
7,1730,2
7,1733,1
7,1735,1
7,1736,1
7,1737,2
7,1738,1
7,1739,1
7,1740,1
7,1743,2
7,1744,2
7,1745,1
7,1746,2
7,1747,1
7,1748,1
7,1749,1
7,1750,1
7,1751,2
7,1755,3
7,1757,1
7,1760,1
7,1764,1
7,1766,3
7,1767,1
7,1768,2
7,1769,1
7,1773,1
7,1774,1
7,1777,2
7,1779,2
7,1780,2
7,1781,1
7,1782,3
7,1788,1
7,1791,4
7,1793,1
7,1794,2
7,1795,2
7,1796,1
7,1798,1
7,1799,1
7,1801,1
7,1803,2
7,1804,2
7,1807,1
7,1809,2
7,1811,1
7,1815,3
7,1816,2
7,1820,2
7,1823,1
7,1824,2
7,1825,3
7,1828,1
7,1829,1
7,1830,2
7,1831,1
7,1833,1
7,1834,1
7,1836,1
7,1839,1
7,1844,1
7,1845,1
7,1846,2
7,1848,1
7,1850,1
7,1851,1
7,1853,4
7,1855,1
7,1858,1
7,1860,1
7,1861,1
7,1862,1
7,1864,2
7,1865,1
7,1867,1
7,1869,1
7,1873,1
7,1877,2
7,1878,1
7,1881,1
7,1884,1
7,1887,1
7,1890,1
7,1894,1
7,1897,2
7,1898,2
7,1899,1
7,1900,1
7,1904,1
7,1906,2
7,1908,1
7,1912,1
7,1913,2
7,1914,1
7,1915,1
7,1917,1
7,1920,1
7,1924,1
7,1925,1
7,1928,1
7,1930,3
7,1931,1
7,1932,1
7,1933,1
7,1936,2
7,1938,1
7,1940,1
7,1941,2
7,1946,1
7,1947,1
7,1948,1
7,1949,1
7,1950,2
7,1952,1
7,1953,1
7,1954,1
7,1956,3
7,1957,1
7,1963,2
7,1967,2
7,1968,2
7,1970,2
7,1971,2
7,1972,1
7,1973,1
7,1975,2
7,1976,1
7,1979,1
7,1985,1
7,1989,1
7,1991,4
7,1998,1
7,2001,2
7,2004,1
7,2009,2
7,2014,1
7,2015,2
7,2018,2
7,2019,1
7,2022,1
7,2023,1
7,2024,1
7,2025,1
7,2026,1
7,2032,2
7,2033,1
7,2038,1
7,2040,2
7,2043,1
7,2046,1
7,2053,1
7,2057,1
7,2058,1
7,2060,1
7,2064,1
7,2065,2
7,2068,1
7,2075,1
7,2080,1
7,2087,1
7,2088,1
7,2092,1
7,2097,1
7,2099,1
7,2102,1
7,2103,1
7,2104,1
7,2108,1
7,2112,1
7,2118,1
7,2126,2
7,2127,2
7,2128,1
7,2129,1
7,2149,1
7,2150,1
7,2151,2
7,2152,1
7,2168,1
7,2175,1
7,2177,1
7,2184,1
7,2191,1
7,2199,1
7,2200,1
7,2205,1
7,2210,1
7,2219,1
7,2221,1
7,2245,1
7,2246,1
7,2247,1
7,2255,1
7,2256,1
7,2260,1
7,2266,1
7,2267,1
7,2273,1
7,2274,1
7,2278,1
7,2295,1
7,2300,1
7,2308,2
7,2321,2
7,2322,1
7,2330,1
7,2331,1
7,2336,1
7,2339,1
7,2348,1
7,2350,1
7,2393,1
7,2401,2
7,2405,1
7,2425,1
7,2428,2
7,2432,1
7,2452,1
7,2473,1
7,2515,1
7,2523,1
7,2532,1
7,2538,1
7,2544,1
7,2551,1
7,2553,1
7,2555,1
7,2556,1
7,2559,1
7,2574,1
7,2602,1
7,2610,1
7,2611,1
7,2612,1
7,2655,1
7,2660,1
7,2693,1
7,2719,1
7,2726,1
7,2731,1
7,2742,1
7,2762,1
7,2777,1
7,2792,1
7,2832,1
7,2869,1
7,2871,1
7,2888,1
7,2907,1
7,2912,1
7,2926,1
7,2935,1
7,2998,1
7,3008,1
7,3055,1
7,3201,1
7,3277,1
7,3537,1
7,3638,1
7,4100,1
7,5036,1
8,10,1865
8,11,2109
8,12,1889
8,13,1926
8,14,1897
8,15,1895
8,16,1879
8,17,1921
8,18,1914
8,19,1975
8,20,1896
8,21,1917
8,22,1926
8,23,1942
8,24,1953
8,25,1879
8,26,1913
8,27,1980
8,28,2042
8,29,1907
8,30,1896
8,31,1975
8,32,1911
8,33,1952
8,34,1934
8,35,1980
8,36,1976
8,37,1929
8,38,1950
8,39,1902
8,40,1843
8,41,1912
8,42,1955
8,43,1894
8,44,1827
8,45,1914
8,46,1877
8,47,1859
8,48,1855
8,49,1887
8,50,1816
8,51,1801
8,52,1815
8,53,1708
8,54,1775
8,55,1749
8,56,1716
8,57,1757
8,58,1693
8,59,1668
8,60,1358
8,61,1276
8,62,1255
8,63,1286
8,64,1306
8,65,1252
8,66,1268
8,67,1202
8,68,1181
8,69,1205
8,70,1183
8,71,1170
8,72,1179
8,73,1201
8,74,1158
8,75,1100
8,76,1073
8,77,1070
8,78,1030
8,79,1078
8,80,1083
8,81,1037
8,82,1041
8,83,974
8,84,960
8,85,982
8,86,992
8,87,989
8,88,995
8,89,977
8,90,939
8,91,982
8,92,934
8,93,901
8,94,917
8,95,932
8,96,928
8,97,926
8,98,897
8,99,964
8,100,969
8,101,952
8,102,899
8,103,943
8,104,831
8,105,891
8,106,846
8,107,825
8,108,906
8,109,906
8,110,862
8,111,891
8,112,859
8,113,890
8,114,873
8,115,905
8,116,825
8,117,842
8,118,853
8,119,808
8,120,625
8,121,588
8,122,573
8,123,598
8,124,576
8,125,557
8,126,543
8,127,539
8,128,532
8,129,512
8,130,574
8,131,551
8,132,528
8,133,549
8,134,540
8,135,520
8,136,574
8,137,544
8,138,533
8,139,502
8,140,526
8,141,534
8,142,476
8,143,520
8,144,496
8,145,529
8,146,474
8,147,506
8,148,502
8,149,494
8,150,466
8,151,516
8,152,486
8,153,438
8,154,466
8,155,535
8,156,457
8,157,466
8,158,468
8,159,464
8,160,461
8,161,453
8,162,478
8,163,458
8,164,447
8,165,402
8,166,498
8,167,450
8,168,445
8,169,438
8,170,464
8,171,427
8,172,434
8,173,410
8,174,432
8,175,458
8,176,443
8,177,395
8,178,460
8,179,393
8,180,390
8,181,436
8,182,439
8,183,434
8,184,443
8,185,380
8,186,421
8,187,448
8,188,413
8,189,383
8,190,356
8,191,388
8,192,379
8,193,381
8,194,415
8,195,388
8,196,392
8,197,408
8,198,331
8,199,362
8,200,382
8,201,384
8,202,378
8,203,399
8,204,382
8,205,354
8,206,390
8,207,345
8,208,373
8,209,367
8,210,392
8,211,369
8,212,361
8,213,359
8,214,386
8,215,353
8,216,335
8,217,335
8,218,334
8,219,338
8,220,353
8,221,364
8,222,317
8,223,362
8,224,331
8,225,328
8,226,356
8,227,344
8,228,344
8,229,333
8,230,320
8,231,305
8,232,340
8,233,357
8,234,329
8,235,345
8,236,308
8,237,304
8,238,312
8,239,317
8,240,301
8,241,314
8,242,332
8,243,300
8,244,316
8,245,350
8,246,323
8,247,322
8,248,288
8,249,264
8,250,290
8,251,304
8,252,311
8,253,283
8,254,303
8,255,282
8,256,304
8,257,311
8,258,323
8,259,304
8,260,276
8,261,276
8,262,293
8,263,293
8,264,317
8,265,292
8,266,290
8,267,316
8,268,267
8,269,270
8,270,262
8,271,311
8,272,290
8,273,276
8,274,264
8,275,246
8,276,268
8,277,242
8,278,234
8,279,277
8,280,260
8,281,258
8,282,290
8,283,230
8,284,231
8,285,250
8,286,281
8,287,274
8,288,270
8,289,259
8,290,260
8,291,244
8,292,257
8,293,247
8,294,221
8,295,240
8,296,267
8,297,251
8,298,257
8,299,221
8,300,244
8,301,241
8,302,253
8,303,260
8,304,234
8,305,252
8,306,237
8,307,265
8,308,226
8,309,249
8,310,237
8,311,247
8,312,218
8,313,211
8,314,243
8,315,224
8,316,217
8,317,225
8,318,220
8,319,223
8,320,221
8,321,232
8,322,231
8,323,222
8,324,222
8,325,203
8,326,197
8,327,198
8,328,209
8,329,213
8,330,247
8,331,204
8,332,211
8,333,199
8,334,209
8,335,204
8,336,208
8,337,209
8,338,205
8,339,174
8,340,213
8,341,200
8,342,219
8,343,190
8,344,198
8,345,206
8,346,194
8,347,220
8,348,185
8,349,195
8,350,181
8,351,197
8,352,219
8,353,197
8,354,167
8,355,217
8,356,195
8,357,178
8,358,204
8,359,183
8,360,177
8,361,185
8,362,194
8,363,173
8,364,186
8,365,171
8,366,177
8,367,161
8,368,193
8,369,204
8,370,179
8,371,202
8,372,193
8,373,213
8,374,162
8,375,192
8,376,168
8,377,196
8,378,181
8,379,173
8,380,172
8,381,150
8,382,185
8,383,151
8,384,175
8,385,159
8,386,183
8,387,162
8,388,179
8,389,171
8,390,161
8,391,165
8,392,150
8,393,183
8,394,149
8,395,170
8,396,146
8,397,173
8,398,151
8,399,149
8,400,164
8,401,138
8,402,139
8,403,173
8,404,160
8,405,165
8,406,153
8,407,142
8,408,137
8,409,159
8,410,150
8,411,157
8,412,176
8,413,160
8,414,149
8,415,137
8,416,148
8,417,157
8,418,172
8,419,162
8,420,166
8,421,150
8,422,156
8,423,157
8,424,140
8,425,142
8,426,153
8,427,132
8,428,148
8,429,165
8,430,123
8,431,151
8,432,142
8,433,141
8,434,135
8,435,145
8,436,144
8,437,136
8,438,139
8,439,151
8,440,131
8,441,121
8,442,121
8,443,131
8,444,112
8,445,144
8,446,139
8,447,132
8,448,112
8,449,105
8,450,139
8,451,129
8,452,127
8,453,123
8,454,132
8,455,124
8,456,121
8,457,128
8,458,146
8,459,122
8,460,117
8,461,115
8,462,105
8,463,111
8,464,121
8,465,117
8,466,113
8,467,119
8,468,97
8,469,138
8,470,118
8,471,145
8,472,110
8,473,95
8,474,106
8,475,112
8,476,97
8,477,120
8,478,111
8,479,99
8,480,96
8,481,111
8,482,119
8,483,98
8,484,96
8,485,138
8,486,93
8,487,108
8,488,104
8,489,117
8,490,107
8,491,99
8,492,115
8,493,111
8,494,80
8,495,107
8,496,97
8,497,119
8,498,111
8,499,117
8,500,104
8,501,97
8,502,108
8,503,106
8,504,92
8,505,110
8,506,87
8,507,101
8,508,105
8,509,95
8,510,99
8,511,110
8,512,97
8,513,97
8,514,107
8,515,108
8,516,133
8,517,108
8,518,88
8,519,101
8,520,114
8,521,96
8,522,86
8,523,98
8,524,85
8,525,92
8,526,92
8,527,101
8,528,103
8,529,101
8,530,99
8,531,95
8,532,100
8,533,97
8,534,82
8,535,93
8,536,96
8,537,88
8,538,92
8,539,79
8,540,106
8,541,92
8,542,80
8,543,89
8,544,85
8,545,81
8,546,94
8,547,82
8,548,77
8,549,90
8,550,81
8,551,98
8,552,81
8,553,104
8,554,109
8,555,82
8,556,74
8,557,81
8,558,92
8,559,94
8,560,67
8,561,77
8,562,85
8,563,95
8,564,67
8,565,88
8,566,72
8,567,71
8,568,96
8,569,83
8,570,86
8,571,84
8,572,80
8,573,92
8,574,93
8,575,92
8,576,81
8,577,85
8,578,73
8,579,85
8,580,79
8,581,73
8,582,79
8,583,78
8,584,71
8,585,74
8,586,67
8,587,87
8,588,85
8,589,74
8,590,78
8,591,70
8,592,67
8,593,82
8,594,78
8,595,82
8,596,70
8,597,71
8,598,77
8,599,73
8,600,63
8,601,69
8,602,86
8,603,71
8,604,71
8,605,76
8,606,74
8,607,73
8,608,51
8,609,72
8,610,68
8,611,61
8,612,70
8,613,68
8,614,71
8,615,67
8,616,70
8,617,84
8,618,55
8,619,75
8,620,62
8,621,72
8,622,57
8,623,69
8,624,69
8,625,62
8,626,77
8,627,70
8,628,68
8,629,73
8,630,59
8,631,70
8,632,66
8,633,67
8,634,58
8,635,63
8,636,61
8,637,56
8,638,58
8,639,55
8,640,63
8,641,71
8,642,54
8,643,59
8,644,62
8,645,67
8,646,54
8,647,52
8,648,60
8,649,55
8,650,63
8,651,62
8,652,79
8,653,63
8,654,63
8,655,81
8,656,63
8,657,58
8,658,51
8,659,46
8,660,70
8,661,61
8,662,53
8,663,47
8,664,60
8,665,58
8,666,61
8,667,52
8,668,51
8,669,59
8,670,55
8,671,60
8,672,53
8,673,65
8,674,53
8,675,56
8,676,54
8,677,73
8,678,54
8,679,54
8,680,59
8,681,56
8,682,64
8,683,36
8,684,48
8,685,46
8,686,59
8,687,65
8,688,53
8,689,55
8,690,68
8,691,47
8,692,63
8,693,51
8,694,48
8,695,48
8,696,57
8,697,43
8,698,65
8,699,48
8,700,50
8,701,50
8,702,44
8,703,49
8,704,51
8,705,53
8,706,43
8,707,47
8,708,53
8,709,67
8,710,64
8,711,48
8,712,49
8,713,57
8,714,47
8,715,46
8,716,56
8,717,49
8,718,48
8,719,42
8,720,64
8,721,49
8,722,55
8,723,51
8,724,40
8,725,64
8,726,40
8,727,34
8,728,55
8,729,46
8,730,50
8,731,45
8,732,50
8,733,54
8,734,55
8,735,35
8,736,54
8,737,43
8,738,38
8,739,42
8,740,51
8,741,38
8,742,40
8,743,26
8,744,31
8,745,37
8,746,34
8,747,30
8,748,40
8,749,39
8,750,43
8,751,47
8,752,42
8,753,42
8,754,36
8,755,42
8,756,48
8,757,37
8,758,43
8,759,40
8,760,52
8,761,42
8,762,50
8,763,47
8,764,44
8,765,52
8,766,38
8,767,37
8,768,33
8,769,43
8,770,39
8,771,44
8,772,41
8,773,38
8,774,36
8,775,39
8,776,49
8,777,46
8,778,47
8,779,46
8,780,43
8,781,43
8,782,34
8,783,30
8,784,36
8,785,36
8,786,30
8,787,37
8,788,37
8,789,38
8,790,32
8,791,37
8,792,42
8,793,33
8,794,29
8,795,35
8,796,31
8,797,34
8,798,38
8,799,31
8,800,40
8,801,40
8,802,29
8,803,30
8,804,41
8,805,34
8,806,37
8,807,33
8,808,36
8,809,40
8,810,31
8,811,30
8,812,37
8,813,34
8,814,36
8,815,28
8,816,33
8,817,31
8,818,26
8,819,36
8,820,22
8,821,38
8,822,25
8,823,35
8,824,40
8,825,40
8,826,27
8,827,40
8,828,23
8,829,30
8,830,35
8,831,37
8,832,30
8,833,33
8,834,35
8,835,38
8,836,36
8,837,28
8,838,29
8,839,36
8,840,34
8,841,36
8,842,33
8,843,31
8,844,40
8,845,39
8,846,23
8,847,35
8,848,30
8,849,35
8,850,32
8,851,26
8,852,20
8,853,34
8,854,29
8,855,36
8,856,38
8,857,28
8,858,29
8,859,44
8,860,29
8,861,48
8,862,31
8,863,28
8,864,22
8,865,26
8,866,37
8,867,31
8,868,33
8,869,27
8,870,25
8,871,24
8,872,24
8,873,34
8,874,26
8,875,31
8,876,27
8,877,19
8,878,29
8,879,23
8,880,23
8,881,38
8,882,17
8,883,21
8,884,22
8,885,20
8,886,25
8,887,24
8,888,19
8,889,28
8,890,22
8,891,16
8,892,28
8,893,18
8,894,26
8,895,27
8,896,26
8,897,12
8,898,32
8,899,25
8,900,26
8,901,25
8,902,22
8,903,17
8,904,28
8,905,27
8,906,29
8,907,25
8,908,15
8,909,22
8,910,33
8,911,22
8,912,21
8,913,20
8,914,20
8,915,28
8,916,20
8,917,17
8,918,27
8,919,20
8,920,24
8,921,25
8,922,28
8,923,20
8,924,18
8,925,26
8,926,29
8,927,23
8,928,36
8,929,23
8,930,23
8,931,21
8,932,18
8,933,22
8,934,23
8,935,20
8,936,19
8,937,23
8,938,18
8,939,24
8,940,17
8,941,26
8,942,22
8,943,23
8,944,26
8,945,26
8,946,18
8,947,20
8,948,24
8,949,22
8,950,23
8,951,20
8,952,22
8,953,29
8,954,20
8,955,28
8,956,18
8,957,18
8,958,24
8,959,23
8,960,34
8,961,17
8,962,24
8,963,21
8,964,19
8,965,32
8,966,27
8,967,23
8,968,16
8,969,17
8,970,16
8,971,21
8,972,22
8,973,24
8,974,12
8,975,21
8,976,29
8,977,24
8,978,16
8,979,21
8,980,19
8,981,27
8,982,21
8,983,21
8,984,15
8,985,19
8,986,18
8,987,22
8,988,17
8,989,20
8,990,18
8,991,23
8,992,29
8,993,14
8,994,16
8,995,15
8,996,16
8,997,24
8,998,13
8,999,20
8,1000,15
8,1001,19
8,1002,24
8,1003,15
8,1004,18
8,1005,17
8,1006,19
8,1007,22
8,1008,19
8,1009,21
8,1010,11
8,1011,19
8,1012,26
8,1013,15
8,1014,18
8,1015,17
8,1016,14
8,1017,22
8,1018,21
8,1019,20
8,1020,24
8,1021,14
8,1022,23
8,1023,19
8,1024,11
8,1025,18
8,1026,21
8,1027,25
8,1028,15
8,1029,20
8,1030,19
8,1031,19
8,1032,20
8,1033,13
8,1034,12
8,1035,15
8,1036,13
8,1037,13
8,1038,19
8,1039,20
8,1040,21
8,1041,12
8,1042,15
8,1043,20
8,1044,13
8,1045,25
8,1046,24
8,1047,24
8,1048,13
8,1049,21
8,1050,18
8,1051,11
8,1052,12
8,1053,15
8,1054,14
8,1055,18
8,1056,12
8,1057,23
8,1058,17
8,1059,14
8,1060,14
8,1061,20
8,1062,13
8,1063,18
8,1064,11
8,1065,12
8,1066,18
8,1067,15
8,1068,14
8,1069,15
8,1070,13
8,1071,16
8,1072,14
8,1073,18
8,1074,22
8,1075,18
8,1076,16
8,1077,13
8,1078,14
8,1079,12
8,1080,13
8,1081,17
8,1082,14
8,1083,15
8,1084,19
8,1085,16
8,1086,16
8,1087,15
8,1088,12
8,1089,11
8,1090,10
8,1091,13
8,1092,16
8,1093,15
8,1094,9
8,1095,12
8,1096,13
8,1097,14
8,1098,11
8,1099,20
8,1100,16
8,1101,18
8,1102,14
8,1103,14
8,1104,13
8,1105,13
8,1106,12
8,1107,18
8,1108,11
8,1109,20
8,1110,17
8,1111,21
8,1112,17
8,1113,13
8,1114,17
8,1115,12
8,1116,17
8,1117,25
8,1118,14
8,1119,10
8,1120,8
8,1121,9
8,1122,11
8,1123,7
8,1124,14
8,1125,9
8,1126,16
8,1127,16
8,1128,12
8,1129,18
8,1130,6
8,1131,15
8,1132,12
8,1133,13
8,1134,16
8,1135,12
8,1136,10
8,1137,14
8,1138,15
8,1139,8
8,1140,11
8,1141,10
8,1142,11
8,1143,12
8,1144,10
8,1145,17
8,1146,10
8,1147,12
8,1148,11
8,1149,13
8,1150,10
8,1151,18
8,1152,19
8,1153,14
8,1154,11
8,1155,14
8,1156,17
8,1157,11
8,1158,20
8,1159,9
8,1160,6
8,1161,7
8,1162,11
8,1163,7
8,1164,10
8,1165,18
8,1166,7
8,1167,10
8,1168,18
8,1169,17
8,1170,16
8,1171,7
8,1172,12
8,1173,10
8,1174,15
8,1175,5
8,1176,9
8,1177,14
8,1178,8
8,1179,12
8,1180,15
8,1181,10
8,1182,12
8,1183,6
8,1184,14
8,1185,15
8,1186,7
8,1187,11
8,1188,9
8,1189,16
8,1190,14
8,1191,7
8,1192,9
8,1193,11
8,1194,9
8,1195,21
8,1196,16
8,1197,13
8,1198,9
8,1199,10
8,1200,7
8,1201,11
8,1202,9
8,1203,10
8,1204,9
8,1205,12
8,1206,7
8,1207,15
8,1208,10
8,1209,15
8,1210,11
8,1211,18
8,1212,13
8,1213,8
8,1214,7
8,1215,12
8,1216,13
8,1217,6
8,1218,8
8,1219,12
8,1220,11
8,1221,11
8,1222,6
8,1223,14
8,1224,6
8,1225,13
8,1226,6
8,1227,15
8,1228,9
8,1229,10
8,1230,12
8,1231,12
8,1232,11
8,1233,10
8,1234,7
8,1235,12
8,1236,10
8,1237,10
8,1238,5
8,1239,12
8,1240,10
8,1241,9
8,1242,10
8,1243,11
8,1244,4
8,1245,11
8,1246,8
8,1247,4
8,1248,11
8,1249,16
8,1250,9
8,1251,9
8,1252,13
8,1253,5
8,1254,3
8,1255,12
8,1256,14
8,1257,13
8,1258,11
8,1259,7
8,1260,10
8,1261,7
8,1262,11
8,1263,5
8,1264,12
8,1265,11
8,1266,12
8,1267,9
8,1268,12
8,1269,6
8,1270,14
8,1271,9
8,1272,8
8,1273,10
8,1274,13
8,1275,10
8,1276,14
8,1277,7
8,1278,7
8,1279,12
8,1280,6
8,1281,6
8,1282,10
8,1283,12
8,1284,6
8,1285,7
8,1286,7
8,1287,10
8,1288,10
8,1289,8
8,1290,6
8,1291,10
8,1292,8
8,1293,13
8,1294,11
8,1295,10
8,1296,8
8,1297,5
8,1298,9
8,1299,5
8,1300,5
8,1301,4
8,1302,14
8,1303,10
8,1304,4
8,1305,5
8,1306,12
8,1307,4
8,1308,7
8,1309,5
8,1310,8
8,1311,11
8,1312,11
8,1313,11
8,1314,2
8,1315,7
8,1316,8
8,1317,6
8,1318,10
8,1319,6
8,1320,9
8,1321,14
8,1322,6
8,1323,6
8,1324,8
8,1325,7
8,1326,7
8,1327,11
8,1328,5
8,1329,9
8,1330,12
8,1331,10
8,1332,5
8,1333,11
8,1334,11
8,1335,10
8,1336,5
8,1337,4
8,1338,9
8,1339,4
8,1340,6
8,1341,6
8,1342,11
8,1343,11
8,1344,5
8,1345,1
8,1346,9
8,1347,4
8,1348,12
8,1349,6
8,1350,4
8,1351,5
8,1352,5
8,1354,17
8,1355,4
8,1356,7
8,1357,8
8,1358,8
8,1359,1
8,1360,9
8,1361,9
8,1362,8
8,1363,7
8,1364,5
8,1365,5
8,1366,6
8,1367,10
8,1368,9
8,1369,14
8,1370,7
8,1371,7
8,1372,6
8,1373,13
8,1374,5
8,1375,5
8,1376,1
8,1377,3
8,1378,3
8,1379,10
8,1380,5
8,1381,12
8,1382,6
8,1383,7
8,1384,8
8,1385,7
8,1386,3
8,1387,3
8,1388,7
8,1389,7
8,1390,8
8,1391,5
8,1392,6
8,1393,7
8,1394,7
8,1395,8
8,1396,11
8,1397,7
8,1398,6
8,1399,9
8,1400,5
8,1401,4
8,1402,5
8,1403,12
8,1404,4
8,1405,5
8,1406,9
8,1407,4
8,1408,7
8,1409,7
8,1410,7
8,1411,6
8,1412,10
8,1413,4
8,1414,3
8,1415,4
8,1416,7
8,1417,8
8,1418,4
8,1419,13
8,1420,4
8,1421,7
8,1422,11
8,1423,10
8,1424,7
8,1425,3
8,1426,5
8,1427,9
8,1428,7
8,1429,6
8,1430,6
8,1431,7
8,1432,3
8,1433,6
8,1434,7
8,1435,7
8,1436,5
8,1437,3
8,1438,4
8,1439,6
8,1440,6
8,1441,8
8,1442,8
8,1443,6
8,1444,7
8,1445,3
8,1446,3
8,1447,1
8,1448,6
8,1449,6
8,1450,5
8,1451,5
8,1452,5
8,1453,3
8,1454,9
8,1455,5
8,1456,5
8,1457,7
8,1458,4
8,1459,3
8,1460,4
8,1461,2
8,1462,3
8,1463,6
8,1464,3
8,1465,6
8,1466,8
8,1467,5
8,1468,5
8,1469,2
8,1470,6
8,1471,4
8,1472,8
8,1473,2
8,1474,6
8,1475,6
8,1476,5
8,1477,2
8,1478,5
8,1479,3
8,1480,6
8,1482,9
8,1483,1
8,1484,8
8,1485,5
8,1487,6
8,1488,7
8,1489,5
8,1490,6
8,1491,5
8,1492,5
8,1493,6
8,1494,5
8,1495,3
8,1496,9
8,1497,7
8,1498,3
8,1499,7
8,1500,4
8,1501,9
8,1502,6
8,1503,9
8,1504,4
8,1505,4
8,1506,3
8,1507,5
8,1508,5
8,1509,5
8,1510,5
8,1511,6
8,1512,4
8,1513,3
8,1514,9
8,1515,8
8,1516,1
8,1517,2
8,1518,5
8,1519,4
8,1520,5
8,1521,3
8,1522,11
8,1523,4
8,1524,7
8,1525,5
8,1526,6
8,1527,6
8,1528,1
8,1529,12
8,1530,6
8,1531,5
8,1532,5
8,1533,3
8,1534,5
8,1535,1
8,1536,6
8,1537,4
8,1538,2
8,1539,10
8,1540,2
8,1541,5
8,1542,3
8,1543,9
8,1544,5
8,1545,3
8,1546,2
8,1547,7
8,1548,6
8,1549,10
8,1550,10
8,1551,12
8,1552,4
8,1553,10
8,1554,7
8,1555,5
8,1556,2
8,1558,8
8,1559,10
8,1560,2
8,1561,2
8,1562,2
8,1563,4
8,1564,5
8,1565,9
8,1566,7
8,1567,3
8,1568,8
8,1569,8
8,1570,2
8,1571,2
8,1572,6
8,1573,2
8,1574,4
8,1575,6
8,1576,5
8,1577,4
8,1578,9
8,1579,1
8,1580,4
8,1581,4
8,1582,8
8,1583,4
8,1584,2
8,1585,3
8,1586,2
8,1587,3
8,1588,6
8,1589,2
8,1590,4
8,1592,3
8,1593,7
8,1594,5
8,1595,3
8,1596,3
8,1597,5
8,1598,2
8,1599,5
8,1600,7
8,1601,3
8,1602,5
8,1603,6
8,1604,4
8,1605,9
8,1606,3
8,1607,1
8,1608,5
8,1609,2
8,1610,2
8,1611,3
8,1612,3
8,1613,3
8,1614,5
8,1615,4
8,1616,7
8,1617,3
8,1618,5
8,1619,6
8,1620,2
8,1621,4
8,1622,2
8,1623,4
8,1624,4
8,1625,4
8,1626,4
8,1627,3
8,1628,3
8,1629,4
8,1630,7
8,1631,5
8,1632,5
8,1633,2
8,1634,4
8,1635,5
8,1636,4
8,1637,3
8,1638,4
8,1639,2
8,1640,4
8,1641,1
8,1642,7
8,1643,4
8,1644,5
8,1645,3
8,1646,3
8,1647,3
8,1648,2
8,1649,3
8,1650,5
8,1651,4
8,1652,3
8,1653,2
8,1654,1
8,1655,1
8,1656,5
8,1658,4
8,1659,4
8,1660,3
8,1661,2
8,1662,4
8,1663,3
8,1664,5
8,1665,2
8,1666,3
8,1667,6
8,1668,1
8,1669,6
8,1670,2
8,1671,3
8,1672,6
8,1673,1
8,1674,3
8,1675,4
8,1676,1
8,1677,5
8,1678,8
8,1679,1
8,1680,6
8,1681,3
8,1682,5
8,1683,6
8,1684,3
8,1685,2
8,1686,5
8,1687,2
8,1688,5
8,1689,2
8,1690,3
8,1691,4
8,1692,4
8,1693,2
8,1694,5
8,1695,3
8,1697,1
8,1698,5
8,1699,6
8,1700,7
8,1701,1
8,1702,2
8,1703,2
8,1704,3
8,1705,1
8,1706,5
8,1707,1
8,1708,1
8,1709,5
8,1710,3
8,1711,6
8,1712,5
8,1713,5
8,1714,6
8,1715,4
8,1716,7
8,1717,3
8,1718,1
8,1719,3
8,1720,4
8,1721,3
8,1722,4
8,1723,2
8,1724,1
8,1725,1
8,1726,2
8,1727,2
8,1728,3
8,1729,6
8,1730,1
8,1731,1
8,1732,1
8,1733,3
8,1734,4
8,1735,3
8,1736,4
8,1737,6
8,1738,3
8,1739,5
8,1740,3
8,1741,1
8,1742,3
8,1744,4
8,1745,5
8,1746,2
8,1747,3
8,1748,3
8,1749,1
8,1750,2
8,1751,3
8,1752,1
8,1753,1
8,1754,4
8,1755,6
8,1756,6
8,1757,5
8,1758,5
8,1760,2
8,1761,2
8,1762,2
8,1763,1
8,1764,5
8,1765,2
8,1766,3
8,1767,2
8,1768,2
8,1769,3
8,1770,3
8,1771,4
8,1772,5
8,1773,4
8,1774,2
8,1775,4
8,1776,2
8,1777,2
8,1778,2
8,1779,1
8,1780,4
8,1781,4
8,1782,2
8,1783,2
8,1784,6
8,1785,4
8,1786,2
8,1787,1
8,1788,4
8,1789,2
8,1790,5
8,1791,2
8,1792,1
8,1793,3
8,1795,5
8,1797,2
8,1798,4
8,1799,4
8,1800,3
8,1801,5
8,1802,2
8,1803,2
8,1804,3
8,1805,1
8,1806,2
8,1807,3
8,1808,2
8,1809,1
8,1810,2
8,1811,2
8,1812,3
8,1813,1
8,1814,4
8,1815,3
8,1816,2
8,1817,6
8,1819,3
8,1821,2
8,1822,2
8,1823,4
8,1824,6
8,1825,2
8,1826,3
8,1827,6
8,1828,3
8,1829,5
8,1831,2
8,1832,2
8,1833,3
8,1834,1
8,1835,2
8,1836,1
8,1837,1
8,1838,3
8,1839,2
8,1840,3
8,1841,2
8,1842,2
8,1843,5
8,1844,5
8,1845,3
8,1846,2
8,1847,2
8,1848,3
8,1849,3
8,1850,4
8,1851,1
8,1852,3
8,1854,2
8,1855,2
8,1856,2
8,1857,3
8,1858,2
8,1861,2
8,1862,4
8,1863,1
8,1864,2
8,1865,2
8,1866,2
8,1867,5
8,1868,2
8,1869,4
8,1870,3
8,1871,1
8,1872,2
8,1873,4
8,1874,1
8,1875,1
8,1876,4
8,1878,4
8,1879,1
8,1880,2
8,1881,3
8,1882,5
8,1883,1
8,1884,3
8,1885,1
8,1886,1
8,1887,3
8,1888,3
8,1889,3
8,1890,1
8,1891,1
8,1892,2
8,1893,5
8,1894,3
8,1895,3
8,1896,3
8,1897,3
8,1898,2
8,1899,2
8,1900,3
8,1901,2
8,1902,2
8,1904,3
8,1905,1
8,1906,4
8,1908,2
8,1909,3
8,1910,5
8,1911,2
8,1912,3
8,1913,3
8,1914,4
8,1915,2
8,1917,2
8,1918,2
8,1919,2
8,1921,3
8,1922,2
8,1924,2
8,1925,3
8,1926,4
8,1927,5
8,1928,1
8,1929,2
8,1930,4
8,1931,2
8,1932,1
8,1933,2
8,1935,2
8,1936,3
8,1937,3
8,1938,4
8,1939,3
8,1940,1
8,1941,1
8,1942,1
8,1943,1
8,1944,2
8,1945,5
8,1946,2
8,1948,2
8,1949,2
8,1950,1
8,1951,2
8,1954,6
8,1955,2
8,1956,1
8,1957,3
8,1958,2
8,1959,3
8,1960,4
8,1961,2
8,1963,3
8,1964,1
8,1967,1
8,1968,2
8,1969,3
8,1970,3
8,1971,3
8,1972,4
8,1973,2
8,1974,4
8,1975,1
8,1976,6
8,1977,3
8,1979,4
8,1980,2
8,1982,2
8,1983,3
8,1984,3
8,1985,2
8,1986,2
8,1987,3
8,1988,2
8,1989,3
8,1991,3
8,1992,1
8,1993,1
8,1994,4
8,1995,1
8,1996,1
8,1997,1
8,1998,3
8,1999,2
8,2000,2
8,2001,2
8,2002,1
8,2003,2
8,2004,2
8,2005,1
8,2006,1
8,2009,3
8,2010,1
8,2011,4
8,2012,1
8,2013,1
8,2014,2
8,2015,2
8,2016,4
8,2017,1
8,2018,1
8,2019,1
8,2020,3
8,2022,4
8,2023,2
8,2024,3
8,2025,2
8,2026,1
8,2027,1
8,2028,4
8,2029,2
8,2030,3
8,2031,1
8,2032,1
8,2033,3
8,2034,1
8,2035,1
8,2036,3
8,2037,5
8,2039,2
8,2040,1
8,2041,2
8,2042,1
8,2043,1
8,2044,3
8,2045,5
8,2046,2
8,2049,2
8,2052,3
8,2054,2
8,2056,1
8,2057,1
8,2058,2
8,2059,2
8,2060,2
8,2062,2
8,2063,3
8,2064,1
8,2065,1
8,2066,1
8,2067,1
8,2068,1
8,2069,1
8,2070,1
8,2074,1
8,2076,2
8,2078,1
8,2079,2
8,2080,1
8,2081,1
8,2082,2
8,2084,1
8,2085,2
8,2087,2
8,2088,2
8,2089,2
8,2090,1
8,2091,1
8,2093,1
8,2094,2
8,2095,1
8,2096,3
8,2097,1
8,2098,1
8,2099,3
8,2101,1
8,2102,3
8,2103,1
8,2104,2
8,2105,3
8,2106,1
8,2107,2
8,2108,2
8,2109,2
8,2110,4
8,2111,2
8,2112,2
8,2113,2
8,2114,1
8,2115,1
8,2116,2
8,2117,1
8,2118,1
8,2119,5
8,2120,1
8,2121,4
8,2122,1
8,2123,2
8,2124,2
8,2125,1
8,2126,2
8,2127,1
8,2128,1
8,2129,2
8,2130,1
8,2131,1
8,2133,1
8,2135,1
8,2136,1
8,2137,3
8,2138,2
8,2141,3
8,2142,3
8,2143,5
8,2146,1
8,2147,3
8,2149,3
8,2150,2
8,2151,1
8,2152,1
8,2154,2
8,2155,2
8,2157,1
8,2158,2
8,2159,3
8,2160,1
8,2162,2
8,2163,1
8,2164,1
8,2165,2
8,2166,3
8,2167,2
8,2168,2
8,2172,1
8,2173,1
8,2174,2
8,2176,1
8,2177,1
8,2182,2
8,2183,1
8,2184,1
8,2187,2
8,2188,1
8,2189,1
8,2190,5
8,2191,3
8,2192,2
8,2193,3
8,2194,2
8,2195,1
8,2196,3
8,2197,1
8,2198,3
8,2199,1
8,2200,2
8,2203,1
8,2204,5
8,2205,1
8,2206,1
8,2212,4
8,2213,2
8,2214,1
8,2218,1
8,2220,1
8,2222,1
8,2224,1
8,2225,1
8,2226,1
8,2228,1
8,2230,2
8,2231,1
8,2233,1
8,2234,1
8,2235,1
8,2237,1
8,2240,2
8,2242,2
8,2243,1
8,2244,1
8,2245,2
8,2247,2
8,2250,2
8,2252,2
8,2253,2
8,2255,1
8,2258,3
8,2259,2
8,2260,2
8,2261,1
8,2262,3
8,2263,2
8,2264,3
8,2265,2
8,2266,2
8,2268,2
8,2269,1
8,2273,2
8,2275,4
8,2276,3
8,2277,1
8,2278,2
8,2279,1
8,2280,1
8,2281,1
8,2282,4
8,2284,2
8,2285,2
8,2286,1
8,2288,1
8,2290,2
8,2292,1
8,2294,2
8,2295,1
8,2297,1
8,2299,1
8,2301,1
8,2303,2
8,2304,1
8,2305,2
8,2307,2
8,2313,1
8,2315,1
8,2316,1
8,2317,2
8,2321,1
8,2323,1
8,2324,2
8,2325,3
8,2327,1
8,2330,1
8,2331,1
8,2334,1
8,2338,1
8,2339,1
8,2341,2
8,2345,3
8,2351,2
8,2352,2
8,2356,1
8,2361,1
8,2363,1
8,2365,3
8,2366,2
8,2368,4
8,2369,1
8,2371,2
8,2372,1
8,2373,1
8,2375,1
8,2377,1
8,2378,1
8,2379,2
8,2380,4
8,2381,1
8,2385,2
8,2386,1
8,2388,1
8,2390,1
8,2392,2
8,2393,1
8,2397,1
8,2400,2
8,2401,2
8,2402,2
8,2403,2
8,2404,2
8,2408,4
8,2409,1
8,2410,1
8,2411,2
8,2414,2
8,2415,1
8,2416,1
8,2418,1
8,2419,2
8,2420,1
8,2421,2
8,2422,2
8,2423,1
8,2424,1
8,2426,1
8,2427,2
8,2428,1
8,2430,1
8,2432,1
8,2433,1
8,2435,1
8,2436,3
8,2438,1
8,2441,1
8,2442,1
8,2445,1
8,2450,1
8,2452,1
8,2454,1
8,2457,1
8,2460,2
8,2466,2
8,2468,1
8,2471,1
8,2473,2
8,2474,2
8,2477,1
8,2480,2
8,2483,1
8,2486,1
8,2489,2
8,2490,3
8,2492,2
8,2493,1
8,2495,1
8,2497,1
8,2498,1
8,2499,1
8,2502,1
8,2503,1
8,2504,1
8,2508,2
8,2513,2
8,2517,1
8,2519,1
8,2520,1
8,2521,1
8,2522,2
8,2524,2
8,2525,1
8,2532,2
8,2534,2
8,2535,1
8,2536,1
8,2537,1
8,2539,1
8,2540,2
8,2541,1
8,2545,1
8,2546,3
8,2547,1
8,2548,1
8,2550,1
8,2551,1
8,2552,1
8,2556,1
8,2558,1
8,2559,1
8,2560,1
8,2562,1
8,2564,1
8,2565,2
8,2576,2
8,2579,3
8,2581,1
8,2587,1
8,2590,3
8,2593,1
8,2594,1
8,2597,1
8,2599,1
8,2602,2
8,2603,1
8,2607,1
8,2612,1
8,2613,3
8,2615,1
8,2616,2
8,2617,2
8,2618,1
8,2621,1
8,2622,2
8,2626,1
8,2627,1
8,2630,1
8,2631,4
8,2632,2
8,2636,1
8,2637,2
8,2640,1
8,2641,1
8,2644,1
8,2646,1
8,2647,1
8,2649,1
8,2650,3
8,2651,1
8,2652,1
8,2653,1
8,2661,1
8,2664,1
8,2665,2
8,2669,1
8,2672,2
8,2675,1
8,2679,1
8,2680,1
8,2681,1
8,2685,1
8,2687,1
8,2692,1
8,2693,1
8,2699,2
8,2703,2
8,2704,1
8,2707,1
8,2710,1
8,2712,2
8,2713,1
8,2714,2
8,2717,1
8,2720,2
8,2723,1
8,2724,1
8,2725,3
8,2726,1
8,2727,2
8,2729,1
8,2731,1
8,2735,2
8,2740,1
8,2743,1
8,2745,1
8,2753,2
8,2755,1
8,2762,1
8,2769,1
8,2771,1
8,2772,1
8,2777,1
8,2779,2
8,2780,1
8,2781,1
8,2791,1
8,2792,2
8,2794,2
8,2795,1
8,2796,1
8,2801,1
8,2802,1
8,2806,1
8,2808,1
8,2812,1
8,2813,1
8,2814,1
8,2821,1
8,2822,1
8,2823,1
8,2826,1
8,2830,1
8,2833,1
8,2843,1
8,2848,2
8,2849,2
8,2850,1
8,2856,1
8,2858,1
8,2862,1
8,2865,1
8,2866,1
8,2870,1
8,2871,1
8,2875,1
8,2876,1
8,2884,1
8,2886,1
8,2887,1
8,2892,1
8,2896,1
8,2903,1
8,2904,1
8,2922,1
8,2923,1
8,2928,1
8,2929,1
8,2931,1
8,2932,1
8,2935,1
8,2936,1
8,2950,1
8,2958,1
8,2960,1
8,2963,2
8,2966,1
8,2968,1
8,2971,1
8,2973,1
8,2976,1
8,2978,1
8,2979,1
8,2981,1
8,2988,1
8,2990,1
8,2992,1
8,2996,1
8,3006,1
8,3013,1
8,3017,1
8,3023,1
8,3027,1
8,3039,1
8,3056,1
8,3058,1
8,3069,3
8,3081,1
8,3084,1
8,3090,1
8,3096,1
8,3097,1
8,3105,2
8,3115,1
8,3118,1
8,3125,1
8,3128,1
8,3129,1
8,3140,1
8,3143,3
8,3168,1
8,3172,1
8,3178,1
8,3181,1
8,3198,1
8,3200,1
8,3201,1
8,3202,1
8,3203,2
8,3205,1
8,3206,1
8,3208,1
8,3211,1
8,3213,1
8,3226,2
8,3239,1
8,3248,1
8,3260,1
8,3268,1
8,3270,1
8,3271,1
8,3276,1
8,3280,1
8,3283,1
8,3287,1
8,3299,2
8,3304,1
8,3307,2
8,3319,1
8,3324,1
8,3335,1
8,3338,1
8,3345,1
8,3356,1
8,3361,1
8,3363,1
8,3391,1
8,3401,1
8,3403,1
8,3413,2
8,3418,1
8,3428,1
8,3432,1
8,3436,1
8,3446,1
8,3456,1
8,3458,1
8,3460,1
8,3491,1
8,3498,1
8,3500,1
8,3511,1
8,3519,1
8,3528,3
8,3538,1
8,3551,1
8,3566,1
8,3572,1
8,3619,1
8,3638,1
8,3641,1
8,3642,1
8,3643,1
8,3649,1
8,3668,1
8,3693,1
8,3715,1
8,3721,1
8,3745,1
8,3765,1
8,3772,1
8,3778,1
8,3781,1
8,3784,2
8,3842,1
8,3859,1
8,3901,1
8,3911,1
8,3943,2
8,3973,1
8,4001,1
8,4027,1
8,4127,1
8,4149,1
8,4291,1
8,4303,1
8,4309,1
8,4310,1
8,4387,1
8,4396,1
8,4478,1
8,4608,1
8,4652,1
8,4809,1
8,4949,1
8,4972,1
