panel_key,species,gene_id
xenium_prime_5k_human,human,ENSG00000000005
xenium_prime_5k_human,human,ENSG00000000419
xenium_prime_5k_human,human,ENSG00000000938
xenium_prime_5k_human,human,ENSG00000000971
xenium_prime_5k_human,human,ENSG00000001617
xenium_prime_5k_human,human,ENSG00000001626
xenium_prime_5k_human,human,ENSG00000002016
xenium_prime_5k_human,human,ENSG00000002330
xenium_prime_5k_human,human,ENSG00000002586
xenium_prime_5k_human,human,ENSG00000002822
xenium_prime_5k_human,human,ENSG00000002834
xenium_prime_5k_human,human,ENSG00000002919
xenium_prime_5k_human,human,ENSG00000003096
xenium_prime_5k_human,human,ENSG00000003147
xenium_prime_5k_human,human,ENSG00000003400
xenium_prime_5k_human,human,ENSG00000003402
xenium_prime_5k_human,human,ENSG00000003436
xenium_prime_5k_human,human,ENSG00000004142
xenium_prime_5k_human,human,ENSG00000004468
xenium_prime_5k_human,human,ENSG00000004487
xenium_prime_5k_human,human,ENSG00000004700
xenium_prime_5k_human,human,ENSG00000004766
xenium_prime_5k_human,human,ENSG00000004779
xenium_prime_5k_human,human,ENSG00000004838
xenium_prime_5k_human,human,ENSG00000004848
xenium_prime_5k_human,human,ENSG00000004864
xenium_prime_5k_human,human,ENSG00000004897
xenium_prime_5k_human,human,ENSG00000004939
xenium_prime_5k_human,human,ENSG00000004948
xenium_prime_5k_human,human,ENSG00000004975
xenium_prime_5k_human,human,ENSG00000005007
xenium_prime_5k_human,human,ENSG00000005073
xenium_prime_5k_human,human,ENSG00000005156
xenium_prime_5k_human,human,ENSG00000005175
xenium_prime_5k_human,human,ENSG00000005339
xenium_prime_5k_human,human,ENSG00000005379
xenium_prime_5k_human,human,ENSG00000005381
xenium_prime_5k_human,human,ENSG00000005421
xenium_prime_5k_human,human,ENSG00000005471
xenium_prime_5k_human,human,ENSG00000005486
xenium_prime_5k_human,human,ENSG00000005513
xenium_prime_5k_human,human,ENSG00000005844
xenium_prime_5k_human,human,ENSG00000005884
xenium_prime_5k_human,human,ENSG00000005889
xenium_prime_5k_human,human,ENSG00000005893
xenium_prime_5k_human,human,ENSG00000005961
xenium_prime_5k_human,human,ENSG00000006042
xenium_prime_5k_human,human,ENSG00000006062
xenium_prime_5k_human,human,ENSG00000006071
xenium_prime_5k_human,human,ENSG00000006116
xenium_prime_5k_human,human,ENSG00000006128
xenium_prime_5k_human,human,ENSG00000006210
xenium_prime_5k_human,human,ENSG00000006283
xenium_prime_5k_human,human,ENSG00000006327
xenium_prime_5k_human,human,ENSG00000006468
xenium_prime_5k_human,human,ENSG00000006606
xenium_prime_5k_human,human,ENSG00000006638
xenium_prime_5k_human,human,ENSG00000006652
xenium_prime_5k_human,human,ENSG00000006659
xenium_prime_5k_human,human,ENSG00000006744
xenium_prime_5k_human,human,ENSG00000006747
xenium_prime_5k_human,human,ENSG00000006788
xenium_prime_5k_human,human,ENSG00000006831
xenium_prime_5k_human,human,ENSG00000006837
xenium_prime_5k_human,human,ENSG00000007062
xenium_prime_5k_human,human,ENSG00000007080
xenium_prime_5k_human,human,ENSG00000007171
xenium_prime_5k_human,human,ENSG00000007174
xenium_prime_5k_human,human,ENSG00000007312
xenium_prime_5k_human,human,ENSG00000007350
xenium_prime_5k_human,human,ENSG00000007372
xenium_prime_5k_human,human,ENSG00000007392
xenium_prime_5k_human,human,ENSG00000007908
xenium_prime_5k_human,human,ENSG00000007933
xenium_prime_5k_human,human,ENSG00000007944
xenium_prime_5k_human,human,ENSG00000007952
xenium_prime_5k_human,human,ENSG00000008196
xenium_prime_5k_human,human,ENSG00000008226
xenium_prime_5k_human,human,ENSG00000008300
xenium_prime_5k_human,human,ENSG00000008710
xenium_prime_5k_human,human,ENSG00000008735
xenium_prime_5k_human,human,ENSG00000008869
xenium_prime_5k_human,human,ENSG00000009709
xenium_prime_5k_human,human,ENSG00000009724
xenium_prime_5k_human,human,ENSG00000009790
xenium_prime_5k_human,human,ENSG00000009950
xenium_prime_5k_human,human,ENSG00000010017
xenium_prime_5k_human,human,ENSG00000010165
xenium_prime_5k_human,human,ENSG00000010318
xenium_prime_5k_human,human,ENSG00000010327
xenium_prime_5k_human,human,ENSG00000010610
xenium_prime_5k_human,human,ENSG00000010671
xenium_prime_5k_human,human,ENSG00000010704
xenium_prime_5k_human,human,ENSG00000010810
xenium_prime_5k_human,human,ENSG00000010818
xenium_prime_5k_human,human,ENSG00000011028
xenium_prime_5k_human,human,ENSG00000011105
xenium_prime_5k_human,human,ENSG00000011304
xenium_prime_5k_human,human,ENSG00000011422
xenium_prime_5k_human,human,ENSG00000011478
xenium_prime_5k_human,human,ENSG00000011566
xenium_prime_5k_human,human,ENSG00000011677
xenium_prime_5k_human,human,ENSG00000012048
xenium_prime_5k_human,human,ENSG00000012061
xenium_prime_5k_human,human,ENSG00000012124
xenium_prime_5k_human,human,ENSG00000012504
xenium_prime_5k_human,human,ENSG00000012779
xenium_prime_5k_human,human,ENSG00000012817
xenium_prime_5k_human,human,ENSG00000012983
xenium_prime_5k_human,human,ENSG00000013306
xenium_prime_5k_human,human,ENSG00000013364
xenium_prime_5k_human,human,ENSG00000013725
xenium_prime_5k_human,human,ENSG00000014216
xenium_prime_5k_human,human,ENSG00000014257
xenium_prime_5k_human,human,ENSG00000015285
xenium_prime_5k_human,human,ENSG00000015475
xenium_prime_5k_human,human,ENSG00000015520
xenium_prime_5k_human,human,ENSG00000016082
xenium_prime_5k_human,human,ENSG00000017427
xenium_prime_5k_human,human,ENSG00000018280
xenium_prime_5k_human,human,ENSG00000018408
xenium_prime_5k_human,human,ENSG00000019169
xenium_prime_5k_human,human,ENSG00000019186
xenium_prime_5k_human,human,ENSG00000019549
xenium_prime_5k_human,human,ENSG00000019991
xenium_prime_5k_human,human,ENSG00000020181
xenium_prime_5k_human,human,ENSG00000020577
xenium_prime_5k_human,human,ENSG00000020633
xenium_prime_5k_human,human,ENSG00000020922
xenium_prime_5k_human,human,ENSG00000021826
xenium_prime_5k_human,human,ENSG00000021852
xenium_prime_5k_human,human,ENSG00000022267
xenium_prime_5k_human,human,ENSG00000022355
xenium_prime_5k_human,human,ENSG00000022556
xenium_prime_5k_human,human,ENSG00000023516
xenium_prime_5k_human,human,ENSG00000023839
xenium_prime_5k_human,human,ENSG00000023902
xenium_prime_5k_human,human,ENSG00000023909
xenium_prime_5k_human,human,ENSG00000025423
xenium_prime_5k_human,human,ENSG00000025434
xenium_prime_5k_human,human,ENSG00000025708
xenium_prime_5k_human,human,ENSG00000025772
xenium_prime_5k_human,human,ENSG00000025800
xenium_prime_5k_human,human,ENSG00000026103
xenium_prime_5k_human,human,ENSG00000026508
xenium_prime_5k_human,human,ENSG00000026751
xenium_prime_5k_human,human,ENSG00000026950
xenium_prime_5k_human,human,ENSG00000027075
xenium_prime_5k_human,human,ENSG00000027644
xenium_prime_5k_human,human,ENSG00000027697
xenium_prime_5k_human,human,ENSG00000027869
xenium_prime_5k_human,human,ENSG00000028137
xenium_prime_5k_human,human,ENSG00000028277
xenium_prime_5k_human,human,ENSG00000028528
xenium_prime_5k_human,human,ENSG00000029364
xenium_prime_5k_human,human,ENSG00000029534
xenium_prime_5k_human,human,ENSG00000029993
xenium_prime_5k_human,human,ENSG00000030110
xenium_prime_5k_human,human,ENSG00000030419
xenium_prime_5k_human,human,ENSG00000030582
xenium_prime_5k_human,human,ENSG00000031823
xenium_prime_5k_human,human,ENSG00000032389
xenium_prime_5k_human,human,ENSG00000032444
xenium_prime_5k_human,human,ENSG00000033030
xenium_prime_5k_human,human,ENSG00000033170
xenium_prime_5k_human,human,ENSG00000033327
xenium_prime_5k_human,human,ENSG00000035403
xenium_prime_5k_human,human,ENSG00000035720
xenium_prime_5k_human,human,ENSG00000035862
xenium_prime_5k_human,human,ENSG00000036257
xenium_prime_5k_human,human,ENSG00000036530
xenium_prime_5k_human,human,ENSG00000036828
xenium_prime_5k_human,human,ENSG00000037280
xenium_prime_5k_human,human,ENSG00000037474
xenium_prime_5k_human,human,ENSG00000037637
xenium_prime_5k_human,human,ENSG00000038532
xenium_prime_5k_human,human,ENSG00000038945
xenium_prime_5k_human,human,ENSG00000039068
xenium_prime_5k_human,human,ENSG00000039123
xenium_prime_5k_human,human,ENSG00000039139
xenium_prime_5k_human,human,ENSG00000039523
xenium_prime_5k_human,human,ENSG00000039537
xenium_prime_5k_human,human,ENSG00000039560
xenium_prime_5k_human,human,ENSG00000039600
xenium_prime_5k_human,human,ENSG00000040341
xenium_prime_5k_human,human,ENSG00000040633
xenium_prime_5k_human,human,ENSG00000041802
xenium_prime_5k_human,human,ENSG00000041880
xenium_prime_5k_human,human,ENSG00000041982
xenium_prime_5k_human,human,ENSG00000041988
xenium_prime_5k_human,human,ENSG00000042317
xenium_prime_5k_human,human,ENSG00000042832
xenium_prime_5k_human,human,ENSG00000042980
xenium_prime_5k_human,human,ENSG00000043039
xenium_prime_5k_human,human,ENSG00000043355
xenium_prime_5k_human,human,ENSG00000043591
xenium_prime_5k_human,human,ENSG00000044115
xenium_prime_5k_human,human,ENSG00000044459
xenium_prime_5k_human,human,ENSG00000044524
xenium_prime_5k_human,human,ENSG00000046604
xenium_prime_5k_human,human,ENSG00000046774
xenium_prime_5k_human,human,ENSG00000047056
xenium_prime_5k_human,human,ENSG00000047188
xenium_prime_5k_human,human,ENSG00000047249
xenium_prime_5k_human,human,ENSG00000047315
xenium_prime_5k_human,human,ENSG00000047457
xenium_prime_5k_human,human,ENSG00000047579
xenium_prime_5k_human,human,ENSG00000047849
xenium_prime_5k_human,human,ENSG00000047936
xenium_prime_5k_human,human,ENSG00000048052
xenium_prime_5k_human,human,ENSG00000048462
xenium_prime_5k_human,human,ENSG00000048471
xenium_prime_5k_human,human,ENSG00000048545
xenium_prime_5k_human,human,ENSG00000048991
xenium_prime_5k_human,human,ENSG00000049130
xenium_prime_5k_human,human,ENSG00000049245
xenium_prime_5k_human,human,ENSG00000049246
xenium_prime_5k_human,human,ENSG00000049247
xenium_prime_5k_human,human,ENSG00000049249
xenium_prime_5k_human,human,ENSG00000049323
xenium_prime_5k_human,human,ENSG00000049540
xenium_prime_5k_human,human,ENSG00000049656
xenium_prime_5k_human,human,ENSG00000049759
xenium_prime_5k_human,human,ENSG00000049768
xenium_prime_5k_human,human,ENSG00000049860
xenium_prime_5k_human,human,ENSG00000049883
xenium_prime_5k_human,human,ENSG00000050165
xenium_prime_5k_human,human,ENSG00000050344
xenium_prime_5k_human,human,ENSG00000050628
xenium_prime_5k_human,human,ENSG00000050748
xenium_prime_5k_human,human,ENSG00000050767
xenium_prime_5k_human,human,ENSG00000050820
xenium_prime_5k_human,human,ENSG00000051180
xenium_prime_5k_human,human,ENSG00000051382
xenium_prime_5k_human,human,ENSG00000051523
xenium_prime_5k_human,human,ENSG00000051825
xenium_prime_5k_human,human,ENSG00000052749
xenium_prime_5k_human,human,ENSG00000053438
xenium_prime_5k_human,human,ENSG00000053747
xenium_prime_5k_human,human,ENSG00000053918
xenium_prime_5k_human,human,ENSG00000054179
xenium_prime_5k_human,human,ENSG00000054219
xenium_prime_5k_human,human,ENSG00000054598
xenium_prime_5k_human,human,ENSG00000054796
xenium_prime_5k_human,human,ENSG00000054803
xenium_prime_5k_human,human,ENSG00000054938
xenium_prime_5k_human,human,ENSG00000054965
xenium_prime_5k_human,human,ENSG00000054967
xenium_prime_5k_human,human,ENSG00000055118
xenium_prime_5k_human,human,ENSG00000055130
xenium_prime_5k_human,human,ENSG00000055163
xenium_prime_5k_human,human,ENSG00000055208
xenium_prime_5k_human,human,ENSG00000055332
xenium_prime_5k_human,human,ENSG00000055483
xenium_prime_5k_human,human,ENSG00000055957
xenium_prime_5k_human,human,ENSG00000056277
xenium_prime_5k_human,human,ENSG00000056291
xenium_prime_5k_human,human,ENSG00000056487
xenium_prime_5k_human,human,ENSG00000056558
xenium_prime_5k_human,human,ENSG00000056586
xenium_prime_5k_human,human,ENSG00000056736
xenium_prime_5k_human,human,ENSG00000056972
xenium_prime_5k_human,human,ENSG00000056998
xenium_prime_5k_human,human,ENSG00000057252
xenium_prime_5k_human,human,ENSG00000057294
xenium_prime_5k_human,human,ENSG00000057593
xenium_prime_5k_human,human,ENSG00000057657
xenium_prime_5k_human,human,ENSG00000057663
xenium_prime_5k_human,human,ENSG00000057757
xenium_prime_5k_human,human,ENSG00000058085
xenium_prime_5k_human,human,ENSG00000058091
xenium_prime_5k_human,human,ENSG00000058404
xenium_prime_5k_human,human,ENSG00000058799
xenium_prime_5k_human,human,ENSG00000059122
xenium_prime_5k_human,human,ENSG00000059377
xenium_prime_5k_human,human,ENSG00000059728
xenium_prime_5k_human,human,ENSG00000059758
xenium_prime_5k_human,human,ENSG00000059804
xenium_prime_5k_human,human,ENSG00000059915
xenium_prime_5k_human,human,ENSG00000060140
xenium_prime_5k_human,human,ENSG00000060491
xenium_prime_5k_human,human,ENSG00000060656
xenium_prime_5k_human,human,ENSG00000060718
xenium_prime_5k_human,human,ENSG00000061337
xenium_prime_5k_human,human,ENSG00000061455
xenium_prime_5k_human,human,ENSG00000061936
xenium_prime_5k_human,human,ENSG00000061938
xenium_prime_5k_human,human,ENSG00000061987
xenium_prime_5k_human,human,ENSG00000062038
xenium_prime_5k_human,human,ENSG00000062194
xenium_prime_5k_human,human,ENSG00000062524
xenium_prime_5k_human,human,ENSG00000062650
xenium_prime_5k_human,human,ENSG00000062725
xenium_prime_5k_human,human,ENSG00000062822
xenium_prime_5k_human,human,ENSG00000063241
xenium_prime_5k_human,human,ENSG00000063244
xenium_prime_5k_human,human,ENSG00000063438
xenium_prime_5k_human,human,ENSG00000064012
xenium_prime_5k_human,human,ENSG00000064199
xenium_prime_5k_human,human,ENSG00000064205
xenium_prime_5k_human,human,ENSG00000064300
xenium_prime_5k_human,human,ENSG00000064393
xenium_prime_5k_human,human,ENSG00000064419
xenium_prime_5k_human,human,ENSG00000064601
xenium_prime_5k_human,human,ENSG00000064607
xenium_prime_5k_human,human,ENSG00000064651
xenium_prime_5k_human,human,ENSG00000064687
xenium_prime_5k_human,human,ENSG00000064703
xenium_prime_5k_human,human,ENSG00000064835
xenium_prime_5k_human,human,ENSG00000064932
xenium_prime_5k_human,human,ENSG00000064933
xenium_prime_5k_human,human,ENSG00000064989
xenium_prime_5k_human,human,ENSG00000064999
xenium_prime_5k_human,human,ENSG00000065000
xenium_prime_5k_human,human,ENSG00000065029
xenium_prime_5k_human,human,ENSG00000065054
xenium_prime_5k_human,human,ENSG00000065150
xenium_prime_5k_human,human,ENSG00000065320
xenium_prime_5k_human,human,ENSG00000065361
xenium_prime_5k_human,human,ENSG00000065413
xenium_prime_5k_human,human,ENSG00000065491
xenium_prime_5k_human,human,ENSG00000065534
xenium_prime_5k_human,human,ENSG00000065559
xenium_prime_5k_human,human,ENSG00000065600
xenium_prime_5k_human,human,ENSG00000065618
xenium_prime_5k_human,human,ENSG00000065675
xenium_prime_5k_human,human,ENSG00000065833
xenium_prime_5k_human,human,ENSG00000065970
xenium_prime_5k_human,human,ENSG00000065989
xenium_prime_5k_human,human,ENSG00000066044
xenium_prime_5k_human,human,ENSG00000066056
xenium_prime_5k_human,human,ENSG00000066084
xenium_prime_5k_human,human,ENSG00000066135
xenium_prime_5k_human,human,ENSG00000066230
xenium_prime_5k_human,human,ENSG00000066279
xenium_prime_5k_human,human,ENSG00000066294
xenium_prime_5k_human,human,ENSG00000066336
xenium_prime_5k_human,human,ENSG00000066382
xenium_prime_5k_human,human,ENSG00000066405
xenium_prime_5k_human,human,ENSG00000066427
xenium_prime_5k_human,human,ENSG00000066468
xenium_prime_5k_human,human,ENSG00000066827
xenium_prime_5k_human,human,ENSG00000066926
xenium_prime_5k_human,human,ENSG00000067048
xenium_prime_5k_human,human,ENSG00000067057
xenium_prime_5k_human,human,ENSG00000067182
xenium_prime_5k_human,human,ENSG00000067208
xenium_prime_5k_human,human,ENSG00000067221
xenium_prime_5k_human,human,ENSG00000067225
xenium_prime_5k_human,human,ENSG00000067248
xenium_prime_5k_human,human,ENSG00000067369
xenium_prime_5k_human,human,ENSG00000067445
xenium_prime_5k_human,human,ENSG00000067533
xenium_prime_5k_human,human,ENSG00000067560
xenium_prime_5k_human,human,ENSG00000067606
xenium_prime_5k_human,human,ENSG00000067704
xenium_prime_5k_human,human,ENSG00000067840
xenium_prime_5k_human,human,ENSG00000067900
xenium_prime_5k_human,human,ENSG00000067955
xenium_prime_5k_human,human,ENSG00000068024
xenium_prime_5k_human,human,ENSG00000068028
xenium_prime_5k_human,human,ENSG00000068078
xenium_prime_5k_human,human,ENSG00000068079
xenium_prime_5k_human,human,ENSG00000068097
xenium_prime_5k_human,human,ENSG00000068120
xenium_prime_5k_human,human,ENSG00000068305
xenium_prime_5k_human,human,ENSG00000068323
xenium_prime_5k_human,human,ENSG00000068366
xenium_prime_5k_human,human,ENSG00000068489
xenium_prime_5k_human,human,ENSG00000068796
xenium_prime_5k_human,human,ENSG00000068903
xenium_prime_5k_human,human,ENSG00000068976
xenium_prime_5k_human,human,ENSG00000069011
xenium_prime_5k_human,human,ENSG00000069018
xenium_prime_5k_human,human,ENSG00000069188
xenium_prime_5k_human,human,ENSG00000069329
xenium_prime_5k_human,human,ENSG00000069399
xenium_prime_5k_human,human,ENSG00000069431
xenium_prime_5k_human,human,ENSG00000069482
xenium_prime_5k_human,human,ENSG00000069535
xenium_prime_5k_human,human,ENSG00000069702
xenium_prime_5k_human,human,ENSG00000069869
xenium_prime_5k_human,human,ENSG00000069974
xenium_prime_5k_human,human,ENSG00000070018
xenium_prime_5k_human,human,ENSG00000070019
xenium_prime_5k_human,human,ENSG00000070081
xenium_prime_5k_human,human,ENSG00000070193
xenium_prime_5k_human,human,ENSG00000070404
xenium_prime_5k_human,human,ENSG00000070501
xenium_prime_5k_human,human,ENSG00000070718
xenium_prime_5k_human,human,ENSG00000070729
xenium_prime_5k_human,human,ENSG00000070759
xenium_prime_5k_human,human,ENSG00000070761
xenium_prime_5k_human,human,ENSG00000070770
xenium_prime_5k_human,human,ENSG00000070808
xenium_prime_5k_human,human,ENSG00000070814
xenium_prime_5k_human,human,ENSG00000070831
xenium_prime_5k_human,human,ENSG00000070886
xenium_prime_5k_human,human,ENSG00000070950
xenium_prime_5k_human,human,ENSG00000070961
xenium_prime_5k_human,human,ENSG00000071054
xenium_prime_5k_human,human,ENSG00000071537
xenium_prime_5k_human,human,ENSG00000071539
xenium_prime_5k_human,human,ENSG00000071564
xenium_prime_5k_human,human,ENSG00000071575
xenium_prime_5k_human,human,ENSG00000071626
xenium_prime_5k_human,human,ENSG00000071889
xenium_prime_5k_human,human,ENSG00000072062
xenium_prime_5k_human,human,ENSG00000072071
xenium_prime_5k_human,human,ENSG00000072110
xenium_prime_5k_human,human,ENSG00000072121
xenium_prime_5k_human,human,ENSG00000072210
xenium_prime_5k_human,human,ENSG00000072274
xenium_prime_5k_human,human,ENSG00000072310
xenium_prime_5k_human,human,ENSG00000072315
xenium_prime_5k_human,human,ENSG00000072401
xenium_prime_5k_human,human,ENSG00000072501
xenium_prime_5k_human,human,ENSG00000072506
xenium_prime_5k_human,human,ENSG00000072518
xenium_prime_5k_human,human,ENSG00000072571
xenium_prime_5k_human,human,ENSG00000072609
xenium_prime_5k_human,human,ENSG00000072694
xenium_prime_5k_human,human,ENSG00000072736
xenium_prime_5k_human,human,ENSG00000072803
xenium_prime_5k_human,human,ENSG00000072818
xenium_prime_5k_human,human,ENSG00000072958
xenium_prime_5k_human,human,ENSG00000073008
xenium_prime_5k_human,human,ENSG00000073050
xenium_prime_5k_human,human,ENSG00000073060
xenium_prime_5k_human,human,ENSG00000073111
xenium_prime_5k_human,human,ENSG00000073150
xenium_prime_5k_human,human,ENSG00000073282
xenium_prime_5k_human,human,ENSG00000073331
xenium_prime_5k_human,human,ENSG00000073464
xenium_prime_5k_human,human,ENSG00000073536
xenium_prime_5k_human,human,ENSG00000073578
xenium_prime_5k_human,human,ENSG00000073584
xenium_prime_5k_human,human,ENSG00000073605
xenium_prime_5k_human,human,ENSG00000073711
xenium_prime_5k_human,human,ENSG00000073754
xenium_prime_5k_human,human,ENSG00000073756
xenium_prime_5k_human,human,ENSG00000073792
xenium_prime_5k_human,human,ENSG00000073849
xenium_prime_5k_human,human,ENSG00000073861
xenium_prime_5k_human,human,ENSG00000073921
xenium_prime_5k_human,human,ENSG00000074047
xenium_prime_5k_human,human,ENSG00000074181
xenium_prime_5k_human,human,ENSG00000074266
xenium_prime_5k_human,human,ENSG00000074276
xenium_prime_5k_human,human,ENSG00000074319
xenium_prime_5k_human,human,ENSG00000074356
xenium_prime_5k_human,human,ENSG00000074410
xenium_prime_5k_human,human,ENSG00000074527
xenium_prime_5k_human,human,ENSG00000074603
xenium_prime_5k_human,human,ENSG00000074621
xenium_prime_5k_human,human,ENSG00000074966
xenium_prime_5k_human,human,ENSG00000075043
xenium_prime_5k_human,human,ENSG00000075073
xenium_prime_5k_human,human,ENSG00000075142
xenium_prime_5k_human,human,ENSG00000075213
xenium_prime_5k_human,human,ENSG00000075223
xenium_prime_5k_human,human,ENSG00000075239
xenium_prime_5k_human,human,ENSG00000075275
xenium_prime_5k_human,human,ENSG00000075303
xenium_prime_5k_human,human,ENSG00000075388
xenium_prime_5k_human,human,ENSG00000075420
xenium_prime_5k_human,human,ENSG00000075429
xenium_prime_5k_human,human,ENSG00000075461
xenium_prime_5k_human,human,ENSG00000075618
xenium_prime_5k_human,human,ENSG00000075651
xenium_prime_5k_human,human,ENSG00000075711
xenium_prime_5k_human,human,ENSG00000075785
xenium_prime_5k_human,human,ENSG00000075856
xenium_prime_5k_human,human,ENSG00000075891
xenium_prime_5k_human,human,ENSG00000075975
xenium_prime_5k_human,human,ENSG00000076003
xenium_prime_5k_human,human,ENSG00000076043
xenium_prime_5k_human,human,ENSG00000076067
xenium_prime_5k_human,human,ENSG00000076242
xenium_prime_5k_human,human,ENSG00000076248
xenium_prime_5k_human,human,ENSG00000076382
xenium_prime_5k_human,human,ENSG00000076513
xenium_prime_5k_human,human,ENSG00000076555
xenium_prime_5k_human,human,ENSG00000076604
xenium_prime_5k_human,human,ENSG00000076662
xenium_prime_5k_human,human,ENSG00000076685
xenium_prime_5k_human,human,ENSG00000076706
xenium_prime_5k_human,human,ENSG00000077092
xenium_prime_5k_human,human,ENSG00000077097
xenium_prime_5k_human,human,ENSG00000077150
xenium_prime_5k_human,human,ENSG00000077152
xenium_prime_5k_human,human,ENSG00000077232
xenium_prime_5k_human,human,ENSG00000077235
xenium_prime_5k_human,human,ENSG00000077238
xenium_prime_5k_human,human,ENSG00000077279
xenium_prime_5k_human,human,ENSG00000077327
xenium_prime_5k_human,human,ENSG00000077458
xenium_prime_5k_human,human,ENSG00000077463
xenium_prime_5k_human,human,ENSG00000077522
xenium_prime_5k_human,human,ENSG00000077782
xenium_prime_5k_human,human,ENSG00000077984
xenium_prime_5k_human,human,ENSG00000078018
xenium_prime_5k_human,human,ENSG00000078070
xenium_prime_5k_human,human,ENSG00000078081
xenium_prime_5k_human,human,ENSG00000078098
xenium_prime_5k_human,human,ENSG00000078114
xenium_prime_5k_human,human,ENSG00000078142
xenium_prime_5k_human,human,ENSG00000078177
xenium_prime_5k_human,human,ENSG00000078295
xenium_prime_5k_human,human,ENSG00000078399
xenium_prime_5k_human,human,ENSG00000078401
xenium_prime_5k_human,human,ENSG00000078549
xenium_prime_5k_human,human,ENSG00000078596
xenium_prime_5k_human,human,ENSG00000078725
xenium_prime_5k_human,human,ENSG00000078747
xenium_prime_5k_human,human,ENSG00000078900
xenium_prime_5k_human,human,ENSG00000078902
xenium_prime_5k_human,human,ENSG00000079102
xenium_prime_5k_human,human,ENSG00000079215
xenium_prime_5k_human,human,ENSG00000079246
xenium_prime_5k_human,human,ENSG00000079263
xenium_prime_5k_human,human,ENSG00000079277
xenium_prime_5k_human,human,ENSG00000079335
xenium_prime_5k_human,human,ENSG00000079337
xenium_prime_5k_human,human,ENSG00000079385
xenium_prime_5k_human,human,ENSG00000079387
xenium_prime_5k_human,human,ENSG00000079393
xenium_prime_5k_human,human,ENSG00000079435
xenium_prime_5k_human,human,ENSG00000079459
xenium_prime_5k_human,human,ENSG00000079557
xenium_prime_5k_human,human,ENSG00000079689
xenium_prime_5k_human,human,ENSG00000079739
xenium_prime_5k_human,human,ENSG00000079785
xenium_prime_5k_human,human,ENSG00000079805
xenium_prime_5k_human,human,ENSG00000079950
xenium_prime_5k_human,human,ENSG00000079974
xenium_prime_5k_human,human,ENSG00000079999
xenium_prime_5k_human,human,ENSG00000080007
xenium_prime_5k_human,human,ENSG00000080166
xenium_prime_5k_human,human,ENSG00000080200
xenium_prime_5k_human,human,ENSG00000080503
xenium_prime_5k_human,human,ENSG00000080561
xenium_prime_5k_human,human,ENSG00000080603
xenium_prime_5k_human,human,ENSG00000080608
xenium_prime_5k_human,human,ENSG00000080618
xenium_prime_5k_human,human,ENSG00000080644
xenium_prime_5k_human,human,ENSG00000080815
xenium_prime_5k_human,human,ENSG00000080854
xenium_prime_5k_human,human,ENSG00000081019
xenium_prime_5k_human,human,ENSG00000081026
xenium_prime_5k_human,human,ENSG00000081041
xenium_prime_5k_human,human,ENSG00000081052
xenium_prime_5k_human,human,ENSG00000081059
xenium_prime_5k_human,human,ENSG00000081138
xenium_prime_5k_human,human,ENSG00000081181
xenium_prime_5k_human,human,ENSG00000081189
xenium_prime_5k_human,human,ENSG00000081479
xenium_prime_5k_human,human,ENSG00000081692
xenium_prime_5k_human,human,ENSG00000081870
xenium_prime_5k_human,human,ENSG00000081913
xenium_prime_5k_human,human,ENSG00000081985
xenium_prime_5k_human,human,ENSG00000082175
xenium_prime_5k_human,human,ENSG00000082397
xenium_prime_5k_human,human,ENSG00000082438
xenium_prime_5k_human,human,ENSG00000082482
xenium_prime_5k_human,human,ENSG00000082512
xenium_prime_5k_human,human,ENSG00000082556
xenium_prime_5k_human,human,ENSG00000082641
xenium_prime_5k_human,human,ENSG00000082701
xenium_prime_5k_human,human,ENSG00000082781
xenium_prime_5k_human,human,ENSG00000082805
xenium_prime_5k_human,human,ENSG00000082898
xenium_prime_5k_human,human,ENSG00000083067
xenium_prime_5k_human,human,ENSG00000083093
xenium_prime_5k_human,human,ENSG00000083290
xenium_prime_5k_human,human,ENSG00000083307
xenium_prime_5k_human,human,ENSG00000083457
xenium_prime_5k_human,human,ENSG00000083520
xenium_prime_5k_human,human,ENSG00000083535
xenium_prime_5k_human,human,ENSG00000083544
xenium_prime_5k_human,human,ENSG00000083799
xenium_prime_5k_human,human,ENSG00000083857
xenium_prime_5k_human,human,ENSG00000084070
xenium_prime_5k_human,human,ENSG00000084073
xenium_prime_5k_human,human,ENSG00000084092
xenium_prime_5k_human,human,ENSG00000084093
xenium_prime_5k_human,human,ENSG00000084674
xenium_prime_5k_human,human,ENSG00000084676
xenium_prime_5k_human,human,ENSG00000084710
xenium_prime_5k_human,human,ENSG00000084734
xenium_prime_5k_human,human,ENSG00000084754
xenium_prime_5k_human,human,ENSG00000084774
xenium_prime_5k_human,human,ENSG00000085063
xenium_prime_5k_human,human,ENSG00000085117
xenium_prime_5k_human,human,ENSG00000085185
xenium_prime_5k_human,human,ENSG00000085224
xenium_prime_5k_human,human,ENSG00000085265
xenium_prime_5k_human,human,ENSG00000085274
xenium_prime_5k_human,human,ENSG00000085276
xenium_prime_5k_human,human,ENSG00000085377
xenium_prime_5k_human,human,ENSG00000085514
xenium_prime_5k_human,human,ENSG00000085563
xenium_prime_5k_human,human,ENSG00000085662
xenium_prime_5k_human,human,ENSG00000085733
xenium_prime_5k_human,human,ENSG00000085978
xenium_prime_5k_human,human,ENSG00000085998
xenium_prime_5k_human,human,ENSG00000085999
xenium_prime_5k_human,human,ENSG00000086061
xenium_prime_5k_human,human,ENSG00000086102
xenium_prime_5k_human,human,ENSG00000086200
xenium_prime_5k_human,human,ENSG00000086205
xenium_prime_5k_human,human,ENSG00000086289
xenium_prime_5k_human,human,ENSG00000086300
xenium_prime_5k_human,human,ENSG00000086570
xenium_prime_5k_human,human,ENSG00000086696
xenium_prime_5k_human,human,ENSG00000086758
xenium_prime_5k_human,human,ENSG00000086848
xenium_prime_5k_human,human,ENSG00000086991
xenium_prime_5k_human,human,ENSG00000087085
xenium_prime_5k_human,human,ENSG00000087088
xenium_prime_5k_human,human,ENSG00000087116
xenium_prime_5k_human,human,ENSG00000087128
xenium_prime_5k_human,human,ENSG00000087191
xenium_prime_5k_human,human,ENSG00000087237
xenium_prime_5k_human,human,ENSG00000087258
xenium_prime_5k_human,human,ENSG00000087274
xenium_prime_5k_human,human,ENSG00000087301
xenium_prime_5k_human,human,ENSG00000087494
xenium_prime_5k_human,human,ENSG00000087502
xenium_prime_5k_human,human,ENSG00000087586
xenium_prime_5k_human,human,ENSG00000087589
xenium_prime_5k_human,human,ENSG00000087903
xenium_prime_5k_human,human,ENSG00000087995
xenium_prime_5k_human,human,ENSG00000088035
xenium_prime_5k_human,human,ENSG00000088053
xenium_prime_5k_human,human,ENSG00000088247
xenium_prime_5k_human,human,ENSG00000088256
xenium_prime_5k_human,human,ENSG00000088305
xenium_prime_5k_human,human,ENSG00000088325
xenium_prime_5k_human,human,ENSG00000088386
xenium_prime_5k_human,human,ENSG00000088387
xenium_prime_5k_human,human,ENSG00000088826
xenium_prime_5k_human,human,ENSG00000088827
xenium_prime_5k_human,human,ENSG00000088888
xenium_prime_5k_human,human,ENSG00000088926
xenium_prime_5k_human,human,ENSG00000089012
xenium_prime_5k_human,human,ENSG00000089041
xenium_prime_5k_human,human,ENSG00000089048
xenium_prime_5k_human,human,ENSG00000089057
xenium_prime_5k_human,human,ENSG00000089127
xenium_prime_5k_human,human,ENSG00000089154
xenium_prime_5k_human,human,ENSG00000089159
xenium_prime_5k_human,human,ENSG00000089225
xenium_prime_5k_human,human,ENSG00000089250
xenium_prime_5k_human,human,ENSG00000089280
xenium_prime_5k_human,human,ENSG00000089289
xenium_prime_5k_human,human,ENSG00000089351
xenium_prime_5k_human,human,ENSG00000089558
xenium_prime_5k_human,human,ENSG00000089597
xenium_prime_5k_human,human,ENSG00000089685
xenium_prime_5k_human,human,ENSG00000089692
xenium_prime_5k_human,human,ENSG00000089775
xenium_prime_5k_human,human,ENSG00000089902
xenium_prime_5k_human,human,ENSG00000090020
xenium_prime_5k_human,human,ENSG00000090316
xenium_prime_5k_human,human,ENSG00000090339
xenium_prime_5k_human,human,ENSG00000090372
xenium_prime_5k_human,human,ENSG00000090512
xenium_prime_5k_human,human,ENSG00000090534
xenium_prime_5k_human,human,ENSG00000090554
xenium_prime_5k_human,human,ENSG00000090621
xenium_prime_5k_human,human,ENSG00000090659
xenium_prime_5k_human,human,ENSG00000090932
xenium_prime_5k_human,human,ENSG00000091009
xenium_prime_5k_human,human,ENSG00000091010
xenium_prime_5k_human,human,ENSG00000091138
xenium_prime_5k_human,human,ENSG00000091140
xenium_prime_5k_human,human,ENSG00000091181
xenium_prime_5k_human,human,ENSG00000091262
xenium_prime_5k_human,human,ENSG00000091409
xenium_prime_5k_human,human,ENSG00000091436
xenium_prime_5k_human,human,ENSG00000091483
xenium_prime_5k_human,human,ENSG00000091527
xenium_prime_5k_human,human,ENSG00000091536
xenium_prime_5k_human,human,ENSG00000091542
xenium_prime_5k_human,human,ENSG00000091592
xenium_prime_5k_human,human,ENSG00000091651
xenium_prime_5k_human,human,ENSG00000091656
xenium_prime_5k_human,human,ENSG00000091664
xenium_prime_5k_human,human,ENSG00000091831
xenium_prime_5k_human,human,ENSG00000091879
xenium_prime_5k_human,human,ENSG00000091972
xenium_prime_5k_human,human,ENSG00000091986
xenium_prime_5k_human,human,ENSG00000092009
xenium_prime_5k_human,human,ENSG00000092020
xenium_prime_5k_human,human,ENSG00000092098
xenium_prime_5k_human,human,ENSG00000092203
xenium_prime_5k_human,human,ENSG00000092295
xenium_prime_5k_human,human,ENSG00000092345
xenium_prime_5k_human,human,ENSG00000092377
xenium_prime_5k_human,human,ENSG00000092439
xenium_prime_5k_human,human,ENSG00000092445
xenium_prime_5k_human,human,ENSG00000092529
xenium_prime_5k_human,human,ENSG00000092531
xenium_prime_5k_human,human,ENSG00000092607
xenium_prime_5k_human,human,ENSG00000092621
xenium_prime_5k_human,human,ENSG00000092847
xenium_prime_5k_human,human,ENSG00000092964
xenium_prime_5k_human,human,ENSG00000092969
xenium_prime_5k_human,human,ENSG00000093010
xenium_prime_5k_human,human,ENSG00000093144
xenium_prime_5k_human,human,ENSG00000094631
xenium_prime_5k_human,human,ENSG00000094755
xenium_prime_5k_human,human,ENSG00000094804
xenium_prime_5k_human,human,ENSG00000094916
xenium_prime_5k_human,human,ENSG00000095002
xenium_prime_5k_human,human,ENSG00000095015
xenium_prime_5k_human,human,ENSG00000095303
xenium_prime_5k_human,human,ENSG00000095370
xenium_prime_5k_human,human,ENSG00000095564
xenium_prime_5k_human,human,ENSG00000095585
xenium_prime_5k_human,human,ENSG00000095713
xenium_prime_5k_human,human,ENSG00000095752
xenium_prime_5k_human,human,ENSG00000095970
xenium_prime_5k_human,human,ENSG00000095981
xenium_prime_5k_human,human,ENSG00000096063
xenium_prime_5k_human,human,ENSG00000096093
xenium_prime_5k_human,human,ENSG00000096264
xenium_prime_5k_human,human,ENSG00000096433
xenium_prime_5k_human,human,ENSG00000096717
xenium_prime_5k_human,human,ENSG00000096968
xenium_prime_5k_human,human,ENSG00000096996
xenium_prime_5k_human,human,ENSG00000097007
xenium_prime_5k_human,human,ENSG00000099250
xenium_prime_5k_human,human,ENSG00000099260
xenium_prime_5k_human,human,ENSG00000099290
xenium_prime_5k_human,human,ENSG00000099326
xenium_prime_5k_human,human,ENSG00000099337
xenium_prime_5k_human,human,ENSG00000099385
xenium_prime_5k_human,human,ENSG00000099399
xenium_prime_5k_human,human,ENSG00000099625
xenium_prime_5k_human,human,ENSG00000099715
xenium_prime_5k_human,human,ENSG00000099783
xenium_prime_5k_human,human,ENSG00000099804
xenium_prime_5k_human,human,ENSG00000099810
xenium_prime_5k_human,human,ENSG00000099817
xenium_prime_5k_human,human,ENSG00000099822
xenium_prime_5k_human,human,ENSG00000099899
xenium_prime_5k_human,human,ENSG00000099937
xenium_prime_5k_human,human,ENSG00000099942
xenium_prime_5k_human,human,ENSG00000099953
xenium_prime_5k_human,human,ENSG00000099956
xenium_prime_5k_human,human,ENSG00000099958
xenium_prime_5k_human,human,ENSG00000099968
xenium_prime_5k_human,human,ENSG00000099985
xenium_prime_5k_human,human,ENSG00000099995
xenium_prime_5k_human,human,ENSG00000100012
xenium_prime_5k_human,human,ENSG00000100014
xenium_prime_5k_human,human,ENSG00000100028
xenium_prime_5k_human,human,ENSG00000100030
xenium_prime_5k_human,human,ENSG00000100033
xenium_prime_5k_human,human,ENSG00000100038
xenium_prime_5k_human,human,ENSG00000100053
xenium_prime_5k_human,human,ENSG00000100065
xenium_prime_5k_human,human,ENSG00000100075
xenium_prime_5k_human,human,ENSG00000100095
xenium_prime_5k_human,human,ENSG00000100146
xenium_prime_5k_human,human,ENSG00000100170
xenium_prime_5k_human,human,ENSG00000100197
xenium_prime_5k_human,human,ENSG00000100207
xenium_prime_5k_human,human,ENSG00000100219
xenium_prime_5k_human,human,ENSG00000100220
xenium_prime_5k_human,human,ENSG00000100226
xenium_prime_5k_human,human,ENSG00000100280
xenium_prime_5k_human,human,ENSG00000100285
xenium_prime_5k_human,human,ENSG00000100290
xenium_prime_5k_human,human,ENSG00000100292
xenium_prime_5k_human,human,ENSG00000100297
xenium_prime_5k_human,human,ENSG00000100300
xenium_prime_5k_human,human,ENSG00000100302
xenium_prime_5k_human,human,ENSG00000100307
xenium_prime_5k_human,human,ENSG00000100311
xenium_prime_5k_human,human,ENSG00000100324
xenium_prime_5k_human,human,ENSG00000100325
xenium_prime_5k_human,human,ENSG00000100342
xenium_prime_5k_human,human,ENSG00000100344
xenium_prime_5k_human,human,ENSG00000100345
xenium_prime_5k_human,human,ENSG00000100365
xenium_prime_5k_human,human,ENSG00000100368
xenium_prime_5k_human,human,ENSG00000100372
xenium_prime_5k_human,human,ENSG00000100373
xenium_prime_5k_human,human,ENSG00000100385
xenium_prime_5k_human,human,ENSG00000100387
xenium_prime_5k_human,human,ENSG00000100393
xenium_prime_5k_human,human,ENSG00000100401
xenium_prime_5k_human,human,ENSG00000100429
xenium_prime_5k_human,human,ENSG00000100433
xenium_prime_5k_human,human,ENSG00000100448
xenium_prime_5k_human,human,ENSG00000100450
xenium_prime_5k_human,human,ENSG00000100453
xenium_prime_5k_human,human,ENSG00000100461
xenium_prime_5k_human,human,ENSG00000100462
xenium_prime_5k_human,human,ENSG00000100473
xenium_prime_5k_human,human,ENSG00000100490
xenium_prime_5k_human,human,ENSG00000100503
xenium_prime_5k_human,human,ENSG00000100504
xenium_prime_5k_human,human,ENSG00000100526
xenium_prime_5k_human,human,ENSG00000100532
xenium_prime_5k_human,human,ENSG00000100577
xenium_prime_5k_human,human,ENSG00000100600
xenium_prime_5k_human,human,ENSG00000100614
xenium_prime_5k_human,human,ENSG00000100629
xenium_prime_5k_human,human,ENSG00000100644
xenium_prime_5k_human,human,ENSG00000100652
xenium_prime_5k_human,human,ENSG00000100697
xenium_prime_5k_human,human,ENSG00000100711
xenium_prime_5k_human,human,ENSG00000100714
xenium_prime_5k_human,human,ENSG00000100721
xenium_prime_5k_human,human,ENSG00000100726
xenium_prime_5k_human,human,ENSG00000100739
xenium_prime_5k_human,human,ENSG00000100784
xenium_prime_5k_human,human,ENSG00000100804
xenium_prime_5k_human,human,ENSG00000100811
xenium_prime_5k_human,human,ENSG00000100823
xenium_prime_5k_human,human,ENSG00000100842
xenium_prime_5k_human,human,ENSG00000100865
xenium_prime_5k_human,human,ENSG00000100867
xenium_prime_5k_human,human,ENSG00000100902
xenium_prime_5k_human,human,ENSG00000100968
xenium_prime_5k_human,human,ENSG00000100979
xenium_prime_5k_human,human,ENSG00000100983
xenium_prime_5k_human,human,ENSG00000100985
xenium_prime_5k_human,human,ENSG00000100994
xenium_prime_5k_human,human,ENSG00000101000
xenium_prime_5k_human,human,ENSG00000101017
xenium_prime_5k_human,human,ENSG00000101019
xenium_prime_5k_human,human,ENSG00000101057
xenium_prime_5k_human,human,ENSG00000101076
xenium_prime_5k_human,human,ENSG00000101096
xenium_prime_5k_human,human,ENSG00000101098
xenium_prime_5k_human,human,ENSG00000101104
xenium_prime_5k_human,human,ENSG00000101109
xenium_prime_5k_human,human,ENSG00000101115
xenium_prime_5k_human,human,ENSG00000101126
xenium_prime_5k_human,human,ENSG00000101134
xenium_prime_5k_human,human,ENSG00000101144
xenium_prime_5k_human,human,ENSG00000101180
xenium_prime_5k_human,human,ENSG00000101188
xenium_prime_5k_human,human,ENSG00000101190
xenium_prime_5k_human,human,ENSG00000101197
xenium_prime_5k_human,human,ENSG00000101204
xenium_prime_5k_human,human,ENSG00000101210
xenium_prime_5k_human,human,ENSG00000101213
xenium_prime_5k_human,human,ENSG00000101216
xenium_prime_5k_human,human,ENSG00000101255
xenium_prime_5k_human,human,ENSG00000101265
xenium_prime_5k_human,human,ENSG00000101266
xenium_prime_5k_human,human,ENSG00000101292
xenium_prime_5k_human,human,ENSG00000101306
xenium_prime_5k_human,human,ENSG00000101307
xenium_prime_5k_human,human,ENSG00000101310
xenium_prime_5k_human,human,ENSG00000101327
xenium_prime_5k_human,human,ENSG00000101336
xenium_prime_5k_human,human,ENSG00000101337
xenium_prime_5k_human,human,ENSG00000101347
xenium_prime_5k_human,human,ENSG00000101384
xenium_prime_5k_human,human,ENSG00000101391
xenium_prime_5k_human,human,ENSG00000101407
xenium_prime_5k_human,human,ENSG00000101412
xenium_prime_5k_human,human,ENSG00000101441
xenium_prime_5k_human,human,ENSG00000101444
xenium_prime_5k_human,human,ENSG00000101445
xenium_prime_5k_human,human,ENSG00000101460
xenium_prime_5k_human,human,ENSG00000101474
xenium_prime_5k_human,human,ENSG00000101596
xenium_prime_5k_human,human,ENSG00000101665
xenium_prime_5k_human,human,ENSG00000101670
xenium_prime_5k_human,human,ENSG00000101746
xenium_prime_5k_human,human,ENSG00000101773
xenium_prime_5k_human,human,ENSG00000101843
xenium_prime_5k_human,human,ENSG00000101846
xenium_prime_5k_human,human,ENSG00000101888
xenium_prime_5k_human,human,ENSG00000101901
xenium_prime_5k_human,human,ENSG00000101911
xenium_prime_5k_human,human,ENSG00000101916
xenium_prime_5k_human,human,ENSG00000101945
xenium_prime_5k_human,human,ENSG00000101951
xenium_prime_5k_human,human,ENSG00000101955
xenium_prime_5k_human,human,ENSG00000101958
xenium_prime_5k_human,human,ENSG00000101966
xenium_prime_5k_human,human,ENSG00000101986
xenium_prime_5k_human,human,ENSG00000102003
xenium_prime_5k_human,human,ENSG00000102007
xenium_prime_5k_human,human,ENSG00000102024
xenium_prime_5k_human,human,ENSG00000102034
xenium_prime_5k_human,human,ENSG00000102038
xenium_prime_5k_human,human,ENSG00000102054
xenium_prime_5k_human,human,ENSG00000102076
xenium_prime_5k_human,human,ENSG00000102096
xenium_prime_5k_human,human,ENSG00000102098
xenium_prime_5k_human,human,ENSG00000102104
xenium_prime_5k_human,human,ENSG00000102119
xenium_prime_5k_human,human,ENSG00000102144
xenium_prime_5k_human,human,ENSG00000102145
xenium_prime_5k_human,human,ENSG00000102174
xenium_prime_5k_human,human,ENSG00000102225
xenium_prime_5k_human,human,ENSG00000102226
xenium_prime_5k_human,human,ENSG00000102245
xenium_prime_5k_human,human,ENSG00000102271
xenium_prime_5k_human,human,ENSG00000102290
xenium_prime_5k_human,human,ENSG00000102312
xenium_prime_5k_human,human,ENSG00000102390
xenium_prime_5k_human,human,ENSG00000102393
xenium_prime_5k_human,human,ENSG00000102445
xenium_prime_5k_human,human,ENSG00000102468
xenium_prime_5k_human,human,ENSG00000102524
xenium_prime_5k_human,human,ENSG00000102531
xenium_prime_5k_human,human,ENSG00000102554
xenium_prime_5k_human,human,ENSG00000102575
xenium_prime_5k_human,human,ENSG00000102606
xenium_prime_5k_human,human,ENSG00000102678
xenium_prime_5k_human,human,ENSG00000102753
xenium_prime_5k_human,human,ENSG00000102763
xenium_prime_5k_human,human,ENSG00000102794
xenium_prime_5k_human,human,ENSG00000102805
xenium_prime_5k_human,human,ENSG00000102854
xenium_prime_5k_human,human,ENSG00000102878
xenium_prime_5k_human,human,ENSG00000102882
xenium_prime_5k_human,human,ENSG00000102898
xenium_prime_5k_human,human,ENSG00000102900
xenium_prime_5k_human,human,ENSG00000102904
xenium_prime_5k_human,human,ENSG00000102908
xenium_prime_5k_human,human,ENSG00000102924
xenium_prime_5k_human,human,ENSG00000102962
xenium_prime_5k_human,human,ENSG00000102967
xenium_prime_5k_human,human,ENSG00000102970
xenium_prime_5k_human,human,ENSG00000102974
xenium_prime_5k_human,human,ENSG00000102978
xenium_prime_5k_human,human,ENSG00000103021
xenium_prime_5k_human,human,ENSG00000103034
xenium_prime_5k_human,human,ENSG00000103042
xenium_prime_5k_human,human,ENSG00000103056
xenium_prime_5k_human,human,ENSG00000103126
xenium_prime_5k_human,human,ENSG00000103154
xenium_prime_5k_human,human,ENSG00000103160
xenium_prime_5k_human,human,ENSG00000103175
xenium_prime_5k_human,human,ENSG00000103194
xenium_prime_5k_human,human,ENSG00000103197
xenium_prime_5k_human,human,ENSG00000103222
xenium_prime_5k_human,human,ENSG00000103226
xenium_prime_5k_human,human,ENSG00000103241
xenium_prime_5k_human,human,ENSG00000103257
xenium_prime_5k_human,human,ENSG00000103266
xenium_prime_5k_human,human,ENSG00000103275
xenium_prime_5k_human,human,ENSG00000103335
xenium_prime_5k_human,human,ENSG00000103363
xenium_prime_5k_human,human,ENSG00000103375
xenium_prime_5k_human,human,ENSG00000103423
xenium_prime_5k_human,human,ENSG00000103479
xenium_prime_5k_human,human,ENSG00000103490
xenium_prime_5k_human,human,ENSG00000103507
xenium_prime_5k_human,human,ENSG00000103522
xenium_prime_5k_human,human,ENSG00000103546
xenium_prime_5k_human,human,ENSG00000103569
xenium_prime_5k_human,human,ENSG00000103653
xenium_prime_5k_human,human,ENSG00000103723
xenium_prime_5k_human,human,ENSG00000103769
xenium_prime_5k_human,human,ENSG00000103811
xenium_prime_5k_human,human,ENSG00000103852
xenium_prime_5k_human,human,ENSG00000103855
xenium_prime_5k_human,human,ENSG00000103932
xenium_prime_5k_human,human,ENSG00000103994
xenium_prime_5k_human,human,ENSG00000104067
xenium_prime_5k_human,human,ENSG00000104093
xenium_prime_5k_human,human,ENSG00000104129
xenium_prime_5k_human,human,ENSG00000104177
xenium_prime_5k_human,human,ENSG00000104213
xenium_prime_5k_human,human,ENSG00000104218
xenium_prime_5k_human,human,ENSG00000104290
xenium_prime_5k_human,human,ENSG00000104312
xenium_prime_5k_human,human,ENSG00000104313
xenium_prime_5k_human,human,ENSG00000104320
xenium_prime_5k_human,human,ENSG00000104321
xenium_prime_5k_human,human,ENSG00000104327
xenium_prime_5k_human,human,ENSG00000104332
xenium_prime_5k_human,human,ENSG00000104341
xenium_prime_5k_human,human,ENSG00000104365
xenium_prime_5k_human,human,ENSG00000104368
xenium_prime_5k_human,human,ENSG00000104369
xenium_prime_5k_human,human,ENSG00000104375
xenium_prime_5k_human,human,ENSG00000104415
xenium_prime_5k_human,human,ENSG00000104419
xenium_prime_5k_human,human,ENSG00000104427
xenium_prime_5k_human,human,ENSG00000104432
xenium_prime_5k_human,human,ENSG00000104435
xenium_prime_5k_human,human,ENSG00000104447
xenium_prime_5k_human,human,ENSG00000104450
xenium_prime_5k_human,human,ENSG00000104472
xenium_prime_5k_human,human,ENSG00000104497
xenium_prime_5k_human,human,ENSG00000104517
xenium_prime_5k_human,human,ENSG00000104549
xenium_prime_5k_human,human,ENSG00000104660
xenium_prime_5k_human,human,ENSG00000104687
xenium_prime_5k_human,human,ENSG00000104689
xenium_prime_5k_human,human,ENSG00000104722
xenium_prime_5k_human,human,ENSG00000104738
xenium_prime_5k_human,human,ENSG00000104756
xenium_prime_5k_human,human,ENSG00000104774
xenium_prime_5k_human,human,ENSG00000104783
xenium_prime_5k_human,human,ENSG00000104812
xenium_prime_5k_human,human,ENSG00000104827
xenium_prime_5k_human,human,ENSG00000104833
xenium_prime_5k_human,human,ENSG00000104856
xenium_prime_5k_human,human,ENSG00000104866
xenium_prime_5k_human,human,ENSG00000104872
xenium_prime_5k_human,human,ENSG00000104884
xenium_prime_5k_human,human,ENSG00000104885
xenium_prime_5k_human,human,ENSG00000104888
xenium_prime_5k_human,human,ENSG00000104899
xenium_prime_5k_human,human,ENSG00000104918
xenium_prime_5k_human,human,ENSG00000104921
xenium_prime_5k_human,human,ENSG00000104936
xenium_prime_5k_human,human,ENSG00000104938
xenium_prime_5k_human,human,ENSG00000104953
xenium_prime_5k_human,human,ENSG00000104960
xenium_prime_5k_human,human,ENSG00000104972
xenium_prime_5k_human,human,ENSG00000104974
xenium_prime_5k_human,human,ENSG00000104983
xenium_prime_5k_human,human,ENSG00000105011
xenium_prime_5k_human,human,ENSG00000105088
xenium_prime_5k_human,human,ENSG00000105127
xenium_prime_5k_human,human,ENSG00000105146
xenium_prime_5k_human,human,ENSG00000105173
xenium_prime_5k_human,human,ENSG00000105197
xenium_prime_5k_human,human,ENSG00000105198
xenium_prime_5k_human,human,ENSG00000105202
xenium_prime_5k_human,human,ENSG00000105204
xenium_prime_5k_human,human,ENSG00000105221
xenium_prime_5k_human,human,ENSG00000105246
xenium_prime_5k_human,human,ENSG00000105281
xenium_prime_5k_human,human,ENSG00000105321
xenium_prime_5k_human,human,ENSG00000105323
xenium_prime_5k_human,human,ENSG00000105325
xenium_prime_5k_human,human,ENSG00000105327
xenium_prime_5k_human,human,ENSG00000105329
xenium_prime_5k_human,human,ENSG00000105369
xenium_prime_5k_human,human,ENSG00000105370
xenium_prime_5k_human,human,ENSG00000105371
xenium_prime_5k_human,human,ENSG00000105376
xenium_prime_5k_human,human,ENSG00000105383
xenium_prime_5k_human,human,ENSG00000105397
xenium_prime_5k_human,human,ENSG00000105398
xenium_prime_5k_human,human,ENSG00000105401
xenium_prime_5k_human,human,ENSG00000105419
xenium_prime_5k_human,human,ENSG00000105429
xenium_prime_5k_human,human,ENSG00000105443
xenium_prime_5k_human,human,ENSG00000105447
xenium_prime_5k_human,human,ENSG00000105464
xenium_prime_5k_human,human,ENSG00000105483
xenium_prime_5k_human,human,ENSG00000105492
xenium_prime_5k_human,human,ENSG00000105550
xenium_prime_5k_human,human,ENSG00000105568
xenium_prime_5k_human,human,ENSG00000105609
xenium_prime_5k_human,human,ENSG00000105618
xenium_prime_5k_human,human,ENSG00000105639
xenium_prime_5k_human,human,ENSG00000105641
xenium_prime_5k_human,human,ENSG00000105647
xenium_prime_5k_human,human,ENSG00000105664
xenium_prime_5k_human,human,ENSG00000105668
xenium_prime_5k_human,human,ENSG00000105697
xenium_prime_5k_human,human,ENSG00000105700
xenium_prime_5k_human,human,ENSG00000105723
xenium_prime_5k_human,human,ENSG00000105737
xenium_prime_5k_human,human,ENSG00000105767
xenium_prime_5k_human,human,ENSG00000105793
xenium_prime_5k_human,human,ENSG00000105810
xenium_prime_5k_human,human,ENSG00000105825
xenium_prime_5k_human,human,ENSG00000105851
xenium_prime_5k_human,human,ENSG00000105854
xenium_prime_5k_human,human,ENSG00000105877
xenium_prime_5k_human,human,ENSG00000105953
xenium_prime_5k_human,human,ENSG00000105971
xenium_prime_5k_human,human,ENSG00000105976
xenium_prime_5k_human,human,ENSG00000105989
xenium_prime_5k_human,human,ENSG00000106004
xenium_prime_5k_human,human,ENSG00000106018
xenium_prime_5k_human,human,ENSG00000106025
xenium_prime_5k_human,human,ENSG00000106031
xenium_prime_5k_human,human,ENSG00000106066
xenium_prime_5k_human,human,ENSG00000106077
xenium_prime_5k_human,human,ENSG00000106089
xenium_prime_5k_human,human,ENSG00000106100
xenium_prime_5k_human,human,ENSG00000106113
xenium_prime_5k_human,human,ENSG00000106123
xenium_prime_5k_human,human,ENSG00000106144
xenium_prime_5k_human,human,ENSG00000106178
xenium_prime_5k_human,human,ENSG00000106236
xenium_prime_5k_human,human,ENSG00000106246
xenium_prime_5k_human,human,ENSG00000106258
xenium_prime_5k_human,human,ENSG00000106266
xenium_prime_5k_human,human,ENSG00000106268
xenium_prime_5k_human,human,ENSG00000106278
xenium_prime_5k_human,human,ENSG00000106299
xenium_prime_5k_human,human,ENSG00000106305
xenium_prime_5k_human,human,ENSG00000106327
xenium_prime_5k_human,human,ENSG00000106348
xenium_prime_5k_human,human,ENSG00000106366
xenium_prime_5k_human,human,ENSG00000106399
xenium_prime_5k_human,human,ENSG00000106415
xenium_prime_5k_human,human,ENSG00000106459
xenium_prime_5k_human,human,ENSG00000106460
xenium_prime_5k_human,human,ENSG00000106462
xenium_prime_5k_human,human,ENSG00000106483
xenium_prime_5k_human,human,ENSG00000106484
xenium_prime_5k_human,human,ENSG00000106537
xenium_prime_5k_human,human,ENSG00000106546
xenium_prime_5k_human,human,ENSG00000106571
xenium_prime_5k_human,human,ENSG00000106605
xenium_prime_5k_human,human,ENSG00000106608
xenium_prime_5k_human,human,ENSG00000106615
xenium_prime_5k_human,human,ENSG00000106617
xenium_prime_5k_human,human,ENSG00000106624
xenium_prime_5k_human,human,ENSG00000106635
xenium_prime_5k_human,human,ENSG00000106638
xenium_prime_5k_human,human,ENSG00000106683
xenium_prime_5k_human,human,ENSG00000106688
xenium_prime_5k_human,human,ENSG00000106692
xenium_prime_5k_human,human,ENSG00000106714
xenium_prime_5k_human,human,ENSG00000106723
xenium_prime_5k_human,human,ENSG00000106799
xenium_prime_5k_human,human,ENSG00000106804
xenium_prime_5k_human,human,ENSG00000106819
xenium_prime_5k_human,human,ENSG00000106952
xenium_prime_5k_human,human,ENSG00000106976
xenium_prime_5k_human,human,ENSG00000106991
xenium_prime_5k_human,human,ENSG00000107014
xenium_prime_5k_human,human,ENSG00000107018
xenium_prime_5k_human,human,ENSG00000107130
xenium_prime_5k_human,human,ENSG00000107147
xenium_prime_5k_human,human,ENSG00000107159
xenium_prime_5k_human,human,ENSG00000107164
xenium_prime_5k_human,human,ENSG00000107175
xenium_prime_5k_human,human,ENSG00000107186
xenium_prime_5k_human,human,ENSG00000107201
xenium_prime_5k_human,human,ENSG00000107372
xenium_prime_5k_human,human,ENSG00000107404
xenium_prime_5k_human,human,ENSG00000107447
xenium_prime_5k_human,human,ENSG00000107485
xenium_prime_5k_human,human,ENSG00000107551
xenium_prime_5k_human,human,ENSG00000107562
xenium_prime_5k_human,human,ENSG00000107581
xenium_prime_5k_human,human,ENSG00000107593
xenium_prime_5k_human,human,ENSG00000107611
xenium_prime_5k_human,human,ENSG00000107625
xenium_prime_5k_human,human,ENSG00000107643
xenium_prime_5k_human,human,ENSG00000107679
xenium_prime_5k_human,human,ENSG00000107736
xenium_prime_5k_human,human,ENSG00000107738
xenium_prime_5k_human,human,ENSG00000107779
xenium_prime_5k_human,human,ENSG00000107789
xenium_prime_5k_human,human,ENSG00000107798
xenium_prime_5k_human,human,ENSG00000107833
xenium_prime_5k_human,human,ENSG00000107862
xenium_prime_5k_human,human,ENSG00000107864
xenium_prime_5k_human,human,ENSG00000107874
xenium_prime_5k_human,human,ENSG00000107929
xenium_prime_5k_human,human,ENSG00000107937
xenium_prime_5k_human,human,ENSG00000107938
xenium_prime_5k_human,human,ENSG00000107949
xenium_prime_5k_human,human,ENSG00000107951
xenium_prime_5k_human,human,ENSG00000107984
xenium_prime_5k_human,human,ENSG00000108018
xenium_prime_5k_human,human,ENSG00000108021
xenium_prime_5k_human,human,ENSG00000108039
xenium_prime_5k_human,human,ENSG00000108055
xenium_prime_5k_human,human,ENSG00000108064
xenium_prime_5k_human,human,ENSG00000108091
xenium_prime_5k_human,human,ENSG00000108094
xenium_prime_5k_human,human,ENSG00000108100
xenium_prime_5k_human,human,ENSG00000108175
xenium_prime_5k_human,human,ENSG00000108179
xenium_prime_5k_human,human,ENSG00000108187
xenium_prime_5k_human,human,ENSG00000108219
xenium_prime_5k_human,human,ENSG00000108312
xenium_prime_5k_human,human,ENSG00000108342
xenium_prime_5k_human,human,ENSG00000108344
xenium_prime_5k_human,human,ENSG00000108375
xenium_prime_5k_human,human,ENSG00000108379
xenium_prime_5k_human,human,ENSG00000108405
xenium_prime_5k_human,human,ENSG00000108423
xenium_prime_5k_human,human,ENSG00000108424
xenium_prime_5k_human,human,ENSG00000108468
xenium_prime_5k_human,human,ENSG00000108479
xenium_prime_5k_human,human,ENSG00000108511
xenium_prime_5k_human,human,ENSG00000108523
xenium_prime_5k_human,human,ENSG00000108528
xenium_prime_5k_human,human,ENSG00000108551
xenium_prime_5k_human,human,ENSG00000108561
xenium_prime_5k_human,human,ENSG00000108576
xenium_prime_5k_human,human,ENSG00000108622
xenium_prime_5k_human,human,ENSG00000108688
xenium_prime_5k_human,human,ENSG00000108700
xenium_prime_5k_human,human,ENSG00000108702
xenium_prime_5k_human,human,ENSG00000108773
xenium_prime_5k_human,human,ENSG00000108786
xenium_prime_5k_human,human,ENSG00000108797
xenium_prime_5k_human,human,ENSG00000108798
xenium_prime_5k_human,human,ENSG00000108799
xenium_prime_5k_human,human,ENSG00000108813
xenium_prime_5k_human,human,ENSG00000108819
xenium_prime_5k_human,human,ENSG00000108823
xenium_prime_5k_human,human,ENSG00000108829
xenium_prime_5k_human,human,ENSG00000108839
xenium_prime_5k_human,human,ENSG00000108840
xenium_prime_5k_human,human,ENSG00000108846
xenium_prime_5k_human,human,ENSG00000108854
xenium_prime_5k_human,human,ENSG00000108883
xenium_prime_5k_human,human,ENSG00000108946
xenium_prime_5k_human,human,ENSG00000109061
xenium_prime_5k_human,human,ENSG00000109062
xenium_prime_5k_human,human,ENSG00000109084
xenium_prime_5k_human,human,ENSG00000109089
xenium_prime_5k_human,human,ENSG00000109099
xenium_prime_5k_human,human,ENSG00000109101
xenium_prime_5k_human,human,ENSG00000109103
xenium_prime_5k_human,human,ENSG00000109118
xenium_prime_5k_human,human,ENSG00000109132
xenium_prime_5k_human,human,ENSG00000109133
xenium_prime_5k_human,human,ENSG00000109158
xenium_prime_5k_human,human,ENSG00000109163
xenium_prime_5k_human,human,ENSG00000109255
xenium_prime_5k_human,human,ENSG00000109320
xenium_prime_5k_human,human,ENSG00000109332
xenium_prime_5k_human,human,ENSG00000109339
xenium_prime_5k_human,human,ENSG00000109452
xenium_prime_5k_human,human,ENSG00000109458
xenium_prime_5k_human,human,ENSG00000109471
xenium_prime_5k_human,human,ENSG00000109501
xenium_prime_5k_human,human,ENSG00000109511
xenium_prime_5k_human,human,ENSG00000109572
xenium_prime_5k_human,human,ENSG00000109610
xenium_prime_5k_human,human,ENSG00000109625
xenium_prime_5k_human,human,ENSG00000109667
xenium_prime_5k_human,human,ENSG00000109670
xenium_prime_5k_human,human,ENSG00000109674
xenium_prime_5k_human,human,ENSG00000109684
xenium_prime_5k_human,human,ENSG00000109685
xenium_prime_5k_human,human,ENSG00000109689
xenium_prime_5k_human,human,ENSG00000109738
xenium_prime_5k_human,human,ENSG00000109743
xenium_prime_5k_human,human,ENSG00000109814
xenium_prime_5k_human,human,ENSG00000109819
xenium_prime_5k_human,human,ENSG00000109832
xenium_prime_5k_human,human,ENSG00000109854
xenium_prime_5k_human,human,ENSG00000109861
xenium_prime_5k_human,human,ENSG00000109906
xenium_prime_5k_human,human,ENSG00000109917
xenium_prime_5k_human,human,ENSG00000109919
xenium_prime_5k_human,human,ENSG00000109943
xenium_prime_5k_human,human,ENSG00000109956
xenium_prime_5k_human,human,ENSG00000109971
xenium_prime_5k_human,human,ENSG00000109991
xenium_prime_5k_human,human,ENSG00000110013
xenium_prime_5k_human,human,ENSG00000110025
xenium_prime_5k_human,human,ENSG00000110031
xenium_prime_5k_human,human,ENSG00000110046
xenium_prime_5k_human,human,ENSG00000110074
xenium_prime_5k_human,human,ENSG00000110076
xenium_prime_5k_human,human,ENSG00000110090
xenium_prime_5k_human,human,ENSG00000110092
xenium_prime_5k_human,human,ENSG00000110104
xenium_prime_5k_human,human,ENSG00000110107
xenium_prime_5k_human,human,ENSG00000110108
xenium_prime_5k_human,human,ENSG00000110148
xenium_prime_5k_human,human,ENSG00000110195
xenium_prime_5k_human,human,ENSG00000110218
xenium_prime_5k_human,human,ENSG00000110324
xenium_prime_5k_human,human,ENSG00000110330
xenium_prime_5k_human,human,ENSG00000110367
xenium_prime_5k_human,human,ENSG00000110375
xenium_prime_5k_human,human,ENSG00000110395
xenium_prime_5k_human,human,ENSG00000110400
xenium_prime_5k_human,human,ENSG00000110422
xenium_prime_5k_human,human,ENSG00000110436
xenium_prime_5k_human,human,ENSG00000110448
xenium_prime_5k_human,human,ENSG00000110583
xenium_prime_5k_human,human,ENSG00000110675
xenium_prime_5k_human,human,ENSG00000110680
xenium_prime_5k_human,human,ENSG00000110693
xenium_prime_5k_human,human,ENSG00000110711
xenium_prime_5k_human,human,ENSG00000110713
xenium_prime_5k_human,human,ENSG00000110721
xenium_prime_5k_human,human,ENSG00000110756
xenium_prime_5k_human,human,ENSG00000110777
xenium_prime_5k_human,human,ENSG00000110786
xenium_prime_5k_human,human,ENSG00000110876
xenium_prime_5k_human,human,ENSG00000110880
xenium_prime_5k_human,human,ENSG00000110881
xenium_prime_5k_human,human,ENSG00000110887
xenium_prime_5k_human,human,ENSG00000110906
xenium_prime_5k_human,human,ENSG00000110911
xenium_prime_5k_human,human,ENSG00000110944
xenium_prime_5k_human,human,ENSG00000110958
xenium_prime_5k_human,human,ENSG00000111012
xenium_prime_5k_human,human,ENSG00000111077
xenium_prime_5k_human,human,ENSG00000111087
xenium_prime_5k_human,human,ENSG00000111110
xenium_prime_5k_human,human,ENSG00000111144
xenium_prime_5k_human,human,ENSG00000111145
xenium_prime_5k_human,human,ENSG00000111181
xenium_prime_5k_human,human,ENSG00000111186
xenium_prime_5k_human,human,ENSG00000111199
xenium_prime_5k_human,human,ENSG00000111206
xenium_prime_5k_human,human,ENSG00000111218
xenium_prime_5k_human,human,ENSG00000111224
xenium_prime_5k_human,human,ENSG00000111249
xenium_prime_5k_human,human,ENSG00000111275
xenium_prime_5k_human,human,ENSG00000111276
xenium_prime_5k_human,human,ENSG00000111319
xenium_prime_5k_human,human,ENSG00000111321
xenium_prime_5k_human,human,ENSG00000111331
xenium_prime_5k_human,human,ENSG00000111339
xenium_prime_5k_human,human,ENSG00000111364
xenium_prime_5k_human,human,ENSG00000111424
xenium_prime_5k_human,human,ENSG00000111432
xenium_prime_5k_human,human,ENSG00000111445
xenium_prime_5k_human,human,ENSG00000111452
xenium_prime_5k_human,human,ENSG00000111490
xenium_prime_5k_human,human,ENSG00000111530
xenium_prime_5k_human,human,ENSG00000111536
xenium_prime_5k_human,human,ENSG00000111537
xenium_prime_5k_human,human,ENSG00000111554
xenium_prime_5k_human,human,ENSG00000111581
xenium_prime_5k_human,human,ENSG00000111605
xenium_prime_5k_human,human,ENSG00000111641
xenium_prime_5k_human,human,ENSG00000111644
xenium_prime_5k_human,human,ENSG00000111664
xenium_prime_5k_human,human,ENSG00000111665
xenium_prime_5k_human,human,ENSG00000111667
xenium_prime_5k_human,human,ENSG00000111674
xenium_prime_5k_human,human,ENSG00000111679
xenium_prime_5k_human,human,ENSG00000111696
xenium_prime_5k_human,human,ENSG00000111700
xenium_prime_5k_human,human,ENSG00000111704
xenium_prime_5k_human,human,ENSG00000111725
xenium_prime_5k_human,human,ENSG00000111729
xenium_prime_5k_human,human,ENSG00000111732
xenium_prime_5k_human,human,ENSG00000111783
xenium_prime_5k_human,human,ENSG00000111796
xenium_prime_5k_human,human,ENSG00000111832
xenium_prime_5k_human,human,ENSG00000111837
xenium_prime_5k_human,human,ENSG00000111843
xenium_prime_5k_human,human,ENSG00000111845
xenium_prime_5k_human,human,ENSG00000111846
xenium_prime_5k_human,human,ENSG00000111859
xenium_prime_5k_human,human,ENSG00000111863
xenium_prime_5k_human,human,ENSG00000111877
xenium_prime_5k_human,human,ENSG00000111885
xenium_prime_5k_human,human,ENSG00000111961
xenium_prime_5k_human,human,ENSG00000112033
xenium_prime_5k_human,human,ENSG00000112038
xenium_prime_5k_human,human,ENSG00000112062
xenium_prime_5k_human,human,ENSG00000112077
xenium_prime_5k_human,human,ENSG00000112078
xenium_prime_5k_human,human,ENSG00000112115
xenium_prime_5k_human,human,ENSG00000112116
xenium_prime_5k_human,human,ENSG00000112118
xenium_prime_5k_human,human,ENSG00000112149
xenium_prime_5k_human,human,ENSG00000112164
xenium_prime_5k_human,human,ENSG00000112175
xenium_prime_5k_human,human,ENSG00000112182
xenium_prime_5k_human,human,ENSG00000112195
xenium_prime_5k_human,human,ENSG00000112200
xenium_prime_5k_human,human,ENSG00000112208
xenium_prime_5k_human,human,ENSG00000112218
xenium_prime_5k_human,human,ENSG00000112238
xenium_prime_5k_human,human,ENSG00000112242
xenium_prime_5k_human,human,ENSG00000112245
xenium_prime_5k_human,human,ENSG00000112249
xenium_prime_5k_human,human,ENSG00000112276
xenium_prime_5k_human,human,ENSG00000112297
xenium_prime_5k_human,human,ENSG00000112319
xenium_prime_5k_human,human,ENSG00000112339
xenium_prime_5k_human,human,ENSG00000112406
xenium_prime_5k_human,human,ENSG00000112414
xenium_prime_5k_human,human,ENSG00000112486
xenium_prime_5k_human,human,ENSG00000112499
xenium_prime_5k_human,human,ENSG00000112514
xenium_prime_5k_human,human,ENSG00000112541
xenium_prime_5k_human,human,ENSG00000112561
xenium_prime_5k_human,human,ENSG00000112562
xenium_prime_5k_human,human,ENSG00000112576
xenium_prime_5k_human,human,ENSG00000112592
xenium_prime_5k_human,human,ENSG00000112619
xenium_prime_5k_human,human,ENSG00000112624
xenium_prime_5k_human,human,ENSG00000112655
xenium_prime_5k_human,human,ENSG00000112658
xenium_prime_5k_human,human,ENSG00000112699
xenium_prime_5k_human,human,ENSG00000112701
xenium_prime_5k_human,human,ENSG00000112706
xenium_prime_5k_human,human,ENSG00000112715
xenium_prime_5k_human,human,ENSG00000112742
xenium_prime_5k_human,human,ENSG00000112759
xenium_prime_5k_human,human,ENSG00000112812
xenium_prime_5k_human,human,ENSG00000112964
xenium_prime_5k_human,human,ENSG00000112977
xenium_prime_5k_human,human,ENSG00000112984
xenium_prime_5k_human,human,ENSG00000113013
xenium_prime_5k_human,human,ENSG00000113070
xenium_prime_5k_human,human,ENSG00000113083
xenium_prime_5k_human,human,ENSG00000113088
xenium_prime_5k_human,human,ENSG00000113161
xenium_prime_5k_human,human,ENSG00000113194
xenium_prime_5k_human,human,ENSG00000113240
xenium_prime_5k_human,human,ENSG00000113249
xenium_prime_5k_human,human,ENSG00000113263
xenium_prime_5k_human,human,ENSG00000113302
xenium_prime_5k_human,human,ENSG00000113318
xenium_prime_5k_human,human,ENSG00000113327
xenium_prime_5k_human,human,ENSG00000113361
xenium_prime_5k_human,human,ENSG00000113368
xenium_prime_5k_human,human,ENSG00000113369
xenium_prime_5k_human,human,ENSG00000113384
xenium_prime_5k_human,human,ENSG00000113389
xenium_prime_5k_human,human,ENSG00000113460
xenium_prime_5k_human,human,ENSG00000113494
xenium_prime_5k_human,human,ENSG00000113520
xenium_prime_5k_human,human,ENSG00000113522
xenium_prime_5k_human,human,ENSG00000113525
xenium_prime_5k_human,human,ENSG00000113558
xenium_prime_5k_human,human,ENSG00000113575
xenium_prime_5k_human,human,ENSG00000113578
xenium_prime_5k_human,human,ENSG00000113580
xenium_prime_5k_human,human,ENSG00000113594
xenium_prime_5k_human,human,ENSG00000113595
xenium_prime_5k_human,human,ENSG00000113600
xenium_prime_5k_human,human,ENSG00000113645
xenium_prime_5k_human,human,ENSG00000113712
xenium_prime_5k_human,human,ENSG00000113721
xenium_prime_5k_human,human,ENSG00000113722
xenium_prime_5k_human,human,ENSG00000113739
xenium_prime_5k_human,human,ENSG00000113749
xenium_prime_5k_human,human,ENSG00000113758
xenium_prime_5k_human,human,ENSG00000113761
xenium_prime_5k_human,human,ENSG00000113763
xenium_prime_5k_human,human,ENSG00000113810
xenium_prime_5k_human,human,ENSG00000113916
xenium_prime_5k_human,human,ENSG00000114013
xenium_prime_5k_human,human,ENSG00000114026
xenium_prime_5k_human,human,ENSG00000114030
xenium_prime_5k_human,human,ENSG00000114054
xenium_prime_5k_human,human,ENSG00000114062
xenium_prime_5k_human,human,ENSG00000114166
xenium_prime_5k_human,human,ENSG00000114200
xenium_prime_5k_human,human,ENSG00000114204
xenium_prime_5k_human,human,ENSG00000114209
xenium_prime_5k_human,human,ENSG00000114251
xenium_prime_5k_human,human,ENSG00000114270
xenium_prime_5k_human,human,ENSG00000114315
xenium_prime_5k_human,human,ENSG00000114331
xenium_prime_5k_human,human,ENSG00000114353
xenium_prime_5k_human,human,ENSG00000114374
xenium_prime_5k_human,human,ENSG00000114383
xenium_prime_5k_human,human,ENSG00000114423
xenium_prime_5k_human,human,ENSG00000114446
xenium_prime_5k_human,human,ENSG00000114455
xenium_prime_5k_human,human,ENSG00000114480
xenium_prime_5k_human,human,ENSG00000114491
xenium_prime_5k_human,human,ENSG00000114520
xenium_prime_5k_human,human,ENSG00000114626
xenium_prime_5k_human,human,ENSG00000114670
xenium_prime_5k_human,human,ENSG00000114784
xenium_prime_5k_human,human,ENSG00000114796
xenium_prime_5k_human,human,ENSG00000114812
xenium_prime_5k_human,human,ENSG00000114841
xenium_prime_5k_human,human,ENSG00000114861
xenium_prime_5k_human,human,ENSG00000114867
xenium_prime_5k_human,human,ENSG00000114904
xenium_prime_5k_human,human,ENSG00000114933
xenium_prime_5k_human,human,ENSG00000115008
xenium_prime_5k_human,human,ENSG00000115009
xenium_prime_5k_human,human,ENSG00000115020
xenium_prime_5k_human,human,ENSG00000115085
xenium_prime_5k_human,human,ENSG00000115138
xenium_prime_5k_human,human,ENSG00000115155
xenium_prime_5k_human,human,ENSG00000115163
xenium_prime_5k_human,human,ENSG00000115170
xenium_prime_5k_human,human,ENSG00000115221
xenium_prime_5k_human,human,ENSG00000115232
xenium_prime_5k_human,human,ENSG00000115234
xenium_prime_5k_human,human,ENSG00000115255
xenium_prime_5k_human,human,ENSG00000115267
xenium_prime_5k_human,human,ENSG00000115306
xenium_prime_5k_human,human,ENSG00000115310
xenium_prime_5k_human,human,ENSG00000115317
xenium_prime_5k_human,human,ENSG00000115353
xenium_prime_5k_human,human,ENSG00000115365
xenium_prime_5k_human,human,ENSG00000115415
xenium_prime_5k_human,human,ENSG00000115419
xenium_prime_5k_human,human,ENSG00000115457
xenium_prime_5k_human,human,ENSG00000115474
xenium_prime_5k_human,human,ENSG00000115504
xenium_prime_5k_human,human,ENSG00000115514
xenium_prime_5k_human,human,ENSG00000115524
xenium_prime_5k_human,human,ENSG00000115540
xenium_prime_5k_human,human,ENSG00000115548
xenium_prime_5k_human,human,ENSG00000115568
xenium_prime_5k_human,human,ENSG00000115594
xenium_prime_5k_human,human,ENSG00000115598
xenium_prime_5k_human,human,ENSG00000115602
xenium_prime_5k_human,human,ENSG00000115604
xenium_prime_5k_human,human,ENSG00000115607
xenium_prime_5k_human,human,ENSG00000115641
xenium_prime_5k_human,human,ENSG00000115648
xenium_prime_5k_human,human,ENSG00000115657
xenium_prime_5k_human,human,ENSG00000115661
xenium_prime_5k_human,human,ENSG00000115665
xenium_prime_5k_human,human,ENSG00000115685
xenium_prime_5k_human,human,ENSG00000115718
xenium_prime_5k_human,human,ENSG00000115756
xenium_prime_5k_human,human,ENSG00000115762
xenium_prime_5k_human,human,ENSG00000115825
xenium_prime_5k_human,human,ENSG00000115904
xenium_prime_5k_human,human,ENSG00000115966
xenium_prime_5k_human,human,ENSG00000116014
xenium_prime_5k_human,human,ENSG00000116016
xenium_prime_5k_human,human,ENSG00000116030
xenium_prime_5k_human,human,ENSG00000116031
xenium_prime_5k_human,human,ENSG00000116039
xenium_prime_5k_human,human,ENSG00000116044
xenium_prime_5k_human,human,ENSG00000116062
xenium_prime_5k_human,human,ENSG00000116106
xenium_prime_5k_human,human,ENSG00000116132
xenium_prime_5k_human,human,ENSG00000116133
xenium_prime_5k_human,human,ENSG00000116147
xenium_prime_5k_human,human,ENSG00000116161
xenium_prime_5k_human,human,ENSG00000116183
xenium_prime_5k_human,human,ENSG00000116205
xenium_prime_5k_human,human,ENSG00000116213
xenium_prime_5k_human,human,ENSG00000116254
xenium_prime_5k_human,human,ENSG00000116285
xenium_prime_5k_human,human,ENSG00000116288
xenium_prime_5k_human,human,ENSG00000116329
xenium_prime_5k_human,human,ENSG00000116396
xenium_prime_5k_human,human,ENSG00000116455
xenium_prime_5k_human,human,ENSG00000116473
xenium_prime_5k_human,human,ENSG00000116478
xenium_prime_5k_human,human,ENSG00000116560
xenium_prime_5k_human,human,ENSG00000116584
xenium_prime_5k_human,human,ENSG00000116668
xenium_prime_5k_human,human,ENSG00000116678
xenium_prime_5k_human,human,ENSG00000116679
xenium_prime_5k_human,human,ENSG00000116685
xenium_prime_5k_human,human,ENSG00000116688
xenium_prime_5k_human,human,ENSG00000116690
xenium_prime_5k_human,human,ENSG00000116691
xenium_prime_5k_human,human,ENSG00000116701
xenium_prime_5k_human,human,ENSG00000116711
xenium_prime_5k_human,human,ENSG00000116717
xenium_prime_5k_human,human,ENSG00000116745
xenium_prime_5k_human,human,ENSG00000116747
xenium_prime_5k_human,human,ENSG00000116761
xenium_prime_5k_human,human,ENSG00000116771
xenium_prime_5k_human,human,ENSG00000116774
xenium_prime_5k_human,human,ENSG00000116786
xenium_prime_5k_human,human,ENSG00000116791
xenium_prime_5k_human,human,ENSG00000116815
xenium_prime_5k_human,human,ENSG00000116824
xenium_prime_5k_human,human,ENSG00000116833
xenium_prime_5k_human,human,ENSG00000116871
xenium_prime_5k_human,human,ENSG00000116885
xenium_prime_5k_human,human,ENSG00000116906
xenium_prime_5k_human,human,ENSG00000116977
xenium_prime_5k_human,human,ENSG00000116984
xenium_prime_5k_human,human,ENSG00000116985
xenium_prime_5k_human,human,ENSG00000116990
xenium_prime_5k_human,human,ENSG00000117000
xenium_prime_5k_human,human,ENSG00000117009
xenium_prime_5k_human,human,ENSG00000117013
xenium_prime_5k_human,human,ENSG00000117016
xenium_prime_5k_human,human,ENSG00000117020
xenium_prime_5k_human,human,ENSG00000117036
xenium_prime_5k_human,human,ENSG00000117090
xenium_prime_5k_human,human,ENSG00000117115
xenium_prime_5k_human,human,ENSG00000117118
xenium_prime_5k_human,human,ENSG00000117133
xenium_prime_5k_human,human,ENSG00000117139
xenium_prime_5k_human,human,ENSG00000117152
xenium_prime_5k_human,human,ENSG00000117155
xenium_prime_5k_human,human,ENSG00000117222
xenium_prime_5k_human,human,ENSG00000117228
xenium_prime_5k_human,human,ENSG00000117266
xenium_prime_5k_human,human,ENSG00000117281
xenium_prime_5k_human,human,ENSG00000117298
xenium_prime_5k_human,human,ENSG00000117308
xenium_prime_5k_human,human,ENSG00000117322
xenium_prime_5k_human,human,ENSG00000117335
xenium_prime_5k_human,human,ENSG00000117360
xenium_prime_5k_human,human,ENSG00000117394
xenium_prime_5k_human,human,ENSG00000117399
xenium_prime_5k_human,human,ENSG00000117400
xenium_prime_5k_human,human,ENSG00000117480
xenium_prime_5k_human,human,ENSG00000117528
xenium_prime_5k_human,human,ENSG00000117560
xenium_prime_5k_human,human,ENSG00000117569
xenium_prime_5k_human,human,ENSG00000117586
xenium_prime_5k_human,human,ENSG00000117594
xenium_prime_5k_human,human,ENSG00000117601
xenium_prime_5k_human,human,ENSG00000117625
xenium_prime_5k_human,human,ENSG00000117632
xenium_prime_5k_human,human,ENSG00000117640
xenium_prime_5k_human,human,ENSG00000117650
xenium_prime_5k_human,human,ENSG00000117682
xenium_prime_5k_human,human,ENSG00000117707
xenium_prime_5k_human,human,ENSG00000117713
xenium_prime_5k_human,human,ENSG00000117724
xenium_prime_5k_human,human,ENSG00000117748
xenium_prime_5k_human,human,ENSG00000117877
xenium_prime_5k_human,human,ENSG00000117906
xenium_prime_5k_human,human,ENSG00000117971
xenium_prime_5k_human,human,ENSG00000117983
xenium_prime_5k_human,human,ENSG00000118046
xenium_prime_5k_human,human,ENSG00000118058
xenium_prime_5k_human,human,ENSG00000118113
xenium_prime_5k_human,human,ENSG00000118194
xenium_prime_5k_human,human,ENSG00000118200
xenium_prime_5k_human,human,ENSG00000118217
xenium_prime_5k_human,human,ENSG00000118257
xenium_prime_5k_human,human,ENSG00000118260
xenium_prime_5k_human,human,ENSG00000118298
xenium_prime_5k_human,human,ENSG00000118412
xenium_prime_5k_human,human,ENSG00000118418
xenium_prime_5k_human,human,ENSG00000118432
xenium_prime_5k_human,human,ENSG00000118495
xenium_prime_5k_human,human,ENSG00000118513
xenium_prime_5k_human,human,ENSG00000118515
xenium_prime_5k_human,human,ENSG00000118520
xenium_prime_5k_human,human,ENSG00000118523
xenium_prime_5k_human,human,ENSG00000118526
xenium_prime_5k_human,human,ENSG00000118557
xenium_prime_5k_human,human,ENSG00000118689
xenium_prime_5k_human,human,ENSG00000118729
xenium_prime_5k_human,human,ENSG00000118762
xenium_prime_5k_human,human,ENSG00000118777
xenium_prime_5k_human,human,ENSG00000118922
xenium_prime_5k_human,human,ENSG00000118946
xenium_prime_5k_human,human,ENSG00000118971
xenium_prime_5k_human,human,ENSG00000118972
xenium_prime_5k_human,human,ENSG00000118997
xenium_prime_5k_human,human,ENSG00000119004
xenium_prime_5k_human,human,ENSG00000119042
xenium_prime_5k_human,human,ENSG00000119121
xenium_prime_5k_human,human,ENSG00000119125
xenium_prime_5k_human,human,ENSG00000119139
xenium_prime_5k_human,human,ENSG00000119147
xenium_prime_5k_human,human,ENSG00000119283
xenium_prime_5k_human,human,ENSG00000119321
xenium_prime_5k_human,human,ENSG00000119326
xenium_prime_5k_human,human,ENSG00000119383
xenium_prime_5k_human,human,ENSG00000119408
xenium_prime_5k_human,human,ENSG00000119508
xenium_prime_5k_human,human,ENSG00000119509
xenium_prime_5k_human,human,ENSG00000119523
xenium_prime_5k_human,human,ENSG00000119535
xenium_prime_5k_human,human,ENSG00000119596
xenium_prime_5k_human,human,ENSG00000119614
xenium_prime_5k_human,human,ENSG00000119630
xenium_prime_5k_human,human,ENSG00000119669
xenium_prime_5k_human,human,ENSG00000119681
xenium_prime_5k_human,human,ENSG00000119688
xenium_prime_5k_human,human,ENSG00000119698
xenium_prime_5k_human,human,ENSG00000119699
xenium_prime_5k_human,human,ENSG00000119720
xenium_prime_5k_human,human,ENSG00000119725
xenium_prime_5k_human,human,ENSG00000119772
xenium_prime_5k_human,human,ENSG00000119787
xenium_prime_5k_human,human,ENSG00000119812
xenium_prime_5k_human,human,ENSG00000119862
xenium_prime_5k_human,human,ENSG00000119865
xenium_prime_5k_human,human,ENSG00000119866
xenium_prime_5k_human,human,ENSG00000119878
xenium_prime_5k_human,human,ENSG00000119888
xenium_prime_5k_human,human,ENSG00000119899
xenium_prime_5k_human,human,ENSG00000119912
xenium_prime_5k_human,human,ENSG00000119917
xenium_prime_5k_human,human,ENSG00000119919
xenium_prime_5k_human,human,ENSG00000119922
xenium_prime_5k_human,human,ENSG00000119946
xenium_prime_5k_human,human,ENSG00000119969
xenium_prime_5k_human,human,ENSG00000120029
xenium_prime_5k_human,human,ENSG00000120049
xenium_prime_5k_human,human,ENSG00000120053
xenium_prime_5k_human,human,ENSG00000120057
xenium_prime_5k_human,human,ENSG00000120075
xenium_prime_5k_human,human,ENSG00000120088
xenium_prime_5k_human,human,ENSG00000120156
xenium_prime_5k_human,human,ENSG00000120211
xenium_prime_5k_human,human,ENSG00000120215
xenium_prime_5k_human,human,ENSG00000120217
xenium_prime_5k_human,human,ENSG00000120242
xenium_prime_5k_human,human,ENSG00000120251
xenium_prime_5k_human,human,ENSG00000120262
xenium_prime_5k_human,human,ENSG00000120314
xenium_prime_5k_human,human,ENSG00000120327
xenium_prime_5k_human,human,ENSG00000120337
xenium_prime_5k_human,human,ENSG00000120370
xenium_prime_5k_human,human,ENSG00000120438
xenium_prime_5k_human,human,ENSG00000120451
xenium_prime_5k_human,human,ENSG00000120498
xenium_prime_5k_human,human,ENSG00000120500
xenium_prime_5k_human,human,ENSG00000120526
xenium_prime_5k_human,human,ENSG00000120647
xenium_prime_5k_human,human,ENSG00000120658
xenium_prime_5k_human,human,ENSG00000120659
xenium_prime_5k_human,human,ENSG00000120662
xenium_prime_5k_human,human,ENSG00000120669
xenium_prime_5k_human,human,ENSG00000120685
xenium_prime_5k_human,human,ENSG00000120709
xenium_prime_5k_human,human,ENSG00000120727
xenium_prime_5k_human,human,ENSG00000120729
xenium_prime_5k_human,human,ENSG00000120802
xenium_prime_5k_human,human,ENSG00000120820
xenium_prime_5k_human,human,ENSG00000120832
xenium_prime_5k_human,human,ENSG00000120833
xenium_prime_5k_human,human,ENSG00000120860
xenium_prime_5k_human,human,ENSG00000120868
xenium_prime_5k_human,human,ENSG00000120889
xenium_prime_5k_human,human,ENSG00000120899
xenium_prime_5k_human,human,ENSG00000120903
xenium_prime_5k_human,human,ENSG00000120907
xenium_prime_5k_human,human,ENSG00000120913
xenium_prime_5k_human,human,ENSG00000120915
xenium_prime_5k_human,human,ENSG00000120937
xenium_prime_5k_human,human,ENSG00000120948
xenium_prime_5k_human,human,ENSG00000120949
xenium_prime_5k_human,human,ENSG00000121022
xenium_prime_5k_human,human,ENSG00000121058
xenium_prime_5k_human,human,ENSG00000121060
xenium_prime_5k_human,human,ENSG00000121064
xenium_prime_5k_human,human,ENSG00000121068
xenium_prime_5k_human,human,ENSG00000121075
xenium_prime_5k_human,human,ENSG00000121101
xenium_prime_5k_human,human,ENSG00000121361
xenium_prime_5k_human,human,ENSG00000121390
xenium_prime_5k_human,human,ENSG00000121481
xenium_prime_5k_human,human,ENSG00000121486
xenium_prime_5k_human,human,ENSG00000121594
xenium_prime_5k_human,human,ENSG00000121653
xenium_prime_5k_human,human,ENSG00000121671
xenium_prime_5k_human,human,ENSG00000121690
xenium_prime_5k_human,human,ENSG00000121691
xenium_prime_5k_human,human,ENSG00000121742
xenium_prime_5k_human,human,ENSG00000121753
xenium_prime_5k_human,human,ENSG00000121764
xenium_prime_5k_human,human,ENSG00000121766
xenium_prime_5k_human,human,ENSG00000121769
xenium_prime_5k_human,human,ENSG00000121774
xenium_prime_5k_human,human,ENSG00000121797
xenium_prime_5k_human,human,ENSG00000121807
xenium_prime_5k_human,human,ENSG00000121853
xenium_prime_5k_human,human,ENSG00000121858
xenium_prime_5k_human,human,ENSG00000121864
xenium_prime_5k_human,human,ENSG00000121879
xenium_prime_5k_human,human,ENSG00000121898
xenium_prime_5k_human,human,ENSG00000121903
xenium_prime_5k_human,human,ENSG00000121905
xenium_prime_5k_human,human,ENSG00000121931
xenium_prime_5k_human,human,ENSG00000121966
xenium_prime_5k_human,human,ENSG00000121989
xenium_prime_5k_human,human,ENSG00000122012
xenium_prime_5k_human,human,ENSG00000122025
xenium_prime_5k_human,human,ENSG00000122126
xenium_prime_5k_human,human,ENSG00000122133
xenium_prime_5k_human,human,ENSG00000122136
xenium_prime_5k_human,human,ENSG00000122176
xenium_prime_5k_human,human,ENSG00000122194
xenium_prime_5k_human,human,ENSG00000122203
xenium_prime_5k_human,human,ENSG00000122223
xenium_prime_5k_human,human,ENSG00000122224
xenium_prime_5k_human,human,ENSG00000122254
xenium_prime_5k_human,human,ENSG00000122299
xenium_prime_5k_human,human,ENSG00000122367
xenium_prime_5k_human,human,ENSG00000122376
xenium_prime_5k_human,human,ENSG00000122378
xenium_prime_5k_human,human,ENSG00000122417
xenium_prime_5k_human,human,ENSG00000122420
xenium_prime_5k_human,human,ENSG00000122512
xenium_prime_5k_human,human,ENSG00000122515
xenium_prime_5k_human,human,ENSG00000122565
xenium_prime_5k_human,human,ENSG00000122641
xenium_prime_5k_human,human,ENSG00000122691
xenium_prime_5k_human,human,ENSG00000122694
xenium_prime_5k_human,human,ENSG00000122707
xenium_prime_5k_human,human,ENSG00000122735
xenium_prime_5k_human,human,ENSG00000122783
xenium_prime_5k_human,human,ENSG00000122861
xenium_prime_5k_human,human,ENSG00000122877
xenium_prime_5k_human,human,ENSG00000122882
xenium_prime_5k_human,human,ENSG00000122884
xenium_prime_5k_human,human,ENSG00000122965
xenium_prime_5k_human,human,ENSG00000123094
xenium_prime_5k_human,human,ENSG00000123106
xenium_prime_5k_human,human,ENSG00000123124
xenium_prime_5k_human,human,ENSG00000123146
xenium_prime_5k_human,human,ENSG00000123159
xenium_prime_5k_human,human,ENSG00000123178
xenium_prime_5k_human,human,ENSG00000123191
xenium_prime_5k_human,human,ENSG00000123240
xenium_prime_5k_human,human,ENSG00000123243
xenium_prime_5k_human,human,ENSG00000123268
xenium_prime_5k_human,human,ENSG00000123352
xenium_prime_5k_human,human,ENSG00000123358
xenium_prime_5k_human,human,ENSG00000123364
xenium_prime_5k_human,human,ENSG00000123374
xenium_prime_5k_human,human,ENSG00000123384
xenium_prime_5k_human,human,ENSG00000123388
xenium_prime_5k_human,human,ENSG00000123411
xenium_prime_5k_human,human,ENSG00000123472
xenium_prime_5k_human,human,ENSG00000123473
xenium_prime_5k_human,human,ENSG00000123496
xenium_prime_5k_human,human,ENSG00000123500
xenium_prime_5k_human,human,ENSG00000123572
xenium_prime_5k_human,human,ENSG00000123595
xenium_prime_5k_human,human,ENSG00000123636
xenium_prime_5k_human,human,ENSG00000123685
xenium_prime_5k_human,human,ENSG00000123700
xenium_prime_5k_human,human,ENSG00000123901
xenium_prime_5k_human,human,ENSG00000123975
xenium_prime_5k_human,human,ENSG00000123992
xenium_prime_5k_human,human,ENSG00000123999
xenium_prime_5k_human,human,ENSG00000124089
xenium_prime_5k_human,human,ENSG00000124092
xenium_prime_5k_human,human,ENSG00000124134
xenium_prime_5k_human,human,ENSG00000124145
xenium_prime_5k_human,human,ENSG00000124151
xenium_prime_5k_human,human,ENSG00000124164
xenium_prime_5k_human,human,ENSG00000124181
xenium_prime_5k_human,human,ENSG00000124191
xenium_prime_5k_human,human,ENSG00000124207
xenium_prime_5k_human,human,ENSG00000124212
xenium_prime_5k_human,human,ENSG00000124214
xenium_prime_5k_human,human,ENSG00000124216
xenium_prime_5k_human,human,ENSG00000124228
xenium_prime_5k_human,human,ENSG00000124249
xenium_prime_5k_human,human,ENSG00000124253
xenium_prime_5k_human,human,ENSG00000124256
xenium_prime_5k_human,human,ENSG00000124260
xenium_prime_5k_human,human,ENSG00000124299
xenium_prime_5k_human,human,ENSG00000124302
xenium_prime_5k_human,human,ENSG00000124334
xenium_prime_5k_human,human,ENSG00000124469
xenium_prime_5k_human,human,ENSG00000124479
xenium_prime_5k_human,human,ENSG00000124491
xenium_prime_5k_human,human,ENSG00000124493
xenium_prime_5k_human,human,ENSG00000124571
xenium_prime_5k_human,human,ENSG00000124588
xenium_prime_5k_human,human,ENSG00000124721
xenium_prime_5k_human,human,ENSG00000124731
xenium_prime_5k_human,human,ENSG00000124762
xenium_prime_5k_human,human,ENSG00000124780
xenium_prime_5k_human,human,ENSG00000124782
xenium_prime_5k_human,human,ENSG00000124785
xenium_prime_5k_human,human,ENSG00000124788
xenium_prime_5k_human,human,ENSG00000124789
xenium_prime_5k_human,human,ENSG00000124795
xenium_prime_5k_human,human,ENSG00000124813
xenium_prime_5k_human,human,ENSG00000124875
xenium_prime_5k_human,human,ENSG00000124882
xenium_prime_5k_human,human,ENSG00000124935
xenium_prime_5k_human,human,ENSG00000125084
xenium_prime_5k_human,human,ENSG00000125107
xenium_prime_5k_human,human,ENSG00000125207
xenium_prime_5k_human,human,ENSG00000125247
xenium_prime_5k_human,human,ENSG00000125249
xenium_prime_5k_human,human,ENSG00000125257
xenium_prime_5k_human,human,ENSG00000125266
xenium_prime_5k_human,human,ENSG00000125285
xenium_prime_5k_human,human,ENSG00000125347
xenium_prime_5k_human,human,ENSG00000125354
xenium_prime_5k_human,human,ENSG00000125378
xenium_prime_5k_human,human,ENSG00000125384
xenium_prime_5k_human,human,ENSG00000125386
xenium_prime_5k_human,human,ENSG00000125398
xenium_prime_5k_human,human,ENSG00000125409
xenium_prime_5k_human,human,ENSG00000125414
xenium_prime_5k_human,human,ENSG00000125449
xenium_prime_5k_human,human,ENSG00000125485
xenium_prime_5k_human,human,ENSG00000125498
xenium_prime_5k_human,human,ENSG00000125510
xenium_prime_5k_human,human,ENSG00000125520
xenium_prime_5k_human,human,ENSG00000125538
xenium_prime_5k_human,human,ENSG00000125571
xenium_prime_5k_human,human,ENSG00000125618
xenium_prime_5k_human,human,ENSG00000125657
xenium_prime_5k_human,human,ENSG00000125686
xenium_prime_5k_human,human,ENSG00000125726
xenium_prime_5k_human,human,ENSG00000125735
xenium_prime_5k_human,human,ENSG00000125753
xenium_prime_5k_human,human,ENSG00000125779
xenium_prime_5k_human,human,ENSG00000125780
xenium_prime_5k_human,human,ENSG00000125798
xenium_prime_5k_human,human,ENSG00000125810
xenium_prime_5k_human,human,ENSG00000125813
xenium_prime_5k_human,human,ENSG00000125816
xenium_prime_5k_human,human,ENSG00000125817
xenium_prime_5k_human,human,ENSG00000125826
xenium_prime_5k_human,human,ENSG00000125834
xenium_prime_5k_human,human,ENSG00000125835
xenium_prime_5k_human,human,ENSG00000125841
xenium_prime_5k_human,human,ENSG00000125845
xenium_prime_5k_human,human,ENSG00000125848
xenium_prime_5k_human,human,ENSG00000125850
xenium_prime_5k_human,human,ENSG00000125864
xenium_prime_5k_human,human,ENSG00000125898
xenium_prime_5k_human,human,ENSG00000125912
xenium_prime_5k_human,human,ENSG00000125952
xenium_prime_5k_human,human,ENSG00000125965
xenium_prime_5k_human,human,ENSG00000126003
xenium_prime_5k_human,human,ENSG00000126010
xenium_prime_5k_human,human,ENSG00000126016
xenium_prime_5k_human,human,ENSG00000126215
xenium_prime_5k_human,human,ENSG00000126226
xenium_prime_5k_human,human,ENSG00000126266
xenium_prime_5k_human,human,ENSG00000126351
xenium_prime_5k_human,human,ENSG00000126353
xenium_prime_5k_human,human,ENSG00000126453
xenium_prime_5k_human,human,ENSG00000126456
xenium_prime_5k_human,human,ENSG00000126457
xenium_prime_5k_human,human,ENSG00000126458
xenium_prime_5k_human,human,ENSG00000126460
xenium_prime_5k_human,human,ENSG00000126561
xenium_prime_5k_human,human,ENSG00000126581
xenium_prime_5k_human,human,ENSG00000126583
xenium_prime_5k_human,human,ENSG00000126602
xenium_prime_5k_human,human,ENSG00000126733
xenium_prime_5k_human,human,ENSG00000126752
xenium_prime_5k_human,human,ENSG00000126759
xenium_prime_5k_human,human,ENSG00000126767
xenium_prime_5k_human,human,ENSG00000126778
xenium_prime_5k_human,human,ENSG00000126803
xenium_prime_5k_human,human,ENSG00000126804
xenium_prime_5k_human,human,ENSG00000126838
xenium_prime_5k_human,human,ENSG00000126858
xenium_prime_5k_human,human,ENSG00000126878
xenium_prime_5k_human,human,ENSG00000126883
xenium_prime_5k_human,human,ENSG00000126895
xenium_prime_5k_human,human,ENSG00000126970
xenium_prime_5k_human,human,ENSG00000127022
xenium_prime_5k_human,human,ENSG00000127152
xenium_prime_5k_human,human,ENSG00000127191
xenium_prime_5k_human,human,ENSG00000127241
xenium_prime_5k_human,human,ENSG00000127318
xenium_prime_5k_human,human,ENSG00000127324
xenium_prime_5k_human,human,ENSG00000127415
xenium_prime_5k_human,human,ENSG00000127423
xenium_prime_5k_human,human,ENSG00000127445
xenium_prime_5k_human,human,ENSG00000127463
xenium_prime_5k_human,human,ENSG00000127472
xenium_prime_5k_human,human,ENSG00000127507
xenium_prime_5k_human,human,ENSG00000127526
xenium_prime_5k_human,human,ENSG00000127533
xenium_prime_5k_human,human,ENSG00000127561
xenium_prime_5k_human,human,ENSG00000127616
xenium_prime_5k_human,human,ENSG00000127666
xenium_prime_5k_human,human,ENSG00000127743
xenium_prime_5k_human,human,ENSG00000127804
xenium_prime_5k_human,human,ENSG00000127824
xenium_prime_5k_human,human,ENSG00000127837
xenium_prime_5k_human,human,ENSG00000127884
xenium_prime_5k_human,human,ENSG00000127948
xenium_prime_5k_human,human,ENSG00000127954
xenium_prime_5k_human,human,ENSG00000127955
xenium_prime_5k_human,human,ENSG00000128039
xenium_prime_5k_human,human,ENSG00000128052
xenium_prime_5k_human,human,ENSG00000128228
xenium_prime_5k_human,human,ENSG00000128271
xenium_prime_5k_human,human,ENSG00000128272
xenium_prime_5k_human,human,ENSG00000128276
xenium_prime_5k_human,human,ENSG00000128284
xenium_prime_5k_human,human,ENSG00000128285
xenium_prime_5k_human,human,ENSG00000128335
xenium_prime_5k_human,human,ENSG00000128342
xenium_prime_5k_human,human,ENSG00000128394
xenium_prime_5k_human,human,ENSG00000128463
xenium_prime_5k_human,human,ENSG00000128482
xenium_prime_5k_human,human,ENSG00000128487
xenium_prime_5k_human,human,ENSG00000128510
xenium_prime_5k_human,human,ENSG00000128564
xenium_prime_5k_human,human,ENSG00000128567
xenium_prime_5k_human,human,ENSG00000128573
xenium_prime_5k_human,human,ENSG00000128578
xenium_prime_5k_human,human,ENSG00000128591
xenium_prime_5k_human,human,ENSG00000128596
xenium_prime_5k_human,human,ENSG00000128602
xenium_prime_5k_human,human,ENSG00000128604
xenium_prime_5k_human,human,ENSG00000128610
xenium_prime_5k_human,human,ENSG00000128641
xenium_prime_5k_human,human,ENSG00000128683
xenium_prime_5k_human,human,ENSG00000128709
xenium_prime_5k_human,human,ENSG00000128710
xenium_prime_5k_human,human,ENSG00000128731
xenium_prime_5k_human,human,ENSG00000128791
xenium_prime_5k_human,human,ENSG00000128815
xenium_prime_5k_human,human,ENSG00000128829
xenium_prime_5k_human,human,ENSG00000128849
xenium_prime_5k_human,human,ENSG00000128917
xenium_prime_5k_human,human,ENSG00000128923
xenium_prime_5k_human,human,ENSG00000128944
xenium_prime_5k_human,human,ENSG00000129038
xenium_prime_5k_human,human,ENSG00000129116
xenium_prime_5k_human,human,ENSG00000129152
xenium_prime_5k_human,human,ENSG00000129159
xenium_prime_5k_human,human,ENSG00000129167
xenium_prime_5k_human,human,ENSG00000129170
xenium_prime_5k_human,human,ENSG00000129195
xenium_prime_5k_human,human,ENSG00000129204
xenium_prime_5k_human,human,ENSG00000129214
xenium_prime_5k_human,human,ENSG00000129219
xenium_prime_5k_human,human,ENSG00000129226
xenium_prime_5k_human,human,ENSG00000129245
xenium_prime_5k_human,human,ENSG00000129255
xenium_prime_5k_human,human,ENSG00000129315
xenium_prime_5k_human,human,ENSG00000129351
xenium_prime_5k_human,human,ENSG00000129450
xenium_prime_5k_human,human,ENSG00000129451
xenium_prime_5k_human,human,ENSG00000129460
xenium_prime_5k_human,human,ENSG00000129465
xenium_prime_5k_human,human,ENSG00000129473
xenium_prime_5k_human,human,ENSG00000129493
xenium_prime_5k_human,human,ENSG00000129514
xenium_prime_5k_human,human,ENSG00000129521
xenium_prime_5k_human,human,ENSG00000129654
xenium_prime_5k_human,human,ENSG00000129682
xenium_prime_5k_human,human,ENSG00000129691
xenium_prime_5k_human,human,ENSG00000129744
xenium_prime_5k_human,human,ENSG00000129757
xenium_prime_5k_human,human,ENSG00000129911
xenium_prime_5k_human,human,ENSG00000129988
xenium_prime_5k_human,human,ENSG00000129991
xenium_prime_5k_human,human,ENSG00000130024
xenium_prime_5k_human,human,ENSG00000130037
xenium_prime_5k_human,human,ENSG00000130159
xenium_prime_5k_human,human,ENSG00000130164
xenium_prime_5k_human,human,ENSG00000130173
xenium_prime_5k_human,human,ENSG00000130193
xenium_prime_5k_human,human,ENSG00000130202
xenium_prime_5k_human,human,ENSG00000130204
xenium_prime_5k_human,human,ENSG00000130222
xenium_prime_5k_human,human,ENSG00000130227
xenium_prime_5k_human,human,ENSG00000130234
xenium_prime_5k_human,human,ENSG00000130294
xenium_prime_5k_human,human,ENSG00000130300
xenium_prime_5k_human,human,ENSG00000130305
xenium_prime_5k_human,human,ENSG00000130347
xenium_prime_5k_human,human,ENSG00000130349
xenium_prime_5k_human,human,ENSG00000130368
xenium_prime_5k_human,human,ENSG00000130402
xenium_prime_5k_human,human,ENSG00000130413
xenium_prime_5k_human,human,ENSG00000130427
xenium_prime_5k_human,human,ENSG00000130449
xenium_prime_5k_human,human,ENSG00000130477
xenium_prime_5k_human,human,ENSG00000130479
xenium_prime_5k_human,human,ENSG00000130513
xenium_prime_5k_human,human,ENSG00000130529
xenium_prime_5k_human,human,ENSG00000130558
xenium_prime_5k_human,human,ENSG00000130600
xenium_prime_5k_human,human,ENSG00000130635
xenium_prime_5k_human,human,ENSG00000130656
xenium_prime_5k_human,human,ENSG00000130669
xenium_prime_5k_human,human,ENSG00000130675
xenium_prime_5k_human,human,ENSG00000130695
xenium_prime_5k_human,human,ENSG00000130711
xenium_prime_5k_human,human,ENSG00000130714
xenium_prime_5k_human,human,ENSG00000130720
xenium_prime_5k_human,human,ENSG00000130726
xenium_prime_5k_human,human,ENSG00000130764
xenium_prime_5k_human,human,ENSG00000130766
xenium_prime_5k_human,human,ENSG00000130768
xenium_prime_5k_human,human,ENSG00000130775
xenium_prime_5k_human,human,ENSG00000130783
xenium_prime_5k_human,human,ENSG00000130812
xenium_prime_5k_human,human,ENSG00000130813
xenium_prime_5k_human,human,ENSG00000130816
xenium_prime_5k_human,human,ENSG00000130826
xenium_prime_5k_human,human,ENSG00000130939
xenium_prime_5k_human,human,ENSG00000130940
xenium_prime_5k_human,human,ENSG00000130985
xenium_prime_5k_human,human,ENSG00000130988
xenium_prime_5k_human,human,ENSG00000131015
xenium_prime_5k_human,human,ENSG00000131023
xenium_prime_5k_human,human,ENSG00000131042
xenium_prime_5k_human,human,ENSG00000131043
xenium_prime_5k_human,human,ENSG00000131061
xenium_prime_5k_human,human,ENSG00000131142
xenium_prime_5k_human,human,ENSG00000131149
xenium_prime_5k_human,human,ENSG00000131187
xenium_prime_5k_human,human,ENSG00000131196
xenium_prime_5k_human,human,ENSG00000131203
xenium_prime_5k_human,human,ENSG00000131323
xenium_prime_5k_human,human,ENSG00000131370
xenium_prime_5k_human,human,ENSG00000131378
xenium_prime_5k_human,human,ENSG00000131398
xenium_prime_5k_human,human,ENSG00000131408
xenium_prime_5k_human,human,ENSG00000131435
xenium_prime_5k_human,human,ENSG00000131462
xenium_prime_5k_human,human,ENSG00000131467
xenium_prime_5k_human,human,ENSG00000131471
xenium_prime_5k_human,human,ENSG00000131473
xenium_prime_5k_human,human,ENSG00000131503
xenium_prime_5k_human,human,ENSG00000131508
xenium_prime_5k_human,human,ENSG00000131620
xenium_prime_5k_human,human,ENSG00000131626
xenium_prime_5k_human,human,ENSG00000131669
xenium_prime_5k_human,human,ENSG00000131711
xenium_prime_5k_human,human,ENSG00000131721
xenium_prime_5k_human,human,ENSG00000131724
xenium_prime_5k_human,human,ENSG00000131747
xenium_prime_5k_human,human,ENSG00000131759
xenium_prime_5k_human,human,ENSG00000131771
xenium_prime_5k_human,human,ENSG00000131781
xenium_prime_5k_human,human,ENSG00000131828
xenium_prime_5k_human,human,ENSG00000131831
xenium_prime_5k_human,human,ENSG00000131864
xenium_prime_5k_human,human,ENSG00000131910
xenium_prime_5k_human,human,ENSG00000131914
xenium_prime_5k_human,human,ENSG00000131979
xenium_prime_5k_human,human,ENSG00000132005
xenium_prime_5k_human,human,ENSG00000132024
xenium_prime_5k_human,human,ENSG00000132109
xenium_prime_5k_human,human,ENSG00000132153
xenium_prime_5k_human,human,ENSG00000132155
xenium_prime_5k_human,human,ENSG00000132170
xenium_prime_5k_human,human,ENSG00000132185
xenium_prime_5k_human,human,ENSG00000132199
xenium_prime_5k_human,human,ENSG00000132256
xenium_prime_5k_human,human,ENSG00000132294
xenium_prime_5k_human,human,ENSG00000132300
xenium_prime_5k_human,human,ENSG00000132305
xenium_prime_5k_human,human,ENSG00000132326
xenium_prime_5k_human,human,ENSG00000132341
xenium_prime_5k_human,human,ENSG00000132356
xenium_prime_5k_human,human,ENSG00000132382
xenium_prime_5k_human,human,ENSG00000132383
xenium_prime_5k_human,human,ENSG00000132429
xenium_prime_5k_human,human,ENSG00000132434
xenium_prime_5k_human,human,ENSG00000132437
xenium_prime_5k_human,human,ENSG00000132466
xenium_prime_5k_human,human,ENSG00000132470
xenium_prime_5k_human,human,ENSG00000132471
xenium_prime_5k_human,human,ENSG00000132475
xenium_prime_5k_human,human,ENSG00000132481
xenium_prime_5k_human,human,ENSG00000132507
xenium_prime_5k_human,human,ENSG00000132510
xenium_prime_5k_human,human,ENSG00000132514
xenium_prime_5k_human,human,ENSG00000132518
xenium_prime_5k_human,human,ENSG00000132535
xenium_prime_5k_human,human,ENSG00000132541
xenium_prime_5k_human,human,ENSG00000132549
xenium_prime_5k_human,human,ENSG00000132570
xenium_prime_5k_human,human,ENSG00000132589
xenium_prime_5k_human,human,ENSG00000132604
xenium_prime_5k_human,human,ENSG00000132612
xenium_prime_5k_human,human,ENSG00000132639
xenium_prime_5k_human,human,ENSG00000132646
xenium_prime_5k_human,human,ENSG00000132671
xenium_prime_5k_human,human,ENSG00000132676
xenium_prime_5k_human,human,ENSG00000132688
xenium_prime_5k_human,human,ENSG00000132692
xenium_prime_5k_human,human,ENSG00000132704
xenium_prime_5k_human,human,ENSG00000132763
xenium_prime_5k_human,human,ENSG00000132781
xenium_prime_5k_human,human,ENSG00000132819
xenium_prime_5k_human,human,ENSG00000132821
xenium_prime_5k_human,human,ENSG00000132855
xenium_prime_5k_human,human,ENSG00000132906
xenium_prime_5k_human,human,ENSG00000132964
xenium_prime_5k_human,human,ENSG00000132975
xenium_prime_5k_human,human,ENSG00000133019
xenium_prime_5k_human,human,ENSG00000133026
xenium_prime_5k_human,human,ENSG00000133063
xenium_prime_5k_human,human,ENSG00000133067
xenium_prime_5k_human,human,ENSG00000133083
xenium_prime_5k_human,human,ENSG00000133101
xenium_prime_5k_human,human,ENSG00000133104
xenium_prime_5k_human,human,ENSG00000133105
xenium_prime_5k_human,human,ENSG00000133107
xenium_prime_5k_human,human,ENSG00000133110
xenium_prime_5k_human,human,ENSG00000133116
xenium_prime_5k_human,human,ENSG00000133119
xenium_prime_5k_human,human,ENSG00000133124
xenium_prime_5k_human,human,ENSG00000133134
xenium_prime_5k_human,human,ENSG00000133135
xenium_prime_5k_human,human,ENSG00000133138
xenium_prime_5k_human,human,ENSG00000133195
xenium_prime_5k_human,human,ENSG00000133216
xenium_prime_5k_human,human,ENSG00000133265
xenium_prime_5k_human,human,ENSG00000133316
xenium_prime_5k_human,human,ENSG00000133454
xenium_prime_5k_human,human,ENSG00000133466
xenium_prime_5k_human,human,ENSG00000133574
xenium_prime_5k_human,human,ENSG00000133612
xenium_prime_5k_human,human,ENSG00000133636
xenium_prime_5k_human,human,ENSG00000133703
xenium_prime_5k_human,human,ENSG00000133794
xenium_prime_5k_human,human,ENSG00000133816
xenium_prime_5k_human,human,ENSG00000133884
xenium_prime_5k_human,human,ENSG00000133895
xenium_prime_5k_human,human,ENSG00000133935
xenium_prime_5k_human,human,ENSG00000133961
xenium_prime_5k_human,human,ENSG00000134001
xenium_prime_5k_human,human,ENSG00000134013
xenium_prime_5k_human,human,ENSG00000134020
xenium_prime_5k_human,human,ENSG00000134028
xenium_prime_5k_human,human,ENSG00000134057
xenium_prime_5k_human,human,ENSG00000134058
xenium_prime_5k_human,human,ENSG00000134061
xenium_prime_5k_human,human,ENSG00000134070
xenium_prime_5k_human,human,ENSG00000134072
xenium_prime_5k_human,human,ENSG00000134077
xenium_prime_5k_human,human,ENSG00000134086
xenium_prime_5k_human,human,ENSG00000134108
xenium_prime_5k_human,human,ENSG00000134115
xenium_prime_5k_human,human,ENSG00000134138
xenium_prime_5k_human,human,ENSG00000134160
xenium_prime_5k_human,human,ENSG00000134184
xenium_prime_5k_human,human,ENSG00000134202
xenium_prime_5k_human,human,ENSG00000134215
xenium_prime_5k_human,human,ENSG00000134222
xenium_prime_5k_human,human,ENSG00000134242
xenium_prime_5k_human,human,ENSG00000134243
xenium_prime_5k_human,human,ENSG00000134247
xenium_prime_5k_human,human,ENSG00000134250
xenium_prime_5k_human,human,ENSG00000134256
xenium_prime_5k_human,human,ENSG00000134258
xenium_prime_5k_human,human,ENSG00000134259
xenium_prime_5k_human,human,ENSG00000134285
xenium_prime_5k_human,human,ENSG00000134308
xenium_prime_5k_human,human,ENSG00000134318
xenium_prime_5k_human,human,ENSG00000134321
xenium_prime_5k_human,human,ENSG00000134323
xenium_prime_5k_human,human,ENSG00000134324
xenium_prime_5k_human,human,ENSG00000134333
xenium_prime_5k_human,human,ENSG00000134343
xenium_prime_5k_human,human,ENSG00000134352
xenium_prime_5k_human,human,ENSG00000134363
xenium_prime_5k_human,human,ENSG00000134369
xenium_prime_5k_human,human,ENSG00000134371
xenium_prime_5k_human,human,ENSG00000134443
xenium_prime_5k_human,human,ENSG00000134460
xenium_prime_5k_human,human,ENSG00000134470
xenium_prime_5k_human,human,ENSG00000134489
xenium_prime_5k_human,human,ENSG00000134531
xenium_prime_5k_human,human,ENSG00000134532
xenium_prime_5k_human,human,ENSG00000134533
xenium_prime_5k_human,human,ENSG00000134538
xenium_prime_5k_human,human,ENSG00000134539
xenium_prime_5k_human,human,ENSG00000134545
xenium_prime_5k_human,human,ENSG00000134574
xenium_prime_5k_human,human,ENSG00000134590
xenium_prime_5k_human,human,ENSG00000134640
xenium_prime_5k_human,human,ENSG00000134697
xenium_prime_5k_human,human,ENSG00000134716
xenium_prime_5k_human,human,ENSG00000134757
xenium_prime_5k_human,human,ENSG00000134760
xenium_prime_5k_human,human,ENSG00000134769
xenium_prime_5k_human,human,ENSG00000134812
xenium_prime_5k_human,human,ENSG00000134815
xenium_prime_5k_human,human,ENSG00000134817
xenium_prime_5k_human,human,ENSG00000134824
xenium_prime_5k_human,human,ENSG00000134852
xenium_prime_5k_human,human,ENSG00000134853
xenium_prime_5k_human,human,ENSG00000134871
xenium_prime_5k_human,human,ENSG00000134899
xenium_prime_5k_human,human,ENSG00000134901
xenium_prime_5k_human,human,ENSG00000134940
xenium_prime_5k_human,human,ENSG00000134954
xenium_prime_5k_human,human,ENSG00000134982
xenium_prime_5k_human,human,ENSG00000134986
xenium_prime_5k_human,human,ENSG00000135047
xenium_prime_5k_human,human,ENSG00000135048
xenium_prime_5k_human,human,ENSG00000135077
xenium_prime_5k_human,human,ENSG00000135097
xenium_prime_5k_human,human,ENSG00000135100
xenium_prime_5k_human,human,ENSG00000135111
xenium_prime_5k_human,human,ENSG00000135124
xenium_prime_5k_human,human,ENSG00000135144
xenium_prime_5k_human,human,ENSG00000135148
xenium_prime_5k_human,human,ENSG00000135175
xenium_prime_5k_human,human,ENSG00000135218
xenium_prime_5k_human,human,ENSG00000135269
xenium_prime_5k_human,human,ENSG00000135272
xenium_prime_5k_human,human,ENSG00000135299
xenium_prime_5k_human,human,ENSG00000135312
xenium_prime_5k_human,human,ENSG00000135316
xenium_prime_5k_human,human,ENSG00000135318
xenium_prime_5k_human,human,ENSG00000135324
xenium_prime_5k_human,human,ENSG00000135333
xenium_prime_5k_human,human,ENSG00000135341
xenium_prime_5k_human,human,ENSG00000135363
xenium_prime_5k_human,human,ENSG00000135372
xenium_prime_5k_human,human,ENSG00000135373
xenium_prime_5k_human,human,ENSG00000135406
xenium_prime_5k_human,human,ENSG00000135413
xenium_prime_5k_human,human,ENSG00000135414
xenium_prime_5k_human,human,ENSG00000135423
xenium_prime_5k_human,human,ENSG00000135446
xenium_prime_5k_human,human,ENSG00000135452
xenium_prime_5k_human,human,ENSG00000135472
xenium_prime_5k_human,human,ENSG00000135503
xenium_prime_5k_human,human,ENSG00000135519
xenium_prime_5k_human,human,ENSG00000135525
xenium_prime_5k_human,human,ENSG00000135537
xenium_prime_5k_human,human,ENSG00000135597
xenium_prime_5k_human,human,ENSG00000135604
xenium_prime_5k_human,human,ENSG00000135605
xenium_prime_5k_human,human,ENSG00000135624
xenium_prime_5k_human,human,ENSG00000135625
xenium_prime_5k_human,human,ENSG00000135631
xenium_prime_5k_human,human,ENSG00000135677
xenium_prime_5k_human,human,ENSG00000135679
xenium_prime_5k_human,human,ENSG00000135723
xenium_prime_5k_human,human,ENSG00000135750
xenium_prime_5k_human,human,ENSG00000135766
xenium_prime_5k_human,human,ENSG00000135778
xenium_prime_5k_human,human,ENSG00000135828
xenium_prime_5k_human,human,ENSG00000135829
xenium_prime_5k_human,human,ENSG00000135842
xenium_prime_5k_human,human,ENSG00000135862
xenium_prime_5k_human,human,ENSG00000135870
xenium_prime_5k_human,human,ENSG00000135898
xenium_prime_5k_human,human,ENSG00000135899
xenium_prime_5k_human,human,ENSG00000135903
xenium_prime_5k_human,human,ENSG00000135914
xenium_prime_5k_human,human,ENSG00000135924
xenium_prime_5k_human,human,ENSG00000135929
xenium_prime_5k_human,human,ENSG00000136026
xenium_prime_5k_human,human,ENSG00000136040
xenium_prime_5k_human,human,ENSG00000136045
xenium_prime_5k_human,human,ENSG00000136048
xenium_prime_5k_human,human,ENSG00000136051
xenium_prime_5k_human,human,ENSG00000136068
xenium_prime_5k_human,human,ENSG00000136098
xenium_prime_5k_human,human,ENSG00000136099
xenium_prime_5k_human,human,ENSG00000136104
xenium_prime_5k_human,human,ENSG00000136108
xenium_prime_5k_human,human,ENSG00000136110
xenium_prime_5k_human,human,ENSG00000136141
xenium_prime_5k_human,human,ENSG00000136158
xenium_prime_5k_human,human,ENSG00000136160
xenium_prime_5k_human,human,ENSG00000136193
xenium_prime_5k_human,human,ENSG00000136231
xenium_prime_5k_human,human,ENSG00000136237
xenium_prime_5k_human,human,ENSG00000136238
xenium_prime_5k_human,human,ENSG00000136244
xenium_prime_5k_human,human,ENSG00000136250
xenium_prime_5k_human,human,ENSG00000136270
xenium_prime_5k_human,human,ENSG00000136327
xenium_prime_5k_human,human,ENSG00000136352
xenium_prime_5k_human,human,ENSG00000136383
xenium_prime_5k_human,human,ENSG00000136450
xenium_prime_5k_human,human,ENSG00000136457
xenium_prime_5k_human,human,ENSG00000136492
xenium_prime_5k_human,human,ENSG00000136518
xenium_prime_5k_human,human,ENSG00000136535
xenium_prime_5k_human,human,ENSG00000136546
xenium_prime_5k_human,human,ENSG00000136573
xenium_prime_5k_human,human,ENSG00000136574
xenium_prime_5k_human,human,ENSG00000136628
xenium_prime_5k_human,human,ENSG00000136630
xenium_prime_5k_human,human,ENSG00000136634
xenium_prime_5k_human,human,ENSG00000136682
xenium_prime_5k_human,human,ENSG00000136688
xenium_prime_5k_human,human,ENSG00000136689
xenium_prime_5k_human,human,ENSG00000136697
xenium_prime_5k_human,human,ENSG00000136698
xenium_prime_5k_human,human,ENSG00000136750
xenium_prime_5k_human,human,ENSG00000136783
xenium_prime_5k_human,human,ENSG00000136807
xenium_prime_5k_human,human,ENSG00000136813
xenium_prime_5k_human,human,ENSG00000136826
xenium_prime_5k_human,human,ENSG00000136827
xenium_prime_5k_human,human,ENSG00000136828
xenium_prime_5k_human,human,ENSG00000136859
xenium_prime_5k_human,human,ENSG00000136869
xenium_prime_5k_human,human,ENSG00000136881
xenium_prime_5k_human,human,ENSG00000136928
xenium_prime_5k_human,human,ENSG00000136931
xenium_prime_5k_human,human,ENSG00000136936
xenium_prime_5k_human,human,ENSG00000136937
xenium_prime_5k_human,human,ENSG00000136944
xenium_prime_5k_human,human,ENSG00000136960
xenium_prime_5k_human,human,ENSG00000136997
xenium_prime_5k_human,human,ENSG00000136999
xenium_prime_5k_human,human,ENSG00000137033
xenium_prime_5k_human,human,ENSG00000137070
xenium_prime_5k_human,human,ENSG00000137073
xenium_prime_5k_human,human,ENSG00000137074
xenium_prime_5k_human,human,ENSG00000137075
xenium_prime_5k_human,human,ENSG00000137094
xenium_prime_5k_human,human,ENSG00000137098
xenium_prime_5k_human,human,ENSG00000137101
xenium_prime_5k_human,human,ENSG00000137124
xenium_prime_5k_human,human,ENSG00000137166
xenium_prime_5k_human,human,ENSG00000137193
xenium_prime_5k_human,human,ENSG00000137203
xenium_prime_5k_human,human,ENSG00000137251
xenium_prime_5k_human,human,ENSG00000137252
xenium_prime_5k_human,human,ENSG00000137265
xenium_prime_5k_human,human,ENSG00000137267
xenium_prime_5k_human,human,ENSG00000137270
xenium_prime_5k_human,human,ENSG00000137275
xenium_prime_5k_human,human,ENSG00000137285
xenium_prime_5k_human,human,ENSG00000137309
xenium_prime_5k_human,human,ENSG00000137337
xenium_prime_5k_human,human,ENSG00000137338
xenium_prime_5k_human,human,ENSG00000137364
xenium_prime_5k_human,human,ENSG00000137441
xenium_prime_5k_human,human,ENSG00000137449
xenium_prime_5k_human,human,ENSG00000137462
xenium_prime_5k_human,human,ENSG00000137486
xenium_prime_5k_human,human,ENSG00000137491
xenium_prime_5k_human,human,ENSG00000137496
xenium_prime_5k_human,human,ENSG00000137497
xenium_prime_5k_human,human,ENSG00000137501
xenium_prime_5k_human,human,ENSG00000137507
xenium_prime_5k_human,human,ENSG00000137509
xenium_prime_5k_human,human,ENSG00000137522
xenium_prime_5k_human,human,ENSG00000137561
xenium_prime_5k_human,human,ENSG00000137573
xenium_prime_5k_human,human,ENSG00000137601
xenium_prime_5k_human,human,ENSG00000137642
xenium_prime_5k_human,human,ENSG00000137672
xenium_prime_5k_human,human,ENSG00000137693
xenium_prime_5k_human,human,ENSG00000137700
xenium_prime_5k_human,human,ENSG00000137709
xenium_prime_5k_human,human,ENSG00000137714
xenium_prime_5k_human,human,ENSG00000137745
xenium_prime_5k_human,human,ENSG00000137747
xenium_prime_5k_human,human,ENSG00000137752
xenium_prime_5k_human,human,ENSG00000137764
xenium_prime_5k_human,human,ENSG00000137801
xenium_prime_5k_human,human,ENSG00000137804
xenium_prime_5k_human,human,ENSG00000137825
xenium_prime_5k_human,human,ENSG00000137845
xenium_prime_5k_human,human,ENSG00000137869
xenium_prime_5k_human,human,ENSG00000137936
xenium_prime_5k_human,human,ENSG00000137948
xenium_prime_5k_human,human,ENSG00000137959
xenium_prime_5k_human,human,ENSG00000137960
xenium_prime_5k_human,human,ENSG00000138029
xenium_prime_5k_human,human,ENSG00000138030
xenium_prime_5k_human,human,ENSG00000138035
xenium_prime_5k_human,human,ENSG00000138039
xenium_prime_5k_human,human,ENSG00000138061
xenium_prime_5k_human,human,ENSG00000138078
xenium_prime_5k_human,human,ENSG00000138079
xenium_prime_5k_human,human,ENSG00000138095
xenium_prime_5k_human,human,ENSG00000138109
xenium_prime_5k_human,human,ENSG00000138115
xenium_prime_5k_human,human,ENSG00000138119
xenium_prime_5k_human,human,ENSG00000138135
xenium_prime_5k_human,human,ENSG00000138136
xenium_prime_5k_human,human,ENSG00000138160
xenium_prime_5k_human,human,ENSG00000138161
xenium_prime_5k_human,human,ENSG00000138162
xenium_prime_5k_human,human,ENSG00000138166
xenium_prime_5k_human,human,ENSG00000138180
xenium_prime_5k_human,human,ENSG00000138185
xenium_prime_5k_human,human,ENSG00000138193
xenium_prime_5k_human,human,ENSG00000138231
xenium_prime_5k_human,human,ENSG00000138315
xenium_prime_5k_human,human,ENSG00000138336
xenium_prime_5k_human,human,ENSG00000138356
xenium_prime_5k_human,human,ENSG00000138363
xenium_prime_5k_human,human,ENSG00000138375
xenium_prime_5k_human,human,ENSG00000138376
xenium_prime_5k_human,human,ENSG00000138378
xenium_prime_5k_human,human,ENSG00000138379
xenium_prime_5k_human,human,ENSG00000138380
xenium_prime_5k_human,human,ENSG00000138385
xenium_prime_5k_human,human,ENSG00000138413
xenium_prime_5k_human,human,ENSG00000138434
xenium_prime_5k_human,human,ENSG00000138439
xenium_prime_5k_human,human,ENSG00000138442
xenium_prime_5k_human,human,ENSG00000138448
xenium_prime_5k_human,human,ENSG00000138449
xenium_prime_5k_human,human,ENSG00000138587
xenium_prime_5k_human,human,ENSG00000138593
xenium_prime_5k_human,human,ENSG00000138600
xenium_prime_5k_human,human,ENSG00000138613
xenium_prime_5k_human,human,ENSG00000138622
xenium_prime_5k_human,human,ENSG00000138623
xenium_prime_5k_human,human,ENSG00000138642
xenium_prime_5k_human,human,ENSG00000138650
xenium_prime_5k_human,human,ENSG00000138653
xenium_prime_5k_human,human,ENSG00000138658
xenium_prime_5k_human,human,ENSG00000138668
xenium_prime_5k_human,human,ENSG00000138684
xenium_prime_5k_human,human,ENSG00000138685
xenium_prime_5k_human,human,ENSG00000138696
xenium_prime_5k_human,human,ENSG00000138735
xenium_prime_5k_human,human,ENSG00000138741
xenium_prime_5k_human,human,ENSG00000138744
xenium_prime_5k_human,human,ENSG00000138755
xenium_prime_5k_human,human,ENSG00000138756
xenium_prime_5k_human,human,ENSG00000138759
xenium_prime_5k_human,human,ENSG00000138772
xenium_prime_5k_human,human,ENSG00000138792
xenium_prime_5k_human,human,ENSG00000138794
xenium_prime_5k_human,human,ENSG00000138795
xenium_prime_5k_human,human,ENSG00000138798
xenium_prime_5k_human,human,ENSG00000138801
xenium_prime_5k_human,human,ENSG00000138814
xenium_prime_5k_human,human,ENSG00000138821
xenium_prime_5k_human,human,ENSG00000138834
xenium_prime_5k_human,human,ENSG00000139053
xenium_prime_5k_human,human,ENSG00000139055
xenium_prime_5k_human,human,ENSG00000139083
xenium_prime_5k_human,human,ENSG00000139146
xenium_prime_5k_human,human,ENSG00000139155
xenium_prime_5k_human,human,ENSG00000139174
xenium_prime_5k_human,human,ENSG00000139178
xenium_prime_5k_human,human,ENSG00000139182
xenium_prime_5k_human,human,ENSG00000139187
xenium_prime_5k_human,human,ENSG00000139193
xenium_prime_5k_human,human,ENSG00000139219
xenium_prime_5k_human,human,ENSG00000139287
xenium_prime_5k_human,human,ENSG00000139292
xenium_prime_5k_human,human,ENSG00000139304
xenium_prime_5k_human,human,ENSG00000139318
xenium_prime_5k_human,human,ENSG00000139324
xenium_prime_5k_human,human,ENSG00000139352
xenium_prime_5k_human,human,ENSG00000139405
xenium_prime_5k_human,human,ENSG00000139515
xenium_prime_5k_human,human,ENSG00000139567
xenium_prime_5k_human,human,ENSG00000139618
xenium_prime_5k_human,human,ENSG00000139626
xenium_prime_5k_human,human,ENSG00000139636
xenium_prime_5k_human,human,ENSG00000139675
xenium_prime_5k_human,human,ENSG00000139679
xenium_prime_5k_human,human,ENSG00000139687
xenium_prime_5k_human,human,ENSG00000139697
xenium_prime_5k_human,human,ENSG00000139722
xenium_prime_5k_human,human,ENSG00000139842
xenium_prime_5k_human,human,ENSG00000139874
xenium_prime_5k_human,human,ENSG00000139899
xenium_prime_5k_human,human,ENSG00000139921
xenium_prime_5k_human,human,ENSG00000139926
xenium_prime_5k_human,human,ENSG00000139970
xenium_prime_5k_human,human,ENSG00000139973
xenium_prime_5k_human,human,ENSG00000140009
xenium_prime_5k_human,human,ENSG00000140015
xenium_prime_5k_human,human,ENSG00000140044
xenium_prime_5k_human,human,ENSG00000140090
xenium_prime_5k_human,human,ENSG00000140092
xenium_prime_5k_human,human,ENSG00000140105
xenium_prime_5k_human,human,ENSG00000140199
xenium_prime_5k_human,human,ENSG00000140254
xenium_prime_5k_human,human,ENSG00000140263
xenium_prime_5k_human,human,ENSG00000140274
xenium_prime_5k_human,human,ENSG00000140279
xenium_prime_5k_human,human,ENSG00000140285
xenium_prime_5k_human,human,ENSG00000140287
xenium_prime_5k_human,human,ENSG00000140326
xenium_prime_5k_human,human,ENSG00000140379
xenium_prime_5k_human,human,ENSG00000140386
xenium_prime_5k_human,human,ENSG00000140391
xenium_prime_5k_human,human,ENSG00000140396
xenium_prime_5k_human,human,ENSG00000140443
xenium_prime_5k_human,human,ENSG00000140459
xenium_prime_5k_human,human,ENSG00000140464
xenium_prime_5k_human,human,ENSG00000140465
xenium_prime_5k_human,human,ENSG00000140471
xenium_prime_5k_human,human,ENSG00000140481
xenium_prime_5k_human,human,ENSG00000140505
xenium_prime_5k_human,human,ENSG00000140525
xenium_prime_5k_human,human,ENSG00000140534
xenium_prime_5k_human,human,ENSG00000140545
xenium_prime_5k_human,human,ENSG00000140553
xenium_prime_5k_human,human,ENSG00000140563
xenium_prime_5k_human,human,ENSG00000140564
xenium_prime_5k_human,human,ENSG00000140575
xenium_prime_5k_human,human,ENSG00000140632
xenium_prime_5k_human,human,ENSG00000140650
xenium_prime_5k_human,human,ENSG00000140675
xenium_prime_5k_human,human,ENSG00000140678
xenium_prime_5k_human,human,ENSG00000140682
xenium_prime_5k_human,human,ENSG00000140691
xenium_prime_5k_human,human,ENSG00000140718
xenium_prime_5k_human,human,ENSG00000140795
xenium_prime_5k_human,human,ENSG00000140798
xenium_prime_5k_human,human,ENSG00000140836
xenium_prime_5k_human,human,ENSG00000140853
xenium_prime_5k_human,human,ENSG00000140937
xenium_prime_5k_human,human,ENSG00000140941
xenium_prime_5k_human,human,ENSG00000140945
xenium_prime_5k_human,human,ENSG00000140961
xenium_prime_5k_human,human,ENSG00000140968
xenium_prime_5k_human,human,ENSG00000140992
xenium_prime_5k_human,human,ENSG00000141012
xenium_prime_5k_human,human,ENSG00000141027
xenium_prime_5k_human,human,ENSG00000141086
xenium_prime_5k_human,human,ENSG00000141255
xenium_prime_5k_human,human,ENSG00000141367
xenium_prime_5k_human,human,ENSG00000141376
xenium_prime_5k_human,human,ENSG00000141380
xenium_prime_5k_human,human,ENSG00000141433
xenium_prime_5k_human,human,ENSG00000141448
xenium_prime_5k_human,human,ENSG00000141449
xenium_prime_5k_human,human,ENSG00000141456
xenium_prime_5k_human,human,ENSG00000141458
xenium_prime_5k_human,human,ENSG00000141480
xenium_prime_5k_human,human,ENSG00000141504
xenium_prime_5k_human,human,ENSG00000141510
xenium_prime_5k_human,human,ENSG00000141527
xenium_prime_5k_human,human,ENSG00000141543
xenium_prime_5k_human,human,ENSG00000141560
xenium_prime_5k_human,human,ENSG00000141564
xenium_prime_5k_human,human,ENSG00000141569
xenium_prime_5k_human,human,ENSG00000141642
xenium_prime_5k_human,human,ENSG00000141646
xenium_prime_5k_human,human,ENSG00000141655
xenium_prime_5k_human,human,ENSG00000141664
xenium_prime_5k_human,human,ENSG00000141682
xenium_prime_5k_human,human,ENSG00000141699
xenium_prime_5k_human,human,ENSG00000141736
xenium_prime_5k_human,human,ENSG00000141741
xenium_prime_5k_human,human,ENSG00000141867
xenium_prime_5k_human,human,ENSG00000141956
xenium_prime_5k_human,human,ENSG00000141968
xenium_prime_5k_human,human,ENSG00000142082
xenium_prime_5k_human,human,ENSG00000142166
xenium_prime_5k_human,human,ENSG00000142168
xenium_prime_5k_human,human,ENSG00000142185
xenium_prime_5k_human,human,ENSG00000142192
xenium_prime_5k_human,human,ENSG00000142207
xenium_prime_5k_human,human,ENSG00000142208
xenium_prime_5k_human,human,ENSG00000142224
xenium_prime_5k_human,human,ENSG00000142319
xenium_prime_5k_human,human,ENSG00000142347
xenium_prime_5k_human,human,ENSG00000142444
xenium_prime_5k_human,human,ENSG00000142453
xenium_prime_5k_human,human,ENSG00000142484
xenium_prime_5k_human,human,ENSG00000142606
xenium_prime_5k_human,human,ENSG00000142621
xenium_prime_5k_human,human,ENSG00000142627
xenium_prime_5k_human,human,ENSG00000142657
xenium_prime_5k_human,human,ENSG00000142677
xenium_prime_5k_human,human,ENSG00000142731
xenium_prime_5k_human,human,ENSG00000142751
xenium_prime_5k_human,human,ENSG00000142794
xenium_prime_5k_human,human,ENSG00000142798
xenium_prime_5k_human,human,ENSG00000142867
xenium_prime_5k_human,human,ENSG00000142871
xenium_prime_5k_human,human,ENSG00000142875
xenium_prime_5k_human,human,ENSG00000142910
xenium_prime_5k_human,human,ENSG00000142945
xenium_prime_5k_human,human,ENSG00000142949
xenium_prime_5k_human,human,ENSG00000143032
xenium_prime_5k_human,human,ENSG00000143061
xenium_prime_5k_human,human,ENSG00000143079
xenium_prime_5k_human,human,ENSG00000143093
xenium_prime_5k_human,human,ENSG00000143126
xenium_prime_5k_human,human,ENSG00000143162
xenium_prime_5k_human,human,ENSG00000143178
xenium_prime_5k_human,human,ENSG00000143185
xenium_prime_5k_human,human,ENSG00000143190
xenium_prime_5k_human,human,ENSG00000143195
xenium_prime_5k_human,human,ENSG00000143196
xenium_prime_5k_human,human,ENSG00000143222
xenium_prime_5k_human,human,ENSG00000143226
xenium_prime_5k_human,human,ENSG00000143248
xenium_prime_5k_human,human,ENSG00000143257
xenium_prime_5k_human,human,ENSG00000143297
xenium_prime_5k_human,human,ENSG00000143322
xenium_prime_5k_human,human,ENSG00000143324
xenium_prime_5k_human,human,ENSG00000143341
xenium_prime_5k_human,human,ENSG00000143365
xenium_prime_5k_human,human,ENSG00000143368
xenium_prime_5k_human,human,ENSG00000143373
xenium_prime_5k_human,human,ENSG00000143376
xenium_prime_5k_human,human,ENSG00000143379
xenium_prime_5k_human,human,ENSG00000143387
xenium_prime_5k_human,human,ENSG00000143390
xenium_prime_5k_human,human,ENSG00000143401
xenium_prime_5k_human,human,ENSG00000143409
xenium_prime_5k_human,human,ENSG00000143416
xenium_prime_5k_human,human,ENSG00000143437
xenium_prime_5k_human,human,ENSG00000143442
xenium_prime_5k_human,human,ENSG00000143473
xenium_prime_5k_human,human,ENSG00000143514
xenium_prime_5k_human,human,ENSG00000143536
xenium_prime_5k_human,human,ENSG00000143569
xenium_prime_5k_human,human,ENSG00000143575
xenium_prime_5k_human,human,ENSG00000143603
xenium_prime_5k_human,human,ENSG00000143630
xenium_prime_5k_human,human,ENSG00000143702
xenium_prime_5k_human,human,ENSG00000143740
xenium_prime_5k_human,human,ENSG00000143748
xenium_prime_5k_human,human,ENSG00000143761
xenium_prime_5k_human,human,ENSG00000143771
xenium_prime_5k_human,human,ENSG00000143799
xenium_prime_5k_human,human,ENSG00000143801
xenium_prime_5k_human,human,ENSG00000143819
xenium_prime_5k_human,human,ENSG00000143839
xenium_prime_5k_human,human,ENSG00000143847
xenium_prime_5k_human,human,ENSG00000143869
xenium_prime_5k_human,human,ENSG00000143889
xenium_prime_5k_human,human,ENSG00000143995
xenium_prime_5k_human,human,ENSG00000144028
xenium_prime_5k_human,human,ENSG00000144063
xenium_prime_5k_human,human,ENSG00000144227
xenium_prime_5k_human,human,ENSG00000144230
xenium_prime_5k_human,human,ENSG00000144339
xenium_prime_5k_human,human,ENSG00000144357
xenium_prime_5k_human,human,ENSG00000144381
xenium_prime_5k_human,human,ENSG00000144407
xenium_prime_5k_human,human,ENSG00000144468
xenium_prime_5k_human,human,ENSG00000144476
xenium_prime_5k_human,human,ENSG00000144481
xenium_prime_5k_human,human,ENSG00000144485
xenium_prime_5k_human,human,ENSG00000144535
xenium_prime_5k_human,human,ENSG00000144550
xenium_prime_5k_human,human,ENSG00000144554
xenium_prime_5k_human,human,ENSG00000144566
xenium_prime_5k_human,human,ENSG00000144642
xenium_prime_5k_human,human,ENSG00000144677
xenium_prime_5k_human,human,ENSG00000144711
xenium_prime_5k_human,human,ENSG00000144724
xenium_prime_5k_human,human,ENSG00000144771
xenium_prime_5k_human,human,ENSG00000144824
xenium_prime_5k_human,human,ENSG00000144840
xenium_prime_5k_human,human,ENSG00000144852
xenium_prime_5k_human,human,ENSG00000144891
xenium_prime_5k_human,human,ENSG00000144893
xenium_prime_5k_human,human,ENSG00000144935
xenium_prime_5k_human,human,ENSG00000144959
xenium_prime_5k_human,human,ENSG00000144962
xenium_prime_5k_human,human,ENSG00000145016
xenium_prime_5k_human,human,ENSG00000145041
xenium_prime_5k_human,human,ENSG00000145113
xenium_prime_5k_human,human,ENSG00000145147
xenium_prime_5k_human,human,ENSG00000145192
xenium_prime_5k_human,human,ENSG00000145216
xenium_prime_5k_human,human,ENSG00000145220
xenium_prime_5k_human,human,ENSG00000145244
xenium_prime_5k_human,human,ENSG00000145246
xenium_prime_5k_human,human,ENSG00000145332
xenium_prime_5k_human,human,ENSG00000145335
xenium_prime_5k_human,human,ENSG00000145348
xenium_prime_5k_human,human,ENSG00000145349
xenium_prime_5k_human,human,ENSG00000145354
xenium_prime_5k_human,human,ENSG00000145358
xenium_prime_5k_human,human,ENSG00000145375
xenium_prime_5k_human,human,ENSG00000145384
xenium_prime_5k_human,human,ENSG00000145386
xenium_prime_5k_human,human,ENSG00000145390
xenium_prime_5k_human,human,ENSG00000145431
xenium_prime_5k_human,human,ENSG00000145451
xenium_prime_5k_human,human,ENSG00000145545
xenium_prime_5k_human,human,ENSG00000145604
xenium_prime_5k_human,human,ENSG00000145649
xenium_prime_5k_human,human,ENSG00000145675
xenium_prime_5k_human,human,ENSG00000145692
xenium_prime_5k_human,human,ENSG00000145703
xenium_prime_5k_human,human,ENSG00000145715
xenium_prime_5k_human,human,ENSG00000145730
xenium_prime_5k_human,human,ENSG00000145777
xenium_prime_5k_human,human,ENSG00000145779
xenium_prime_5k_human,human,ENSG00000145794
xenium_prime_5k_human,human,ENSG00000145808
xenium_prime_5k_human,human,ENSG00000145817
xenium_prime_5k_human,human,ENSG00000145839
xenium_prime_5k_human,human,ENSG00000145850
xenium_prime_5k_human,human,ENSG00000145863
xenium_prime_5k_human,human,ENSG00000145864
xenium_prime_5k_human,human,ENSG00000145879
xenium_prime_5k_human,human,ENSG00000145888
xenium_prime_5k_human,human,ENSG00000145901
xenium_prime_5k_human,human,ENSG00000145936
xenium_prime_5k_human,human,ENSG00000145996
xenium_prime_5k_human,human,ENSG00000146070
xenium_prime_5k_human,human,ENSG00000146072
xenium_prime_5k_human,human,ENSG00000146090
xenium_prime_5k_human,human,ENSG00000146242
xenium_prime_5k_human,human,ENSG00000146281
xenium_prime_5k_human,human,ENSG00000146374
xenium_prime_5k_human,human,ENSG00000146426
xenium_prime_5k_human,human,ENSG00000146469
xenium_prime_5k_human,human,ENSG00000146592
xenium_prime_5k_human,human,ENSG00000146648
xenium_prime_5k_human,human,ENSG00000146676
xenium_prime_5k_human,human,ENSG00000146678
xenium_prime_5k_human,human,ENSG00000146731
xenium_prime_5k_human,human,ENSG00000146830
xenium_prime_5k_human,human,ENSG00000146834
xenium_prime_5k_human,human,ENSG00000146839
xenium_prime_5k_human,human,ENSG00000146842
xenium_prime_5k_human,human,ENSG00000146858
xenium_prime_5k_human,human,ENSG00000146872
xenium_prime_5k_human,human,ENSG00000146904
xenium_prime_5k_human,human,ENSG00000146909
xenium_prime_5k_human,human,ENSG00000147044
xenium_prime_5k_human,human,ENSG00000147050
xenium_prime_5k_human,human,ENSG00000147059
xenium_prime_5k_human,human,ENSG00000147065
xenium_prime_5k_human,human,ENSG00000147081
xenium_prime_5k_human,human,ENSG00000147082
xenium_prime_5k_human,human,ENSG00000147099
xenium_prime_5k_human,human,ENSG00000147130
xenium_prime_5k_human,human,ENSG00000147133
xenium_prime_5k_human,human,ENSG00000147138
xenium_prime_5k_human,human,ENSG00000147140
xenium_prime_5k_human,human,ENSG00000147155
xenium_prime_5k_human,human,ENSG00000147162
xenium_prime_5k_human,human,ENSG00000147166
xenium_prime_5k_human,human,ENSG00000147168
xenium_prime_5k_human,human,ENSG00000147206
xenium_prime_5k_human,human,ENSG00000147224
xenium_prime_5k_human,human,ENSG00000147246
xenium_prime_5k_human,human,ENSG00000147255
xenium_prime_5k_human,human,ENSG00000147256
xenium_prime_5k_human,human,ENSG00000147274
xenium_prime_5k_human,human,ENSG00000147316
xenium_prime_5k_human,human,ENSG00000147364
xenium_prime_5k_human,human,ENSG00000147381
xenium_prime_5k_human,human,ENSG00000147432
xenium_prime_5k_human,human,ENSG00000147434
xenium_prime_5k_human,human,ENSG00000147437
xenium_prime_5k_human,human,ENSG00000147465
xenium_prime_5k_human,human,ENSG00000147475
xenium_prime_5k_human,human,ENSG00000147571
xenium_prime_5k_human,human,ENSG00000147573
xenium_prime_5k_human,human,ENSG00000147601
xenium_prime_5k_human,human,ENSG00000147655
xenium_prime_5k_human,human,ENSG00000147676
xenium_prime_5k_human,human,ENSG00000147679
xenium_prime_5k_human,human,ENSG00000147697
xenium_prime_5k_human,human,ENSG00000147852
xenium_prime_5k_human,human,ENSG00000147872
xenium_prime_5k_human,human,ENSG00000147883
xenium_prime_5k_human,human,ENSG00000147889
xenium_prime_5k_human,human,ENSG00000147955
xenium_prime_5k_human,human,ENSG00000148053
xenium_prime_5k_human,human,ENSG00000148158
xenium_prime_5k_human,human,ENSG00000148200
xenium_prime_5k_human,human,ENSG00000148204
xenium_prime_5k_human,human,ENSG00000148218
xenium_prime_5k_human,human,ENSG00000148219
xenium_prime_5k_human,human,ENSG00000148296
xenium_prime_5k_human,human,ENSG00000148335
xenium_prime_5k_human,human,ENSG00000148341
xenium_prime_5k_human,human,ENSG00000148344
xenium_prime_5k_human,human,ENSG00000148396
xenium_prime_5k_human,human,ENSG00000148400
xenium_prime_5k_human,human,ENSG00000148408
xenium_prime_5k_human,human,ENSG00000148411
xenium_prime_5k_human,human,ENSG00000148498
xenium_prime_5k_human,human,ENSG00000148513
xenium_prime_5k_human,human,ENSG00000148516
xenium_prime_5k_human,human,ENSG00000148600
xenium_prime_5k_human,human,ENSG00000148660
xenium_prime_5k_human,human,ENSG00000148672
xenium_prime_5k_human,human,ENSG00000148680
xenium_prime_5k_human,human,ENSG00000148690
xenium_prime_5k_human,human,ENSG00000148702
xenium_prime_5k_human,human,ENSG00000148704
xenium_prime_5k_human,human,ENSG00000148719
xenium_prime_5k_human,human,ENSG00000148730
xenium_prime_5k_human,human,ENSG00000148737
xenium_prime_5k_human,human,ENSG00000148773
xenium_prime_5k_human,human,ENSG00000148795
xenium_prime_5k_human,human,ENSG00000148798
xenium_prime_5k_human,human,ENSG00000148834
xenium_prime_5k_human,human,ENSG00000148848
xenium_prime_5k_human,human,ENSG00000148926
xenium_prime_5k_human,human,ENSG00000148965
xenium_prime_5k_human,human,ENSG00000148985
xenium_prime_5k_human,human,ENSG00000149136
xenium_prime_5k_human,human,ENSG00000149177
xenium_prime_5k_human,human,ENSG00000149212
xenium_prime_5k_human,human,ENSG00000149257
xenium_prime_5k_human,human,ENSG00000149269
xenium_prime_5k_human,human,ENSG00000149292
xenium_prime_5k_human,human,ENSG00000149294
xenium_prime_5k_human,human,ENSG00000149295
xenium_prime_5k_human,human,ENSG00000149308
xenium_prime_5k_human,human,ENSG00000149311
xenium_prime_5k_human,human,ENSG00000149380
xenium_prime_5k_human,human,ENSG00000149403
xenium_prime_5k_human,human,ENSG00000149418
xenium_prime_5k_human,human,ENSG00000149428
xenium_prime_5k_human,human,ENSG00000149451
xenium_prime_5k_human,human,ENSG00000149452
xenium_prime_5k_human,human,ENSG00000149480
xenium_prime_5k_human,human,ENSG00000149485
xenium_prime_5k_human,human,ENSG00000149534
xenium_prime_5k_human,human,ENSG00000149554
xenium_prime_5k_human,human,ENSG00000149557
xenium_prime_5k_human,human,ENSG00000149596
xenium_prime_5k_human,human,ENSG00000149654
xenium_prime_5k_human,human,ENSG00000149658
xenium_prime_5k_human,human,ENSG00000149742
xenium_prime_5k_human,human,ENSG00000149781
xenium_prime_5k_human,human,ENSG00000149925
xenium_prime_5k_human,human,ENSG00000149927
xenium_prime_5k_human,human,ENSG00000149948
xenium_prime_5k_human,human,ENSG00000150045
xenium_prime_5k_human,human,ENSG00000150051
xenium_prime_5k_human,human,ENSG00000150054
xenium_prime_5k_human,human,ENSG00000150337
xenium_prime_5k_human,human,ENSG00000150361
xenium_prime_5k_human,human,ENSG00000150455
xenium_prime_5k_human,human,ENSG00000150457
xenium_prime_5k_human,human,ENSG00000150540
xenium_prime_5k_human,human,ENSG00000150593
xenium_prime_5k_human,human,ENSG00000150594
xenium_prime_5k_human,human,ENSG00000150628
xenium_prime_5k_human,human,ENSG00000150630
xenium_prime_5k_human,human,ENSG00000150636
xenium_prime_5k_human,human,ENSG00000150637
xenium_prime_5k_human,human,ENSG00000150656
xenium_prime_5k_human,human,ENSG00000150667
xenium_prime_5k_human,human,ENSG00000150722
xenium_prime_5k_human,human,ENSG00000150753
xenium_prime_5k_human,human,ENSG00000150756
xenium_prime_5k_human,human,ENSG00000150776
xenium_prime_5k_human,human,ENSG00000150782
xenium_prime_5k_human,human,ENSG00000150867
xenium_prime_5k_human,human,ENSG00000150893
xenium_prime_5k_human,human,ENSG00000150907
xenium_prime_5k_human,human,ENSG00000150977
xenium_prime_5k_human,human,ENSG00000150995
xenium_prime_5k_human,human,ENSG00000151012
xenium_prime_5k_human,human,ENSG00000151023
xenium_prime_5k_human,human,ENSG00000151025
xenium_prime_5k_human,human,ENSG00000151067
xenium_prime_5k_human,human,ENSG00000151090
xenium_prime_5k_human,human,ENSG00000151093
xenium_prime_5k_human,human,ENSG00000151116
xenium_prime_5k_human,human,ENSG00000151224
xenium_prime_5k_human,human,ENSG00000151247
xenium_prime_5k_human,human,ENSG00000151276
xenium_prime_5k_human,human,ENSG00000151287
xenium_prime_5k_human,human,ENSG00000151304
xenium_prime_5k_human,human,ENSG00000151338
xenium_prime_5k_human,human,ENSG00000151388
xenium_prime_5k_human,human,ENSG00000151422
xenium_prime_5k_human,human,ENSG00000151465
xenium_prime_5k_human,human,ENSG00000151475
xenium_prime_5k_human,human,ENSG00000151500
xenium_prime_5k_human,human,ENSG00000151577
xenium_prime_5k_human,human,ENSG00000151612
xenium_prime_5k_human,human,ENSG00000151617
xenium_prime_5k_human,human,ENSG00000151623
xenium_prime_5k_human,human,ENSG00000151651
xenium_prime_5k_human,human,ENSG00000151665
xenium_prime_5k_human,human,ENSG00000151694
xenium_prime_5k_human,human,ENSG00000151702
xenium_prime_5k_human,human,ENSG00000151704
xenium_prime_5k_human,human,ENSG00000151715
xenium_prime_5k_human,human,ENSG00000151729
xenium_prime_5k_human,human,ENSG00000151790
xenium_prime_5k_human,human,ENSG00000151834
xenium_prime_5k_human,human,ENSG00000151835
xenium_prime_5k_human,human,ENSG00000151882
xenium_prime_5k_human,human,ENSG00000151893
xenium_prime_5k_human,human,ENSG00000151914
xenium_prime_5k_human,human,ENSG00000151929
xenium_prime_5k_human,human,ENSG00000152034
xenium_prime_5k_human,human,ENSG00000152056
xenium_prime_5k_human,human,ENSG00000152133
xenium_prime_5k_human,human,ENSG00000152137
xenium_prime_5k_human,human,ENSG00000152207
xenium_prime_5k_human,human,ENSG00000152223
xenium_prime_5k_human,human,ENSG00000152229
xenium_prime_5k_human,human,ENSG00000152234
xenium_prime_5k_human,human,ENSG00000152256
xenium_prime_5k_human,human,ENSG00000152266
xenium_prime_5k_human,human,ENSG00000152315
xenium_prime_5k_human,human,ENSG00000152348
xenium_prime_5k_human,human,ENSG00000152377
xenium_prime_5k_human,human,ENSG00000152402
xenium_prime_5k_human,human,ENSG00000152422
xenium_prime_5k_human,human,ENSG00000152430
xenium_prime_5k_human,human,ENSG00000152467
xenium_prime_5k_human,human,ENSG00000152492
xenium_prime_5k_human,human,ENSG00000152527
xenium_prime_5k_human,human,ENSG00000152558
xenium_prime_5k_human,human,ENSG00000152601
xenium_prime_5k_human,human,ENSG00000152661
xenium_prime_5k_human,human,ENSG00000152669
xenium_prime_5k_human,human,ENSG00000152684
xenium_prime_5k_human,human,ENSG00000152804
xenium_prime_5k_human,human,ENSG00000152818
xenium_prime_5k_human,human,ENSG00000152822
xenium_prime_5k_human,human,ENSG00000152910
xenium_prime_5k_human,human,ENSG00000152931
xenium_prime_5k_human,human,ENSG00000152954
xenium_prime_5k_human,human,ENSG00000152990
xenium_prime_5k_human,human,ENSG00000153029
xenium_prime_5k_human,human,ENSG00000153064
xenium_prime_5k_human,human,ENSG00000153071
xenium_prime_5k_human,human,ENSG00000153094
xenium_prime_5k_human,human,ENSG00000153107
xenium_prime_5k_human,human,ENSG00000153132
xenium_prime_5k_human,human,ENSG00000153147
xenium_prime_5k_human,human,ENSG00000153162
xenium_prime_5k_human,human,ENSG00000153179
xenium_prime_5k_human,human,ENSG00000153201
xenium_prime_5k_human,human,ENSG00000153208
xenium_prime_5k_human,human,ENSG00000153246
xenium_prime_5k_human,human,ENSG00000153250
xenium_prime_5k_human,human,ENSG00000153253
xenium_prime_5k_human,human,ENSG00000153266
xenium_prime_5k_human,human,ENSG00000153283
xenium_prime_5k_human,human,ENSG00000153395
xenium_prime_5k_human,human,ENSG00000153487
xenium_prime_5k_human,human,ENSG00000153561
xenium_prime_5k_human,human,ENSG00000153563
xenium_prime_5k_human,human,ENSG00000153721
xenium_prime_5k_human,human,ENSG00000153774
xenium_prime_5k_human,human,ENSG00000153814
xenium_prime_5k_human,human,ENSG00000153822
xenium_prime_5k_human,human,ENSG00000153823
xenium_prime_5k_human,human,ENSG00000153944
xenium_prime_5k_human,human,ENSG00000153956
xenium_prime_5k_human,human,ENSG00000153975
xenium_prime_5k_human,human,ENSG00000153976
xenium_prime_5k_human,human,ENSG00000153993
xenium_prime_5k_human,human,ENSG00000154040
xenium_prime_5k_human,human,ENSG00000154096
xenium_prime_5k_human,human,ENSG00000154127
xenium_prime_5k_human,human,ENSG00000154133
xenium_prime_5k_human,human,ENSG00000154143
xenium_prime_5k_human,human,ENSG00000154153
xenium_prime_5k_human,human,ENSG00000154175
xenium_prime_5k_human,human,ENSG00000154188
xenium_prime_5k_human,human,ENSG00000154229
xenium_prime_5k_human,human,ENSG00000154240
xenium_prime_5k_human,human,ENSG00000154269
xenium_prime_5k_human,human,ENSG00000154277
xenium_prime_5k_human,human,ENSG00000154309
xenium_prime_5k_human,human,ENSG00000154342
xenium_prime_5k_human,human,ENSG00000154451
xenium_prime_5k_human,human,ENSG00000154478
xenium_prime_5k_human,human,ENSG00000154485
xenium_prime_5k_human,human,ENSG00000154582
xenium_prime_5k_human,human,ENSG00000154589
xenium_prime_5k_human,human,ENSG00000154639
xenium_prime_5k_human,human,ENSG00000154645
xenium_prime_5k_human,human,ENSG00000154721
xenium_prime_5k_human,human,ENSG00000154734
xenium_prime_5k_human,human,ENSG00000154736
xenium_prime_5k_human,human,ENSG00000154767
xenium_prime_5k_human,human,ENSG00000154803
xenium_prime_5k_human,human,ENSG00000154845
xenium_prime_5k_human,human,ENSG00000154856
xenium_prime_5k_human,human,ENSG00000154864
xenium_prime_5k_human,human,ENSG00000154928
xenium_prime_5k_human,human,ENSG00000154945
xenium_prime_5k_human,human,ENSG00000154975
xenium_prime_5k_human,human,ENSG00000155066
xenium_prime_5k_human,human,ENSG00000155324
xenium_prime_5k_human,human,ENSG00000155329
xenium_prime_5k_human,human,ENSG00000155363
xenium_prime_5k_human,human,ENSG00000155366
xenium_prime_5k_human,human,ENSG00000155380
xenium_prime_5k_human,human,ENSG00000155393
xenium_prime_5k_human,human,ENSG00000155438
xenium_prime_5k_human,human,ENSG00000155465
xenium_prime_5k_human,human,ENSG00000155495
xenium_prime_5k_human,human,ENSG00000155511
xenium_prime_5k_human,human,ENSG00000155659
xenium_prime_5k_human,human,ENSG00000155660
xenium_prime_5k_human,human,ENSG00000155666
xenium_prime_5k_human,human,ENSG00000155744
xenium_prime_5k_human,human,ENSG00000155755
xenium_prime_5k_human,human,ENSG00000155761
xenium_prime_5k_human,human,ENSG00000155792
xenium_prime_5k_human,human,ENSG00000155816
xenium_prime_5k_human,human,ENSG00000155850
xenium_prime_5k_human,human,ENSG00000155875
xenium_prime_5k_human,human,ENSG00000155906
xenium_prime_5k_human,human,ENSG00000155957
xenium_prime_5k_human,human,ENSG00000155966
xenium_prime_5k_human,human,ENSG00000156006
xenium_prime_5k_human,human,ENSG00000156011
xenium_prime_5k_human,human,ENSG00000156052
xenium_prime_5k_human,human,ENSG00000156113
xenium_prime_5k_human,human,ENSG00000156127
xenium_prime_5k_human,human,ENSG00000156218
xenium_prime_5k_human,human,ENSG00000156219
xenium_prime_5k_human,human,ENSG00000156234
xenium_prime_5k_human,human,ENSG00000156261
xenium_prime_5k_human,human,ENSG00000156265
xenium_prime_5k_human,human,ENSG00000156298
xenium_prime_5k_human,human,ENSG00000156299
xenium_prime_5k_human,human,ENSG00000156304
xenium_prime_5k_human,human,ENSG00000156398
xenium_prime_5k_human,human,ENSG00000156463
xenium_prime_5k_human,human,ENSG00000156466
xenium_prime_5k_human,human,ENSG00000156471
xenium_prime_5k_human,human,ENSG00000156502
xenium_prime_5k_human,human,ENSG00000156509
xenium_prime_5k_human,human,ENSG00000156515
xenium_prime_5k_human,human,ENSG00000156531
xenium_prime_5k_human,human,ENSG00000156535
xenium_prime_5k_human,human,ENSG00000156574
xenium_prime_5k_human,human,ENSG00000156642
xenium_prime_5k_human,human,ENSG00000156709
xenium_prime_5k_human,human,ENSG00000156738
xenium_prime_5k_human,human,ENSG00000156886
xenium_prime_5k_human,human,ENSG00000156970
xenium_prime_5k_human,human,ENSG00000157020
xenium_prime_5k_human,human,ENSG00000157103
xenium_prime_5k_human,human,ENSG00000157110
xenium_prime_5k_human,human,ENSG00000157150
xenium_prime_5k_human,human,ENSG00000157181
xenium_prime_5k_human,human,ENSG00000157216
xenium_prime_5k_human,human,ENSG00000157219
xenium_prime_5k_human,human,ENSG00000157227
xenium_prime_5k_human,human,ENSG00000157240
xenium_prime_5k_human,human,ENSG00000157368
xenium_prime_5k_human,human,ENSG00000157379
xenium_prime_5k_human,human,ENSG00000157388
xenium_prime_5k_human,human,ENSG00000157404
xenium_prime_5k_human,human,ENSG00000157456
xenium_prime_5k_human,human,ENSG00000157483
xenium_prime_5k_human,human,ENSG00000157540
xenium_prime_5k_human,human,ENSG00000157542
xenium_prime_5k_human,human,ENSG00000157551
xenium_prime_5k_human,human,ENSG00000157554
xenium_prime_5k_human,human,ENSG00000157570
xenium_prime_5k_human,human,ENSG00000157600
xenium_prime_5k_human,human,ENSG00000157601
xenium_prime_5k_human,human,ENSG00000157764
xenium_prime_5k_human,human,ENSG00000157856
xenium_prime_5k_human,human,ENSG00000157869
xenium_prime_5k_human,human,ENSG00000157873
xenium_prime_5k_human,human,ENSG00000157985
xenium_prime_5k_human,human,ENSG00000158079
xenium_prime_5k_human,human,ENSG00000158092
xenium_prime_5k_human,human,ENSG00000158104
xenium_prime_5k_human,human,ENSG00000158125
xenium_prime_5k_human,human,ENSG00000158163
xenium_prime_5k_human,human,ENSG00000158169
xenium_prime_5k_human,human,ENSG00000158234
xenium_prime_5k_human,human,ENSG00000158246
xenium_prime_5k_human,human,ENSG00000158270
xenium_prime_5k_human,human,ENSG00000158290
xenium_prime_5k_human,human,ENSG00000158301
xenium_prime_5k_human,human,ENSG00000158402
xenium_prime_5k_human,human,ENSG00000158411
xenium_prime_5k_human,human,ENSG00000158445
xenium_prime_5k_human,human,ENSG00000158473
xenium_prime_5k_human,human,ENSG00000158477
xenium_prime_5k_human,human,ENSG00000158481
xenium_prime_5k_human,human,ENSG00000158485
xenium_prime_5k_human,human,ENSG00000158488
xenium_prime_5k_human,human,ENSG00000158517
xenium_prime_5k_human,human,ENSG00000158525
xenium_prime_5k_human,human,ENSG00000158545
xenium_prime_5k_human,human,ENSG00000158615
xenium_prime_5k_human,human,ENSG00000158636
xenium_prime_5k_human,human,ENSG00000158683
xenium_prime_5k_human,human,ENSG00000158691
xenium_prime_5k_human,human,ENSG00000158711
xenium_prime_5k_human,human,ENSG00000158714
xenium_prime_5k_human,human,ENSG00000158716
xenium_prime_5k_human,human,ENSG00000158747
xenium_prime_5k_human,human,ENSG00000158748
xenium_prime_5k_human,human,ENSG00000158769
xenium_prime_5k_human,human,ENSG00000158773
xenium_prime_5k_human,human,ENSG00000158813
xenium_prime_5k_human,human,ENSG00000158825
xenium_prime_5k_human,human,ENSG00000158828
xenium_prime_5k_human,human,ENSG00000158859
xenium_prime_5k_human,human,ENSG00000158887
xenium_prime_5k_human,human,ENSG00000158941
xenium_prime_5k_human,human,ENSG00000158987
xenium_prime_5k_human,human,ENSG00000159110
xenium_prime_5k_human,human,ENSG00000159128
xenium_prime_5k_human,human,ENSG00000159131
xenium_prime_5k_human,human,ENSG00000159166
xenium_prime_5k_human,human,ENSG00000159176
xenium_prime_5k_human,human,ENSG00000159184
xenium_prime_5k_human,human,ENSG00000159212
xenium_prime_5k_human,human,ENSG00000159216
xenium_prime_5k_human,human,ENSG00000159217
xenium_prime_5k_human,human,ENSG00000159228
xenium_prime_5k_human,human,ENSG00000159263
xenium_prime_5k_human,human,ENSG00000159339
xenium_prime_5k_human,human,ENSG00000159346
xenium_prime_5k_human,human,ENSG00000159352
xenium_prime_5k_human,human,ENSG00000159363
xenium_prime_5k_human,human,ENSG00000159399
xenium_prime_5k_human,human,ENSG00000159461
xenium_prime_5k_human,human,ENSG00000159579
xenium_prime_5k_human,human,ENSG00000159592
xenium_prime_5k_human,human,ENSG00000159618
xenium_prime_5k_human,human,ENSG00000159640
xenium_prime_5k_human,human,ENSG00000159674
xenium_prime_5k_human,human,ENSG00000159692
xenium_prime_5k_human,human,ENSG00000159713
xenium_prime_5k_human,human,ENSG00000159723
xenium_prime_5k_human,human,ENSG00000159792
xenium_prime_5k_human,human,ENSG00000159840
xenium_prime_5k_human,human,ENSG00000159958
xenium_prime_5k_human,human,ENSG00000160007
xenium_prime_5k_human,human,ENSG00000160013
xenium_prime_5k_human,human,ENSG00000160014
xenium_prime_5k_human,human,ENSG00000160058
xenium_prime_5k_human,human,ENSG00000160097
xenium_prime_5k_human,human,ENSG00000160161
xenium_prime_5k_human,human,ENSG00000160179
xenium_prime_5k_human,human,ENSG00000160185
xenium_prime_5k_human,human,ENSG00000160200
xenium_prime_5k_human,human,ENSG00000160201
xenium_prime_5k_human,human,ENSG00000160202
xenium_prime_5k_human,human,ENSG00000160208
xenium_prime_5k_human,human,ENSG00000160211
xenium_prime_5k_human,human,ENSG00000160223
xenium_prime_5k_human,human,ENSG00000160224
xenium_prime_5k_human,human,ENSG00000160233
xenium_prime_5k_human,human,ENSG00000160255
xenium_prime_5k_human,human,ENSG00000160294
xenium_prime_5k_human,human,ENSG00000160305
xenium_prime_5k_human,human,ENSG00000160339
xenium_prime_5k_human,human,ENSG00000160445
xenium_prime_5k_human,human,ENSG00000160584
xenium_prime_5k_human,human,ENSG00000160602
xenium_prime_5k_human,human,ENSG00000160633
xenium_prime_5k_human,human,ENSG00000160654
xenium_prime_5k_human,human,ENSG00000160678
xenium_prime_5k_human,human,ENSG00000160683
xenium_prime_5k_human,human,ENSG00000160691
xenium_prime_5k_human,human,ENSG00000160710
xenium_prime_5k_human,human,ENSG00000160712
xenium_prime_5k_human,human,ENSG00000160716
xenium_prime_5k_human,human,ENSG00000160752
xenium_prime_5k_human,human,ENSG00000160791
xenium_prime_5k_human,human,ENSG00000160801
xenium_prime_5k_human,human,ENSG00000160856
xenium_prime_5k_human,human,ENSG00000160867
xenium_prime_5k_human,human,ENSG00000160949
xenium_prime_5k_human,human,ENSG00000160953
xenium_prime_5k_human,human,ENSG00000160957
xenium_prime_5k_human,human,ENSG00000160991
xenium_prime_5k_human,human,ENSG00000160999
xenium_prime_5k_human,human,ENSG00000161011
xenium_prime_5k_human,human,ENSG00000161057
xenium_prime_5k_human,human,ENSG00000161202
xenium_prime_5k_human,human,ENSG00000161203
xenium_prime_5k_human,human,ENSG00000161204
xenium_prime_5k_human,human,ENSG00000161249
xenium_prime_5k_human,human,ENSG00000161381
xenium_prime_5k_human,human,ENSG00000161405
xenium_prime_5k_human,human,ENSG00000161509
xenium_prime_5k_human,human,ENSG00000161542
xenium_prime_5k_human,human,ENSG00000161547
xenium_prime_5k_human,human,ENSG00000161610
xenium_prime_5k_human,human,ENSG00000161638
xenium_prime_5k_human,human,ENSG00000161640
xenium_prime_5k_human,human,ENSG00000161654
xenium_prime_5k_human,human,ENSG00000161798
xenium_prime_5k_human,human,ENSG00000161800
xenium_prime_5k_human,human,ENSG00000161813
xenium_prime_5k_human,human,ENSG00000161847
xenium_prime_5k_human,human,ENSG00000161905
xenium_prime_5k_human,human,ENSG00000161921
xenium_prime_5k_human,human,ENSG00000161929
xenium_prime_5k_human,human,ENSG00000161940
xenium_prime_5k_human,human,ENSG00000161955
xenium_prime_5k_human,human,ENSG00000161960
xenium_prime_5k_human,human,ENSG00000161996
xenium_prime_5k_human,human,ENSG00000162009
xenium_prime_5k_human,human,ENSG00000162039
xenium_prime_5k_human,human,ENSG00000162222
xenium_prime_5k_human,human,ENSG00000162231
xenium_prime_5k_human,human,ENSG00000162298
xenium_prime_5k_human,human,ENSG00000162300
xenium_prime_5k_human,human,ENSG00000162337
xenium_prime_5k_human,human,ENSG00000162344
xenium_prime_5k_human,human,ENSG00000162367
xenium_prime_5k_human,human,ENSG00000162378
xenium_prime_5k_human,human,ENSG00000162409
xenium_prime_5k_human,human,ENSG00000162419
xenium_prime_5k_human,human,ENSG00000162434
xenium_prime_5k_human,human,ENSG00000162441
xenium_prime_5k_human,human,ENSG00000162493
xenium_prime_5k_human,human,ENSG00000162494
xenium_prime_5k_human,human,ENSG00000162512
xenium_prime_5k_human,human,ENSG00000162517
xenium_prime_5k_human,human,ENSG00000162521
xenium_prime_5k_human,human,ENSG00000162526
xenium_prime_5k_human,human,ENSG00000162551
xenium_prime_5k_human,human,ENSG00000162552
xenium_prime_5k_human,human,ENSG00000162592
xenium_prime_5k_human,human,ENSG00000162594
xenium_prime_5k_human,human,ENSG00000162595
xenium_prime_5k_human,human,ENSG00000162614
xenium_prime_5k_human,human,ENSG00000162616
xenium_prime_5k_human,human,ENSG00000162618
xenium_prime_5k_human,human,ENSG00000162650
xenium_prime_5k_human,human,ENSG00000162664
xenium_prime_5k_human,human,ENSG00000162687
xenium_prime_5k_human,human,ENSG00000162692
xenium_prime_5k_human,human,ENSG00000162695
xenium_prime_5k_human,human,ENSG00000162702
xenium_prime_5k_human,human,ENSG00000162706
xenium_prime_5k_human,human,ENSG00000162711
xenium_prime_5k_human,human,ENSG00000162728
xenium_prime_5k_human,human,ENSG00000162729
xenium_prime_5k_human,human,ENSG00000162733
xenium_prime_5k_human,human,ENSG00000162734
xenium_prime_5k_human,human,ENSG00000162736
xenium_prime_5k_human,human,ENSG00000162739
xenium_prime_5k_human,human,ENSG00000162747
xenium_prime_5k_human,human,ENSG00000162772
xenium_prime_5k_human,human,ENSG00000162775
xenium_prime_5k_human,human,ENSG00000162852
xenium_prime_5k_human,human,ENSG00000162877
xenium_prime_5k_human,human,ENSG00000162881
xenium_prime_5k_human,human,ENSG00000162889
xenium_prime_5k_human,human,ENSG00000162891
xenium_prime_5k_human,human,ENSG00000162892
xenium_prime_5k_human,human,ENSG00000162894
xenium_prime_5k_human,human,ENSG00000162923
xenium_prime_5k_human,human,ENSG00000162924
xenium_prime_5k_human,human,ENSG00000162946
xenium_prime_5k_human,human,ENSG00000162951
xenium_prime_5k_human,human,ENSG00000162975
xenium_prime_5k_human,human,ENSG00000162992
xenium_prime_5k_human,human,ENSG00000162998
xenium_prime_5k_human,human,ENSG00000163032
xenium_prime_5k_human,human,ENSG00000163050
xenium_prime_5k_human,human,ENSG00000163060
xenium_prime_5k_human,human,ENSG00000163064
xenium_prime_5k_human,human,ENSG00000163071
xenium_prime_5k_human,human,ENSG00000163072
xenium_prime_5k_human,human,ENSG00000163083
xenium_prime_5k_human,human,ENSG00000163104
xenium_prime_5k_human,human,ENSG00000163106
xenium_prime_5k_human,human,ENSG00000163161
xenium_prime_5k_human,human,ENSG00000163214
xenium_prime_5k_human,human,ENSG00000163235
xenium_prime_5k_human,human,ENSG00000163254
xenium_prime_5k_human,human,ENSG00000163273
xenium_prime_5k_human,human,ENSG00000163285
xenium_prime_5k_human,human,ENSG00000163346
xenium_prime_5k_human,human,ENSG00000163347
xenium_prime_5k_human,human,ENSG00000163374
xenium_prime_5k_human,human,ENSG00000163377
xenium_prime_5k_human,human,ENSG00000163394
xenium_prime_5k_human,human,ENSG00000163395
xenium_prime_5k_human,human,ENSG00000163399
xenium_prime_5k_human,human,ENSG00000163430
xenium_prime_5k_human,human,ENSG00000163463
xenium_prime_5k_human,human,ENSG00000163464
xenium_prime_5k_human,human,ENSG00000163468
xenium_prime_5k_human,human,ENSG00000163485
xenium_prime_5k_human,human,ENSG00000163492
xenium_prime_5k_human,human,ENSG00000163497
xenium_prime_5k_human,human,ENSG00000163501
xenium_prime_5k_human,human,ENSG00000163507
xenium_prime_5k_human,human,ENSG00000163508
xenium_prime_5k_human,human,ENSG00000163513
xenium_prime_5k_human,human,ENSG00000163516
xenium_prime_5k_human,human,ENSG00000163518
xenium_prime_5k_human,human,ENSG00000163520
xenium_prime_5k_human,human,ENSG00000163530
xenium_prime_5k_human,human,ENSG00000163534
xenium_prime_5k_human,human,ENSG00000163545
xenium_prime_5k_human,human,ENSG00000163554
xenium_prime_5k_human,human,ENSG00000163558
xenium_prime_5k_human,human,ENSG00000163565
xenium_prime_5k_human,human,ENSG00000163568
xenium_prime_5k_human,human,ENSG00000163581
xenium_prime_5k_human,human,ENSG00000163599
xenium_prime_5k_human,human,ENSG00000163600
xenium_prime_5k_human,human,ENSG00000163608
xenium_prime_5k_human,human,ENSG00000163611
xenium_prime_5k_human,human,ENSG00000163625
xenium_prime_5k_human,human,ENSG00000163629
xenium_prime_5k_human,human,ENSG00000163655
xenium_prime_5k_human,human,ENSG00000163659
xenium_prime_5k_human,human,ENSG00000163661
xenium_prime_5k_human,human,ENSG00000163666
xenium_prime_5k_human,human,ENSG00000163681
xenium_prime_5k_human,human,ENSG00000163686
xenium_prime_5k_human,human,ENSG00000163687
xenium_prime_5k_human,human,ENSG00000163735
xenium_prime_5k_human,human,ENSG00000163781
xenium_prime_5k_human,human,ENSG00000163794
xenium_prime_5k_human,human,ENSG00000163798
xenium_prime_5k_human,human,ENSG00000163806
xenium_prime_5k_human,human,ENSG00000163810
xenium_prime_5k_human,human,ENSG00000163814
xenium_prime_5k_human,human,ENSG00000163823
xenium_prime_5k_human,human,ENSG00000163873
xenium_prime_5k_human,human,ENSG00000163874
xenium_prime_5k_human,human,ENSG00000163882
xenium_prime_5k_human,human,ENSG00000163902
xenium_prime_5k_human,human,ENSG00000163918
xenium_prime_5k_human,human,ENSG00000163930
xenium_prime_5k_human,human,ENSG00000163931
xenium_prime_5k_human,human,ENSG00000163932
xenium_prime_5k_human,human,ENSG00000163946
xenium_prime_5k_human,human,ENSG00000163975
xenium_prime_5k_human,human,ENSG00000164010
xenium_prime_5k_human,human,ENSG00000164045
xenium_prime_5k_human,human,ENSG00000164047
xenium_prime_5k_human,human,ENSG00000164051
xenium_prime_5k_human,human,ENSG00000164076
xenium_prime_5k_human,human,ENSG00000164078
xenium_prime_5k_human,human,ENSG00000164080
xenium_prime_5k_human,human,ENSG00000164082
xenium_prime_5k_human,human,ENSG00000164093
xenium_prime_5k_human,human,ENSG00000164104
xenium_prime_5k_human,human,ENSG00000164109
xenium_prime_5k_human,human,ENSG00000164111
xenium_prime_5k_human,human,ENSG00000164118
xenium_prime_5k_human,human,ENSG00000164120
xenium_prime_5k_human,human,ENSG00000164128
xenium_prime_5k_human,human,ENSG00000164134
xenium_prime_5k_human,human,ENSG00000164136
xenium_prime_5k_human,human,ENSG00000164144
xenium_prime_5k_human,human,ENSG00000164169
xenium_prime_5k_human,human,ENSG00000164171
xenium_prime_5k_human,human,ENSG00000164176
xenium_prime_5k_human,human,ENSG00000164197
xenium_prime_5k_human,human,ENSG00000164219
xenium_prime_5k_human,human,ENSG00000164251
xenium_prime_5k_human,human,ENSG00000164270
xenium_prime_5k_human,human,ENSG00000164283
xenium_prime_5k_human,human,ENSG00000164299
xenium_prime_5k_human,human,ENSG00000164305
xenium_prime_5k_human,human,ENSG00000164307
xenium_prime_5k_human,human,ENSG00000164309
xenium_prime_5k_human,human,ENSG00000164326
xenium_prime_5k_human,human,ENSG00000164330
xenium_prime_5k_human,human,ENSG00000164342
xenium_prime_5k_human,human,ENSG00000164362
xenium_prime_5k_human,human,ENSG00000164399
xenium_prime_5k_human,human,ENSG00000164400
xenium_prime_5k_human,human,ENSG00000164403
xenium_prime_5k_human,human,ENSG00000164404
xenium_prime_5k_human,human,ENSG00000164430
xenium_prime_5k_human,human,ENSG00000164434
xenium_prime_5k_human,human,ENSG00000164466
xenium_prime_5k_human,human,ENSG00000164484
xenium_prime_5k_human,human,ENSG00000164488
xenium_prime_5k_human,human,ENSG00000164506
xenium_prime_5k_human,human,ENSG00000164530
xenium_prime_5k_human,human,ENSG00000164604
xenium_prime_5k_human,human,ENSG00000164611
xenium_prime_5k_human,human,ENSG00000164619
xenium_prime_5k_human,human,ENSG00000164647
xenium_prime_5k_human,human,ENSG00000164649
xenium_prime_5k_human,human,ENSG00000164683
xenium_prime_5k_human,human,ENSG00000164690
xenium_prime_5k_human,human,ENSG00000164736
xenium_prime_5k_human,human,ENSG00000164756
xenium_prime_5k_human,human,ENSG00000164761
xenium_prime_5k_human,human,ENSG00000164778
xenium_prime_5k_human,human,ENSG00000164794
xenium_prime_5k_human,human,ENSG00000164822
xenium_prime_5k_human,human,ENSG00000164823
xenium_prime_5k_human,human,ENSG00000164850
xenium_prime_5k_human,human,ENSG00000164867
xenium_prime_5k_human,human,ENSG00000164885
xenium_prime_5k_human,human,ENSG00000164898
xenium_prime_5k_human,human,ENSG00000164904
xenium_prime_5k_human,human,ENSG00000164920
xenium_prime_5k_human,human,ENSG00000164924
xenium_prime_5k_human,human,ENSG00000164929
xenium_prime_5k_human,human,ENSG00000164930
xenium_prime_5k_human,human,ENSG00000164932
xenium_prime_5k_human,human,ENSG00000164946
xenium_prime_5k_human,human,ENSG00000164985
xenium_prime_5k_human,human,ENSG00000165025
xenium_prime_5k_human,human,ENSG00000165029
xenium_prime_5k_human,human,ENSG00000165078
xenium_prime_5k_human,human,ENSG00000165124
xenium_prime_5k_human,human,ENSG00000165125
xenium_prime_5k_human,human,ENSG00000165138
xenium_prime_5k_human,human,ENSG00000165140
xenium_prime_5k_human,human,ENSG00000165164
xenium_prime_5k_human,human,ENSG00000165168
xenium_prime_5k_human,human,ENSG00000165197
xenium_prime_5k_human,human,ENSG00000165240
xenium_prime_5k_human,human,ENSG00000165269
xenium_prime_5k_human,human,ENSG00000165300
xenium_prime_5k_human,human,ENSG00000165304
xenium_prime_5k_human,human,ENSG00000165323
xenium_prime_5k_human,human,ENSG00000165355
xenium_prime_5k_human,human,ENSG00000165370
xenium_prime_5k_human,human,ENSG00000165392
xenium_prime_5k_human,human,ENSG00000165409
xenium_prime_5k_human,human,ENSG00000165410
xenium_prime_5k_human,human,ENSG00000165449
xenium_prime_5k_human,human,ENSG00000165457
xenium_prime_5k_human,human,ENSG00000165458
xenium_prime_5k_human,human,ENSG00000165471
xenium_prime_5k_human,human,ENSG00000165478
xenium_prime_5k_human,human,ENSG00000165480
xenium_prime_5k_human,human,ENSG00000165495
xenium_prime_5k_human,human,ENSG00000165516
xenium_prime_5k_human,human,ENSG00000165527
xenium_prime_5k_human,human,ENSG00000165553
xenium_prime_5k_human,human,ENSG00000165556
xenium_prime_5k_human,human,ENSG00000165588
xenium_prime_5k_human,human,ENSG00000165629
xenium_prime_5k_human,human,ENSG00000165637
xenium_prime_5k_human,human,ENSG00000165646
xenium_prime_5k_human,human,ENSG00000165675
xenium_prime_5k_human,human,ENSG00000165678
xenium_prime_5k_human,human,ENSG00000165694
xenium_prime_5k_human,human,ENSG00000165699
xenium_prime_5k_human,human,ENSG00000165704
xenium_prime_5k_human,human,ENSG00000165724
xenium_prime_5k_human,human,ENSG00000165731
xenium_prime_5k_human,human,ENSG00000165732
xenium_prime_5k_human,human,ENSG00000165752
xenium_prime_5k_human,human,ENSG00000165795
xenium_prime_5k_human,human,ENSG00000165806
xenium_prime_5k_human,human,ENSG00000165819
xenium_prime_5k_human,human,ENSG00000165832
xenium_prime_5k_human,human,ENSG00000165841
xenium_prime_5k_human,human,ENSG00000165861
xenium_prime_5k_human,human,ENSG00000165929
xenium_prime_5k_human,human,ENSG00000165953
xenium_prime_5k_human,human,ENSG00000165970
xenium_prime_5k_human,human,ENSG00000165973
xenium_prime_5k_human,human,ENSG00000165985
xenium_prime_5k_human,human,ENSG00000166016
xenium_prime_5k_human,human,ENSG00000166033
xenium_prime_5k_human,human,ENSG00000166035
xenium_prime_5k_human,human,ENSG00000166049
xenium_prime_5k_human,human,ENSG00000166086
xenium_prime_5k_human,human,ENSG00000166090
xenium_prime_5k_human,human,ENSG00000166091
xenium_prime_5k_human,human,ENSG00000166133
xenium_prime_5k_human,human,ENSG00000166148
xenium_prime_5k_human,human,ENSG00000166167
xenium_prime_5k_human,human,ENSG00000166181
xenium_prime_5k_human,human,ENSG00000166197
xenium_prime_5k_human,human,ENSG00000166206
xenium_prime_5k_human,human,ENSG00000166226
xenium_prime_5k_human,human,ENSG00000166228
xenium_prime_5k_human,human,ENSG00000166263
xenium_prime_5k_human,human,ENSG00000166266
xenium_prime_5k_human,human,ENSG00000166292
xenium_prime_5k_human,human,ENSG00000166311
xenium_prime_5k_human,human,ENSG00000166333
xenium_prime_5k_human,human,ENSG00000166342
xenium_prime_5k_human,human,ENSG00000166349
xenium_prime_5k_human,human,ENSG00000166396
xenium_prime_5k_human,human,ENSG00000166407
xenium_prime_5k_human,human,ENSG00000166415
xenium_prime_5k_human,human,ENSG00000166436
xenium_prime_5k_human,human,ENSG00000166448
xenium_prime_5k_human,human,ENSG00000166483
xenium_prime_5k_human,human,ENSG00000166484
xenium_prime_5k_human,human,ENSG00000166501
xenium_prime_5k_human,human,ENSG00000166508
xenium_prime_5k_human,human,ENSG00000166527
xenium_prime_5k_human,human,ENSG00000166535
xenium_prime_5k_human,human,ENSG00000166546
xenium_prime_5k_human,human,ENSG00000166573
xenium_prime_5k_human,human,ENSG00000166582
xenium_prime_5k_human,human,ENSG00000166589
xenium_prime_5k_human,human,ENSG00000166592
xenium_prime_5k_human,human,ENSG00000166603
xenium_prime_5k_human,human,ENSG00000166716
xenium_prime_5k_human,human,ENSG00000166736
xenium_prime_5k_human,human,ENSG00000166750
xenium_prime_5k_human,human,ENSG00000166762
xenium_prime_5k_human,human,ENSG00000166819
xenium_prime_5k_human,human,ENSG00000166825
xenium_prime_5k_human,human,ENSG00000166828
xenium_prime_5k_human,human,ENSG00000166833
xenium_prime_5k_human,human,ENSG00000166851
xenium_prime_5k_human,human,ENSG00000166855
xenium_prime_5k_human,human,ENSG00000166863
xenium_prime_5k_human,human,ENSG00000166881
xenium_prime_5k_human,human,ENSG00000166888
xenium_prime_5k_human,human,ENSG00000166922
xenium_prime_5k_human,human,ENSG00000166923
xenium_prime_5k_human,human,ENSG00000166946
xenium_prime_5k_human,human,ENSG00000166948
xenium_prime_5k_human,human,ENSG00000166949
xenium_prime_5k_human,human,ENSG00000166963
xenium_prime_5k_human,human,ENSG00000166971
xenium_prime_5k_human,human,ENSG00000166974
xenium_prime_5k_human,human,ENSG00000167004
xenium_prime_5k_human,human,ENSG00000167005
xenium_prime_5k_human,human,ENSG00000167034
xenium_prime_5k_human,human,ENSG00000167081
xenium_prime_5k_human,human,ENSG00000167085
xenium_prime_5k_human,human,ENSG00000167088
xenium_prime_5k_human,human,ENSG00000167110
xenium_prime_5k_human,human,ENSG00000167131
xenium_prime_5k_human,human,ENSG00000167191
xenium_prime_5k_human,human,ENSG00000167193
xenium_prime_5k_human,human,ENSG00000167207
xenium_prime_5k_human,human,ENSG00000167244
xenium_prime_5k_human,human,ENSG00000167306
xenium_prime_5k_human,human,ENSG00000167315
xenium_prime_5k_human,human,ENSG00000167323
xenium_prime_5k_human,human,ENSG00000167325
xenium_prime_5k_human,human,ENSG00000167371
xenium_prime_5k_human,human,ENSG00000167378
xenium_prime_5k_human,human,ENSG00000167434
xenium_prime_5k_human,human,ENSG00000167461
xenium_prime_5k_human,human,ENSG00000167487
xenium_prime_5k_human,human,ENSG00000167508
xenium_prime_5k_human,human,ENSG00000167548
xenium_prime_5k_human,human,ENSG00000167601
xenium_prime_5k_human,human,ENSG00000167613
xenium_prime_5k_human,human,ENSG00000167615
xenium_prime_5k_human,human,ENSG00000167618
xenium_prime_5k_human,human,ENSG00000167633
xenium_prime_5k_human,human,ENSG00000167634
xenium_prime_5k_human,human,ENSG00000167645
xenium_prime_5k_human,human,ENSG00000167664
xenium_prime_5k_human,human,ENSG00000167670
xenium_prime_5k_human,human,ENSG00000167676
xenium_prime_5k_human,human,ENSG00000167693
xenium_prime_5k_human,human,ENSG00000167699
xenium_prime_5k_human,human,ENSG00000167701
xenium_prime_5k_human,human,ENSG00000167703
xenium_prime_5k_human,human,ENSG00000167711
xenium_prime_5k_human,human,ENSG00000167716
xenium_prime_5k_human,human,ENSG00000167749
xenium_prime_5k_human,human,ENSG00000167755
xenium_prime_5k_human,human,ENSG00000167770
xenium_prime_5k_human,human,ENSG00000167772
xenium_prime_5k_human,human,ENSG00000167775
xenium_prime_5k_human,human,ENSG00000167840
xenium_prime_5k_human,human,ENSG00000167850
xenium_prime_5k_human,human,ENSG00000167851
xenium_prime_5k_human,human,ENSG00000167858
xenium_prime_5k_human,human,ENSG00000167900
xenium_prime_5k_human,human,ENSG00000167910
xenium_prime_5k_human,human,ENSG00000167941
xenium_prime_5k_human,human,ENSG00000167967
xenium_prime_5k_human,human,ENSG00000167972
xenium_prime_5k_human,human,ENSG00000167977
xenium_prime_5k_human,human,ENSG00000167986
xenium_prime_5k_human,human,ENSG00000168002
xenium_prime_5k_human,human,ENSG00000168003
xenium_prime_5k_human,human,ENSG00000168036
xenium_prime_5k_human,human,ENSG00000168040
xenium_prime_5k_human,human,ENSG00000168061
xenium_prime_5k_human,human,ENSG00000168067
xenium_prime_5k_human,human,ENSG00000168078
xenium_prime_5k_human,human,ENSG00000168081
xenium_prime_5k_human,human,ENSG00000168101
xenium_prime_5k_human,human,ENSG00000168159
xenium_prime_5k_human,human,ENSG00000168172
xenium_prime_5k_human,human,ENSG00000168214
xenium_prime_5k_human,human,ENSG00000168229
xenium_prime_5k_human,human,ENSG00000168268
xenium_prime_5k_human,human,ENSG00000168269
xenium_prime_5k_human,human,ENSG00000168283
xenium_prime_5k_human,human,ENSG00000168286
xenium_prime_5k_human,human,ENSG00000168288
xenium_prime_5k_human,human,ENSG00000168291
xenium_prime_5k_human,human,ENSG00000168303
xenium_prime_5k_human,human,ENSG00000168309
xenium_prime_5k_human,human,ENSG00000168329
xenium_prime_5k_human,human,ENSG00000168334
xenium_prime_5k_human,human,ENSG00000168386
xenium_prime_5k_human,human,ENSG00000168394
xenium_prime_5k_human,human,ENSG00000168398
xenium_prime_5k_human,human,ENSG00000168412
xenium_prime_5k_human,human,ENSG00000168421
xenium_prime_5k_human,human,ENSG00000168476
xenium_prime_5k_human,human,ENSG00000168477
xenium_prime_5k_human,human,ENSG00000168488
xenium_prime_5k_human,human,ENSG00000168496
xenium_prime_5k_human,human,ENSG00000168497
xenium_prime_5k_human,human,ENSG00000168502
xenium_prime_5k_human,human,ENSG00000168505
xenium_prime_5k_human,human,ENSG00000168515
xenium_prime_5k_human,human,ENSG00000168522
xenium_prime_5k_human,human,ENSG00000168539
xenium_prime_5k_human,human,ENSG00000168564
xenium_prime_5k_human,human,ENSG00000168575
xenium_prime_5k_human,human,ENSG00000168591
xenium_prime_5k_human,human,ENSG00000168610
xenium_prime_5k_human,human,ENSG00000168615
xenium_prime_5k_human,human,ENSG00000168621
xenium_prime_5k_human,human,ENSG00000168646
xenium_prime_5k_human,human,ENSG00000168672
xenium_prime_5k_human,human,ENSG00000168675
xenium_prime_5k_human,human,ENSG00000168679
xenium_prime_5k_human,human,ENSG00000168743
xenium_prime_5k_human,human,ENSG00000168758
xenium_prime_5k_human,human,ENSG00000168763
xenium_prime_5k_human,human,ENSG00000168769
xenium_prime_5k_human,human,ENSG00000168807
xenium_prime_5k_human,human,ENSG00000168811
xenium_prime_5k_human,human,ENSG00000168826
xenium_prime_5k_human,human,ENSG00000168830
xenium_prime_5k_human,human,ENSG00000168872
xenium_prime_5k_human,human,ENSG00000168874
xenium_prime_5k_human,human,ENSG00000168875
xenium_prime_5k_human,human,ENSG00000168899
xenium_prime_5k_human,human,ENSG00000168916
xenium_prime_5k_human,human,ENSG00000168917
xenium_prime_5k_human,human,ENSG00000168918
xenium_prime_5k_human,human,ENSG00000168938
xenium_prime_5k_human,human,ENSG00000168958
xenium_prime_5k_human,human,ENSG00000168959
xenium_prime_5k_human,human,ENSG00000168961
xenium_prime_5k_human,human,ENSG00000168995
xenium_prime_5k_human,human,ENSG00000169006
xenium_prime_5k_human,human,ENSG00000169031
xenium_prime_5k_human,human,ENSG00000169032
xenium_prime_5k_human,human,ENSG00000169045
xenium_prime_5k_human,human,ENSG00000169047
xenium_prime_5k_human,human,ENSG00000169067
xenium_prime_5k_human,human,ENSG00000169071
xenium_prime_5k_human,human,ENSG00000169083
xenium_prime_5k_human,human,ENSG00000169116
xenium_prime_5k_human,human,ENSG00000169118
xenium_prime_5k_human,human,ENSG00000169129
xenium_prime_5k_human,human,ENSG00000169174
xenium_prime_5k_human,human,ENSG00000169180
xenium_prime_5k_human,human,ENSG00000169188
xenium_prime_5k_human,human,ENSG00000169194
xenium_prime_5k_human,human,ENSG00000169217
xenium_prime_5k_human,human,ENSG00000169245
xenium_prime_5k_human,human,ENSG00000169247
xenium_prime_5k_human,human,ENSG00000169248
xenium_prime_5k_human,human,ENSG00000169252
xenium_prime_5k_human,human,ENSG00000169271
xenium_prime_5k_human,human,ENSG00000169297
xenium_prime_5k_human,human,ENSG00000169302
xenium_prime_5k_human,human,ENSG00000169313
xenium_prime_5k_human,human,ENSG00000169344
xenium_prime_5k_human,human,ENSG00000169375
xenium_prime_5k_human,human,ENSG00000169393
xenium_prime_5k_human,human,ENSG00000169397
xenium_prime_5k_human,human,ENSG00000169398
xenium_prime_5k_human,human,ENSG00000169403
xenium_prime_5k_human,human,ENSG00000169418
xenium_prime_5k_human,human,ENSG00000169427
xenium_prime_5k_human,human,ENSG00000169432
xenium_prime_5k_human,human,ENSG00000169439
xenium_prime_5k_human,human,ENSG00000169499
xenium_prime_5k_human,human,ENSG00000169504
xenium_prime_5k_human,human,ENSG00000169554
xenium_prime_5k_human,human,ENSG00000169562
xenium_prime_5k_human,human,ENSG00000169583
xenium_prime_5k_human,human,ENSG00000169594
xenium_prime_5k_human,human,ENSG00000169605
xenium_prime_5k_human,human,ENSG00000169621
xenium_prime_5k_human,human,ENSG00000169629
xenium_prime_5k_human,human,ENSG00000169676
xenium_prime_5k_human,human,ENSG00000169679
xenium_prime_5k_human,human,ENSG00000169683
xenium_prime_5k_human,human,ENSG00000169684
xenium_prime_5k_human,human,ENSG00000169710
xenium_prime_5k_human,human,ENSG00000169813
xenium_prime_5k_human,human,ENSG00000169836
xenium_prime_5k_human,human,ENSG00000169860
xenium_prime_5k_human,human,ENSG00000169862
xenium_prime_5k_human,human,ENSG00000169896
xenium_prime_5k_human,human,ENSG00000169919
xenium_prime_5k_human,human,ENSG00000169925
xenium_prime_5k_human,human,ENSG00000169957
xenium_prime_5k_human,human,ENSG00000169972
xenium_prime_5k_human,human,ENSG00000170004
xenium_prime_5k_human,human,ENSG00000170017
xenium_prime_5k_human,human,ENSG00000170037
xenium_prime_5k_human,human,ENSG00000170049
xenium_prime_5k_human,human,ENSG00000170054
xenium_prime_5k_human,human,ENSG00000170075
xenium_prime_5k_human,human,ENSG00000170085
xenium_prime_5k_human,human,ENSG00000170088
xenium_prime_5k_human,human,ENSG00000170145
xenium_prime_5k_human,human,ENSG00000170175
xenium_prime_5k_human,human,ENSG00000170180
xenium_prime_5k_human,human,ENSG00000170185
xenium_prime_5k_human,human,ENSG00000170209
xenium_prime_5k_human,human,ENSG00000170214
xenium_prime_5k_human,human,ENSG00000170248
xenium_prime_5k_human,human,ENSG00000170262
xenium_prime_5k_human,human,ENSG00000170264
xenium_prime_5k_human,human,ENSG00000170266
xenium_prime_5k_human,human,ENSG00000170289
xenium_prime_5k_human,human,ENSG00000170293
xenium_prime_5k_human,human,ENSG00000170312
xenium_prime_5k_human,human,ENSG00000170325
xenium_prime_5k_human,human,ENSG00000170365
xenium_prime_5k_human,human,ENSG00000170367
xenium_prime_5k_human,human,ENSG00000170369
xenium_prime_5k_human,human,ENSG00000170370
xenium_prime_5k_human,human,ENSG00000170373
xenium_prime_5k_human,human,ENSG00000170396
xenium_prime_5k_human,human,ENSG00000170412
xenium_prime_5k_human,human,ENSG00000170425
xenium_prime_5k_human,human,ENSG00000170430
xenium_prime_5k_human,human,ENSG00000170458
xenium_prime_5k_human,human,ENSG00000170468
xenium_prime_5k_human,human,ENSG00000170473
xenium_prime_5k_human,human,ENSG00000170476
xenium_prime_5k_human,human,ENSG00000170525
xenium_prime_5k_human,human,ENSG00000170542
xenium_prime_5k_human,human,ENSG00000170549
xenium_prime_5k_human,human,ENSG00000170558
xenium_prime_5k_human,human,ENSG00000170581
xenium_prime_5k_human,human,ENSG00000170584
xenium_prime_5k_human,human,ENSG00000170604
xenium_prime_5k_human,human,ENSG00000170606
xenium_prime_5k_human,human,ENSG00000170634
xenium_prime_5k_human,human,ENSG00000170684
xenium_prime_5k_human,human,ENSG00000170689
xenium_prime_5k_human,human,ENSG00000170734
xenium_prime_5k_human,human,ENSG00000170759
xenium_prime_5k_human,human,ENSG00000170775
xenium_prime_5k_human,human,ENSG00000170788
xenium_prime_5k_human,human,ENSG00000170819
xenium_prime_5k_human,human,ENSG00000170820
xenium_prime_5k_human,human,ENSG00000170832
xenium_prime_5k_human,human,ENSG00000170836
xenium_prime_5k_human,human,ENSG00000170876
xenium_prime_5k_human,human,ENSG00000170893
xenium_prime_5k_human,human,ENSG00000170906
xenium_prime_5k_human,human,ENSG00000170927
xenium_prime_5k_human,human,ENSG00000170955
xenium_prime_5k_human,human,ENSG00000170956
xenium_prime_5k_human,human,ENSG00000170959
xenium_prime_5k_human,human,ENSG00000170961
xenium_prime_5k_human,human,ENSG00000170962
xenium_prime_5k_human,human,ENSG00000170989
xenium_prime_5k_human,human,ENSG00000171004
xenium_prime_5k_human,human,ENSG00000171033
xenium_prime_5k_human,human,ENSG00000171049
xenium_prime_5k_human,human,ENSG00000171051
xenium_prime_5k_human,human,ENSG00000171094
xenium_prime_5k_human,human,ENSG00000171105
xenium_prime_5k_human,human,ENSG00000171115
xenium_prime_5k_human,human,ENSG00000171124
xenium_prime_5k_human,human,ENSG00000171132
xenium_prime_5k_human,human,ENSG00000171136
xenium_prime_5k_human,human,ENSG00000171169
xenium_prime_5k_human,human,ENSG00000171199
xenium_prime_5k_human,human,ENSG00000171202
xenium_prime_5k_human,human,ENSG00000171219
xenium_prime_5k_human,human,ENSG00000171234
xenium_prime_5k_human,human,ENSG00000171236
xenium_prime_5k_human,human,ENSG00000171243
xenium_prime_5k_human,human,ENSG00000171298
xenium_prime_5k_human,human,ENSG00000171303
xenium_prime_5k_human,human,ENSG00000171316
xenium_prime_5k_human,human,ENSG00000171357
xenium_prime_5k_human,human,ENSG00000171365
xenium_prime_5k_human,human,ENSG00000171368
xenium_prime_5k_human,human,ENSG00000171388
xenium_prime_5k_human,human,ENSG00000171428
xenium_prime_5k_human,human,ENSG00000171431
xenium_prime_5k_human,human,ENSG00000171456
xenium_prime_5k_human,human,ENSG00000171462
xenium_prime_5k_human,human,ENSG00000171476
xenium_prime_5k_human,human,ENSG00000171487
xenium_prime_5k_human,human,ENSG00000171497
xenium_prime_5k_human,human,ENSG00000171509
xenium_prime_5k_human,human,ENSG00000171517
xenium_prime_5k_human,human,ENSG00000171522
xenium_prime_5k_human,human,ENSG00000171532
xenium_prime_5k_human,human,ENSG00000171551
xenium_prime_5k_human,human,ENSG00000171552
xenium_prime_5k_human,human,ENSG00000171603
xenium_prime_5k_human,human,ENSG00000171608
xenium_prime_5k_human,human,ENSG00000171631
xenium_prime_5k_human,human,ENSG00000171659
xenium_prime_5k_human,human,ENSG00000171711
xenium_prime_5k_human,human,ENSG00000171720
xenium_prime_5k_human,human,ENSG00000171723
xenium_prime_5k_human,human,ENSG00000171759
xenium_prime_5k_human,human,ENSG00000171763
xenium_prime_5k_human,human,ENSG00000171791
xenium_prime_5k_human,human,ENSG00000171798
xenium_prime_5k_human,human,ENSG00000171806
xenium_prime_5k_human,human,ENSG00000171811
xenium_prime_5k_human,human,ENSG00000171819
xenium_prime_5k_human,human,ENSG00000171824
xenium_prime_5k_human,human,ENSG00000171848
xenium_prime_5k_human,human,ENSG00000171855
xenium_prime_5k_human,human,ENSG00000171860
xenium_prime_5k_human,human,ENSG00000171861
xenium_prime_5k_human,human,ENSG00000171862
xenium_prime_5k_human,human,ENSG00000171867
xenium_prime_5k_human,human,ENSG00000171872
xenium_prime_5k_human,human,ENSG00000171873
xenium_prime_5k_human,human,ENSG00000171885
xenium_prime_5k_human,human,ENSG00000171951
xenium_prime_5k_human,human,ENSG00000171956
xenium_prime_5k_human,human,ENSG00000171962
xenium_prime_5k_human,human,ENSG00000171984
xenium_prime_5k_human,human,ENSG00000172005
xenium_prime_5k_human,human,ENSG00000172020
xenium_prime_5k_human,human,ENSG00000172061
xenium_prime_5k_human,human,ENSG00000172062
xenium_prime_5k_human,human,ENSG00000172071
xenium_prime_5k_human,human,ENSG00000172115
xenium_prime_5k_human,human,ENSG00000172116
xenium_prime_5k_human,human,ENSG00000172137
xenium_prime_5k_human,human,ENSG00000172156
xenium_prime_5k_human,human,ENSG00000172171
xenium_prime_5k_human,human,ENSG00000172175
xenium_prime_5k_human,human,ENSG00000172179
xenium_prime_5k_human,human,ENSG00000172201
xenium_prime_5k_human,human,ENSG00000172209
xenium_prime_5k_human,human,ENSG00000172215
xenium_prime_5k_human,human,ENSG00000172238
xenium_prime_5k_human,human,ENSG00000172243
xenium_prime_5k_human,human,ENSG00000172269
xenium_prime_5k_human,human,ENSG00000172322
xenium_prime_5k_human,human,ENSG00000172348
xenium_prime_5k_human,human,ENSG00000172349
xenium_prime_5k_human,human,ENSG00000172403
xenium_prime_5k_human,human,ENSG00000172426
xenium_prime_5k_human,human,ENSG00000172458
xenium_prime_5k_human,human,ENSG00000172469
xenium_prime_5k_human,human,ENSG00000172482
xenium_prime_5k_human,human,ENSG00000172493
xenium_prime_5k_human,human,ENSG00000172500
xenium_prime_5k_human,human,ENSG00000172531
xenium_prime_5k_human,human,ENSG00000172534
xenium_prime_5k_human,human,ENSG00000172554
xenium_prime_5k_human,human,ENSG00000172572
xenium_prime_5k_human,human,ENSG00000172575
xenium_prime_5k_human,human,ENSG00000172673
xenium_prime_5k_human,human,ENSG00000172716
xenium_prime_5k_human,human,ENSG00000172724
xenium_prime_5k_human,human,ENSG00000172725
xenium_prime_5k_human,human,ENSG00000172731
xenium_prime_5k_human,human,ENSG00000172766
xenium_prime_5k_human,human,ENSG00000172845
xenium_prime_5k_human,human,ENSG00000172869
xenium_prime_5k_human,human,ENSG00000172889
xenium_prime_5k_human,human,ENSG00000172893
xenium_prime_5k_human,human,ENSG00000172932
xenium_prime_5k_human,human,ENSG00000172936
xenium_prime_5k_human,human,ENSG00000172939
xenium_prime_5k_human,human,ENSG00000172943
xenium_prime_5k_human,human,ENSG00000172977
xenium_prime_5k_human,human,ENSG00000172986
xenium_prime_5k_human,human,ENSG00000172987
xenium_prime_5k_human,human,ENSG00000173020
xenium_prime_5k_human,human,ENSG00000173039
xenium_prime_5k_human,human,ENSG00000173064
xenium_prime_5k_human,human,ENSG00000173068
xenium_prime_5k_human,human,ENSG00000173083
xenium_prime_5k_human,human,ENSG00000173110
xenium_prime_5k_human,human,ENSG00000173145
xenium_prime_5k_human,human,ENSG00000173153
xenium_prime_5k_human,human,ENSG00000173198
xenium_prime_5k_human,human,ENSG00000173200
xenium_prime_5k_human,human,ENSG00000173253
xenium_prime_5k_human,human,ENSG00000173264
xenium_prime_5k_human,human,ENSG00000173269
xenium_prime_5k_human,human,ENSG00000173273
xenium_prime_5k_human,human,ENSG00000173275
xenium_prime_5k_human,human,ENSG00000173276
xenium_prime_5k_human,human,ENSG00000173334
xenium_prime_5k_human,human,ENSG00000173376
xenium_prime_5k_human,human,ENSG00000173391
xenium_prime_5k_human,human,ENSG00000173402
xenium_prime_5k_human,human,ENSG00000173404
xenium_prime_5k_human,human,ENSG00000173406
xenium_prime_5k_human,human,ENSG00000173451
xenium_prime_5k_human,human,ENSG00000173456
xenium_prime_5k_human,human,ENSG00000173467
xenium_prime_5k_human,human,ENSG00000173473
xenium_prime_5k_human,human,ENSG00000173482
xenium_prime_5k_human,human,ENSG00000173511
xenium_prime_5k_human,human,ENSG00000173530
xenium_prime_5k_human,human,ENSG00000173531
xenium_prime_5k_human,human,ENSG00000173535
xenium_prime_5k_human,human,ENSG00000173546
xenium_prime_5k_human,human,ENSG00000173548
xenium_prime_5k_human,human,ENSG00000173578
xenium_prime_5k_human,human,ENSG00000173585
xenium_prime_5k_human,human,ENSG00000173599
xenium_prime_5k_human,human,ENSG00000173614
xenium_prime_5k_human,human,ENSG00000173638
xenium_prime_5k_human,human,ENSG00000173692
xenium_prime_5k_human,human,ENSG00000173757
xenium_prime_5k_human,human,ENSG00000173762
xenium_prime_5k_human,human,ENSG00000173786
xenium_prime_5k_human,human,ENSG00000173801
xenium_prime_5k_human,human,ENSG00000173805
xenium_prime_5k_human,human,ENSG00000173826
xenium_prime_5k_human,human,ENSG00000173918
xenium_prime_5k_human,human,ENSG00000174004
xenium_prime_5k_human,human,ENSG00000174007
xenium_prime_5k_human,human,ENSG00000174013
xenium_prime_5k_human,human,ENSG00000174059
xenium_prime_5k_human,human,ENSG00000174123
xenium_prime_5k_human,human,ENSG00000174125
xenium_prime_5k_human,human,ENSG00000174130
xenium_prime_5k_human,human,ENSG00000174175
xenium_prime_5k_human,human,ENSG00000174231
xenium_prime_5k_human,human,ENSG00000174282
xenium_prime_5k_human,human,ENSG00000174306
xenium_prime_5k_human,human,ENSG00000174307
xenium_prime_5k_human,human,ENSG00000174365
xenium_prime_5k_human,human,ENSG00000174371
xenium_prime_5k_human,human,ENSG00000174405
xenium_prime_5k_human,human,ENSG00000174417
xenium_prime_5k_human,human,ENSG00000174437
xenium_prime_5k_human,human,ENSG00000174482
xenium_prime_5k_human,human,ENSG00000174562
xenium_prime_5k_human,human,ENSG00000174576
xenium_prime_5k_human,human,ENSG00000174600
xenium_prime_5k_human,human,ENSG00000174672
xenium_prime_5k_human,human,ENSG00000174684
xenium_prime_5k_human,human,ENSG00000174697
xenium_prime_5k_human,human,ENSG00000174775
xenium_prime_5k_human,human,ENSG00000174804
xenium_prime_5k_human,human,ENSG00000174807
xenium_prime_5k_human,human,ENSG00000174827
xenium_prime_5k_human,human,ENSG00000174837
xenium_prime_5k_human,human,ENSG00000174844
xenium_prime_5k_human,human,ENSG00000174885
xenium_prime_5k_human,human,ENSG00000174891
xenium_prime_5k_human,human,ENSG00000174938
xenium_prime_5k_human,human,ENSG00000174944
xenium_prime_5k_human,human,ENSG00000174948
xenium_prime_5k_human,human,ENSG00000174963
xenium_prime_5k_human,human,ENSG00000175003
xenium_prime_5k_human,human,ENSG00000175029
xenium_prime_5k_human,human,ENSG00000175054
xenium_prime_5k_human,human,ENSG00000175063
xenium_prime_5k_human,human,ENSG00000175104
xenium_prime_5k_human,human,ENSG00000175137
xenium_prime_5k_human,human,ENSG00000175164
xenium_prime_5k_human,human,ENSG00000175166
xenium_prime_5k_human,human,ENSG00000175197
xenium_prime_5k_human,human,ENSG00000175206
xenium_prime_5k_human,human,ENSG00000175213
xenium_prime_5k_human,human,ENSG00000175216
xenium_prime_5k_human,human,ENSG00000175325
xenium_prime_5k_human,human,ENSG00000175344
xenium_prime_5k_human,human,ENSG00000175348
xenium_prime_5k_human,human,ENSG00000175354
xenium_prime_5k_human,human,ENSG00000175376
xenium_prime_5k_human,human,ENSG00000175387
xenium_prime_5k_human,human,ENSG00000175426
xenium_prime_5k_human,human,ENSG00000175445
xenium_prime_5k_human,human,ENSG00000175455
xenium_prime_5k_human,human,ENSG00000175467
xenium_prime_5k_human,human,ENSG00000175544
xenium_prime_5k_human,human,ENSG00000175556
xenium_prime_5k_human,human,ENSG00000175567
xenium_prime_5k_human,human,ENSG00000175591
xenium_prime_5k_human,human,ENSG00000175592
xenium_prime_5k_human,human,ENSG00000175595
xenium_prime_5k_human,human,ENSG00000175600
xenium_prime_5k_human,human,ENSG00000175646
xenium_prime_5k_human,human,ENSG00000175662
xenium_prime_5k_human,human,ENSG00000175727
xenium_prime_5k_human,human,ENSG00000175792
xenium_prime_5k_human,human,ENSG00000175866
xenium_prime_5k_human,human,ENSG00000175868
xenium_prime_5k_human,human,ENSG00000175874
xenium_prime_5k_human,human,ENSG00000175906
xenium_prime_5k_human,human,ENSG00000175920
xenium_prime_5k_human,human,ENSG00000175938
xenium_prime_5k_human,human,ENSG00000176014
xenium_prime_5k_human,human,ENSG00000176020
xenium_prime_5k_human,human,ENSG00000176083
xenium_prime_5k_human,human,ENSG00000176105
xenium_prime_5k_human,human,ENSG00000176124
xenium_prime_5k_human,human,ENSG00000176142
xenium_prime_5k_human,human,ENSG00000176155
xenium_prime_5k_human,human,ENSG00000176165
xenium_prime_5k_human,human,ENSG00000176170
xenium_prime_5k_human,human,ENSG00000176171
xenium_prime_5k_human,human,ENSG00000176358
xenium_prime_5k_human,human,ENSG00000176387
xenium_prime_5k_human,human,ENSG00000176435
xenium_prime_5k_human,human,ENSG00000176444
xenium_prime_5k_human,human,ENSG00000176531
xenium_prime_5k_human,human,ENSG00000176623
xenium_prime_5k_human,human,ENSG00000176658
xenium_prime_5k_human,human,ENSG00000176692
xenium_prime_5k_human,human,ENSG00000176697
xenium_prime_5k_human,human,ENSG00000176769
xenium_prime_5k_human,human,ENSG00000176845
xenium_prime_5k_human,human,ENSG00000176884
xenium_prime_5k_human,human,ENSG00000176887
xenium_prime_5k_human,human,ENSG00000176890
xenium_prime_5k_human,human,ENSG00000176896
xenium_prime_5k_human,human,ENSG00000176903
xenium_prime_5k_human,human,ENSG00000176907
xenium_prime_5k_human,human,ENSG00000176919
xenium_prime_5k_human,human,ENSG00000176920
xenium_prime_5k_human,human,ENSG00000176928
xenium_prime_5k_human,human,ENSG00000176974
xenium_prime_5k_human,human,ENSG00000177000
xenium_prime_5k_human,human,ENSG00000177047
xenium_prime_5k_human,human,ENSG00000177084
xenium_prime_5k_human,human,ENSG00000177098
xenium_prime_5k_human,human,ENSG00000177108
xenium_prime_5k_human,human,ENSG00000177138
xenium_prime_5k_human,human,ENSG00000177169
xenium_prime_5k_human,human,ENSG00000177239
xenium_prime_5k_human,human,ENSG00000177243
xenium_prime_5k_human,human,ENSG00000177272
xenium_prime_5k_human,human,ENSG00000177380
xenium_prime_5k_human,human,ENSG00000177425
xenium_prime_5k_human,human,ENSG00000177432
xenium_prime_5k_human,human,ENSG00000177455
xenium_prime_5k_human,human,ENSG00000177463
xenium_prime_5k_human,human,ENSG00000177464
xenium_prime_5k_human,human,ENSG00000177485
xenium_prime_5k_human,human,ENSG00000177519
xenium_prime_5k_human,human,ENSG00000177551
xenium_prime_5k_human,human,ENSG00000177575
xenium_prime_5k_human,human,ENSG00000177628
xenium_prime_5k_human,human,ENSG00000177663
xenium_prime_5k_human,human,ENSG00000177666
xenium_prime_5k_human,human,ENSG00000177688
xenium_prime_5k_human,human,ENSG00000177697
xenium_prime_5k_human,human,ENSG00000177707
xenium_prime_5k_human,human,ENSG00000177731
xenium_prime_5k_human,human,ENSG00000177807
xenium_prime_5k_human,human,ENSG00000177885
xenium_prime_5k_human,human,ENSG00000177963
xenium_prime_5k_human,human,ENSG00000177990
xenium_prime_5k_human,human,ENSG00000178035
xenium_prime_5k_human,human,ENSG00000178053
xenium_prime_5k_human,human,ENSG00000178104
xenium_prime_5k_human,human,ENSG00000178105
xenium_prime_5k_human,human,ENSG00000178199
xenium_prime_5k_human,human,ENSG00000178209
xenium_prime_5k_human,human,ENSG00000178235
xenium_prime_5k_human,human,ENSG00000178363
xenium_prime_5k_human,human,ENSG00000178394
xenium_prime_5k_human,human,ENSG00000178403
xenium_prime_5k_human,human,ENSG00000178467
xenium_prime_5k_human,human,ENSG00000178562
xenium_prime_5k_human,human,ENSG00000178567
xenium_prime_5k_human,human,ENSG00000178573
xenium_prime_5k_human,human,ENSG00000178607
xenium_prime_5k_human,human,ENSG00000178726
xenium_prime_5k_human,human,ENSG00000178732
xenium_prime_5k_human,human,ENSG00000178752
xenium_prime_5k_human,human,ENSG00000178802
xenium_prime_5k_human,human,ENSG00000178860
xenium_prime_5k_human,human,ENSG00000178919
xenium_prime_5k_human,human,ENSG00000178927
xenium_prime_5k_human,human,ENSG00000178952
xenium_prime_5k_human,human,ENSG00000178988
xenium_prime_5k_human,human,ENSG00000178999
xenium_prime_5k_human,human,ENSG00000179041
xenium_prime_5k_human,human,ENSG00000179094
xenium_prime_5k_human,human,ENSG00000179142
xenium_prime_5k_human,human,ENSG00000179163
xenium_prime_5k_human,human,ENSG00000179295
xenium_prime_5k_human,human,ENSG00000179335
xenium_prime_5k_human,human,ENSG00000179348
xenium_prime_5k_human,human,ENSG00000179361
xenium_prime_5k_human,human,ENSG00000179387
xenium_prime_5k_human,human,ENSG00000179388
xenium_prime_5k_human,human,ENSG00000179455
xenium_prime_5k_human,human,ENSG00000179520
xenium_prime_5k_human,human,ENSG00000179526
xenium_prime_5k_human,human,ENSG00000179542
xenium_prime_5k_human,human,ENSG00000179546
xenium_prime_5k_human,human,ENSG00000179583
xenium_prime_5k_human,human,ENSG00000179630
xenium_prime_5k_human,human,ENSG00000179639
xenium_prime_5k_human,human,ENSG00000179673
xenium_prime_5k_human,human,ENSG00000179750
xenium_prime_5k_human,human,ENSG00000179774
xenium_prime_5k_human,human,ENSG00000179776
xenium_prime_5k_human,human,ENSG00000179796
xenium_prime_5k_human,human,ENSG00000179873
xenium_prime_5k_human,human,ENSG00000179886
xenium_prime_5k_human,human,ENSG00000179889
xenium_prime_5k_human,human,ENSG00000179912
xenium_prime_5k_human,human,ENSG00000179934
xenium_prime_5k_human,human,ENSG00000179981
xenium_prime_5k_human,human,ENSG00000180138
xenium_prime_5k_human,human,ENSG00000180176
xenium_prime_5k_human,human,ENSG00000180198
xenium_prime_5k_human,human,ENSG00000180210
xenium_prime_5k_human,human,ENSG00000180228
xenium_prime_5k_human,human,ENSG00000180264
xenium_prime_5k_human,human,ENSG00000180269
xenium_prime_5k_human,human,ENSG00000180316
xenium_prime_5k_human,human,ENSG00000180318
xenium_prime_5k_human,human,ENSG00000180329
xenium_prime_5k_human,human,ENSG00000180370
xenium_prime_5k_human,human,ENSG00000180509
xenium_prime_5k_human,human,ENSG00000180530
xenium_prime_5k_human,human,ENSG00000180543
xenium_prime_5k_human,human,ENSG00000180549
xenium_prime_5k_human,human,ENSG00000180613
xenium_prime_5k_human,human,ENSG00000180616
xenium_prime_5k_human,human,ENSG00000180644
xenium_prime_5k_human,human,ENSG00000180660
xenium_prime_5k_human,human,ENSG00000180720
xenium_prime_5k_human,human,ENSG00000180739
xenium_prime_5k_human,human,ENSG00000180772
xenium_prime_5k_human,human,ENSG00000180815
xenium_prime_5k_human,human,ENSG00000180871
xenium_prime_5k_human,human,ENSG00000180875
xenium_prime_5k_human,human,ENSG00000180900
xenium_prime_5k_human,human,ENSG00000180914
xenium_prime_5k_human,human,ENSG00000180957
xenium_prime_5k_human,human,ENSG00000181019
xenium_prime_5k_human,human,ENSG00000181072
xenium_prime_5k_human,human,ENSG00000181085
xenium_prime_5k_human,human,ENSG00000181090
xenium_prime_5k_human,human,ENSG00000181092
xenium_prime_5k_human,human,ENSG00000181104
xenium_prime_5k_human,human,ENSG00000181143
xenium_prime_5k_human,human,ENSG00000181195
xenium_prime_5k_human,human,ENSG00000181222
xenium_prime_5k_human,human,ENSG00000181374
xenium_prime_5k_human,human,ENSG00000181449
xenium_prime_5k_human,human,ENSG00000181458
xenium_prime_5k_human,human,ENSG00000181523
xenium_prime_5k_human,human,ENSG00000181541
xenium_prime_5k_human,human,ENSG00000181619
xenium_prime_5k_human,human,ENSG00000181631
xenium_prime_5k_human,human,ENSG00000181634
xenium_prime_5k_human,human,ENSG00000181656
xenium_prime_5k_human,human,ENSG00000181754
xenium_prime_5k_human,human,ENSG00000181773
xenium_prime_5k_human,human,ENSG00000181790
xenium_prime_5k_human,human,ENSG00000181847
xenium_prime_5k_human,human,ENSG00000181856
xenium_prime_5k_human,human,ENSG00000181885
xenium_prime_5k_human,human,ENSG00000181929
xenium_prime_5k_human,human,ENSG00000182010
xenium_prime_5k_human,human,ENSG00000182054
xenium_prime_5k_human,human,ENSG00000182199
xenium_prime_5k_human,human,ENSG00000182208
xenium_prime_5k_human,human,ENSG00000182240
xenium_prime_5k_human,human,ENSG00000182253
xenium_prime_5k_human,human,ENSG00000182255
xenium_prime_5k_human,human,ENSG00000182256
xenium_prime_5k_human,human,ENSG00000182333
xenium_prime_5k_human,human,ENSG00000182346
xenium_prime_5k_human,human,ENSG00000182379
xenium_prime_5k_human,human,ENSG00000182393
xenium_prime_5k_human,human,ENSG00000182450
xenium_prime_5k_human,human,ENSG00000182481
xenium_prime_5k_human,human,ENSG00000182511
xenium_prime_5k_human,human,ENSG00000182534
xenium_prime_5k_human,human,ENSG00000182544
xenium_prime_5k_human,human,ENSG00000182552
xenium_prime_5k_human,human,ENSG00000182568
xenium_prime_5k_human,human,ENSG00000182578
xenium_prime_5k_human,human,ENSG00000182612
xenium_prime_5k_human,human,ENSG00000182621
xenium_prime_5k_human,human,ENSG00000182631
xenium_prime_5k_human,human,ENSG00000182718
xenium_prime_5k_human,human,ENSG00000182742
xenium_prime_5k_human,human,ENSG00000182752
xenium_prime_5k_human,human,ENSG00000182771
xenium_prime_5k_human,human,ENSG00000182782
xenium_prime_5k_human,human,ENSG00000182810
xenium_prime_5k_human,human,ENSG00000182866
xenium_prime_5k_human,human,ENSG00000182871
xenium_prime_5k_human,human,ENSG00000182872
xenium_prime_5k_human,human,ENSG00000182944
xenium_prime_5k_human,human,ENSG00000182963
xenium_prime_5k_human,human,ENSG00000182968
xenium_prime_5k_human,human,ENSG00000182979
xenium_prime_5k_human,human,ENSG00000183020
xenium_prime_5k_human,human,ENSG00000183044
xenium_prime_5k_human,human,ENSG00000183048
xenium_prime_5k_human,human,ENSG00000183054
xenium_prime_5k_human,human,ENSG00000183087
xenium_prime_5k_human,human,ENSG00000183134
xenium_prime_5k_human,human,ENSG00000183160
xenium_prime_5k_human,human,ENSG00000183185
xenium_prime_5k_human,human,ENSG00000183207
xenium_prime_5k_human,human,ENSG00000183283
xenium_prime_5k_human,human,ENSG00000183287
xenium_prime_5k_human,human,ENSG00000183317
xenium_prime_5k_human,human,ENSG00000183337
xenium_prime_5k_human,human,ENSG00000183346
xenium_prime_5k_human,human,ENSG00000183386
xenium_prime_5k_human,human,ENSG00000183395
xenium_prime_5k_human,human,ENSG00000183421
xenium_prime_5k_human,human,ENSG00000183479
xenium_prime_5k_human,human,ENSG00000183508
xenium_prime_5k_human,human,ENSG00000183530
xenium_prime_5k_human,human,ENSG00000183570
xenium_prime_5k_human,human,ENSG00000183597
xenium_prime_5k_human,human,ENSG00000183625
xenium_prime_5k_human,human,ENSG00000183638
xenium_prime_5k_human,human,ENSG00000183671
xenium_prime_5k_human,human,ENSG00000183682
xenium_prime_5k_human,human,ENSG00000183684
xenium_prime_5k_human,human,ENSG00000183690
xenium_prime_5k_human,human,ENSG00000183695
xenium_prime_5k_human,human,ENSG00000183709
xenium_prime_5k_human,human,ENSG00000183734
xenium_prime_5k_human,human,ENSG00000183735
xenium_prime_5k_human,human,ENSG00000183742
xenium_prime_5k_human,human,ENSG00000183765
xenium_prime_5k_human,human,ENSG00000183770
xenium_prime_5k_human,human,ENSG00000183813
xenium_prime_5k_human,human,ENSG00000183826
xenium_prime_5k_human,human,ENSG00000183840
xenium_prime_5k_human,human,ENSG00000183914
xenium_prime_5k_human,human,ENSG00000183918
xenium_prime_5k_human,human,ENSG00000183963
xenium_prime_5k_human,human,ENSG00000184012
xenium_prime_5k_human,human,ENSG00000184033
xenium_prime_5k_human,human,ENSG00000184047
xenium_prime_5k_human,human,ENSG00000184110
xenium_prime_5k_human,human,ENSG00000184113
xenium_prime_5k_human,human,ENSG00000184117
xenium_prime_5k_human,human,ENSG00000184144
xenium_prime_5k_human,human,ENSG00000184160
xenium_prime_5k_human,human,ENSG00000184178
xenium_prime_5k_human,human,ENSG00000184185
xenium_prime_5k_human,human,ENSG00000184216
xenium_prime_5k_human,human,ENSG00000184220
xenium_prime_5k_human,human,ENSG00000184221
xenium_prime_5k_human,human,ENSG00000184261
xenium_prime_5k_human,human,ENSG00000184281
xenium_prime_5k_human,human,ENSG00000184304
xenium_prime_5k_human,human,ENSG00000184344
xenium_prime_5k_human,human,ENSG00000184347
xenium_prime_5k_human,human,ENSG00000184371
xenium_prime_5k_human,human,ENSG00000184381
xenium_prime_5k_human,human,ENSG00000184384
xenium_prime_5k_human,human,ENSG00000184428
xenium_prime_5k_human,human,ENSG00000184481
xenium_prime_5k_human,human,ENSG00000184489
xenium_prime_5k_human,human,ENSG00000184500
xenium_prime_5k_human,human,ENSG00000184557
xenium_prime_5k_human,human,ENSG00000184574
xenium_prime_5k_human,human,ENSG00000184584
xenium_prime_5k_human,human,ENSG00000184588
xenium_prime_5k_human,human,ENSG00000184634
xenium_prime_5k_human,human,ENSG00000184640
xenium_prime_5k_human,human,ENSG00000184661
xenium_prime_5k_human,human,ENSG00000184675
xenium_prime_5k_human,human,ENSG00000184677
xenium_prime_5k_human,human,ENSG00000184702
xenium_prime_5k_human,human,ENSG00000184708
xenium_prime_5k_human,human,ENSG00000184735
xenium_prime_5k_human,human,ENSG00000184743
xenium_prime_5k_human,human,ENSG00000184792
xenium_prime_5k_human,human,ENSG00000184845
xenium_prime_5k_human,human,ENSG00000184895
xenium_prime_5k_human,human,ENSG00000184937
xenium_prime_5k_human,human,ENSG00000184984
xenium_prime_5k_human,human,ENSG00000184985
xenium_prime_5k_human,human,ENSG00000184992
xenium_prime_5k_human,human,ENSG00000185000
xenium_prime_5k_human,human,ENSG00000185010
xenium_prime_5k_human,human,ENSG00000185022
xenium_prime_5k_human,human,ENSG00000185033
xenium_prime_5k_human,human,ENSG00000185104
xenium_prime_5k_human,human,ENSG00000185122
xenium_prime_5k_human,human,ENSG00000185149
xenium_prime_5k_human,human,ENSG00000185163
xenium_prime_5k_human,human,ENSG00000185187
xenium_prime_5k_human,human,ENSG00000185245
xenium_prime_5k_human,human,ENSG00000185247
xenium_prime_5k_human,human,ENSG00000185291
xenium_prime_5k_human,human,ENSG00000185298
xenium_prime_5k_human,human,ENSG00000185324
xenium_prime_5k_human,human,ENSG00000185338
xenium_prime_5k_human,human,ENSG00000185340
xenium_prime_5k_human,human,ENSG00000185345
xenium_prime_5k_human,human,ENSG00000185347
xenium_prime_5k_human,human,ENSG00000185359
xenium_prime_5k_human,human,ENSG00000185386
xenium_prime_5k_human,human,ENSG00000185420
xenium_prime_5k_human,human,ENSG00000185437
xenium_prime_5k_human,human,ENSG00000185482
xenium_prime_5k_human,human,ENSG00000185483
xenium_prime_5k_human,human,ENSG00000185499
xenium_prime_5k_human,human,ENSG00000185507
xenium_prime_5k_human,human,ENSG00000185519
xenium_prime_5k_human,human,ENSG00000185559
xenium_prime_5k_human,human,ENSG00000185591
xenium_prime_5k_human,human,ENSG00000185615
xenium_prime_5k_human,human,ENSG00000185624
xenium_prime_5k_human,human,ENSG00000185630
xenium_prime_5k_human,human,ENSG00000185634
xenium_prime_5k_human,human,ENSG00000185651
xenium_prime_5k_human,human,ENSG00000185652
xenium_prime_5k_human,human,ENSG00000185668
xenium_prime_5k_human,human,ENSG00000185670
xenium_prime_5k_human,human,ENSG00000185686
xenium_prime_5k_human,human,ENSG00000185721
xenium_prime_5k_human,human,ENSG00000185728
xenium_prime_5k_human,human,ENSG00000185745
xenium_prime_5k_human,human,ENSG00000185792
xenium_prime_5k_human,human,ENSG00000185800
xenium_prime_5k_human,human,ENSG00000185811
xenium_prime_5k_human,human,ENSG00000185838
xenium_prime_5k_human,human,ENSG00000185842
xenium_prime_5k_human,human,ENSG00000185862
xenium_prime_5k_human,human,ENSG00000185869
xenium_prime_5k_human,human,ENSG00000185885
xenium_prime_5k_human,human,ENSG00000185896
xenium_prime_5k_human,human,ENSG00000185917
xenium_prime_5k_human,human,ENSG00000185920
xenium_prime_5k_human,human,ENSG00000185950
xenium_prime_5k_human,human,ENSG00000185960
xenium_prime_5k_human,human,ENSG00000185985
xenium_prime_5k_human,human,ENSG00000186051
xenium_prime_5k_human,human,ENSG00000186115
xenium_prime_5k_human,human,ENSG00000186153
xenium_prime_5k_human,human,ENSG00000186193
xenium_prime_5k_human,human,ENSG00000186260
xenium_prime_5k_human,human,ENSG00000186265
xenium_prime_5k_human,human,ENSG00000186283
xenium_prime_5k_human,human,ENSG00000186297
xenium_prime_5k_human,human,ENSG00000186310
xenium_prime_5k_human,human,ENSG00000186318
xenium_prime_5k_human,human,ENSG00000186340
xenium_prime_5k_human,human,ENSG00000186350
xenium_prime_5k_human,human,ENSG00000186407
xenium_prime_5k_human,human,ENSG00000186416
xenium_prime_5k_human,human,ENSG00000186417
xenium_prime_5k_human,human,ENSG00000186431
xenium_prime_5k_human,human,ENSG00000186564
xenium_prime_5k_human,human,ENSG00000186575
xenium_prime_5k_human,human,ENSG00000186625
xenium_prime_5k_human,human,ENSG00000186642
xenium_prime_5k_human,human,ENSG00000186652
xenium_prime_5k_human,human,ENSG00000186716
xenium_prime_5k_human,human,ENSG00000186732
xenium_prime_5k_human,human,ENSG00000186790
xenium_prime_5k_human,human,ENSG00000186795
xenium_prime_5k_human,human,ENSG00000186810
xenium_prime_5k_human,human,ENSG00000186815
xenium_prime_5k_human,human,ENSG00000186818
xenium_prime_5k_human,human,ENSG00000186834
xenium_prime_5k_human,human,ENSG00000186862
xenium_prime_5k_human,human,ENSG00000186867
xenium_prime_5k_human,human,ENSG00000186868
xenium_prime_5k_human,human,ENSG00000186891
xenium_prime_5k_human,human,ENSG00000186908
xenium_prime_5k_human,human,ENSG00000186918
xenium_prime_5k_human,human,ENSG00000186951
xenium_prime_5k_human,human,ENSG00000187003
xenium_prime_5k_human,human,ENSG00000187010
xenium_prime_5k_human,human,ENSG00000187045
xenium_prime_5k_human,human,ENSG00000187094
xenium_prime_5k_human,human,ENSG00000187098
xenium_prime_5k_human,human,ENSG00000187116
xenium_prime_5k_human,human,ENSG00000187135
xenium_prime_5k_human,human,ENSG00000187244
xenium_prime_5k_human,human,ENSG00000187258
xenium_prime_5k_human,human,ENSG00000187266
xenium_prime_5k_human,human,ENSG00000187288
xenium_prime_5k_human,human,ENSG00000187486
xenium_prime_5k_human,human,ENSG00000187498
xenium_prime_5k_human,human,ENSG00000187531
xenium_prime_5k_human,human,ENSG00000187554
xenium_prime_5k_human,human,ENSG00000187555
xenium_prime_5k_human,human,ENSG00000187627
xenium_prime_5k_human,human,ENSG00000187682
xenium_prime_5k_human,human,ENSG00000187690
xenium_prime_5k_human,human,ENSG00000187730
xenium_prime_5k_human,human,ENSG00000187741
xenium_prime_5k_human,human,ENSG00000187764
xenium_prime_5k_human,human,ENSG00000187772
xenium_prime_5k_human,human,ENSG00000187796
xenium_prime_5k_human,human,ENSG00000187840
xenium_prime_5k_human,human,ENSG00000187954
xenium_prime_5k_human,human,ENSG00000188015
xenium_prime_5k_human,human,ENSG00000188026
xenium_prime_5k_human,human,ENSG00000188130
xenium_prime_5k_human,human,ENSG00000188153
xenium_prime_5k_human,human,ENSG00000188290
xenium_prime_5k_human,human,ENSG00000188313
xenium_prime_5k_human,human,ENSG00000188379
xenium_prime_5k_human,human,ENSG00000188389
xenium_prime_5k_human,human,ENSG00000188393
xenium_prime_5k_human,human,ENSG00000188404
xenium_prime_5k_human,human,ENSG00000188486
xenium_prime_5k_human,human,ENSG00000188487
xenium_prime_5k_human,human,ENSG00000188488
xenium_prime_5k_human,human,ENSG00000188517
xenium_prime_5k_human,human,ENSG00000188542
xenium_prime_5k_human,human,ENSG00000188603
xenium_prime_5k_human,human,ENSG00000188629
xenium_prime_5k_human,human,ENSG00000188641
xenium_prime_5k_human,human,ENSG00000188672
xenium_prime_5k_human,human,ENSG00000188735
xenium_prime_5k_human,human,ENSG00000188739
xenium_prime_5k_human,human,ENSG00000188763
xenium_prime_5k_human,human,ENSG00000188778
xenium_prime_5k_human,human,ENSG00000188807
xenium_prime_5k_human,human,ENSG00000188816
xenium_prime_5k_human,human,ENSG00000188822
xenium_prime_5k_human,human,ENSG00000188906
xenium_prime_5k_human,human,ENSG00000188937
xenium_prime_5k_human,human,ENSG00000189013
xenium_prime_5k_human,human,ENSG00000189056
xenium_prime_5k_human,human,ENSG00000189068
xenium_prime_5k_human,human,ENSG00000189091
xenium_prime_5k_human,human,ENSG00000189134
xenium_prime_5k_human,human,ENSG00000189184
xenium_prime_5k_human,human,ENSG00000189221
xenium_prime_5k_human,human,ENSG00000189367
xenium_prime_5k_human,human,ENSG00000189430
xenium_prime_5k_human,human,ENSG00000196072
xenium_prime_5k_human,human,ENSG00000196083
xenium_prime_5k_human,human,ENSG00000196092
xenium_prime_5k_human,human,ENSG00000196116
xenium_prime_5k_human,human,ENSG00000196136
xenium_prime_5k_human,human,ENSG00000196139
xenium_prime_5k_human,human,ENSG00000196141
xenium_prime_5k_human,human,ENSG00000196159
xenium_prime_5k_human,human,ENSG00000196182
xenium_prime_5k_human,human,ENSG00000196218
xenium_prime_5k_human,human,ENSG00000196230
xenium_prime_5k_human,human,ENSG00000196236
xenium_prime_5k_human,human,ENSG00000196277
xenium_prime_5k_human,human,ENSG00000196329
xenium_prime_5k_human,human,ENSG00000196335
xenium_prime_5k_human,human,ENSG00000196338
xenium_prime_5k_human,human,ENSG00000196352
xenium_prime_5k_human,human,ENSG00000196358
xenium_prime_5k_human,human,ENSG00000196363
xenium_prime_5k_human,human,ENSG00000196365
xenium_prime_5k_human,human,ENSG00000196367
xenium_prime_5k_human,human,ENSG00000196371
xenium_prime_5k_human,human,ENSG00000196388
xenium_prime_5k_human,human,ENSG00000196396
xenium_prime_5k_human,human,ENSG00000196411
xenium_prime_5k_human,human,ENSG00000196415
xenium_prime_5k_human,human,ENSG00000196419
xenium_prime_5k_human,human,ENSG00000196470
xenium_prime_5k_human,human,ENSG00000196482
xenium_prime_5k_human,human,ENSG00000196498
xenium_prime_5k_human,human,ENSG00000196502
xenium_prime_5k_human,human,ENSG00000196517
xenium_prime_5k_human,human,ENSG00000196549
xenium_prime_5k_human,human,ENSG00000196557
xenium_prime_5k_human,human,ENSG00000196562
xenium_prime_5k_human,human,ENSG00000196576
xenium_prime_5k_human,human,ENSG00000196581
xenium_prime_5k_human,human,ENSG00000196584
xenium_prime_5k_human,human,ENSG00000196586
xenium_prime_5k_human,human,ENSG00000196588
xenium_prime_5k_human,human,ENSG00000196591
xenium_prime_5k_human,human,ENSG00000196604
xenium_prime_5k_human,human,ENSG00000196628
xenium_prime_5k_human,human,ENSG00000196636
xenium_prime_5k_human,human,ENSG00000196639
xenium_prime_5k_human,human,ENSG00000196642
xenium_prime_5k_human,human,ENSG00000196664
xenium_prime_5k_human,human,ENSG00000196689
xenium_prime_5k_human,human,ENSG00000196712
xenium_prime_5k_human,human,ENSG00000196730
xenium_prime_5k_human,human,ENSG00000196756
xenium_prime_5k_human,human,ENSG00000196767
xenium_prime_5k_human,human,ENSG00000196776
xenium_prime_5k_human,human,ENSG00000196792
xenium_prime_5k_human,human,ENSG00000196812
xenium_prime_5k_human,human,ENSG00000196834
xenium_prime_5k_human,human,ENSG00000196839
xenium_prime_5k_human,human,ENSG00000196876
xenium_prime_5k_human,human,ENSG00000196878
xenium_prime_5k_human,human,ENSG00000196961
xenium_prime_5k_human,human,ENSG00000197045
xenium_prime_5k_human,human,ENSG00000197056
xenium_prime_5k_human,human,ENSG00000197062
xenium_prime_5k_human,human,ENSG00000197081
xenium_prime_5k_human,human,ENSG00000197102
xenium_prime_5k_human,human,ENSG00000197106
xenium_prime_5k_human,human,ENSG00000197110
xenium_prime_5k_human,human,ENSG00000197121
xenium_prime_5k_human,human,ENSG00000197122
xenium_prime_5k_human,human,ENSG00000197136
xenium_prime_5k_human,human,ENSG00000197157
xenium_prime_5k_human,human,ENSG00000197168
xenium_prime_5k_human,human,ENSG00000197177
xenium_prime_5k_human,human,ENSG00000197183
xenium_prime_5k_human,human,ENSG00000197208
xenium_prime_5k_human,human,ENSG00000197256
xenium_prime_5k_human,human,ENSG00000197279
xenium_prime_5k_human,human,ENSG00000197299
xenium_prime_5k_human,human,ENSG00000197312
xenium_prime_5k_human,human,ENSG00000197321
xenium_prime_5k_human,human,ENSG00000197375
xenium_prime_5k_human,human,ENSG00000197386
xenium_prime_5k_human,human,ENSG00000197405
xenium_prime_5k_human,human,ENSG00000197429
xenium_prime_5k_human,human,ENSG00000197430
xenium_prime_5k_human,human,ENSG00000197442
xenium_prime_5k_human,human,ENSG00000197457
xenium_prime_5k_human,human,ENSG00000197461
xenium_prime_5k_human,human,ENSG00000197471
xenium_prime_5k_human,human,ENSG00000197487
xenium_prime_5k_human,human,ENSG00000197535
xenium_prime_5k_human,human,ENSG00000197548
xenium_prime_5k_human,human,ENSG00000197561
xenium_prime_5k_human,human,ENSG00000197587
xenium_prime_5k_human,human,ENSG00000197594
xenium_prime_5k_human,human,ENSG00000197601
xenium_prime_5k_human,human,ENSG00000197614
xenium_prime_5k_human,human,ENSG00000197632
xenium_prime_5k_human,human,ENSG00000197635
xenium_prime_5k_human,human,ENSG00000197646
xenium_prime_5k_human,human,ENSG00000197653
xenium_prime_5k_human,human,ENSG00000197696
xenium_prime_5k_human,human,ENSG00000197705
xenium_prime_5k_human,human,ENSG00000197748
xenium_prime_5k_human,human,ENSG00000197785
xenium_prime_5k_human,human,ENSG00000197822
xenium_prime_5k_human,human,ENSG00000197852
xenium_prime_5k_human,human,ENSG00000197879
xenium_prime_5k_human,human,ENSG00000197888
xenium_prime_5k_human,human,ENSG00000197891
xenium_prime_5k_human,human,ENSG00000197919
xenium_prime_5k_human,human,ENSG00000197943
xenium_prime_5k_human,human,ENSG00000197965
xenium_prime_5k_human,human,ENSG00000197969
xenium_prime_5k_human,human,ENSG00000197992
xenium_prime_5k_human,human,ENSG00000197993
xenium_prime_5k_human,human,ENSG00000198001
xenium_prime_5k_human,human,ENSG00000198049
xenium_prime_5k_human,human,ENSG00000198053
xenium_prime_5k_human,human,ENSG00000198087
xenium_prime_5k_human,human,ENSG00000198121
xenium_prime_5k_human,human,ENSG00000198157
xenium_prime_5k_human,human,ENSG00000198178
xenium_prime_5k_human,human,ENSG00000198223
xenium_prime_5k_human,human,ENSG00000198246
xenium_prime_5k_human,human,ENSG00000198286
xenium_prime_5k_human,human,ENSG00000198301
xenium_prime_5k_human,human,ENSG00000198324
xenium_prime_5k_human,human,ENSG00000198373
xenium_prime_5k_human,human,ENSG00000198380
xenium_prime_5k_human,human,ENSG00000198400
xenium_prime_5k_human,human,ENSG00000198431
xenium_prime_5k_human,human,ENSG00000198478
xenium_prime_5k_human,human,ENSG00000198498
xenium_prime_5k_human,human,ENSG00000198513
xenium_prime_5k_human,human,ENSG00000198522
xenium_prime_5k_human,human,ENSG00000198523
xenium_prime_5k_human,human,ENSG00000198553
xenium_prime_5k_human,human,ENSG00000198554
xenium_prime_5k_human,human,ENSG00000198561
xenium_prime_5k_human,human,ENSG00000198563
xenium_prime_5k_human,human,ENSG00000198574
xenium_prime_5k_human,human,ENSG00000198576
xenium_prime_5k_human,human,ENSG00000198586
xenium_prime_5k_human,human,ENSG00000198589
xenium_prime_5k_human,human,ENSG00000198625
xenium_prime_5k_human,human,ENSG00000198648
xenium_prime_5k_human,human,ENSG00000198670
xenium_prime_5k_human,human,ENSG00000198681
xenium_prime_5k_human,human,ENSG00000198691
xenium_prime_5k_human,human,ENSG00000198692
xenium_prime_5k_human,human,ENSG00000198700
xenium_prime_5k_human,human,ENSG00000198719
xenium_prime_5k_human,human,ENSG00000198732
xenium_prime_5k_human,human,ENSG00000198734
xenium_prime_5k_human,human,ENSG00000198742
xenium_prime_5k_human,human,ENSG00000198743
xenium_prime_5k_human,human,ENSG00000198758
xenium_prime_5k_human,human,ENSG00000198759
xenium_prime_5k_human,human,ENSG00000198765
xenium_prime_5k_human,human,ENSG00000198793
xenium_prime_5k_human,human,ENSG00000198805
xenium_prime_5k_human,human,ENSG00000198821
xenium_prime_5k_human,human,ENSG00000198822
xenium_prime_5k_human,human,ENSG00000198824
xenium_prime_5k_human,human,ENSG00000198843
xenium_prime_5k_human,human,ENSG00000198846
xenium_prime_5k_human,human,ENSG00000198848
xenium_prime_5k_human,human,ENSG00000198851
xenium_prime_5k_human,human,ENSG00000198873
xenium_prime_5k_human,human,ENSG00000198900
xenium_prime_5k_human,human,ENSG00000198910
xenium_prime_5k_human,human,ENSG00000198911
xenium_prime_5k_human,human,ENSG00000198914
xenium_prime_5k_human,human,ENSG00000198929
xenium_prime_5k_human,human,ENSG00000198932
xenium_prime_5k_human,human,ENSG00000198947
xenium_prime_5k_human,human,ENSG00000198959
xenium_prime_5k_human,human,ENSG00000198963
xenium_prime_5k_human,human,ENSG00000203710
xenium_prime_5k_human,human,ENSG00000203727
xenium_prime_5k_human,human,ENSG00000203747
xenium_prime_5k_human,human,ENSG00000203786
xenium_prime_5k_human,human,ENSG00000203857
xenium_prime_5k_human,human,ENSG00000203867
xenium_prime_5k_human,human,ENSG00000203883
xenium_prime_5k_human,human,ENSG00000203908
xenium_prime_5k_human,human,ENSG00000204103
xenium_prime_5k_human,human,ENSG00000204130
xenium_prime_5k_human,human,ENSG00000204175
xenium_prime_5k_human,human,ENSG00000204209
xenium_prime_5k_human,human,ENSG00000204217
xenium_prime_5k_human,human,ENSG00000204219
xenium_prime_5k_human,human,ENSG00000204262
xenium_prime_5k_human,human,ENSG00000204267
xenium_prime_5k_human,human,ENSG00000204271
xenium_prime_5k_human,human,ENSG00000204290
xenium_prime_5k_human,human,ENSG00000204296
xenium_prime_5k_human,human,ENSG00000204301
xenium_prime_5k_human,human,ENSG00000204305
xenium_prime_5k_human,human,ENSG00000204371
xenium_prime_5k_human,human,ENSG00000204390
xenium_prime_5k_human,human,ENSG00000204435
xenium_prime_5k_human,human,ENSG00000204444
xenium_prime_5k_human,human,ENSG00000204463
xenium_prime_5k_human,human,ENSG00000204469
xenium_prime_5k_human,human,ENSG00000204475
xenium_prime_5k_human,human,ENSG00000204516
xenium_prime_5k_human,human,ENSG00000204520
xenium_prime_5k_human,human,ENSG00000204531
xenium_prime_5k_human,human,ENSG00000204539
xenium_prime_5k_human,human,ENSG00000204577
xenium_prime_5k_human,human,ENSG00000204580
xenium_prime_5k_human,human,ENSG00000204618
xenium_prime_5k_human,human,ENSG00000204644
xenium_prime_5k_human,human,ENSG00000204655
xenium_prime_5k_human,human,ENSG00000204671
xenium_prime_5k_human,human,ENSG00000204681
xenium_prime_5k_human,human,ENSG00000204713
xenium_prime_5k_human,human,ENSG00000204842
xenium_prime_5k_human,human,ENSG00000204843
xenium_prime_5k_human,human,ENSG00000204859
xenium_prime_5k_human,human,ENSG00000204922
xenium_prime_5k_human,human,ENSG00000204936
xenium_prime_5k_human,human,ENSG00000204961
xenium_prime_5k_human,human,ENSG00000204967
xenium_prime_5k_human,human,ENSG00000204969
xenium_prime_5k_human,human,ENSG00000204970
xenium_prime_5k_human,human,ENSG00000205155
xenium_prime_5k_human,human,ENSG00000205189
xenium_prime_5k_human,human,ENSG00000205213
xenium_prime_5k_human,human,ENSG00000205250
xenium_prime_5k_human,human,ENSG00000205279
xenium_prime_5k_human,human,ENSG00000205339
xenium_prime_5k_human,human,ENSG00000205352
xenium_prime_5k_human,human,ENSG00000205356
xenium_prime_5k_human,human,ENSG00000205362
xenium_prime_5k_human,human,ENSG00000205413
xenium_prime_5k_human,human,ENSG00000205531
xenium_prime_5k_human,human,ENSG00000205571
xenium_prime_5k_human,human,ENSG00000205592
xenium_prime_5k_human,human,ENSG00000205683
xenium_prime_5k_human,human,ENSG00000205758
xenium_prime_5k_human,human,ENSG00000205777
xenium_prime_5k_human,human,ENSG00000205809
xenium_prime_5k_human,human,ENSG00000205838
xenium_prime_5k_human,human,ENSG00000205846
xenium_prime_5k_human,human,ENSG00000205922
xenium_prime_5k_human,human,ENSG00000205927
xenium_prime_5k_human,human,ENSG00000206047
xenium_prime_5k_human,human,ENSG00000206053
xenium_prime_5k_human,human,ENSG00000206073
xenium_prime_5k_human,human,ENSG00000206075
xenium_prime_5k_human,human,ENSG00000206538
xenium_prime_5k_human,human,ENSG00000206561
xenium_prime_5k_human,human,ENSG00000211448
xenium_prime_5k_human,human,ENSG00000211829
xenium_prime_5k_human,human,ENSG00000211891
xenium_prime_5k_human,human,ENSG00000212122
xenium_prime_5k_human,human,ENSG00000213024
xenium_prime_5k_human,human,ENSG00000213139
xenium_prime_5k_human,human,ENSG00000213281
xenium_prime_5k_human,human,ENSG00000213341
xenium_prime_5k_human,human,ENSG00000213398
xenium_prime_5k_human,human,ENSG00000213401
xenium_prime_5k_human,human,ENSG00000213523
xenium_prime_5k_human,human,ENSG00000213551
xenium_prime_5k_human,human,ENSG00000213578
xenium_prime_5k_human,human,ENSG00000213585
xenium_prime_5k_human,human,ENSG00000213593
xenium_prime_5k_human,human,ENSG00000213614
xenium_prime_5k_human,human,ENSG00000213626
xenium_prime_5k_human,human,ENSG00000213658
xenium_prime_5k_human,human,ENSG00000213689
xenium_prime_5k_human,human,ENSG00000213694
xenium_prime_5k_human,human,ENSG00000213809
xenium_prime_5k_human,human,ENSG00000213853
xenium_prime_5k_human,human,ENSG00000213859
xenium_prime_5k_human,human,ENSG00000213886
xenium_prime_5k_human,human,ENSG00000213903
xenium_prime_5k_human,human,ENSG00000213906
xenium_prime_5k_human,human,ENSG00000213923
xenium_prime_5k_human,human,ENSG00000213927
xenium_prime_5k_human,human,ENSG00000213934
xenium_prime_5k_human,human,ENSG00000213949
xenium_prime_5k_human,human,ENSG00000213996
xenium_prime_5k_human,human,ENSG00000214013
xenium_prime_5k_human,human,ENSG00000214042
xenium_prime_5k_human,human,ENSG00000214049
xenium_prime_5k_human,human,ENSG00000214050
xenium_prime_5k_human,human,ENSG00000214063
xenium_prime_5k_human,human,ENSG00000214102
xenium_prime_5k_human,human,ENSG00000214114
xenium_prime_5k_human,human,ENSG00000214415
xenium_prime_5k_human,human,ENSG00000214456
xenium_prime_5k_human,human,ENSG00000214548
xenium_prime_5k_human,human,ENSG00000214575
xenium_prime_5k_human,human,ENSG00000215021
xenium_prime_5k_human,human,ENSG00000215041
xenium_prime_5k_human,human,ENSG00000215182
xenium_prime_5k_human,human,ENSG00000215262
xenium_prime_5k_human,human,ENSG00000215301
xenium_prime_5k_human,human,ENSG00000215644
xenium_prime_5k_human,human,ENSG00000216937
xenium_prime_5k_human,human,ENSG00000217236
xenium_prime_5k_human,human,ENSG00000219438
xenium_prime_5k_human,human,ENSG00000221818
xenium_prime_5k_human,human,ENSG00000221867
xenium_prime_5k_human,human,ENSG00000221946
xenium_prime_5k_human,human,ENSG00000221963
xenium_prime_5k_human,human,ENSG00000222014
xenium_prime_5k_human,human,ENSG00000222038
xenium_prime_5k_human,human,ENSG00000222041
xenium_prime_5k_human,human,ENSG00000224389
xenium_prime_5k_human,human,ENSG00000224470
xenium_prime_5k_human,human,ENSG00000225614
xenium_prime_5k_human,human,ENSG00000225783
xenium_prime_5k_human,human,ENSG00000225830
xenium_prime_5k_human,human,ENSG00000225937
xenium_prime_5k_human,human,ENSG00000225968
xenium_prime_5k_human,human,ENSG00000226979
xenium_prime_5k_human,human,ENSG00000227234
xenium_prime_5k_human,human,ENSG00000227418
xenium_prime_5k_human,human,ENSG00000227500
xenium_prime_5k_human,human,ENSG00000228630
xenium_prime_5k_human,human,ENSG00000228716
xenium_prime_5k_human,human,ENSG00000229859
xenium_prime_5k_human,human,ENSG00000231607
xenium_prime_5k_human,human,ENSG00000231924
xenium_prime_5k_human,human,ENSG00000232040
xenium_prime_5k_human,human,ENSG00000232119
xenium_prime_5k_human,human,ENSG00000232810
xenium_prime_5k_human,human,ENSG00000232956
xenium_prime_5k_human,human,ENSG00000233608
xenium_prime_5k_human,human,ENSG00000234616
xenium_prime_5k_human,human,ENSG00000234829
xenium_prime_5k_human,human,ENSG00000235173
xenium_prime_5k_human,human,ENSG00000235387
xenium_prime_5k_human,human,ENSG00000235718
xenium_prime_5k_human,human,ENSG00000237693
xenium_prime_5k_human,human,ENSG00000239306
xenium_prime_5k_human,human,ENSG00000239672
xenium_prime_5k_human,human,ENSG00000239697
xenium_prime_5k_human,human,ENSG00000239713
xenium_prime_5k_human,human,ENSG00000239732
xenium_prime_5k_human,human,ENSG00000239961
xenium_prime_5k_human,human,ENSG00000239998
xenium_prime_5k_human,human,ENSG00000240021
xenium_prime_5k_human,human,ENSG00000240505
xenium_prime_5k_human,human,ENSG00000240654
xenium_prime_5k_human,human,ENSG00000240694
xenium_prime_5k_human,human,ENSG00000241119
xenium_prime_5k_human,human,ENSG00000241186
xenium_prime_5k_human,human,ENSG00000241399
xenium_prime_5k_human,human,ENSG00000241404
xenium_prime_5k_human,human,ENSG00000241476
xenium_prime_5k_human,human,ENSG00000241563
xenium_prime_5k_human,human,ENSG00000241635
xenium_prime_5k_human,human,ENSG00000241644
xenium_prime_5k_human,human,ENSG00000241973
xenium_prime_5k_human,human,ENSG00000242110
xenium_prime_5k_human,human,ENSG00000242265
xenium_prime_5k_human,human,ENSG00000242441
xenium_prime_5k_human,human,ENSG00000242689
xenium_prime_5k_human,human,ENSG00000242808
xenium_prime_5k_human,human,ENSG00000243056
xenium_prime_5k_human,human,ENSG00000243414
xenium_prime_5k_human,human,ENSG00000243509
xenium_prime_5k_human,human,ENSG00000243566
xenium_prime_5k_human,human,ENSG00000243646
xenium_prime_5k_human,human,ENSG00000243649
xenium_prime_5k_human,human,ENSG00000243725
xenium_prime_5k_human,human,ENSG00000243811
xenium_prime_5k_human,human,ENSG00000243943
xenium_prime_5k_human,human,ENSG00000244405
xenium_prime_5k_human,human,ENSG00000244414
xenium_prime_5k_human,human,ENSG00000244462
xenium_prime_5k_human,human,ENSG00000244474
xenium_prime_5k_human,human,ENSG00000244476
xenium_prime_5k_human,human,ENSG00000244482
xenium_prime_5k_human,human,ENSG00000244509
xenium_prime_5k_human,human,ENSG00000244731
xenium_prime_5k_human,human,ENSG00000245694
xenium_prime_5k_human,human,ENSG00000245848
xenium_prime_5k_human,human,ENSG00000246228
xenium_prime_5k_human,human,ENSG00000247077
xenium_prime_5k_human,human,ENSG00000247315
xenium_prime_5k_human,human,ENSG00000248099
xenium_prime_5k_human,human,ENSG00000248329
xenium_prime_5k_human,human,ENSG00000248905
xenium_prime_5k_human,human,ENSG00000249437
xenium_prime_5k_human,human,ENSG00000249853
xenium_prime_5k_human,human,ENSG00000249859
xenium_prime_5k_human,human,ENSG00000249915
xenium_prime_5k_human,human,ENSG00000250067
xenium_prime_5k_human,human,ENSG00000250361
xenium_prime_5k_human,human,ENSG00000250506
xenium_prime_5k_human,human,ENSG00000250510
xenium_prime_5k_human,human,ENSG00000251322
xenium_prime_5k_human,human,ENSG00000253293
xenium_prime_5k_human,human,ENSG00000253438
xenium_prime_5k_human,human,ENSG00000253626
xenium_prime_5k_human,human,ENSG00000253710
xenium_prime_5k_human,human,ENSG00000253729
xenium_prime_5k_human,human,ENSG00000254087
xenium_prime_5k_human,human,ENSG00000254470
xenium_prime_5k_human,human,ENSG00000254656
xenium_prime_5k_human,human,ENSG00000254772
xenium_prime_5k_human,human,ENSG00000255302
xenium_prime_5k_human,human,ENSG00000255398
xenium_prime_5k_human,human,ENSG00000255529
xenium_prime_5k_human,human,ENSG00000255717
xenium_prime_5k_human,human,ENSG00000255974
xenium_prime_5k_human,human,ENSG00000256762
xenium_prime_5k_human,human,ENSG00000257138
xenium_prime_5k_human,human,ENSG00000257335
xenium_prime_5k_human,human,ENSG00000258227
xenium_prime_5k_human,human,ENSG00000258839
xenium_prime_5k_human,human,ENSG00000258947
xenium_prime_5k_human,human,ENSG00000258992
xenium_prime_5k_human,human,ENSG00000259207
xenium_prime_5k_human,human,ENSG00000259384
xenium_prime_5k_human,human,ENSG00000260027
xenium_prime_5k_human,human,ENSG00000260032
xenium_prime_5k_human,human,ENSG00000260314
xenium_prime_5k_human,human,ENSG00000260596
xenium_prime_5k_human,human,ENSG00000261371
xenium_prime_5k_human,human,ENSG00000262117
xenium_prime_5k_human,human,ENSG00000262406
xenium_prime_5k_human,human,ENSG00000262655
xenium_prime_5k_human,human,ENSG00000263001
xenium_prime_5k_human,human,ENSG00000263528
xenium_prime_5k_human,human,ENSG00000263761
xenium_prime_5k_human,human,ENSG00000264343
xenium_prime_5k_human,human,ENSG00000264424
xenium_prime_5k_human,human,ENSG00000265107
xenium_prime_5k_human,human,ENSG00000265190
xenium_prime_5k_human,human,ENSG00000266094
xenium_prime_5k_human,human,ENSG00000266265
xenium_prime_5k_human,human,ENSG00000266412
xenium_prime_5k_human,human,ENSG00000266967
xenium_prime_5k_human,human,ENSG00000268009
xenium_prime_5k_human,human,ENSG00000268089
xenium_prime_5k_human,human,ENSG00000268388
xenium_prime_5k_human,human,ENSG00000269058
xenium_prime_5k_human,human,ENSG00000269335
xenium_prime_5k_human,human,ENSG00000269404
xenium_prime_5k_human,human,ENSG00000269556
xenium_prime_5k_human,human,ENSG00000269893
xenium_prime_5k_human,human,ENSG00000273079
xenium_prime_5k_human,human,ENSG00000273173
xenium_prime_5k_human,human,ENSG00000273820
xenium_prime_5k_human,human,ENSG00000274276
xenium_prime_5k_human,human,ENSG00000274286
xenium_prime_5k_human,human,ENSG00000274391
xenium_prime_5k_human,human,ENSG00000274736
xenium_prime_5k_human,human,ENSG00000275066
xenium_prime_5k_human,human,ENSG00000275152
xenium_prime_5k_human,human,ENSG00000275385
xenium_prime_5k_human,human,ENSG00000275395
xenium_prime_5k_human,human,ENSG00000275410
xenium_prime_5k_human,human,ENSG00000275718
xenium_prime_5k_human,human,ENSG00000276043
xenium_prime_5k_human,human,ENSG00000276234
xenium_prime_5k_human,human,ENSG00000276409
xenium_prime_5k_human,human,ENSG00000276644
xenium_prime_5k_human,human,ENSG00000277363
xenium_prime_5k_human,human,ENSG00000277586
xenium_prime_5k_human,human,ENSG00000277893
xenium_prime_5k_human,human,ENSG00000278023
xenium_prime_5k_human,human,ENSG00000278129
xenium_prime_5k_human,human,ENSG00000278195
xenium_prime_5k_human,human,ENSG00000278540
xenium_prime_5k_human,human,ENSG00000278570
xenium_prime_5k_human,human,ENSG00000278845
xenium_prime_5k_human,human,ENSG00000280165
xenium_prime_5k_human,human,ENSG00000280997
xenium_prime_5k_human,human,ENSG00000282608
xenium_prime_5k_human,human,ENSG00000282961
xenium_prime_5k_human,human,ENSG00000286070
xenium_prime_5k_mouse,mouse,ENSMUSG00000000001
xenium_prime_5k_mouse,mouse,ENSMUSG00000000031
xenium_prime_5k_mouse,mouse,ENSMUSG00000000058
xenium_prime_5k_mouse,mouse,ENSMUSG00000000085
xenium_prime_5k_mouse,mouse,ENSMUSG00000000093
xenium_prime_5k_mouse,mouse,ENSMUSG00000000094
xenium_prime_5k_mouse,mouse,ENSMUSG00000000120
xenium_prime_5k_mouse,mouse,ENSMUSG00000000125
xenium_prime_5k_mouse,mouse,ENSMUSG00000000126
xenium_prime_5k_mouse,mouse,ENSMUSG00000000142
xenium_prime_5k_mouse,mouse,ENSMUSG00000000149
xenium_prime_5k_mouse,mouse,ENSMUSG00000000154
xenium_prime_5k_mouse,mouse,ENSMUSG00000000159
xenium_prime_5k_mouse,mouse,ENSMUSG00000000182
xenium_prime_5k_mouse,mouse,ENSMUSG00000000184
xenium_prime_5k_mouse,mouse,ENSMUSG00000000194
xenium_prime_5k_mouse,mouse,ENSMUSG00000000214
xenium_prime_5k_mouse,mouse,ENSMUSG00000000216
xenium_prime_5k_mouse,mouse,ENSMUSG00000000247
xenium_prime_5k_mouse,mouse,ENSMUSG00000000263
xenium_prime_5k_mouse,mouse,ENSMUSG00000000290
xenium_prime_5k_mouse,mouse,ENSMUSG00000000303
xenium_prime_5k_mouse,mouse,ENSMUSG00000000305
xenium_prime_5k_mouse,mouse,ENSMUSG00000000318
xenium_prime_5k_mouse,mouse,ENSMUSG00000000320
xenium_prime_5k_mouse,mouse,ENSMUSG00000000326
xenium_prime_5k_mouse,mouse,ENSMUSG00000000374
xenium_prime_5k_mouse,mouse,ENSMUSG00000000381
xenium_prime_5k_mouse,mouse,ENSMUSG00000000385
xenium_prime_5k_mouse,mouse,ENSMUSG00000000392
xenium_prime_5k_mouse,mouse,ENSMUSG00000000394
xenium_prime_5k_mouse,mouse,ENSMUSG00000000399
xenium_prime_5k_mouse,mouse,ENSMUSG00000000409
xenium_prime_5k_mouse,mouse,ENSMUSG00000000416
xenium_prime_5k_mouse,mouse,ENSMUSG00000000435
xenium_prime_5k_mouse,mouse,ENSMUSG00000000440
xenium_prime_5k_mouse,mouse,ENSMUSG00000000441
xenium_prime_5k_mouse,mouse,ENSMUSG00000000489
xenium_prime_5k_mouse,mouse,ENSMUSG00000000530
xenium_prime_5k_mouse,mouse,ENSMUSG00000000532
xenium_prime_5k_mouse,mouse,ENSMUSG00000000544
xenium_prime_5k_mouse,mouse,ENSMUSG00000000555
xenium_prime_5k_mouse,mouse,ENSMUSG00000000560
xenium_prime_5k_mouse,mouse,ENSMUSG00000000563
xenium_prime_5k_mouse,mouse,ENSMUSG00000000567
xenium_prime_5k_mouse,mouse,ENSMUSG00000000594
xenium_prime_5k_mouse,mouse,ENSMUSG00000000600
xenium_prime_5k_mouse,mouse,ENSMUSG00000000605
xenium_prime_5k_mouse,mouse,ENSMUSG00000000617
xenium_prime_5k_mouse,mouse,ENSMUSG00000000628
xenium_prime_5k_mouse,mouse,ENSMUSG00000000631
xenium_prime_5k_mouse,mouse,ENSMUSG00000000632
xenium_prime_5k_mouse,mouse,ENSMUSG00000000690
xenium_prime_5k_mouse,mouse,ENSMUSG00000000708
xenium_prime_5k_mouse,mouse,ENSMUSG00000000711
xenium_prime_5k_mouse,mouse,ENSMUSG00000000730
xenium_prime_5k_mouse,mouse,ENSMUSG00000000731
xenium_prime_5k_mouse,mouse,ENSMUSG00000000732
xenium_prime_5k_mouse,mouse,ENSMUSG00000000751
xenium_prime_5k_mouse,mouse,ENSMUSG00000000766
xenium_prime_5k_mouse,mouse,ENSMUSG00000000782
xenium_prime_5k_mouse,mouse,ENSMUSG00000000791
xenium_prime_5k_mouse,mouse,ENSMUSG00000000804
xenium_prime_5k_mouse,mouse,ENSMUSG00000000805
xenium_prime_5k_mouse,mouse,ENSMUSG00000000817
xenium_prime_5k_mouse,mouse,ENSMUSG00000000826
xenium_prime_5k_mouse,mouse,ENSMUSG00000000838
xenium_prime_5k_mouse,mouse,ENSMUSG00000000861
xenium_prime_5k_mouse,mouse,ENSMUSG00000000869
xenium_prime_5k_mouse,mouse,ENSMUSG00000000881
xenium_prime_5k_mouse,mouse,ENSMUSG00000000889
xenium_prime_5k_mouse,mouse,ENSMUSG00000000902
xenium_prime_5k_mouse,mouse,ENSMUSG00000000915
xenium_prime_5k_mouse,mouse,ENSMUSG00000000938
xenium_prime_5k_mouse,mouse,ENSMUSG00000000942
xenium_prime_5k_mouse,mouse,ENSMUSG00000000957
xenium_prime_5k_mouse,mouse,ENSMUSG00000000982
xenium_prime_5k_mouse,mouse,ENSMUSG00000000983
xenium_prime_5k_mouse,mouse,ENSMUSG00000001016
xenium_prime_5k_mouse,mouse,ENSMUSG00000001017
xenium_prime_5k_mouse,mouse,ENSMUSG00000001018
xenium_prime_5k_mouse,mouse,ENSMUSG00000001027
xenium_prime_5k_mouse,mouse,ENSMUSG00000001034
xenium_prime_5k_mouse,mouse,ENSMUSG00000001062
xenium_prime_5k_mouse,mouse,ENSMUSG00000001119
xenium_prime_5k_mouse,mouse,ENSMUSG00000001120
xenium_prime_5k_mouse,mouse,ENSMUSG00000001123
xenium_prime_5k_mouse,mouse,ENSMUSG00000001127
xenium_prime_5k_mouse,mouse,ENSMUSG00000001131
xenium_prime_5k_mouse,mouse,ENSMUSG00000001151
xenium_prime_5k_mouse,mouse,ENSMUSG00000001156
xenium_prime_5k_mouse,mouse,ENSMUSG00000001211
xenium_prime_5k_mouse,mouse,ENSMUSG00000001225
xenium_prime_5k_mouse,mouse,ENSMUSG00000001228
xenium_prime_5k_mouse,mouse,ENSMUSG00000001229
xenium_prime_5k_mouse,mouse,ENSMUSG00000001247
xenium_prime_5k_mouse,mouse,ENSMUSG00000001248
xenium_prime_5k_mouse,mouse,ENSMUSG00000001260
xenium_prime_5k_mouse,mouse,ENSMUSG00000001270
xenium_prime_5k_mouse,mouse,ENSMUSG00000001280
xenium_prime_5k_mouse,mouse,ENSMUSG00000001281
xenium_prime_5k_mouse,mouse,ENSMUSG00000001288
xenium_prime_5k_mouse,mouse,ENSMUSG00000001300
xenium_prime_5k_mouse,mouse,ENSMUSG00000001313
xenium_prime_5k_mouse,mouse,ENSMUSG00000001323
xenium_prime_5k_mouse,mouse,ENSMUSG00000001334
xenium_prime_5k_mouse,mouse,ENSMUSG00000001348
xenium_prime_5k_mouse,mouse,ENSMUSG00000001349
xenium_prime_5k_mouse,mouse,ENSMUSG00000001416
xenium_prime_5k_mouse,mouse,ENSMUSG00000001418
xenium_prime_5k_mouse,mouse,ENSMUSG00000001419
xenium_prime_5k_mouse,mouse,ENSMUSG00000001435
xenium_prime_5k_mouse,mouse,ENSMUSG00000001436
xenium_prime_5k_mouse,mouse,ENSMUSG00000001440
xenium_prime_5k_mouse,mouse,ENSMUSG00000001441
xenium_prime_5k_mouse,mouse,ENSMUSG00000001444
xenium_prime_5k_mouse,mouse,ENSMUSG00000001493
xenium_prime_5k_mouse,mouse,ENSMUSG00000001494
xenium_prime_5k_mouse,mouse,ENSMUSG00000001496
xenium_prime_5k_mouse,mouse,ENSMUSG00000001497
xenium_prime_5k_mouse,mouse,ENSMUSG00000001504
xenium_prime_5k_mouse,mouse,ENSMUSG00000001506
xenium_prime_5k_mouse,mouse,ENSMUSG00000001507
xenium_prime_5k_mouse,mouse,ENSMUSG00000001508
xenium_prime_5k_mouse,mouse,ENSMUSG00000001510
xenium_prime_5k_mouse,mouse,ENSMUSG00000001517
xenium_prime_5k_mouse,mouse,ENSMUSG00000001552
xenium_prime_5k_mouse,mouse,ENSMUSG00000001566
xenium_prime_5k_mouse,mouse,ENSMUSG00000001630
xenium_prime_5k_mouse,mouse,ENSMUSG00000001632
xenium_prime_5k_mouse,mouse,ENSMUSG00000001642
xenium_prime_5k_mouse,mouse,ENSMUSG00000001656
xenium_prime_5k_mouse,mouse,ENSMUSG00000001657
xenium_prime_5k_mouse,mouse,ENSMUSG00000001661
xenium_prime_5k_mouse,mouse,ENSMUSG00000001729
xenium_prime_5k_mouse,mouse,ENSMUSG00000001761
xenium_prime_5k_mouse,mouse,ENSMUSG00000001783
xenium_prime_5k_mouse,mouse,ENSMUSG00000001785
xenium_prime_5k_mouse,mouse,ENSMUSG00000001815
xenium_prime_5k_mouse,mouse,ENSMUSG00000001819
xenium_prime_5k_mouse,mouse,ENSMUSG00000001823
xenium_prime_5k_mouse,mouse,ENSMUSG00000001827
xenium_prime_5k_mouse,mouse,ENSMUSG00000001833
xenium_prime_5k_mouse,mouse,ENSMUSG00000001847
xenium_prime_5k_mouse,mouse,ENSMUSG00000001864
xenium_prime_5k_mouse,mouse,ENSMUSG00000001870
xenium_prime_5k_mouse,mouse,ENSMUSG00000001911
xenium_prime_5k_mouse,mouse,ENSMUSG00000001930
xenium_prime_5k_mouse,mouse,ENSMUSG00000001946
xenium_prime_5k_mouse,mouse,ENSMUSG00000001964
xenium_prime_5k_mouse,mouse,ENSMUSG00000001985
xenium_prime_5k_mouse,mouse,ENSMUSG00000001986
xenium_prime_5k_mouse,mouse,ENSMUSG00000001988
xenium_prime_5k_mouse,mouse,ENSMUSG00000002028
xenium_prime_5k_mouse,mouse,ENSMUSG00000002033
xenium_prime_5k_mouse,mouse,ENSMUSG00000002052
xenium_prime_5k_mouse,mouse,ENSMUSG00000002057
xenium_prime_5k_mouse,mouse,ENSMUSG00000002068
xenium_prime_5k_mouse,mouse,ENSMUSG00000002083
xenium_prime_5k_mouse,mouse,ENSMUSG00000002100
xenium_prime_5k_mouse,mouse,ENSMUSG00000002103
xenium_prime_5k_mouse,mouse,ENSMUSG00000002104
xenium_prime_5k_mouse,mouse,ENSMUSG00000002108
xenium_prime_5k_mouse,mouse,ENSMUSG00000002111
xenium_prime_5k_mouse,mouse,ENSMUSG00000002129
xenium_prime_5k_mouse,mouse,ENSMUSG00000002147
xenium_prime_5k_mouse,mouse,ENSMUSG00000002190
xenium_prime_5k_mouse,mouse,ENSMUSG00000002210
xenium_prime_5k_mouse,mouse,ENSMUSG00000002221
xenium_prime_5k_mouse,mouse,ENSMUSG00000002233
xenium_prime_5k_mouse,mouse,ENSMUSG00000002249
xenium_prime_5k_mouse,mouse,ENSMUSG00000002257
xenium_prime_5k_mouse,mouse,ENSMUSG00000002265
xenium_prime_5k_mouse,mouse,ENSMUSG00000002289
xenium_prime_5k_mouse,mouse,ENSMUSG00000002307
xenium_prime_5k_mouse,mouse,ENSMUSG00000002308
xenium_prime_5k_mouse,mouse,ENSMUSG00000002324
xenium_prime_5k_mouse,mouse,ENSMUSG00000002325
xenium_prime_5k_mouse,mouse,ENSMUSG00000002329
xenium_prime_5k_mouse,mouse,ENSMUSG00000002341
xenium_prime_5k_mouse,mouse,ENSMUSG00000002345
xenium_prime_5k_mouse,mouse,ENSMUSG00000002384
xenium_prime_5k_mouse,mouse,ENSMUSG00000002413
xenium_prime_5k_mouse,mouse,ENSMUSG00000002477
xenium_prime_5k_mouse,mouse,ENSMUSG00000002489
xenium_prime_5k_mouse,mouse,ENSMUSG00000002496
xenium_prime_5k_mouse,mouse,ENSMUSG00000002546
xenium_prime_5k_mouse,mouse,ENSMUSG00000002565
xenium_prime_5k_mouse,mouse,ENSMUSG00000002588
xenium_prime_5k_mouse,mouse,ENSMUSG00000002602
xenium_prime_5k_mouse,mouse,ENSMUSG00000002603
xenium_prime_5k_mouse,mouse,ENSMUSG00000002633
xenium_prime_5k_mouse,mouse,ENSMUSG00000002679
xenium_prime_5k_mouse,mouse,ENSMUSG00000002688
xenium_prime_5k_mouse,mouse,ENSMUSG00000002699
xenium_prime_5k_mouse,mouse,ENSMUSG00000002718
xenium_prime_5k_mouse,mouse,ENSMUSG00000002748
xenium_prime_5k_mouse,mouse,ENSMUSG00000002771
xenium_prime_5k_mouse,mouse,ENSMUSG00000002799
xenium_prime_5k_mouse,mouse,ENSMUSG00000002833
xenium_prime_5k_mouse,mouse,ENSMUSG00000002846
xenium_prime_5k_mouse,mouse,ENSMUSG00000002870
xenium_prime_5k_mouse,mouse,ENSMUSG00000002885
xenium_prime_5k_mouse,mouse,ENSMUSG00000002897
xenium_prime_5k_mouse,mouse,ENSMUSG00000002900
xenium_prime_5k_mouse,mouse,ENSMUSG00000002944
xenium_prime_5k_mouse,mouse,ENSMUSG00000002957
xenium_prime_5k_mouse,mouse,ENSMUSG00000002980
xenium_prime_5k_mouse,mouse,ENSMUSG00000002983
xenium_prime_5k_mouse,mouse,ENSMUSG00000002997
xenium_prime_5k_mouse,mouse,ENSMUSG00000003031
xenium_prime_5k_mouse,mouse,ENSMUSG00000003032
xenium_prime_5k_mouse,mouse,ENSMUSG00000003037
xenium_prime_5k_mouse,mouse,ENSMUSG00000003051
xenium_prime_5k_mouse,mouse,ENSMUSG00000003053
xenium_prime_5k_mouse,mouse,ENSMUSG00000003068
xenium_prime_5k_mouse,mouse,ENSMUSG00000003070
xenium_prime_5k_mouse,mouse,ENSMUSG00000003099
xenium_prime_5k_mouse,mouse,ENSMUSG00000003123
xenium_prime_5k_mouse,mouse,ENSMUSG00000003131
xenium_prime_5k_mouse,mouse,ENSMUSG00000003135
xenium_prime_5k_mouse,mouse,ENSMUSG00000003153
xenium_prime_5k_mouse,mouse,ENSMUSG00000003154
xenium_prime_5k_mouse,mouse,ENSMUSG00000003166
xenium_prime_5k_mouse,mouse,ENSMUSG00000003184
xenium_prime_5k_mouse,mouse,ENSMUSG00000003190
xenium_prime_5k_mouse,mouse,ENSMUSG00000003200
xenium_prime_5k_mouse,mouse,ENSMUSG00000003206
xenium_prime_5k_mouse,mouse,ENSMUSG00000003226
xenium_prime_5k_mouse,mouse,ENSMUSG00000003227
xenium_prime_5k_mouse,mouse,ENSMUSG00000003228
xenium_prime_5k_mouse,mouse,ENSMUSG00000003233
xenium_prime_5k_mouse,mouse,ENSMUSG00000003283
xenium_prime_5k_mouse,mouse,ENSMUSG00000003308
xenium_prime_5k_mouse,mouse,ENSMUSG00000003316
xenium_prime_5k_mouse,mouse,ENSMUSG00000003344
xenium_prime_5k_mouse,mouse,ENSMUSG00000003379
xenium_prime_5k_mouse,mouse,ENSMUSG00000003382
xenium_prime_5k_mouse,mouse,ENSMUSG00000003410
xenium_prime_5k_mouse,mouse,ENSMUSG00000003411
xenium_prime_5k_mouse,mouse,ENSMUSG00000003420
xenium_prime_5k_mouse,mouse,ENSMUSG00000003421
xenium_prime_5k_mouse,mouse,ENSMUSG00000003435
xenium_prime_5k_mouse,mouse,ENSMUSG00000003436
xenium_prime_5k_mouse,mouse,ENSMUSG00000003438
xenium_prime_5k_mouse,mouse,ENSMUSG00000003458
xenium_prime_5k_mouse,mouse,ENSMUSG00000003476
xenium_prime_5k_mouse,mouse,ENSMUSG00000003518
xenium_prime_5k_mouse,mouse,ENSMUSG00000003526
xenium_prime_5k_mouse,mouse,ENSMUSG00000003527
xenium_prime_5k_mouse,mouse,ENSMUSG00000003534
xenium_prime_5k_mouse,mouse,ENSMUSG00000003549
xenium_prime_5k_mouse,mouse,ENSMUSG00000003555
xenium_prime_5k_mouse,mouse,ENSMUSG00000003573
xenium_prime_5k_mouse,mouse,ENSMUSG00000003575
xenium_prime_5k_mouse,mouse,ENSMUSG00000003657
xenium_prime_5k_mouse,mouse,ENSMUSG00000003680
xenium_prime_5k_mouse,mouse,ENSMUSG00000003778
xenium_prime_5k_mouse,mouse,ENSMUSG00000003779
xenium_prime_5k_mouse,mouse,ENSMUSG00000003810
xenium_prime_5k_mouse,mouse,ENSMUSG00000003824
xenium_prime_5k_mouse,mouse,ENSMUSG00000003847
xenium_prime_5k_mouse,mouse,ENSMUSG00000003849
xenium_prime_5k_mouse,mouse,ENSMUSG00000003868
xenium_prime_5k_mouse,mouse,ENSMUSG00000003873
xenium_prime_5k_mouse,mouse,ENSMUSG00000003882
xenium_prime_5k_mouse,mouse,ENSMUSG00000003923
xenium_prime_5k_mouse,mouse,ENSMUSG00000003934
xenium_prime_5k_mouse,mouse,ENSMUSG00000003949
xenium_prime_5k_mouse,mouse,ENSMUSG00000003974
xenium_prime_5k_mouse,mouse,ENSMUSG00000003992
xenium_prime_5k_mouse,mouse,ENSMUSG00000004018
xenium_prime_5k_mouse,mouse,ENSMUSG00000004040
xenium_prime_5k_mouse,mouse,ENSMUSG00000004043
xenium_prime_5k_mouse,mouse,ENSMUSG00000004044
xenium_prime_5k_mouse,mouse,ENSMUSG00000004054
xenium_prime_5k_mouse,mouse,ENSMUSG00000004056
xenium_prime_5k_mouse,mouse,ENSMUSG00000004099
xenium_prime_5k_mouse,mouse,ENSMUSG00000004113
xenium_prime_5k_mouse,mouse,ENSMUSG00000004151
xenium_prime_5k_mouse,mouse,ENSMUSG00000004221
xenium_prime_5k_mouse,mouse,ENSMUSG00000004231
xenium_prime_5k_mouse,mouse,ENSMUSG00000004263
xenium_prime_5k_mouse,mouse,ENSMUSG00000004264
xenium_prime_5k_mouse,mouse,ENSMUSG00000004266
xenium_prime_5k_mouse,mouse,ENSMUSG00000004267
xenium_prime_5k_mouse,mouse,ENSMUSG00000004296
xenium_prime_5k_mouse,mouse,ENSMUSG00000004328
xenium_prime_5k_mouse,mouse,ENSMUSG00000004344
xenium_prime_5k_mouse,mouse,ENSMUSG00000004347
xenium_prime_5k_mouse,mouse,ENSMUSG00000004364
xenium_prime_5k_mouse,mouse,ENSMUSG00000004366
xenium_prime_5k_mouse,mouse,ENSMUSG00000004371
xenium_prime_5k_mouse,mouse,ENSMUSG00000004383
xenium_prime_5k_mouse,mouse,ENSMUSG00000004393
xenium_prime_5k_mouse,mouse,ENSMUSG00000004415
xenium_prime_5k_mouse,mouse,ENSMUSG00000004446
xenium_prime_5k_mouse,mouse,ENSMUSG00000004455
xenium_prime_5k_mouse,mouse,ENSMUSG00000004530
xenium_prime_5k_mouse,mouse,ENSMUSG00000004558
xenium_prime_5k_mouse,mouse,ENSMUSG00000004609
xenium_prime_5k_mouse,mouse,ENSMUSG00000004630
xenium_prime_5k_mouse,mouse,ENSMUSG00000004637
xenium_prime_5k_mouse,mouse,ENSMUSG00000004651
xenium_prime_5k_mouse,mouse,ENSMUSG00000004654
xenium_prime_5k_mouse,mouse,ENSMUSG00000004661
xenium_prime_5k_mouse,mouse,ENSMUSG00000004667
xenium_prime_5k_mouse,mouse,ENSMUSG00000004668
xenium_prime_5k_mouse,mouse,ENSMUSG00000004698
xenium_prime_5k_mouse,mouse,ENSMUSG00000004709
xenium_prime_5k_mouse,mouse,ENSMUSG00000004730
xenium_prime_5k_mouse,mouse,ENSMUSG00000004748
xenium_prime_5k_mouse,mouse,ENSMUSG00000004768
xenium_prime_5k_mouse,mouse,ENSMUSG00000004771
xenium_prime_5k_mouse,mouse,ENSMUSG00000004791
xenium_prime_5k_mouse,mouse,ENSMUSG00000004814
xenium_prime_5k_mouse,mouse,ENSMUSG00000004815
xenium_prime_5k_mouse,mouse,ENSMUSG00000004842
xenium_prime_5k_mouse,mouse,ENSMUSG00000004846
xenium_prime_5k_mouse,mouse,ENSMUSG00000004849
xenium_prime_5k_mouse,mouse,ENSMUSG00000004872
xenium_prime_5k_mouse,mouse,ENSMUSG00000004880
xenium_prime_5k_mouse,mouse,ENSMUSG00000004885
xenium_prime_5k_mouse,mouse,ENSMUSG00000004891
xenium_prime_5k_mouse,mouse,ENSMUSG00000004931
xenium_prime_5k_mouse,mouse,ENSMUSG00000004936
xenium_prime_5k_mouse,mouse,ENSMUSG00000004937
xenium_prime_5k_mouse,mouse,ENSMUSG00000004948
xenium_prime_5k_mouse,mouse,ENSMUSG00000004994
xenium_prime_5k_mouse,mouse,ENSMUSG00000005034
xenium_prime_5k_mouse,mouse,ENSMUSG00000005043
xenium_prime_5k_mouse,mouse,ENSMUSG00000005087
xenium_prime_5k_mouse,mouse,ENSMUSG00000005102
xenium_prime_5k_mouse,mouse,ENSMUSG00000005148
xenium_prime_5k_mouse,mouse,ENSMUSG00000005150
xenium_prime_5k_mouse,mouse,ENSMUSG00000005198
xenium_prime_5k_mouse,mouse,ENSMUSG00000005204
xenium_prime_5k_mouse,mouse,ENSMUSG00000005232
xenium_prime_5k_mouse,mouse,ENSMUSG00000005262
xenium_prime_5k_mouse,mouse,ENSMUSG00000005320
xenium_prime_5k_mouse,mouse,ENSMUSG00000005338
xenium_prime_5k_mouse,mouse,ENSMUSG00000005360
xenium_prime_5k_mouse,mouse,ENSMUSG00000005362
xenium_prime_5k_mouse,mouse,ENSMUSG00000005364
xenium_prime_5k_mouse,mouse,ENSMUSG00000005371
xenium_prime_5k_mouse,mouse,ENSMUSG00000005373
xenium_prime_5k_mouse,mouse,ENSMUSG00000005397
xenium_prime_5k_mouse,mouse,ENSMUSG00000005413
xenium_prime_5k_mouse,mouse,ENSMUSG00000005417
xenium_prime_5k_mouse,mouse,ENSMUSG00000005442
xenium_prime_5k_mouse,mouse,ENSMUSG00000005447
xenium_prime_5k_mouse,mouse,ENSMUSG00000005465
xenium_prime_5k_mouse,mouse,ENSMUSG00000005469
xenium_prime_5k_mouse,mouse,ENSMUSG00000005503
xenium_prime_5k_mouse,mouse,ENSMUSG00000005514
xenium_prime_5k_mouse,mouse,ENSMUSG00000005533
xenium_prime_5k_mouse,mouse,ENSMUSG00000005534
xenium_prime_5k_mouse,mouse,ENSMUSG00000005547
xenium_prime_5k_mouse,mouse,ENSMUSG00000005553
xenium_prime_5k_mouse,mouse,ENSMUSG00000005566
xenium_prime_5k_mouse,mouse,ENSMUSG00000005575
xenium_prime_5k_mouse,mouse,ENSMUSG00000005583
xenium_prime_5k_mouse,mouse,ENSMUSG00000005609
xenium_prime_5k_mouse,mouse,ENSMUSG00000005640
xenium_prime_5k_mouse,mouse,ENSMUSG00000005656
xenium_prime_5k_mouse,mouse,ENSMUSG00000005672
xenium_prime_5k_mouse,mouse,ENSMUSG00000005677
xenium_prime_5k_mouse,mouse,ENSMUSG00000005683
xenium_prime_5k_mouse,mouse,ENSMUSG00000005696
xenium_prime_5k_mouse,mouse,ENSMUSG00000005698
xenium_prime_5k_mouse,mouse,ENSMUSG00000005699
xenium_prime_5k_mouse,mouse,ENSMUSG00000005705
xenium_prime_5k_mouse,mouse,ENSMUSG00000005716
xenium_prime_5k_mouse,mouse,ENSMUSG00000005732
xenium_prime_5k_mouse,mouse,ENSMUSG00000005763
xenium_prime_5k_mouse,mouse,ENSMUSG00000005774
xenium_prime_5k_mouse,mouse,ENSMUSG00000005804
xenium_prime_5k_mouse,mouse,ENSMUSG00000005824
xenium_prime_5k_mouse,mouse,ENSMUSG00000005836
xenium_prime_5k_mouse,mouse,ENSMUSG00000005864
xenium_prime_5k_mouse,mouse,ENSMUSG00000005871
xenium_prime_5k_mouse,mouse,ENSMUSG00000005883
xenium_prime_5k_mouse,mouse,ENSMUSG00000005886
xenium_prime_5k_mouse,mouse,ENSMUSG00000005892
xenium_prime_5k_mouse,mouse,ENSMUSG00000005893
xenium_prime_5k_mouse,mouse,ENSMUSG00000005899
xenium_prime_5k_mouse,mouse,ENSMUSG00000005917
xenium_prime_5k_mouse,mouse,ENSMUSG00000005947
xenium_prime_5k_mouse,mouse,ENSMUSG00000005952
xenium_prime_5k_mouse,mouse,ENSMUSG00000005958
xenium_prime_5k_mouse,mouse,ENSMUSG00000005986
xenium_prime_5k_mouse,mouse,ENSMUSG00000005994
xenium_prime_5k_mouse,mouse,ENSMUSG00000006005
xenium_prime_5k_mouse,mouse,ENSMUSG00000006007
xenium_prime_5k_mouse,mouse,ENSMUSG00000006010
xenium_prime_5k_mouse,mouse,ENSMUSG00000006050
xenium_prime_5k_mouse,mouse,ENSMUSG00000006058
xenium_prime_5k_mouse,mouse,ENSMUSG00000006216
xenium_prime_5k_mouse,mouse,ENSMUSG00000006235
xenium_prime_5k_mouse,mouse,ENSMUSG00000006270
xenium_prime_5k_mouse,mouse,ENSMUSG00000006273
xenium_prime_5k_mouse,mouse,ENSMUSG00000006276
xenium_prime_5k_mouse,mouse,ENSMUSG00000006289
xenium_prime_5k_mouse,mouse,ENSMUSG00000006307
xenium_prime_5k_mouse,mouse,ENSMUSG00000006311
xenium_prime_5k_mouse,mouse,ENSMUSG00000006369
xenium_prime_5k_mouse,mouse,ENSMUSG00000006378
xenium_prime_5k_mouse,mouse,ENSMUSG00000006386
xenium_prime_5k_mouse,mouse,ENSMUSG00000006389
xenium_prime_5k_mouse,mouse,ENSMUSG00000006390
xenium_prime_5k_mouse,mouse,ENSMUSG00000006398
xenium_prime_5k_mouse,mouse,ENSMUSG00000006445
xenium_prime_5k_mouse,mouse,ENSMUSG00000006464
xenium_prime_5k_mouse,mouse,ENSMUSG00000006471
xenium_prime_5k_mouse,mouse,ENSMUSG00000006476
xenium_prime_5k_mouse,mouse,ENSMUSG00000006488
xenium_prime_5k_mouse,mouse,ENSMUSG00000006494
xenium_prime_5k_mouse,mouse,ENSMUSG00000006498
xenium_prime_5k_mouse,mouse,ENSMUSG00000006526
xenium_prime_5k_mouse,mouse,ENSMUSG00000006538
xenium_prime_5k_mouse,mouse,ENSMUSG00000006546
xenium_prime_5k_mouse,mouse,ENSMUSG00000006567
xenium_prime_5k_mouse,mouse,ENSMUSG00000006574
xenium_prime_5k_mouse,mouse,ENSMUSG00000006587
xenium_prime_5k_mouse,mouse,ENSMUSG00000006599
xenium_prime_5k_mouse,mouse,ENSMUSG00000006611
xenium_prime_5k_mouse,mouse,ENSMUSG00000006649
xenium_prime_5k_mouse,mouse,ENSMUSG00000006699
xenium_prime_5k_mouse,mouse,ENSMUSG00000006715
xenium_prime_5k_mouse,mouse,ENSMUSG00000006724
xenium_prime_5k_mouse,mouse,ENSMUSG00000006728
xenium_prime_5k_mouse,mouse,ENSMUSG00000006731
xenium_prime_5k_mouse,mouse,ENSMUSG00000006740
xenium_prime_5k_mouse,mouse,ENSMUSG00000006764
xenium_prime_5k_mouse,mouse,ENSMUSG00000006782
xenium_prime_5k_mouse,mouse,ENSMUSG00000006800
xenium_prime_5k_mouse,mouse,ENSMUSG00000006818
xenium_prime_5k_mouse,mouse,ENSMUSG00000006920
xenium_prime_5k_mouse,mouse,ENSMUSG00000006930
xenium_prime_5k_mouse,mouse,ENSMUSG00000006932
xenium_prime_5k_mouse,mouse,ENSMUSG00000006958
xenium_prime_5k_mouse,mouse,ENSMUSG00000007021
xenium_prime_5k_mouse,mouse,ENSMUSG00000007038
xenium_prime_5k_mouse,mouse,ENSMUSG00000007122
xenium_prime_5k_mouse,mouse,ENSMUSG00000007207
xenium_prime_5k_mouse,mouse,ENSMUSG00000007411
xenium_prime_5k_mouse,mouse,ENSMUSG00000007480
xenium_prime_5k_mouse,mouse,ENSMUSG00000007564
xenium_prime_5k_mouse,mouse,ENSMUSG00000007613
xenium_prime_5k_mouse,mouse,ENSMUSG00000007617
xenium_prime_5k_mouse,mouse,ENSMUSG00000007653
xenium_prime_5k_mouse,mouse,ENSMUSG00000007655
xenium_prime_5k_mouse,mouse,ENSMUSG00000007659
xenium_prime_5k_mouse,mouse,ENSMUSG00000007670
xenium_prime_5k_mouse,mouse,ENSMUSG00000007682
xenium_prime_5k_mouse,mouse,ENSMUSG00000007783
xenium_prime_5k_mouse,mouse,ENSMUSG00000007805
xenium_prime_5k_mouse,mouse,ENSMUSG00000007815
xenium_prime_5k_mouse,mouse,ENSMUSG00000007850
xenium_prime_5k_mouse,mouse,ENSMUSG00000007880
xenium_prime_5k_mouse,mouse,ENSMUSG00000007946
xenium_prime_5k_mouse,mouse,ENSMUSG00000007989
xenium_prime_5k_mouse,mouse,ENSMUSG00000008136
xenium_prime_5k_mouse,mouse,ENSMUSG00000008140
xenium_prime_5k_mouse,mouse,ENSMUSG00000008193
xenium_prime_5k_mouse,mouse,ENSMUSG00000008206
xenium_prime_5k_mouse,mouse,ENSMUSG00000008305
xenium_prime_5k_mouse,mouse,ENSMUSG00000008373
xenium_prime_5k_mouse,mouse,ENSMUSG00000008384
xenium_prime_5k_mouse,mouse,ENSMUSG00000008461
xenium_prime_5k_mouse,mouse,ENSMUSG00000008489
xenium_prime_5k_mouse,mouse,ENSMUSG00000008575
xenium_prime_5k_mouse,mouse,ENSMUSG00000008590
xenium_prime_5k_mouse,mouse,ENSMUSG00000008734
xenium_prime_5k_mouse,mouse,ENSMUSG00000008845
xenium_prime_5k_mouse,mouse,ENSMUSG00000008855
xenium_prime_5k_mouse,mouse,ENSMUSG00000008859
xenium_prime_5k_mouse,mouse,ENSMUSG00000008958
xenium_prime_5k_mouse,mouse,ENSMUSG00000008999
xenium_prime_5k_mouse,mouse,ENSMUSG00000009073
xenium_prime_5k_mouse,mouse,ENSMUSG00000009079
xenium_prime_5k_mouse,mouse,ENSMUSG00000009090
xenium_prime_5k_mouse,mouse,ENSMUSG00000009097
xenium_prime_5k_mouse,mouse,ENSMUSG00000009108
xenium_prime_5k_mouse,mouse,ENSMUSG00000009115
xenium_prime_5k_mouse,mouse,ENSMUSG00000009185
xenium_prime_5k_mouse,mouse,ENSMUSG00000009207
xenium_prime_5k_mouse,mouse,ENSMUSG00000009214
xenium_prime_5k_mouse,mouse,ENSMUSG00000009246
xenium_prime_5k_mouse,mouse,ENSMUSG00000009248
xenium_prime_5k_mouse,mouse,ENSMUSG00000009292
xenium_prime_5k_mouse,mouse,ENSMUSG00000009293
xenium_prime_5k_mouse,mouse,ENSMUSG00000009376
xenium_prime_5k_mouse,mouse,ENSMUSG00000009394
xenium_prime_5k_mouse,mouse,ENSMUSG00000009406
xenium_prime_5k_mouse,mouse,ENSMUSG00000009470
xenium_prime_5k_mouse,mouse,ENSMUSG00000009471
xenium_prime_5k_mouse,mouse,ENSMUSG00000009545
xenium_prime_5k_mouse,mouse,ENSMUSG00000009555
xenium_prime_5k_mouse,mouse,ENSMUSG00000009563
xenium_prime_5k_mouse,mouse,ENSMUSG00000009575
xenium_prime_5k_mouse,mouse,ENSMUSG00000009580
xenium_prime_5k_mouse,mouse,ENSMUSG00000009585
xenium_prime_5k_mouse,mouse,ENSMUSG00000009614
xenium_prime_5k_mouse,mouse,ENSMUSG00000009621
xenium_prime_5k_mouse,mouse,ENSMUSG00000009640
xenium_prime_5k_mouse,mouse,ENSMUSG00000009647
xenium_prime_5k_mouse,mouse,ENSMUSG00000009681
xenium_prime_5k_mouse,mouse,ENSMUSG00000009734
xenium_prime_5k_mouse,mouse,ENSMUSG00000009739
xenium_prime_5k_mouse,mouse,ENSMUSG00000009772
xenium_prime_5k_mouse,mouse,ENSMUSG00000009828
xenium_prime_5k_mouse,mouse,ENSMUSG00000009863
xenium_prime_5k_mouse,mouse,ENSMUSG00000009900
xenium_prime_5k_mouse,mouse,ENSMUSG00000010021
xenium_prime_5k_mouse,mouse,ENSMUSG00000010044
xenium_prime_5k_mouse,mouse,ENSMUSG00000010066
xenium_prime_5k_mouse,mouse,ENSMUSG00000010080
xenium_prime_5k_mouse,mouse,ENSMUSG00000010122
xenium_prime_5k_mouse,mouse,ENSMUSG00000010136
xenium_prime_5k_mouse,mouse,ENSMUSG00000010142
xenium_prime_5k_mouse,mouse,ENSMUSG00000010175
xenium_prime_5k_mouse,mouse,ENSMUSG00000010392
xenium_prime_5k_mouse,mouse,ENSMUSG00000010461
xenium_prime_5k_mouse,mouse,ENSMUSG00000010476
xenium_prime_5k_mouse,mouse,ENSMUSG00000010505
xenium_prime_5k_mouse,mouse,ENSMUSG00000010592
xenium_prime_5k_mouse,mouse,ENSMUSG00000010609
xenium_prime_5k_mouse,mouse,ENSMUSG00000010760
xenium_prime_5k_mouse,mouse,ENSMUSG00000010797
xenium_prime_5k_mouse,mouse,ENSMUSG00000010803
xenium_prime_5k_mouse,mouse,ENSMUSG00000010911
xenium_prime_5k_mouse,mouse,ENSMUSG00000011096
xenium_prime_5k_mouse,mouse,ENSMUSG00000011118
xenium_prime_5k_mouse,mouse,ENSMUSG00000011171
xenium_prime_5k_mouse,mouse,ENSMUSG00000011179
xenium_prime_5k_mouse,mouse,ENSMUSG00000011263
xenium_prime_5k_mouse,mouse,ENSMUSG00000011305
xenium_prime_5k_mouse,mouse,ENSMUSG00000011632
xenium_prime_5k_mouse,mouse,ENSMUSG00000011960
xenium_prime_5k_mouse,mouse,ENSMUSG00000012114
xenium_prime_5k_mouse,mouse,ENSMUSG00000012282
xenium_prime_5k_mouse,mouse,ENSMUSG00000012396
xenium_prime_5k_mouse,mouse,ENSMUSG00000012429
xenium_prime_5k_mouse,mouse,ENSMUSG00000012519
xenium_prime_5k_mouse,mouse,ENSMUSG00000012520
xenium_prime_5k_mouse,mouse,ENSMUSG00000012705
xenium_prime_5k_mouse,mouse,ENSMUSG00000012819
xenium_prime_5k_mouse,mouse,ENSMUSG00000013033
xenium_prime_5k_mouse,mouse,ENSMUSG00000013089
xenium_prime_5k_mouse,mouse,ENSMUSG00000013415
xenium_prime_5k_mouse,mouse,ENSMUSG00000013418
xenium_prime_5k_mouse,mouse,ENSMUSG00000013465
xenium_prime_5k_mouse,mouse,ENSMUSG00000013584
xenium_prime_5k_mouse,mouse,ENSMUSG00000013622
xenium_prime_5k_mouse,mouse,ENSMUSG00000013663
xenium_prime_5k_mouse,mouse,ENSMUSG00000013766
xenium_prime_5k_mouse,mouse,ENSMUSG00000013787
xenium_prime_5k_mouse,mouse,ENSMUSG00000013858
xenium_prime_5k_mouse,mouse,ENSMUSG00000013936
xenium_prime_5k_mouse,mouse,ENSMUSG00000014030
xenium_prime_5k_mouse,mouse,ENSMUSG00000014158
xenium_prime_5k_mouse,mouse,ENSMUSG00000014164
xenium_prime_5k_mouse,mouse,ENSMUSG00000014195
xenium_prime_5k_mouse,mouse,ENSMUSG00000014351
xenium_prime_5k_mouse,mouse,ENSMUSG00000014361
xenium_prime_5k_mouse,mouse,ENSMUSG00000014402
xenium_prime_5k_mouse,mouse,ENSMUSG00000014418
xenium_prime_5k_mouse,mouse,ENSMUSG00000014444
xenium_prime_5k_mouse,mouse,ENSMUSG00000014453
xenium_prime_5k_mouse,mouse,ENSMUSG00000014599
xenium_prime_5k_mouse,mouse,ENSMUSG00000014704
xenium_prime_5k_mouse,mouse,ENSMUSG00000014725
xenium_prime_5k_mouse,mouse,ENSMUSG00000014767
xenium_prime_5k_mouse,mouse,ENSMUSG00000014773
xenium_prime_5k_mouse,mouse,ENSMUSG00000014778
xenium_prime_5k_mouse,mouse,ENSMUSG00000014782
xenium_prime_5k_mouse,mouse,ENSMUSG00000014791
xenium_prime_5k_mouse,mouse,ENSMUSG00000014852
xenium_prime_5k_mouse,mouse,ENSMUSG00000014859
xenium_prime_5k_mouse,mouse,ENSMUSG00000014932
xenium_prime_5k_mouse,mouse,ENSMUSG00000015001
xenium_prime_5k_mouse,mouse,ENSMUSG00000015053
xenium_prime_5k_mouse,mouse,ENSMUSG00000015093
xenium_prime_5k_mouse,mouse,ENSMUSG00000015120
xenium_prime_5k_mouse,mouse,ENSMUSG00000015133
xenium_prime_5k_mouse,mouse,ENSMUSG00000015134
xenium_prime_5k_mouse,mouse,ENSMUSG00000015143
xenium_prime_5k_mouse,mouse,ENSMUSG00000015149
xenium_prime_5k_mouse,mouse,ENSMUSG00000015222
xenium_prime_5k_mouse,mouse,ENSMUSG00000015243
xenium_prime_5k_mouse,mouse,ENSMUSG00000015314
xenium_prime_5k_mouse,mouse,ENSMUSG00000015340
xenium_prime_5k_mouse,mouse,ENSMUSG00000015355
xenium_prime_5k_mouse,mouse,ENSMUSG00000015365
xenium_prime_5k_mouse,mouse,ENSMUSG00000015396
xenium_prime_5k_mouse,mouse,ENSMUSG00000015401
xenium_prime_5k_mouse,mouse,ENSMUSG00000015405
xenium_prime_5k_mouse,mouse,ENSMUSG00000015437
xenium_prime_5k_mouse,mouse,ENSMUSG00000015452
xenium_prime_5k_mouse,mouse,ENSMUSG00000015461
xenium_prime_5k_mouse,mouse,ENSMUSG00000015468
xenium_prime_5k_mouse,mouse,ENSMUSG00000015501
xenium_prime_5k_mouse,mouse,ENSMUSG00000015522
xenium_prime_5k_mouse,mouse,ENSMUSG00000015533
xenium_prime_5k_mouse,mouse,ENSMUSG00000015568
xenium_prime_5k_mouse,mouse,ENSMUSG00000015579
xenium_prime_5k_mouse,mouse,ENSMUSG00000015599
xenium_prime_5k_mouse,mouse,ENSMUSG00000015605
xenium_prime_5k_mouse,mouse,ENSMUSG00000015619
xenium_prime_5k_mouse,mouse,ENSMUSG00000015627
xenium_prime_5k_mouse,mouse,ENSMUSG00000015647
xenium_prime_5k_mouse,mouse,ENSMUSG00000015652
xenium_prime_5k_mouse,mouse,ENSMUSG00000015697
xenium_prime_5k_mouse,mouse,ENSMUSG00000015709
xenium_prime_5k_mouse,mouse,ENSMUSG00000015711
xenium_prime_5k_mouse,mouse,ENSMUSG00000015714
xenium_prime_5k_mouse,mouse,ENSMUSG00000015748
xenium_prime_5k_mouse,mouse,ENSMUSG00000015749
xenium_prime_5k_mouse,mouse,ENSMUSG00000015812
xenium_prime_5k_mouse,mouse,ENSMUSG00000015837
xenium_prime_5k_mouse,mouse,ENSMUSG00000015839
xenium_prime_5k_mouse,mouse,ENSMUSG00000015843
xenium_prime_5k_mouse,mouse,ENSMUSG00000015846
xenium_prime_5k_mouse,mouse,ENSMUSG00000015852
xenium_prime_5k_mouse,mouse,ENSMUSG00000015854
xenium_prime_5k_mouse,mouse,ENSMUSG00000015889
xenium_prime_5k_mouse,mouse,ENSMUSG00000015937
xenium_prime_5k_mouse,mouse,ENSMUSG00000015947
xenium_prime_5k_mouse,mouse,ENSMUSG00000015950
xenium_prime_5k_mouse,mouse,ENSMUSG00000015957
xenium_prime_5k_mouse,mouse,ENSMUSG00000015966
xenium_prime_5k_mouse,mouse,ENSMUSG00000015968
xenium_prime_5k_mouse,mouse,ENSMUSG00000016018
xenium_prime_5k_mouse,mouse,ENSMUSG00000016028
xenium_prime_5k_mouse,mouse,ENSMUSG00000016087
xenium_prime_5k_mouse,mouse,ENSMUSG00000016150
xenium_prime_5k_mouse,mouse,ENSMUSG00000016181
xenium_prime_5k_mouse,mouse,ENSMUSG00000016255
xenium_prime_5k_mouse,mouse,ENSMUSG00000016458
xenium_prime_5k_mouse,mouse,ENSMUSG00000016477
xenium_prime_5k_mouse,mouse,ENSMUSG00000016481
xenium_prime_5k_mouse,mouse,ENSMUSG00000016487
xenium_prime_5k_mouse,mouse,ENSMUSG00000016494
xenium_prime_5k_mouse,mouse,ENSMUSG00000016495
xenium_prime_5k_mouse,mouse,ENSMUSG00000016496
xenium_prime_5k_mouse,mouse,ENSMUSG00000016498
xenium_prime_5k_mouse,mouse,ENSMUSG00000016528
xenium_prime_5k_mouse,mouse,ENSMUSG00000016529
xenium_prime_5k_mouse,mouse,ENSMUSG00000016534
xenium_prime_5k_mouse,mouse,ENSMUSG00000016541
xenium_prime_5k_mouse,mouse,ENSMUSG00000016637
xenium_prime_5k_mouse,mouse,ENSMUSG00000016756
xenium_prime_5k_mouse,mouse,ENSMUSG00000016918
xenium_prime_5k_mouse,mouse,ENSMUSG00000016933
xenium_prime_5k_mouse,mouse,ENSMUSG00000017007
xenium_prime_5k_mouse,mouse,ENSMUSG00000017057
xenium_prime_5k_mouse,mouse,ENSMUSG00000017119
xenium_prime_5k_mouse,mouse,ENSMUSG00000017146
xenium_prime_5k_mouse,mouse,ENSMUSG00000017165
xenium_prime_5k_mouse,mouse,ENSMUSG00000017167
xenium_prime_5k_mouse,mouse,ENSMUSG00000017210
xenium_prime_5k_mouse,mouse,ENSMUSG00000017221
xenium_prime_5k_mouse,mouse,ENSMUSG00000017299
xenium_prime_5k_mouse,mouse,ENSMUSG00000017314
xenium_prime_5k_mouse,mouse,ENSMUSG00000017344
xenium_prime_5k_mouse,mouse,ENSMUSG00000017376
xenium_prime_5k_mouse,mouse,ENSMUSG00000017390
xenium_prime_5k_mouse,mouse,ENSMUSG00000017428
xenium_prime_5k_mouse,mouse,ENSMUSG00000017485
xenium_prime_5k_mouse,mouse,ENSMUSG00000017491
xenium_prime_5k_mouse,mouse,ENSMUSG00000017499
xenium_prime_5k_mouse,mouse,ENSMUSG00000017548
xenium_prime_5k_mouse,mouse,ENSMUSG00000017652
xenium_prime_5k_mouse,mouse,ENSMUSG00000017677
xenium_prime_5k_mouse,mouse,ENSMUSG00000017692
xenium_prime_5k_mouse,mouse,ENSMUSG00000017697
xenium_prime_5k_mouse,mouse,ENSMUSG00000017716
xenium_prime_5k_mouse,mouse,ENSMUSG00000017724
xenium_prime_5k_mouse,mouse,ENSMUSG00000017737
xenium_prime_5k_mouse,mouse,ENSMUSG00000017740
xenium_prime_5k_mouse,mouse,ENSMUSG00000017754
xenium_prime_5k_mouse,mouse,ENSMUSG00000017756
xenium_prime_5k_mouse,mouse,ENSMUSG00000017767
xenium_prime_5k_mouse,mouse,ENSMUSG00000017774
xenium_prime_5k_mouse,mouse,ENSMUSG00000017776
xenium_prime_5k_mouse,mouse,ENSMUSG00000017801
xenium_prime_5k_mouse,mouse,ENSMUSG00000017802
xenium_prime_5k_mouse,mouse,ENSMUSG00000017817
xenium_prime_5k_mouse,mouse,ENSMUSG00000017830
xenium_prime_5k_mouse,mouse,ENSMUSG00000017831
xenium_prime_5k_mouse,mouse,ENSMUSG00000017843
xenium_prime_5k_mouse,mouse,ENSMUSG00000017861
xenium_prime_5k_mouse,mouse,ENSMUSG00000017897
xenium_prime_5k_mouse,mouse,ENSMUSG00000017922
xenium_prime_5k_mouse,mouse,ENSMUSG00000017950
xenium_prime_5k_mouse,mouse,ENSMUSG00000017978
xenium_prime_5k_mouse,mouse,ENSMUSG00000018042
xenium_prime_5k_mouse,mouse,ENSMUSG00000018102
xenium_prime_5k_mouse,mouse,ENSMUSG00000018143
xenium_prime_5k_mouse,mouse,ENSMUSG00000018160
xenium_prime_5k_mouse,mouse,ENSMUSG00000018166
xenium_prime_5k_mouse,mouse,ENSMUSG00000018209
xenium_prime_5k_mouse,mouse,ENSMUSG00000018238
xenium_prime_5k_mouse,mouse,ENSMUSG00000018259
xenium_prime_5k_mouse,mouse,ENSMUSG00000018263
xenium_prime_5k_mouse,mouse,ENSMUSG00000018286
xenium_prime_5k_mouse,mouse,ENSMUSG00000018340
xenium_prime_5k_mouse,mouse,ENSMUSG00000018341
xenium_prime_5k_mouse,mouse,ENSMUSG00000018362
xenium_prime_5k_mouse,mouse,ENSMUSG00000018363
xenium_prime_5k_mouse,mouse,ENSMUSG00000018379
xenium_prime_5k_mouse,mouse,ENSMUSG00000018395
xenium_prime_5k_mouse,mouse,ENSMUSG00000018398
xenium_prime_5k_mouse,mouse,ENSMUSG00000018411
xenium_prime_5k_mouse,mouse,ENSMUSG00000018442
xenium_prime_5k_mouse,mouse,ENSMUSG00000018470
xenium_prime_5k_mouse,mouse,ENSMUSG00000018476
xenium_prime_5k_mouse,mouse,ENSMUSG00000018481
xenium_prime_5k_mouse,mouse,ENSMUSG00000018486
xenium_prime_5k_mouse,mouse,ENSMUSG00000018500
xenium_prime_5k_mouse,mouse,ENSMUSG00000018501
xenium_prime_5k_mouse,mouse,ENSMUSG00000018507
xenium_prime_5k_mouse,mouse,ENSMUSG00000018537
xenium_prime_5k_mouse,mouse,ENSMUSG00000018566
xenium_prime_5k_mouse,mouse,ENSMUSG00000018569
xenium_prime_5k_mouse,mouse,ENSMUSG00000018581
xenium_prime_5k_mouse,mouse,ENSMUSG00000018583
xenium_prime_5k_mouse,mouse,ENSMUSG00000018589
xenium_prime_5k_mouse,mouse,ENSMUSG00000018604
xenium_prime_5k_mouse,mouse,ENSMUSG00000018623
xenium_prime_5k_mouse,mouse,ENSMUSG00000018634
xenium_prime_5k_mouse,mouse,ENSMUSG00000018654
xenium_prime_5k_mouse,mouse,ENSMUSG00000018666
xenium_prime_5k_mouse,mouse,ENSMUSG00000018697
xenium_prime_5k_mouse,mouse,ENSMUSG00000018698
xenium_prime_5k_mouse,mouse,ENSMUSG00000018707
xenium_prime_5k_mouse,mouse,ENSMUSG00000018736
xenium_prime_5k_mouse,mouse,ENSMUSG00000018750
xenium_prime_5k_mouse,mouse,ENSMUSG00000018774
xenium_prime_5k_mouse,mouse,ENSMUSG00000018796
xenium_prime_5k_mouse,mouse,ENSMUSG00000018830
xenium_prime_5k_mouse,mouse,ENSMUSG00000018841
xenium_prime_5k_mouse,mouse,ENSMUSG00000018899
xenium_prime_5k_mouse,mouse,ENSMUSG00000018900
xenium_prime_5k_mouse,mouse,ENSMUSG00000018907
xenium_prime_5k_mouse,mouse,ENSMUSG00000018909
xenium_prime_5k_mouse,mouse,ENSMUSG00000018914
xenium_prime_5k_mouse,mouse,ENSMUSG00000018916
xenium_prime_5k_mouse,mouse,ENSMUSG00000018920
xenium_prime_5k_mouse,mouse,ENSMUSG00000018924
xenium_prime_5k_mouse,mouse,ENSMUSG00000018932
xenium_prime_5k_mouse,mouse,ENSMUSG00000018973
xenium_prime_5k_mouse,mouse,ENSMUSG00000018974
xenium_prime_5k_mouse,mouse,ENSMUSG00000018983
xenium_prime_5k_mouse,mouse,ENSMUSG00000019055
xenium_prime_5k_mouse,mouse,ENSMUSG00000019066
xenium_prime_5k_mouse,mouse,ENSMUSG00000019082
xenium_prime_5k_mouse,mouse,ENSMUSG00000019102
xenium_prime_5k_mouse,mouse,ENSMUSG00000019146
xenium_prime_5k_mouse,mouse,ENSMUSG00000019173
xenium_prime_5k_mouse,mouse,ENSMUSG00000019230
xenium_prime_5k_mouse,mouse,ENSMUSG00000019232
xenium_prime_5k_mouse,mouse,ENSMUSG00000019256
xenium_prime_5k_mouse,mouse,ENSMUSG00000019302
xenium_prime_5k_mouse,mouse,ENSMUSG00000019312
xenium_prime_5k_mouse,mouse,ENSMUSG00000019320
xenium_prime_5k_mouse,mouse,ENSMUSG00000019359
xenium_prime_5k_mouse,mouse,ENSMUSG00000019429
xenium_prime_5k_mouse,mouse,ENSMUSG00000019433
xenium_prime_5k_mouse,mouse,ENSMUSG00000019437
xenium_prime_5k_mouse,mouse,ENSMUSG00000019464
xenium_prime_5k_mouse,mouse,ENSMUSG00000019471
xenium_prime_5k_mouse,mouse,ENSMUSG00000019489
xenium_prime_5k_mouse,mouse,ENSMUSG00000019528
xenium_prime_5k_mouse,mouse,ENSMUSG00000019558
xenium_prime_5k_mouse,mouse,ENSMUSG00000019564
xenium_prime_5k_mouse,mouse,ENSMUSG00000019577
xenium_prime_5k_mouse,mouse,ENSMUSG00000019590
xenium_prime_5k_mouse,mouse,ENSMUSG00000019647
xenium_prime_5k_mouse,mouse,ENSMUSG00000019689
xenium_prime_5k_mouse,mouse,ENSMUSG00000019699
xenium_prime_5k_mouse,mouse,ENSMUSG00000019718
xenium_prime_5k_mouse,mouse,ENSMUSG00000019726
xenium_prime_5k_mouse,mouse,ENSMUSG00000019737
xenium_prime_5k_mouse,mouse,ENSMUSG00000019756
xenium_prime_5k_mouse,mouse,ENSMUSG00000019768
xenium_prime_5k_mouse,mouse,ENSMUSG00000019772
xenium_prime_5k_mouse,mouse,ENSMUSG00000019773
xenium_prime_5k_mouse,mouse,ENSMUSG00000019777
xenium_prime_5k_mouse,mouse,ENSMUSG00000019779
xenium_prime_5k_mouse,mouse,ENSMUSG00000019787
xenium_prime_5k_mouse,mouse,ENSMUSG00000019789
xenium_prime_5k_mouse,mouse,ENSMUSG00000019794
xenium_prime_5k_mouse,mouse,ENSMUSG00000019803
xenium_prime_5k_mouse,mouse,ENSMUSG00000019809
xenium_prime_5k_mouse,mouse,ENSMUSG00000019817
xenium_prime_5k_mouse,mouse,ENSMUSG00000019820
xenium_prime_5k_mouse,mouse,ENSMUSG00000019828
xenium_prime_5k_mouse,mouse,ENSMUSG00000019832
xenium_prime_5k_mouse,mouse,ENSMUSG00000019842
xenium_prime_5k_mouse,mouse,ENSMUSG00000019843
xenium_prime_5k_mouse,mouse,ENSMUSG00000019846
xenium_prime_5k_mouse,mouse,ENSMUSG00000019849
xenium_prime_5k_mouse,mouse,ENSMUSG00000019850
xenium_prime_5k_mouse,mouse,ENSMUSG00000019857
xenium_prime_5k_mouse,mouse,ENSMUSG00000019861
xenium_prime_5k_mouse,mouse,ENSMUSG00000019874
xenium_prime_5k_mouse,mouse,ENSMUSG00000019876
xenium_prime_5k_mouse,mouse,ENSMUSG00000019878
xenium_prime_5k_mouse,mouse,ENSMUSG00000019880
xenium_prime_5k_mouse,mouse,ENSMUSG00000019883
xenium_prime_5k_mouse,mouse,ENSMUSG00000019889
xenium_prime_5k_mouse,mouse,ENSMUSG00000019890
xenium_prime_5k_mouse,mouse,ENSMUSG00000019893
xenium_prime_5k_mouse,mouse,ENSMUSG00000019899
xenium_prime_5k_mouse,mouse,ENSMUSG00000019900
xenium_prime_5k_mouse,mouse,ENSMUSG00000019905
xenium_prime_5k_mouse,mouse,ENSMUSG00000019913
xenium_prime_5k_mouse,mouse,ENSMUSG00000019917
xenium_prime_5k_mouse,mouse,ENSMUSG00000019927
xenium_prime_5k_mouse,mouse,ENSMUSG00000019935
xenium_prime_5k_mouse,mouse,ENSMUSG00000019942
xenium_prime_5k_mouse,mouse,ENSMUSG00000019947
xenium_prime_5k_mouse,mouse,ENSMUSG00000019960
xenium_prime_5k_mouse,mouse,ENSMUSG00000019966
xenium_prime_5k_mouse,mouse,ENSMUSG00000019969
xenium_prime_5k_mouse,mouse,ENSMUSG00000019971
xenium_prime_5k_mouse,mouse,ENSMUSG00000019978
xenium_prime_5k_mouse,mouse,ENSMUSG00000019979
xenium_prime_5k_mouse,mouse,ENSMUSG00000019982
xenium_prime_5k_mouse,mouse,ENSMUSG00000019986
xenium_prime_5k_mouse,mouse,ENSMUSG00000019987
xenium_prime_5k_mouse,mouse,ENSMUSG00000019990
xenium_prime_5k_mouse,mouse,ENSMUSG00000019996
xenium_prime_5k_mouse,mouse,ENSMUSG00000019997
xenium_prime_5k_mouse,mouse,ENSMUSG00000020000
xenium_prime_5k_mouse,mouse,ENSMUSG00000020009
xenium_prime_5k_mouse,mouse,ENSMUSG00000020017
xenium_prime_5k_mouse,mouse,ENSMUSG00000020019
xenium_prime_5k_mouse,mouse,ENSMUSG00000020022
xenium_prime_5k_mouse,mouse,ENSMUSG00000020027
xenium_prime_5k_mouse,mouse,ENSMUSG00000020037
xenium_prime_5k_mouse,mouse,ENSMUSG00000020038
xenium_prime_5k_mouse,mouse,ENSMUSG00000020051
xenium_prime_5k_mouse,mouse,ENSMUSG00000020052
xenium_prime_5k_mouse,mouse,ENSMUSG00000020053
xenium_prime_5k_mouse,mouse,ENSMUSG00000020056
xenium_prime_5k_mouse,mouse,ENSMUSG00000020059
xenium_prime_5k_mouse,mouse,ENSMUSG00000020063
xenium_prime_5k_mouse,mouse,ENSMUSG00000020075
xenium_prime_5k_mouse,mouse,ENSMUSG00000020080
xenium_prime_5k_mouse,mouse,ENSMUSG00000020081
xenium_prime_5k_mouse,mouse,ENSMUSG00000020091
xenium_prime_5k_mouse,mouse,ENSMUSG00000020092
xenium_prime_5k_mouse,mouse,ENSMUSG00000020097
xenium_prime_5k_mouse,mouse,ENSMUSG00000020101
xenium_prime_5k_mouse,mouse,ENSMUSG00000020107
xenium_prime_5k_mouse,mouse,ENSMUSG00000020108
xenium_prime_5k_mouse,mouse,ENSMUSG00000020111
xenium_prime_5k_mouse,mouse,ENSMUSG00000020115
xenium_prime_5k_mouse,mouse,ENSMUSG00000020121
xenium_prime_5k_mouse,mouse,ENSMUSG00000020122
xenium_prime_5k_mouse,mouse,ENSMUSG00000020128
xenium_prime_5k_mouse,mouse,ENSMUSG00000020131
xenium_prime_5k_mouse,mouse,ENSMUSG00000020132
xenium_prime_5k_mouse,mouse,ENSMUSG00000020135
xenium_prime_5k_mouse,mouse,ENSMUSG00000020140
xenium_prime_5k_mouse,mouse,ENSMUSG00000020143
xenium_prime_5k_mouse,mouse,ENSMUSG00000020149
xenium_prime_5k_mouse,mouse,ENSMUSG00000020152
xenium_prime_5k_mouse,mouse,ENSMUSG00000020159
xenium_prime_5k_mouse,mouse,ENSMUSG00000020160
xenium_prime_5k_mouse,mouse,ENSMUSG00000020166
xenium_prime_5k_mouse,mouse,ENSMUSG00000020167
xenium_prime_5k_mouse,mouse,ENSMUSG00000020170
xenium_prime_5k_mouse,mouse,ENSMUSG00000020171
xenium_prime_5k_mouse,mouse,ENSMUSG00000020176
xenium_prime_5k_mouse,mouse,ENSMUSG00000020178
xenium_prime_5k_mouse,mouse,ENSMUSG00000020182
xenium_prime_5k_mouse,mouse,ENSMUSG00000020184
xenium_prime_5k_mouse,mouse,ENSMUSG00000020190
xenium_prime_5k_mouse,mouse,ENSMUSG00000020218
xenium_prime_5k_mouse,mouse,ENSMUSG00000020227
xenium_prime_5k_mouse,mouse,ENSMUSG00000020231
xenium_prime_5k_mouse,mouse,ENSMUSG00000020241
xenium_prime_5k_mouse,mouse,ENSMUSG00000020256
xenium_prime_5k_mouse,mouse,ENSMUSG00000020257
xenium_prime_5k_mouse,mouse,ENSMUSG00000020262
xenium_prime_5k_mouse,mouse,ENSMUSG00000020263
xenium_prime_5k_mouse,mouse,ENSMUSG00000020265
xenium_prime_5k_mouse,mouse,ENSMUSG00000020271
xenium_prime_5k_mouse,mouse,ENSMUSG00000020275
xenium_prime_5k_mouse,mouse,ENSMUSG00000020277
xenium_prime_5k_mouse,mouse,ENSMUSG00000020290
xenium_prime_5k_mouse,mouse,ENSMUSG00000020300
xenium_prime_5k_mouse,mouse,ENSMUSG00000020310
xenium_prime_5k_mouse,mouse,ENSMUSG00000020327
xenium_prime_5k_mouse,mouse,ENSMUSG00000020331
xenium_prime_5k_mouse,mouse,ENSMUSG00000020333
xenium_prime_5k_mouse,mouse,ENSMUSG00000020340
xenium_prime_5k_mouse,mouse,ENSMUSG00000020349
xenium_prime_5k_mouse,mouse,ENSMUSG00000020354
xenium_prime_5k_mouse,mouse,ENSMUSG00000020357
xenium_prime_5k_mouse,mouse,ENSMUSG00000020359
xenium_prime_5k_mouse,mouse,ENSMUSG00000020363
xenium_prime_5k_mouse,mouse,ENSMUSG00000020366
xenium_prime_5k_mouse,mouse,ENSMUSG00000020368
xenium_prime_5k_mouse,mouse,ENSMUSG00000020372
xenium_prime_5k_mouse,mouse,ENSMUSG00000020376
xenium_prime_5k_mouse,mouse,ENSMUSG00000020380
xenium_prime_5k_mouse,mouse,ENSMUSG00000020381
xenium_prime_5k_mouse,mouse,ENSMUSG00000020383
xenium_prime_5k_mouse,mouse,ENSMUSG00000020387
xenium_prime_5k_mouse,mouse,ENSMUSG00000020388
xenium_prime_5k_mouse,mouse,ENSMUSG00000020390
xenium_prime_5k_mouse,mouse,ENSMUSG00000020393
xenium_prime_5k_mouse,mouse,ENSMUSG00000020395
xenium_prime_5k_mouse,mouse,ENSMUSG00000020396
xenium_prime_5k_mouse,mouse,ENSMUSG00000020399
xenium_prime_5k_mouse,mouse,ENSMUSG00000020402
xenium_prime_5k_mouse,mouse,ENSMUSG00000020412
xenium_prime_5k_mouse,mouse,ENSMUSG00000020415
xenium_prime_5k_mouse,mouse,ENSMUSG00000020427
xenium_prime_5k_mouse,mouse,ENSMUSG00000020428
xenium_prime_5k_mouse,mouse,ENSMUSG00000020429
xenium_prime_5k_mouse,mouse,ENSMUSG00000020431
xenium_prime_5k_mouse,mouse,ENSMUSG00000020436
xenium_prime_5k_mouse,mouse,ENSMUSG00000020439
xenium_prime_5k_mouse,mouse,ENSMUSG00000020447
xenium_prime_5k_mouse,mouse,ENSMUSG00000020451
xenium_prime_5k_mouse,mouse,ENSMUSG00000020453
xenium_prime_5k_mouse,mouse,ENSMUSG00000020454
xenium_prime_5k_mouse,mouse,ENSMUSG00000020456
xenium_prime_5k_mouse,mouse,ENSMUSG00000020458
xenium_prime_5k_mouse,mouse,ENSMUSG00000020459
xenium_prime_5k_mouse,mouse,ENSMUSG00000020462
xenium_prime_5k_mouse,mouse,ENSMUSG00000020467
xenium_prime_5k_mouse,mouse,ENSMUSG00000020476
xenium_prime_5k_mouse,mouse,ENSMUSG00000020486
xenium_prime_5k_mouse,mouse,ENSMUSG00000020492
xenium_prime_5k_mouse,mouse,ENSMUSG00000020515
xenium_prime_5k_mouse,mouse,ENSMUSG00000020524
xenium_prime_5k_mouse,mouse,ENSMUSG00000020525
xenium_prime_5k_mouse,mouse,ENSMUSG00000020528
xenium_prime_5k_mouse,mouse,ENSMUSG00000020530
xenium_prime_5k_mouse,mouse,ENSMUSG00000020532
xenium_prime_5k_mouse,mouse,ENSMUSG00000020534
xenium_prime_5k_mouse,mouse,ENSMUSG00000020538
xenium_prime_5k_mouse,mouse,ENSMUSG00000020542
xenium_prime_5k_mouse,mouse,ENSMUSG00000020546
xenium_prime_5k_mouse,mouse,ENSMUSG00000020549
xenium_prime_5k_mouse,mouse,ENSMUSG00000020572
xenium_prime_5k_mouse,mouse,ENSMUSG00000020573
xenium_prime_5k_mouse,mouse,ENSMUSG00000020580
xenium_prime_5k_mouse,mouse,ENSMUSG00000020591
xenium_prime_5k_mouse,mouse,ENSMUSG00000020592
xenium_prime_5k_mouse,mouse,ENSMUSG00000020593
xenium_prime_5k_mouse,mouse,ENSMUSG00000020598
xenium_prime_5k_mouse,mouse,ENSMUSG00000020599
xenium_prime_5k_mouse,mouse,ENSMUSG00000020601
xenium_prime_5k_mouse,mouse,ENSMUSG00000020609
xenium_prime_5k_mouse,mouse,ENSMUSG00000020611
xenium_prime_5k_mouse,mouse,ENSMUSG00000020612
xenium_prime_5k_mouse,mouse,ENSMUSG00000020614
xenium_prime_5k_mouse,mouse,ENSMUSG00000020620
xenium_prime_5k_mouse,mouse,ENSMUSG00000020622
xenium_prime_5k_mouse,mouse,ENSMUSG00000020639
xenium_prime_5k_mouse,mouse,ENSMUSG00000020640
xenium_prime_5k_mouse,mouse,ENSMUSG00000020642
xenium_prime_5k_mouse,mouse,ENSMUSG00000020644
xenium_prime_5k_mouse,mouse,ENSMUSG00000020647
xenium_prime_5k_mouse,mouse,ENSMUSG00000020651
xenium_prime_5k_mouse,mouse,ENSMUSG00000020653
xenium_prime_5k_mouse,mouse,ENSMUSG00000020654
xenium_prime_5k_mouse,mouse,ENSMUSG00000020660
xenium_prime_5k_mouse,mouse,ENSMUSG00000020661
xenium_prime_5k_mouse,mouse,ENSMUSG00000020671
xenium_prime_5k_mouse,mouse,ENSMUSG00000020676
xenium_prime_5k_mouse,mouse,ENSMUSG00000020679
xenium_prime_5k_mouse,mouse,ENSMUSG00000020680
xenium_prime_5k_mouse,mouse,ENSMUSG00000020681
xenium_prime_5k_mouse,mouse,ENSMUSG00000020682
xenium_prime_5k_mouse,mouse,ENSMUSG00000020687
xenium_prime_5k_mouse,mouse,ENSMUSG00000020689
xenium_prime_5k_mouse,mouse,ENSMUSG00000020690
xenium_prime_5k_mouse,mouse,ENSMUSG00000020702
xenium_prime_5k_mouse,mouse,ENSMUSG00000020705
xenium_prime_5k_mouse,mouse,ENSMUSG00000020712
xenium_prime_5k_mouse,mouse,ENSMUSG00000020713
xenium_prime_5k_mouse,mouse,ENSMUSG00000020715
xenium_prime_5k_mouse,mouse,ENSMUSG00000020716
xenium_prime_5k_mouse,mouse,ENSMUSG00000020717
xenium_prime_5k_mouse,mouse,ENSMUSG00000020720
xenium_prime_5k_mouse,mouse,ENSMUSG00000020722
xenium_prime_5k_mouse,mouse,ENSMUSG00000020733
xenium_prime_5k_mouse,mouse,ENSMUSG00000020734
xenium_prime_5k_mouse,mouse,ENSMUSG00000020737
xenium_prime_5k_mouse,mouse,ENSMUSG00000020745
xenium_prime_5k_mouse,mouse,ENSMUSG00000020747
xenium_prime_5k_mouse,mouse,ENSMUSG00000020758
xenium_prime_5k_mouse,mouse,ENSMUSG00000020774
xenium_prime_5k_mouse,mouse,ENSMUSG00000020777
xenium_prime_5k_mouse,mouse,ENSMUSG00000020782
xenium_prime_5k_mouse,mouse,ENSMUSG00000020788
xenium_prime_5k_mouse,mouse,ENSMUSG00000020793
xenium_prime_5k_mouse,mouse,ENSMUSG00000020794
xenium_prime_5k_mouse,mouse,ENSMUSG00000020806
xenium_prime_5k_mouse,mouse,ENSMUSG00000020810
xenium_prime_5k_mouse,mouse,ENSMUSG00000020817
xenium_prime_5k_mouse,mouse,ENSMUSG00000020821
xenium_prime_5k_mouse,mouse,ENSMUSG00000020826
xenium_prime_5k_mouse,mouse,ENSMUSG00000020828
xenium_prime_5k_mouse,mouse,ENSMUSG00000020836
xenium_prime_5k_mouse,mouse,ENSMUSG00000020838
xenium_prime_5k_mouse,mouse,ENSMUSG00000020839
xenium_prime_5k_mouse,mouse,ENSMUSG00000020840
xenium_prime_5k_mouse,mouse,ENSMUSG00000020844
xenium_prime_5k_mouse,mouse,ENSMUSG00000020847
xenium_prime_5k_mouse,mouse,ENSMUSG00000020849
xenium_prime_5k_mouse,mouse,ENSMUSG00000020850
xenium_prime_5k_mouse,mouse,ENSMUSG00000020859
xenium_prime_5k_mouse,mouse,ENSMUSG00000020863
xenium_prime_5k_mouse,mouse,ENSMUSG00000020866
xenium_prime_5k_mouse,mouse,ENSMUSG00000020871
xenium_prime_5k_mouse,mouse,ENSMUSG00000020875
xenium_prime_5k_mouse,mouse,ENSMUSG00000020882
xenium_prime_5k_mouse,mouse,ENSMUSG00000020883
xenium_prime_5k_mouse,mouse,ENSMUSG00000020886
xenium_prime_5k_mouse,mouse,ENSMUSG00000020888
xenium_prime_5k_mouse,mouse,ENSMUSG00000020889
xenium_prime_5k_mouse,mouse,ENSMUSG00000020890
xenium_prime_5k_mouse,mouse,ENSMUSG00000020893
xenium_prime_5k_mouse,mouse,ENSMUSG00000020894
xenium_prime_5k_mouse,mouse,ENSMUSG00000020897
xenium_prime_5k_mouse,mouse,ENSMUSG00000020899
xenium_prime_5k_mouse,mouse,ENSMUSG00000020900
xenium_prime_5k_mouse,mouse,ENSMUSG00000020902
xenium_prime_5k_mouse,mouse,ENSMUSG00000020903
xenium_prime_5k_mouse,mouse,ENSMUSG00000020904
xenium_prime_5k_mouse,mouse,ENSMUSG00000020908
xenium_prime_5k_mouse,mouse,ENSMUSG00000020914
xenium_prime_5k_mouse,mouse,ENSMUSG00000020917
xenium_prime_5k_mouse,mouse,ENSMUSG00000020918
xenium_prime_5k_mouse,mouse,ENSMUSG00000020919
xenium_prime_5k_mouse,mouse,ENSMUSG00000020923
xenium_prime_5k_mouse,mouse,ENSMUSG00000020932
xenium_prime_5k_mouse,mouse,ENSMUSG00000020936
xenium_prime_5k_mouse,mouse,ENSMUSG00000020941
xenium_prime_5k_mouse,mouse,ENSMUSG00000020945
xenium_prime_5k_mouse,mouse,ENSMUSG00000020950
xenium_prime_5k_mouse,mouse,ENSMUSG00000020954
xenium_prime_5k_mouse,mouse,ENSMUSG00000020955
xenium_prime_5k_mouse,mouse,ENSMUSG00000020962
xenium_prime_5k_mouse,mouse,ENSMUSG00000020963
xenium_prime_5k_mouse,mouse,ENSMUSG00000020964
xenium_prime_5k_mouse,mouse,ENSMUSG00000020986
xenium_prime_5k_mouse,mouse,ENSMUSG00000021000
xenium_prime_5k_mouse,mouse,ENSMUSG00000021003
xenium_prime_5k_mouse,mouse,ENSMUSG00000021012
xenium_prime_5k_mouse,mouse,ENSMUSG00000021013
xenium_prime_5k_mouse,mouse,ENSMUSG00000021018
xenium_prime_5k_mouse,mouse,ENSMUSG00000021023
xenium_prime_5k_mouse,mouse,ENSMUSG00000021032
xenium_prime_5k_mouse,mouse,ENSMUSG00000021036
xenium_prime_5k_mouse,mouse,ENSMUSG00000021038
xenium_prime_5k_mouse,mouse,ENSMUSG00000021055
xenium_prime_5k_mouse,mouse,ENSMUSG00000021057
xenium_prime_5k_mouse,mouse,ENSMUSG00000021061
xenium_prime_5k_mouse,mouse,ENSMUSG00000021066
xenium_prime_5k_mouse,mouse,ENSMUSG00000021069
xenium_prime_5k_mouse,mouse,ENSMUSG00000021070
xenium_prime_5k_mouse,mouse,ENSMUSG00000021091
xenium_prime_5k_mouse,mouse,ENSMUSG00000021095
xenium_prime_5k_mouse,mouse,ENSMUSG00000021099
xenium_prime_5k_mouse,mouse,ENSMUSG00000021109
xenium_prime_5k_mouse,mouse,ENSMUSG00000021116
xenium_prime_5k_mouse,mouse,ENSMUSG00000021125
xenium_prime_5k_mouse,mouse,ENSMUSG00000021136
xenium_prime_5k_mouse,mouse,ENSMUSG00000021144
xenium_prime_5k_mouse,mouse,ENSMUSG00000021147
xenium_prime_5k_mouse,mouse,ENSMUSG00000021171
xenium_prime_5k_mouse,mouse,ENSMUSG00000021185
xenium_prime_5k_mouse,mouse,ENSMUSG00000021189
xenium_prime_5k_mouse,mouse,ENSMUSG00000021192
xenium_prime_5k_mouse,mouse,ENSMUSG00000021193
xenium_prime_5k_mouse,mouse,ENSMUSG00000021196
xenium_prime_5k_mouse,mouse,ENSMUSG00000021219
xenium_prime_5k_mouse,mouse,ENSMUSG00000021221
xenium_prime_5k_mouse,mouse,ENSMUSG00000021224
xenium_prime_5k_mouse,mouse,ENSMUSG00000021239
xenium_prime_5k_mouse,mouse,ENSMUSG00000021252
xenium_prime_5k_mouse,mouse,ENSMUSG00000021253
xenium_prime_5k_mouse,mouse,ENSMUSG00000021255
xenium_prime_5k_mouse,mouse,ENSMUSG00000021262
xenium_prime_5k_mouse,mouse,ENSMUSG00000021264
xenium_prime_5k_mouse,mouse,ENSMUSG00000021275
xenium_prime_5k_mouse,mouse,ENSMUSG00000021277
xenium_prime_5k_mouse,mouse,ENSMUSG00000021279
xenium_prime_5k_mouse,mouse,ENSMUSG00000021288
xenium_prime_5k_mouse,mouse,ENSMUSG00000021302
xenium_prime_5k_mouse,mouse,ENSMUSG00000021313
xenium_prime_5k_mouse,mouse,ENSMUSG00000021318
xenium_prime_5k_mouse,mouse,ENSMUSG00000021319
xenium_prime_5k_mouse,mouse,ENSMUSG00000021326
xenium_prime_5k_mouse,mouse,ENSMUSG00000021338
xenium_prime_5k_mouse,mouse,ENSMUSG00000021342
xenium_prime_5k_mouse,mouse,ENSMUSG00000021345
xenium_prime_5k_mouse,mouse,ENSMUSG00000021356
xenium_prime_5k_mouse,mouse,ENSMUSG00000021359
xenium_prime_5k_mouse,mouse,ENSMUSG00000021362
xenium_prime_5k_mouse,mouse,ENSMUSG00000021367
xenium_prime_5k_mouse,mouse,ENSMUSG00000021371
xenium_prime_5k_mouse,mouse,ENSMUSG00000021373
xenium_prime_5k_mouse,mouse,ENSMUSG00000021377
xenium_prime_5k_mouse,mouse,ENSMUSG00000021379
xenium_prime_5k_mouse,mouse,ENSMUSG00000021381
xenium_prime_5k_mouse,mouse,ENSMUSG00000021390
xenium_prime_5k_mouse,mouse,ENSMUSG00000021400
xenium_prime_5k_mouse,mouse,ENSMUSG00000021408
xenium_prime_5k_mouse,mouse,ENSMUSG00000021413
xenium_prime_5k_mouse,mouse,ENSMUSG00000021416
xenium_prime_5k_mouse,mouse,ENSMUSG00000021423
xenium_prime_5k_mouse,mouse,ENSMUSG00000021439
xenium_prime_5k_mouse,mouse,ENSMUSG00000021451
xenium_prime_5k_mouse,mouse,ENSMUSG00000021457
xenium_prime_5k_mouse,mouse,ENSMUSG00000021461
xenium_prime_5k_mouse,mouse,ENSMUSG00000021464
xenium_prime_5k_mouse,mouse,ENSMUSG00000021466
xenium_prime_5k_mouse,mouse,ENSMUSG00000021469
xenium_prime_5k_mouse,mouse,ENSMUSG00000021474
xenium_prime_5k_mouse,mouse,ENSMUSG00000021477
xenium_prime_5k_mouse,mouse,ENSMUSG00000021478
xenium_prime_5k_mouse,mouse,ENSMUSG00000021494
xenium_prime_5k_mouse,mouse,ENSMUSG00000021506
xenium_prime_5k_mouse,mouse,ENSMUSG00000021508
xenium_prime_5k_mouse,mouse,ENSMUSG00000021536
xenium_prime_5k_mouse,mouse,ENSMUSG00000021537
xenium_prime_5k_mouse,mouse,ENSMUSG00000021538
xenium_prime_5k_mouse,mouse,ENSMUSG00000021539
xenium_prime_5k_mouse,mouse,ENSMUSG00000021540
xenium_prime_5k_mouse,mouse,ENSMUSG00000021541
xenium_prime_5k_mouse,mouse,ENSMUSG00000021546
xenium_prime_5k_mouse,mouse,ENSMUSG00000021559
xenium_prime_5k_mouse,mouse,ENSMUSG00000021565
xenium_prime_5k_mouse,mouse,ENSMUSG00000021567
xenium_prime_5k_mouse,mouse,ENSMUSG00000021569
xenium_prime_5k_mouse,mouse,ENSMUSG00000021573
xenium_prime_5k_mouse,mouse,ENSMUSG00000021577
xenium_prime_5k_mouse,mouse,ENSMUSG00000021583
xenium_prime_5k_mouse,mouse,ENSMUSG00000021587
xenium_prime_5k_mouse,mouse,ENSMUSG00000021595
xenium_prime_5k_mouse,mouse,ENSMUSG00000021604
xenium_prime_5k_mouse,mouse,ENSMUSG00000021609
xenium_prime_5k_mouse,mouse,ENSMUSG00000021611
xenium_prime_5k_mouse,mouse,ENSMUSG00000021613
xenium_prime_5k_mouse,mouse,ENSMUSG00000021614
xenium_prime_5k_mouse,mouse,ENSMUSG00000021615
xenium_prime_5k_mouse,mouse,ENSMUSG00000021624
xenium_prime_5k_mouse,mouse,ENSMUSG00000021636
xenium_prime_5k_mouse,mouse,ENSMUSG00000021638
xenium_prime_5k_mouse,mouse,ENSMUSG00000021640
xenium_prime_5k_mouse,mouse,ENSMUSG00000021645
xenium_prime_5k_mouse,mouse,ENSMUSG00000021647
xenium_prime_5k_mouse,mouse,ENSMUSG00000021662
xenium_prime_5k_mouse,mouse,ENSMUSG00000021668
xenium_prime_5k_mouse,mouse,ENSMUSG00000021669
xenium_prime_5k_mouse,mouse,ENSMUSG00000021670
xenium_prime_5k_mouse,mouse,ENSMUSG00000021675
xenium_prime_5k_mouse,mouse,ENSMUSG00000021676
xenium_prime_5k_mouse,mouse,ENSMUSG00000021678
xenium_prime_5k_mouse,mouse,ENSMUSG00000021680
xenium_prime_5k_mouse,mouse,ENSMUSG00000021684
xenium_prime_5k_mouse,mouse,ENSMUSG00000021685
xenium_prime_5k_mouse,mouse,ENSMUSG00000021686
xenium_prime_5k_mouse,mouse,ENSMUSG00000021701
xenium_prime_5k_mouse,mouse,ENSMUSG00000021702
xenium_prime_5k_mouse,mouse,ENSMUSG00000021707
xenium_prime_5k_mouse,mouse,ENSMUSG00000021709
xenium_prime_5k_mouse,mouse,ENSMUSG00000021715
xenium_prime_5k_mouse,mouse,ENSMUSG00000021721
xenium_prime_5k_mouse,mouse,ENSMUSG00000021730
xenium_prime_5k_mouse,mouse,ENSMUSG00000021732
xenium_prime_5k_mouse,mouse,ENSMUSG00000021733
xenium_prime_5k_mouse,mouse,ENSMUSG00000021737
xenium_prime_5k_mouse,mouse,ENSMUSG00000021743
xenium_prime_5k_mouse,mouse,ENSMUSG00000021754
xenium_prime_5k_mouse,mouse,ENSMUSG00000021756
xenium_prime_5k_mouse,mouse,ENSMUSG00000021758
xenium_prime_5k_mouse,mouse,ENSMUSG00000021764
xenium_prime_5k_mouse,mouse,ENSMUSG00000021765
xenium_prime_5k_mouse,mouse,ENSMUSG00000021767
xenium_prime_5k_mouse,mouse,ENSMUSG00000021770
xenium_prime_5k_mouse,mouse,ENSMUSG00000021771
xenium_prime_5k_mouse,mouse,ENSMUSG00000021779
xenium_prime_5k_mouse,mouse,ENSMUSG00000021782
xenium_prime_5k_mouse,mouse,ENSMUSG00000021791
xenium_prime_5k_mouse,mouse,ENSMUSG00000021794
xenium_prime_5k_mouse,mouse,ENSMUSG00000021796
xenium_prime_5k_mouse,mouse,ENSMUSG00000021799
xenium_prime_5k_mouse,mouse,ENSMUSG00000021803
xenium_prime_5k_mouse,mouse,ENSMUSG00000021804
xenium_prime_5k_mouse,mouse,ENSMUSG00000021806
xenium_prime_5k_mouse,mouse,ENSMUSG00000021816
xenium_prime_5k_mouse,mouse,ENSMUSG00000021820
xenium_prime_5k_mouse,mouse,ENSMUSG00000021822
xenium_prime_5k_mouse,mouse,ENSMUSG00000021823
xenium_prime_5k_mouse,mouse,ENSMUSG00000021831
xenium_prime_5k_mouse,mouse,ENSMUSG00000021835
xenium_prime_5k_mouse,mouse,ENSMUSG00000021848
xenium_prime_5k_mouse,mouse,ENSMUSG00000021868
xenium_prime_5k_mouse,mouse,ENSMUSG00000021879
xenium_prime_5k_mouse,mouse,ENSMUSG00000021884
xenium_prime_5k_mouse,mouse,ENSMUSG00000021886
xenium_prime_5k_mouse,mouse,ENSMUSG00000021892
xenium_prime_5k_mouse,mouse,ENSMUSG00000021895
xenium_prime_5k_mouse,mouse,ENSMUSG00000021901
xenium_prime_5k_mouse,mouse,ENSMUSG00000021903
xenium_prime_5k_mouse,mouse,ENSMUSG00000021919
xenium_prime_5k_mouse,mouse,ENSMUSG00000021932
xenium_prime_5k_mouse,mouse,ENSMUSG00000021936
xenium_prime_5k_mouse,mouse,ENSMUSG00000021943
xenium_prime_5k_mouse,mouse,ENSMUSG00000021944
xenium_prime_5k_mouse,mouse,ENSMUSG00000021948
xenium_prime_5k_mouse,mouse,ENSMUSG00000021953
xenium_prime_5k_mouse,mouse,ENSMUSG00000021959
xenium_prime_5k_mouse,mouse,ENSMUSG00000021963
xenium_prime_5k_mouse,mouse,ENSMUSG00000021973
xenium_prime_5k_mouse,mouse,ENSMUSG00000021974
xenium_prime_5k_mouse,mouse,ENSMUSG00000021981
xenium_prime_5k_mouse,mouse,ENSMUSG00000021994
xenium_prime_5k_mouse,mouse,ENSMUSG00000021996
xenium_prime_5k_mouse,mouse,ENSMUSG00000022015
xenium_prime_5k_mouse,mouse,ENSMUSG00000022018
xenium_prime_5k_mouse,mouse,ENSMUSG00000022021
xenium_prime_5k_mouse,mouse,ENSMUSG00000022025
xenium_prime_5k_mouse,mouse,ENSMUSG00000022040
xenium_prime_5k_mouse,mouse,ENSMUSG00000022041
xenium_prime_5k_mouse,mouse,ENSMUSG00000022048
xenium_prime_5k_mouse,mouse,ENSMUSG00000022052
xenium_prime_5k_mouse,mouse,ENSMUSG00000022053
xenium_prime_5k_mouse,mouse,ENSMUSG00000022054
xenium_prime_5k_mouse,mouse,ENSMUSG00000022055
xenium_prime_5k_mouse,mouse,ENSMUSG00000022057
xenium_prime_5k_mouse,mouse,ENSMUSG00000022061
xenium_prime_5k_mouse,mouse,ENSMUSG00000022096
xenium_prime_5k_mouse,mouse,ENSMUSG00000022098
xenium_prime_5k_mouse,mouse,ENSMUSG00000022101
xenium_prime_5k_mouse,mouse,ENSMUSG00000022103
xenium_prime_5k_mouse,mouse,ENSMUSG00000022105
xenium_prime_5k_mouse,mouse,ENSMUSG00000022114
xenium_prime_5k_mouse,mouse,ENSMUSG00000022120
xenium_prime_5k_mouse,mouse,ENSMUSG00000022122
xenium_prime_5k_mouse,mouse,ENSMUSG00000022124
xenium_prime_5k_mouse,mouse,ENSMUSG00000022126
xenium_prime_5k_mouse,mouse,ENSMUSG00000022129
xenium_prime_5k_mouse,mouse,ENSMUSG00000022132
xenium_prime_5k_mouse,mouse,ENSMUSG00000022141
xenium_prime_5k_mouse,mouse,ENSMUSG00000022142
xenium_prime_5k_mouse,mouse,ENSMUSG00000022144
xenium_prime_5k_mouse,mouse,ENSMUSG00000022146
xenium_prime_5k_mouse,mouse,ENSMUSG00000022150
xenium_prime_5k_mouse,mouse,ENSMUSG00000022160
xenium_prime_5k_mouse,mouse,ENSMUSG00000022178
xenium_prime_5k_mouse,mouse,ENSMUSG00000022181
xenium_prime_5k_mouse,mouse,ENSMUSG00000022184
xenium_prime_5k_mouse,mouse,ENSMUSG00000022191
xenium_prime_5k_mouse,mouse,ENSMUSG00000022214
xenium_prime_5k_mouse,mouse,ENSMUSG00000022219
xenium_prime_5k_mouse,mouse,ENSMUSG00000022221
xenium_prime_5k_mouse,mouse,ENSMUSG00000022231
xenium_prime_5k_mouse,mouse,ENSMUSG00000022234
xenium_prime_5k_mouse,mouse,ENSMUSG00000022243
xenium_prime_5k_mouse,mouse,ENSMUSG00000022246
xenium_prime_5k_mouse,mouse,ENSMUSG00000022253
xenium_prime_5k_mouse,mouse,ENSMUSG00000022257
xenium_prime_5k_mouse,mouse,ENSMUSG00000022261
xenium_prime_5k_mouse,mouse,ENSMUSG00000022262
xenium_prime_5k_mouse,mouse,ENSMUSG00000022265
xenium_prime_5k_mouse,mouse,ENSMUSG00000022272
xenium_prime_5k_mouse,mouse,ENSMUSG00000022280
xenium_prime_5k_mouse,mouse,ENSMUSG00000022285
xenium_prime_5k_mouse,mouse,ENSMUSG00000022286
xenium_prime_5k_mouse,mouse,ENSMUSG00000022297
xenium_prime_5k_mouse,mouse,ENSMUSG00000022305
xenium_prime_5k_mouse,mouse,ENSMUSG00000022306
xenium_prime_5k_mouse,mouse,ENSMUSG00000022309
xenium_prime_5k_mouse,mouse,ENSMUSG00000022315
xenium_prime_5k_mouse,mouse,ENSMUSG00000022321
xenium_prime_5k_mouse,mouse,ENSMUSG00000022329
xenium_prime_5k_mouse,mouse,ENSMUSG00000022330
xenium_prime_5k_mouse,mouse,ENSMUSG00000022337
xenium_prime_5k_mouse,mouse,ENSMUSG00000022346
xenium_prime_5k_mouse,mouse,ENSMUSG00000022350
xenium_prime_5k_mouse,mouse,ENSMUSG00000022358
xenium_prime_5k_mouse,mouse,ENSMUSG00000022367
xenium_prime_5k_mouse,mouse,ENSMUSG00000022371
xenium_prime_5k_mouse,mouse,ENSMUSG00000022375
xenium_prime_5k_mouse,mouse,ENSMUSG00000022376
xenium_prime_5k_mouse,mouse,ENSMUSG00000022377
xenium_prime_5k_mouse,mouse,ENSMUSG00000022378
xenium_prime_5k_mouse,mouse,ENSMUSG00000022382
xenium_prime_5k_mouse,mouse,ENSMUSG00000022383
xenium_prime_5k_mouse,mouse,ENSMUSG00000022385
xenium_prime_5k_mouse,mouse,ENSMUSG00000022391
xenium_prime_5k_mouse,mouse,ENSMUSG00000022394
xenium_prime_5k_mouse,mouse,ENSMUSG00000022404
xenium_prime_5k_mouse,mouse,ENSMUSG00000022414
xenium_prime_5k_mouse,mouse,ENSMUSG00000022421
xenium_prime_5k_mouse,mouse,ENSMUSG00000022429
xenium_prime_5k_mouse,mouse,ENSMUSG00000022433
xenium_prime_5k_mouse,mouse,ENSMUSG00000022436
xenium_prime_5k_mouse,mouse,ENSMUSG00000022438
xenium_prime_5k_mouse,mouse,ENSMUSG00000022443
xenium_prime_5k_mouse,mouse,ENSMUSG00000022449
xenium_prime_5k_mouse,mouse,ENSMUSG00000022451
xenium_prime_5k_mouse,mouse,ENSMUSG00000022452
xenium_prime_5k_mouse,mouse,ENSMUSG00000022456
xenium_prime_5k_mouse,mouse,ENSMUSG00000022463
xenium_prime_5k_mouse,mouse,ENSMUSG00000022469
xenium_prime_5k_mouse,mouse,ENSMUSG00000022471
xenium_prime_5k_mouse,mouse,ENSMUSG00000022479
xenium_prime_5k_mouse,mouse,ENSMUSG00000022484
xenium_prime_5k_mouse,mouse,ENSMUSG00000022485
xenium_prime_5k_mouse,mouse,ENSMUSG00000022489
xenium_prime_5k_mouse,mouse,ENSMUSG00000022500
xenium_prime_5k_mouse,mouse,ENSMUSG00000022501
xenium_prime_5k_mouse,mouse,ENSMUSG00000022504
xenium_prime_5k_mouse,mouse,ENSMUSG00000022508
xenium_prime_5k_mouse,mouse,ENSMUSG00000022510
xenium_prime_5k_mouse,mouse,ENSMUSG00000022512
xenium_prime_5k_mouse,mouse,ENSMUSG00000022514
xenium_prime_5k_mouse,mouse,ENSMUSG00000022521
xenium_prime_5k_mouse,mouse,ENSMUSG00000022523
xenium_prime_5k_mouse,mouse,ENSMUSG00000022525
xenium_prime_5k_mouse,mouse,ENSMUSG00000022528
xenium_prime_5k_mouse,mouse,ENSMUSG00000022552
xenium_prime_5k_mouse,mouse,ENSMUSG00000022553
xenium_prime_5k_mouse,mouse,ENSMUSG00000022555
xenium_prime_5k_mouse,mouse,ENSMUSG00000022556
xenium_prime_5k_mouse,mouse,ENSMUSG00000022565
xenium_prime_5k_mouse,mouse,ENSMUSG00000022568
xenium_prime_5k_mouse,mouse,ENSMUSG00000022571
xenium_prime_5k_mouse,mouse,ENSMUSG00000022575
xenium_prime_5k_mouse,mouse,ENSMUSG00000022577
xenium_prime_5k_mouse,mouse,ENSMUSG00000022580
xenium_prime_5k_mouse,mouse,ENSMUSG00000022582
xenium_prime_5k_mouse,mouse,ENSMUSG00000022586
xenium_prime_5k_mouse,mouse,ENSMUSG00000022589
xenium_prime_5k_mouse,mouse,ENSMUSG00000022602
xenium_prime_5k_mouse,mouse,ENSMUSG00000022607
xenium_prime_5k_mouse,mouse,ENSMUSG00000022619
xenium_prime_5k_mouse,mouse,ENSMUSG00000022622
xenium_prime_5k_mouse,mouse,ENSMUSG00000022623
xenium_prime_5k_mouse,mouse,ENSMUSG00000022637
xenium_prime_5k_mouse,mouse,ENSMUSG00000022656
xenium_prime_5k_mouse,mouse,ENSMUSG00000022657
xenium_prime_5k_mouse,mouse,ENSMUSG00000022661
xenium_prime_5k_mouse,mouse,ENSMUSG00000022663
xenium_prime_5k_mouse,mouse,ENSMUSG00000022667
xenium_prime_5k_mouse,mouse,ENSMUSG00000022672
xenium_prime_5k_mouse,mouse,ENSMUSG00000022676
xenium_prime_5k_mouse,mouse,ENSMUSG00000022677
xenium_prime_5k_mouse,mouse,ENSMUSG00000022678
xenium_prime_5k_mouse,mouse,ENSMUSG00000022683
xenium_prime_5k_mouse,mouse,ENSMUSG00000022687
xenium_prime_5k_mouse,mouse,ENSMUSG00000022696
xenium_prime_5k_mouse,mouse,ENSMUSG00000022702
xenium_prime_5k_mouse,mouse,ENSMUSG00000022705
xenium_prime_5k_mouse,mouse,ENSMUSG00000022710
xenium_prime_5k_mouse,mouse,ENSMUSG00000022711
xenium_prime_5k_mouse,mouse,ENSMUSG00000022718
xenium_prime_5k_mouse,mouse,ENSMUSG00000022721
xenium_prime_5k_mouse,mouse,ENSMUSG00000022724
xenium_prime_5k_mouse,mouse,ENSMUSG00000022738
xenium_prime_5k_mouse,mouse,ENSMUSG00000022742
xenium_prime_5k_mouse,mouse,ENSMUSG00000022750
xenium_prime_5k_mouse,mouse,ENSMUSG00000022755
xenium_prime_5k_mouse,mouse,ENSMUSG00000022761
xenium_prime_5k_mouse,mouse,ENSMUSG00000022762
xenium_prime_5k_mouse,mouse,ENSMUSG00000022765
xenium_prime_5k_mouse,mouse,ENSMUSG00000022770
xenium_prime_5k_mouse,mouse,ENSMUSG00000022774
xenium_prime_5k_mouse,mouse,ENSMUSG00000022781
xenium_prime_5k_mouse,mouse,ENSMUSG00000022789
xenium_prime_5k_mouse,mouse,ENSMUSG00000022790
xenium_prime_5k_mouse,mouse,ENSMUSG00000022797
xenium_prime_5k_mouse,mouse,ENSMUSG00000022799
xenium_prime_5k_mouse,mouse,ENSMUSG00000022808
xenium_prime_5k_mouse,mouse,ENSMUSG00000022809
xenium_prime_5k_mouse,mouse,ENSMUSG00000022811
xenium_prime_5k_mouse,mouse,ENSMUSG00000022812
xenium_prime_5k_mouse,mouse,ENSMUSG00000022816
xenium_prime_5k_mouse,mouse,ENSMUSG00000022817
xenium_prime_5k_mouse,mouse,ENSMUSG00000022828
xenium_prime_5k_mouse,mouse,ENSMUSG00000022829
xenium_prime_5k_mouse,mouse,ENSMUSG00000022847
xenium_prime_5k_mouse,mouse,ENSMUSG00000022853
xenium_prime_5k_mouse,mouse,ENSMUSG00000022857
xenium_prime_5k_mouse,mouse,ENSMUSG00000022861
xenium_prime_5k_mouse,mouse,ENSMUSG00000022865
xenium_prime_5k_mouse,mouse,ENSMUSG00000022867
xenium_prime_5k_mouse,mouse,ENSMUSG00000022877
xenium_prime_5k_mouse,mouse,ENSMUSG00000022878
xenium_prime_5k_mouse,mouse,ENSMUSG00000022883
xenium_prime_5k_mouse,mouse,ENSMUSG00000022892
xenium_prime_5k_mouse,mouse,ENSMUSG00000022893
xenium_prime_5k_mouse,mouse,ENSMUSG00000022894
xenium_prime_5k_mouse,mouse,ENSMUSG00000022895
xenium_prime_5k_mouse,mouse,ENSMUSG00000022897
xenium_prime_5k_mouse,mouse,ENSMUSG00000022901
xenium_prime_5k_mouse,mouse,ENSMUSG00000022911
xenium_prime_5k_mouse,mouse,ENSMUSG00000022935
xenium_prime_5k_mouse,mouse,ENSMUSG00000022949
xenium_prime_5k_mouse,mouse,ENSMUSG00000022951
xenium_prime_5k_mouse,mouse,ENSMUSG00000022952
xenium_prime_5k_mouse,mouse,ENSMUSG00000022956
xenium_prime_5k_mouse,mouse,ENSMUSG00000022957
xenium_prime_5k_mouse,mouse,ENSMUSG00000022962
xenium_prime_5k_mouse,mouse,ENSMUSG00000022965
xenium_prime_5k_mouse,mouse,ENSMUSG00000022967
xenium_prime_5k_mouse,mouse,ENSMUSG00000022971
xenium_prime_5k_mouse,mouse,ENSMUSG00000022974
xenium_prime_5k_mouse,mouse,ENSMUSG00000022982
xenium_prime_5k_mouse,mouse,ENSMUSG00000022992
xenium_prime_5k_mouse,mouse,ENSMUSG00000022995
xenium_prime_5k_mouse,mouse,ENSMUSG00000022996
xenium_prime_5k_mouse,mouse,ENSMUSG00000022997
xenium_prime_5k_mouse,mouse,ENSMUSG00000023000
xenium_prime_5k_mouse,mouse,ENSMUSG00000023013
xenium_prime_5k_mouse,mouse,ENSMUSG00000023015
xenium_prime_5k_mouse,mouse,ENSMUSG00000023017
xenium_prime_5k_mouse,mouse,ENSMUSG00000023018
xenium_prime_5k_mouse,mouse,ENSMUSG00000023019
xenium_prime_5k_mouse,mouse,ENSMUSG00000023021
xenium_prime_5k_mouse,mouse,ENSMUSG00000023022
xenium_prime_5k_mouse,mouse,ENSMUSG00000023027
xenium_prime_5k_mouse,mouse,ENSMUSG00000023030
xenium_prime_5k_mouse,mouse,ENSMUSG00000023033
xenium_prime_5k_mouse,mouse,ENSMUSG00000023034
xenium_prime_5k_mouse,mouse,ENSMUSG00000023047
xenium_prime_5k_mouse,mouse,ENSMUSG00000023064
xenium_prime_5k_mouse,mouse,ENSMUSG00000023067
xenium_prime_5k_mouse,mouse,ENSMUSG00000023078
xenium_prime_5k_mouse,mouse,ENSMUSG00000023087
xenium_prime_5k_mouse,mouse,ENSMUSG00000023088
xenium_prime_5k_mouse,mouse,ENSMUSG00000023110
xenium_prime_5k_mouse,mouse,ENSMUSG00000023132
xenium_prime_5k_mouse,mouse,ENSMUSG00000023191
xenium_prime_5k_mouse,mouse,ENSMUSG00000023192
xenium_prime_5k_mouse,mouse,ENSMUSG00000023206
xenium_prime_5k_mouse,mouse,ENSMUSG00000023216
xenium_prime_5k_mouse,mouse,ENSMUSG00000023235
xenium_prime_5k_mouse,mouse,ENSMUSG00000023243
xenium_prime_5k_mouse,mouse,ENSMUSG00000023267
xenium_prime_5k_mouse,mouse,ENSMUSG00000023274
xenium_prime_5k_mouse,mouse,ENSMUSG00000023277
xenium_prime_5k_mouse,mouse,ENSMUSG00000023279
xenium_prime_5k_mouse,mouse,ENSMUSG00000023307
xenium_prime_5k_mouse,mouse,ENSMUSG00000023328
xenium_prime_5k_mouse,mouse,ENSMUSG00000023333
xenium_prime_5k_mouse,mouse,ENSMUSG00000023349
xenium_prime_5k_mouse,mouse,ENSMUSG00000023391
xenium_prime_5k_mouse,mouse,ENSMUSG00000023439
xenium_prime_5k_mouse,mouse,ENSMUSG00000023452
xenium_prime_5k_mouse,mouse,ENSMUSG00000023456
xenium_prime_5k_mouse,mouse,ENSMUSG00000023473
xenium_prime_5k_mouse,mouse,ENSMUSG00000023484
xenium_prime_5k_mouse,mouse,ENSMUSG00000023571
xenium_prime_5k_mouse,mouse,ENSMUSG00000023802
xenium_prime_5k_mouse,mouse,ENSMUSG00000023826
xenium_prime_5k_mouse,mouse,ENSMUSG00000023827
xenium_prime_5k_mouse,mouse,ENSMUSG00000023830
xenium_prime_5k_mouse,mouse,ENSMUSG00000023852
xenium_prime_5k_mouse,mouse,ENSMUSG00000023861
xenium_prime_5k_mouse,mouse,ENSMUSG00000023868
xenium_prime_5k_mouse,mouse,ENSMUSG00000023883
xenium_prime_5k_mouse,mouse,ENSMUSG00000023885
xenium_prime_5k_mouse,mouse,ENSMUSG00000023886
xenium_prime_5k_mouse,mouse,ENSMUSG00000023903
xenium_prime_5k_mouse,mouse,ENSMUSG00000023906
xenium_prime_5k_mouse,mouse,ENSMUSG00000023914
xenium_prime_5k_mouse,mouse,ENSMUSG00000023921
xenium_prime_5k_mouse,mouse,ENSMUSG00000023932
xenium_prime_5k_mouse,mouse,ENSMUSG00000023940
xenium_prime_5k_mouse,mouse,ENSMUSG00000023945
xenium_prime_5k_mouse,mouse,ENSMUSG00000023947
xenium_prime_5k_mouse,mouse,ENSMUSG00000023951
xenium_prime_5k_mouse,mouse,ENSMUSG00000023952
xenium_prime_5k_mouse,mouse,ENSMUSG00000023959
xenium_prime_5k_mouse,mouse,ENSMUSG00000023964
xenium_prime_5k_mouse,mouse,ENSMUSG00000023965
xenium_prime_5k_mouse,mouse,ENSMUSG00000023966
xenium_prime_5k_mouse,mouse,ENSMUSG00000023978
xenium_prime_5k_mouse,mouse,ENSMUSG00000023990
xenium_prime_5k_mouse,mouse,ENSMUSG00000023991
xenium_prime_5k_mouse,mouse,ENSMUSG00000023992
xenium_prime_5k_mouse,mouse,ENSMUSG00000023994
xenium_prime_5k_mouse,mouse,ENSMUSG00000024002
xenium_prime_5k_mouse,mouse,ENSMUSG00000024006
xenium_prime_5k_mouse,mouse,ENSMUSG00000024012
xenium_prime_5k_mouse,mouse,ENSMUSG00000024014
xenium_prime_5k_mouse,mouse,ENSMUSG00000024026
xenium_prime_5k_mouse,mouse,ENSMUSG00000024027
xenium_prime_5k_mouse,mouse,ENSMUSG00000024033
xenium_prime_5k_mouse,mouse,ENSMUSG00000024037
xenium_prime_5k_mouse,mouse,ENSMUSG00000024039
xenium_prime_5k_mouse,mouse,ENSMUSG00000024041
xenium_prime_5k_mouse,mouse,ENSMUSG00000024044
xenium_prime_5k_mouse,mouse,ENSMUSG00000024050
xenium_prime_5k_mouse,mouse,ENSMUSG00000024052
xenium_prime_5k_mouse,mouse,ENSMUSG00000024056
xenium_prime_5k_mouse,mouse,ENSMUSG00000024064
xenium_prime_5k_mouse,mouse,ENSMUSG00000024067
xenium_prime_5k_mouse,mouse,ENSMUSG00000024068
xenium_prime_5k_mouse,mouse,ENSMUSG00000024070
xenium_prime_5k_mouse,mouse,ENSMUSG00000024076
xenium_prime_5k_mouse,mouse,ENSMUSG00000024079
xenium_prime_5k_mouse,mouse,ENSMUSG00000024083
xenium_prime_5k_mouse,mouse,ENSMUSG00000024087
xenium_prime_5k_mouse,mouse,ENSMUSG00000024099
xenium_prime_5k_mouse,mouse,ENSMUSG00000024101
xenium_prime_5k_mouse,mouse,ENSMUSG00000024104
xenium_prime_5k_mouse,mouse,ENSMUSG00000024107
xenium_prime_5k_mouse,mouse,ENSMUSG00000024112
xenium_prime_5k_mouse,mouse,ENSMUSG00000024114
xenium_prime_5k_mouse,mouse,ENSMUSG00000024116
xenium_prime_5k_mouse,mouse,ENSMUSG00000024120
xenium_prime_5k_mouse,mouse,ENSMUSG00000024122
xenium_prime_5k_mouse,mouse,ENSMUSG00000024130
xenium_prime_5k_mouse,mouse,ENSMUSG00000024131
xenium_prime_5k_mouse,mouse,ENSMUSG00000024134
xenium_prime_5k_mouse,mouse,ENSMUSG00000024140
xenium_prime_5k_mouse,mouse,ENSMUSG00000024142
xenium_prime_5k_mouse,mouse,ENSMUSG00000024151
xenium_prime_5k_mouse,mouse,ENSMUSG00000024155
xenium_prime_5k_mouse,mouse,ENSMUSG00000024164
xenium_prime_5k_mouse,mouse,ENSMUSG00000024173
xenium_prime_5k_mouse,mouse,ENSMUSG00000024176
xenium_prime_5k_mouse,mouse,ENSMUSG00000024182
xenium_prime_5k_mouse,mouse,ENSMUSG00000024190
xenium_prime_5k_mouse,mouse,ENSMUSG00000024201
xenium_prime_5k_mouse,mouse,ENSMUSG00000024206
xenium_prime_5k_mouse,mouse,ENSMUSG00000024211
xenium_prime_5k_mouse,mouse,ENSMUSG00000024215
xenium_prime_5k_mouse,mouse,ENSMUSG00000024218
xenium_prime_5k_mouse,mouse,ENSMUSG00000024222
xenium_prime_5k_mouse,mouse,ENSMUSG00000024223
xenium_prime_5k_mouse,mouse,ENSMUSG00000024235
xenium_prime_5k_mouse,mouse,ENSMUSG00000024236
xenium_prime_5k_mouse,mouse,ENSMUSG00000024238
xenium_prime_5k_mouse,mouse,ENSMUSG00000024240
xenium_prime_5k_mouse,mouse,ENSMUSG00000024241
xenium_prime_5k_mouse,mouse,ENSMUSG00000024254
xenium_prime_5k_mouse,mouse,ENSMUSG00000024256
xenium_prime_5k_mouse,mouse,ENSMUSG00000024260
xenium_prime_5k_mouse,mouse,ENSMUSG00000024261
xenium_prime_5k_mouse,mouse,ENSMUSG00000024266
xenium_prime_5k_mouse,mouse,ENSMUSG00000024271
xenium_prime_5k_mouse,mouse,ENSMUSG00000024277
xenium_prime_5k_mouse,mouse,ENSMUSG00000024290
xenium_prime_5k_mouse,mouse,ENSMUSG00000024294
xenium_prime_5k_mouse,mouse,ENSMUSG00000024304
xenium_prime_5k_mouse,mouse,ENSMUSG00000024313
xenium_prime_5k_mouse,mouse,ENSMUSG00000024325
xenium_prime_5k_mouse,mouse,ENSMUSG00000024335
xenium_prime_5k_mouse,mouse,ENSMUSG00000024347
xenium_prime_5k_mouse,mouse,ENSMUSG00000024349
xenium_prime_5k_mouse,mouse,ENSMUSG00000024353
xenium_prime_5k_mouse,mouse,ENSMUSG00000024359
xenium_prime_5k_mouse,mouse,ENSMUSG00000024365
xenium_prime_5k_mouse,mouse,ENSMUSG00000024366
xenium_prime_5k_mouse,mouse,ENSMUSG00000024369
xenium_prime_5k_mouse,mouse,ENSMUSG00000024370
xenium_prime_5k_mouse,mouse,ENSMUSG00000024371
xenium_prime_5k_mouse,mouse,ENSMUSG00000024376
xenium_prime_5k_mouse,mouse,ENSMUSG00000024379
xenium_prime_5k_mouse,mouse,ENSMUSG00000024381
xenium_prime_5k_mouse,mouse,ENSMUSG00000024397
xenium_prime_5k_mouse,mouse,ENSMUSG00000024401
xenium_prime_5k_mouse,mouse,ENSMUSG00000024402
xenium_prime_5k_mouse,mouse,ENSMUSG00000024404
xenium_prime_5k_mouse,mouse,ENSMUSG00000024406
xenium_prime_5k_mouse,mouse,ENSMUSG00000024411
xenium_prime_5k_mouse,mouse,ENSMUSG00000024413
xenium_prime_5k_mouse,mouse,ENSMUSG00000024421
xenium_prime_5k_mouse,mouse,ENSMUSG00000024423
xenium_prime_5k_mouse,mouse,ENSMUSG00000024427
xenium_prime_5k_mouse,mouse,ENSMUSG00000024431
xenium_prime_5k_mouse,mouse,ENSMUSG00000024454
xenium_prime_5k_mouse,mouse,ENSMUSG00000024456
xenium_prime_5k_mouse,mouse,ENSMUSG00000024462
xenium_prime_5k_mouse,mouse,ENSMUSG00000024481
xenium_prime_5k_mouse,mouse,ENSMUSG00000024485
xenium_prime_5k_mouse,mouse,ENSMUSG00000024486
xenium_prime_5k_mouse,mouse,ENSMUSG00000024497
xenium_prime_5k_mouse,mouse,ENSMUSG00000024500
xenium_prime_5k_mouse,mouse,ENSMUSG00000024501
xenium_prime_5k_mouse,mouse,ENSMUSG00000024503
xenium_prime_5k_mouse,mouse,ENSMUSG00000024507
xenium_prime_5k_mouse,mouse,ENSMUSG00000024511
xenium_prime_5k_mouse,mouse,ENSMUSG00000024513
xenium_prime_5k_mouse,mouse,ENSMUSG00000024515
xenium_prime_5k_mouse,mouse,ENSMUSG00000024517
xenium_prime_5k_mouse,mouse,ENSMUSG00000024518
xenium_prime_5k_mouse,mouse,ENSMUSG00000024521
xenium_prime_5k_mouse,mouse,ENSMUSG00000024524
xenium_prime_5k_mouse,mouse,ENSMUSG00000024526
xenium_prime_5k_mouse,mouse,ENSMUSG00000024527
xenium_prime_5k_mouse,mouse,ENSMUSG00000024529
xenium_prime_5k_mouse,mouse,ENSMUSG00000024539
xenium_prime_5k_mouse,mouse,ENSMUSG00000024544
xenium_prime_5k_mouse,mouse,ENSMUSG00000024548
xenium_prime_5k_mouse,mouse,ENSMUSG00000024553
xenium_prime_5k_mouse,mouse,ENSMUSG00000024560
xenium_prime_5k_mouse,mouse,ENSMUSG00000024563
xenium_prime_5k_mouse,mouse,ENSMUSG00000024565
xenium_prime_5k_mouse,mouse,ENSMUSG00000024576
xenium_prime_5k_mouse,mouse,ENSMUSG00000024589
xenium_prime_5k_mouse,mouse,ENSMUSG00000024590
xenium_prime_5k_mouse,mouse,ENSMUSG00000024597
xenium_prime_5k_mouse,mouse,ENSMUSG00000024603
xenium_prime_5k_mouse,mouse,ENSMUSG00000024613
xenium_prime_5k_mouse,mouse,ENSMUSG00000024617
xenium_prime_5k_mouse,mouse,ENSMUSG00000024619
xenium_prime_5k_mouse,mouse,ENSMUSG00000024620
xenium_prime_5k_mouse,mouse,ENSMUSG00000024621
xenium_prime_5k_mouse,mouse,ENSMUSG00000024639
xenium_prime_5k_mouse,mouse,ENSMUSG00000024640
xenium_prime_5k_mouse,mouse,ENSMUSG00000024642
xenium_prime_5k_mouse,mouse,ENSMUSG00000024646
xenium_prime_5k_mouse,mouse,ENSMUSG00000024647
xenium_prime_5k_mouse,mouse,ENSMUSG00000024650
xenium_prime_5k_mouse,mouse,ENSMUSG00000024669
xenium_prime_5k_mouse,mouse,ENSMUSG00000024670
xenium_prime_5k_mouse,mouse,ENSMUSG00000024672
xenium_prime_5k_mouse,mouse,ENSMUSG00000024673
xenium_prime_5k_mouse,mouse,ENSMUSG00000024680
xenium_prime_5k_mouse,mouse,ENSMUSG00000024682
xenium_prime_5k_mouse,mouse,ENSMUSG00000024697
xenium_prime_5k_mouse,mouse,ENSMUSG00000024727
xenium_prime_5k_mouse,mouse,ENSMUSG00000024734
xenium_prime_5k_mouse,mouse,ENSMUSG00000024735
xenium_prime_5k_mouse,mouse,ENSMUSG00000024740
xenium_prime_5k_mouse,mouse,ENSMUSG00000024742
xenium_prime_5k_mouse,mouse,ENSMUSG00000024758
xenium_prime_5k_mouse,mouse,ENSMUSG00000024778
xenium_prime_5k_mouse,mouse,ENSMUSG00000024789
xenium_prime_5k_mouse,mouse,ENSMUSG00000024791
xenium_prime_5k_mouse,mouse,ENSMUSG00000024792
xenium_prime_5k_mouse,mouse,ENSMUSG00000024795
xenium_prime_5k_mouse,mouse,ENSMUSG00000024797
xenium_prime_5k_mouse,mouse,ENSMUSG00000024798
xenium_prime_5k_mouse,mouse,ENSMUSG00000024810
xenium_prime_5k_mouse,mouse,ENSMUSG00000024811
xenium_prime_5k_mouse,mouse,ENSMUSG00000024812
xenium_prime_5k_mouse,mouse,ENSMUSG00000024817
xenium_prime_5k_mouse,mouse,ENSMUSG00000024824
xenium_prime_5k_mouse,mouse,ENSMUSG00000024826
xenium_prime_5k_mouse,mouse,ENSMUSG00000024827
xenium_prime_5k_mouse,mouse,ENSMUSG00000024837
xenium_prime_5k_mouse,mouse,ENSMUSG00000024843
xenium_prime_5k_mouse,mouse,ENSMUSG00000024847
xenium_prime_5k_mouse,mouse,ENSMUSG00000024851
xenium_prime_5k_mouse,mouse,ENSMUSG00000024858
xenium_prime_5k_mouse,mouse,ENSMUSG00000024862
xenium_prime_5k_mouse,mouse,ENSMUSG00000024863
xenium_prime_5k_mouse,mouse,ENSMUSG00000024868
xenium_prime_5k_mouse,mouse,ENSMUSG00000024875
xenium_prime_5k_mouse,mouse,ENSMUSG00000024892
xenium_prime_5k_mouse,mouse,ENSMUSG00000024897
xenium_prime_5k_mouse,mouse,ENSMUSG00000024900
xenium_prime_5k_mouse,mouse,ENSMUSG00000024905
xenium_prime_5k_mouse,mouse,ENSMUSG00000024906
xenium_prime_5k_mouse,mouse,ENSMUSG00000024907
xenium_prime_5k_mouse,mouse,ENSMUSG00000024908
xenium_prime_5k_mouse,mouse,ENSMUSG00000024912
xenium_prime_5k_mouse,mouse,ENSMUSG00000024913
xenium_prime_5k_mouse,mouse,ENSMUSG00000024921
xenium_prime_5k_mouse,mouse,ENSMUSG00000024922
xenium_prime_5k_mouse,mouse,ENSMUSG00000024924
xenium_prime_5k_mouse,mouse,ENSMUSG00000024926
xenium_prime_5k_mouse,mouse,ENSMUSG00000024927
xenium_prime_5k_mouse,mouse,ENSMUSG00000024935
xenium_prime_5k_mouse,mouse,ENSMUSG00000024942
xenium_prime_5k_mouse,mouse,ENSMUSG00000024943
xenium_prime_5k_mouse,mouse,ENSMUSG00000024947
xenium_prime_5k_mouse,mouse,ENSMUSG00000024949
xenium_prime_5k_mouse,mouse,ENSMUSG00000024955
xenium_prime_5k_mouse,mouse,ENSMUSG00000024959
xenium_prime_5k_mouse,mouse,ENSMUSG00000024962
xenium_prime_5k_mouse,mouse,ENSMUSG00000024965
xenium_prime_5k_mouse,mouse,ENSMUSG00000024966
xenium_prime_5k_mouse,mouse,ENSMUSG00000024968
xenium_prime_5k_mouse,mouse,ENSMUSG00000024969
xenium_prime_5k_mouse,mouse,ENSMUSG00000024974
xenium_prime_5k_mouse,mouse,ENSMUSG00000024975
xenium_prime_5k_mouse,mouse,ENSMUSG00000024976
xenium_prime_5k_mouse,mouse,ENSMUSG00000024978
xenium_prime_5k_mouse,mouse,ENSMUSG00000024979
xenium_prime_5k_mouse,mouse,ENSMUSG00000024982
xenium_prime_5k_mouse,mouse,ENSMUSG00000024985
xenium_prime_5k_mouse,mouse,ENSMUSG00000024986
xenium_prime_5k_mouse,mouse,ENSMUSG00000024987
xenium_prime_5k_mouse,mouse,ENSMUSG00000024992
xenium_prime_5k_mouse,mouse,ENSMUSG00000025001
xenium_prime_5k_mouse,mouse,ENSMUSG00000025006
xenium_prime_5k_mouse,mouse,ENSMUSG00000025020
xenium_prime_5k_mouse,mouse,ENSMUSG00000025037
xenium_prime_5k_mouse,mouse,ENSMUSG00000025040
xenium_prime_5k_mouse,mouse,ENSMUSG00000025044
xenium_prime_5k_mouse,mouse,ENSMUSG00000025056
xenium_prime_5k_mouse,mouse,ENSMUSG00000025059
xenium_prime_5k_mouse,mouse,ENSMUSG00000025060
xenium_prime_5k_mouse,mouse,ENSMUSG00000025076
xenium_prime_5k_mouse,mouse,ENSMUSG00000025081
xenium_prime_5k_mouse,mouse,ENSMUSG00000025083
xenium_prime_5k_mouse,mouse,ENSMUSG00000025089
xenium_prime_5k_mouse,mouse,ENSMUSG00000025094
xenium_prime_5k_mouse,mouse,ENSMUSG00000025105
xenium_prime_5k_mouse,mouse,ENSMUSG00000025127
xenium_prime_5k_mouse,mouse,ENSMUSG00000025128
xenium_prime_5k_mouse,mouse,ENSMUSG00000025130
xenium_prime_5k_mouse,mouse,ENSMUSG00000025133
xenium_prime_5k_mouse,mouse,ENSMUSG00000025135
xenium_prime_5k_mouse,mouse,ENSMUSG00000025138
xenium_prime_5k_mouse,mouse,ENSMUSG00000025147
xenium_prime_5k_mouse,mouse,ENSMUSG00000025153
xenium_prime_5k_mouse,mouse,ENSMUSG00000025156
xenium_prime_5k_mouse,mouse,ENSMUSG00000025159
xenium_prime_5k_mouse,mouse,ENSMUSG00000025161
xenium_prime_5k_mouse,mouse,ENSMUSG00000025162
xenium_prime_5k_mouse,mouse,ENSMUSG00000025196
xenium_prime_5k_mouse,mouse,ENSMUSG00000025199
xenium_prime_5k_mouse,mouse,ENSMUSG00000025207
xenium_prime_5k_mouse,mouse,ENSMUSG00000025209
xenium_prime_5k_mouse,mouse,ENSMUSG00000025212
xenium_prime_5k_mouse,mouse,ENSMUSG00000025215
xenium_prime_5k_mouse,mouse,ENSMUSG00000025216
xenium_prime_5k_mouse,mouse,ENSMUSG00000025217
xenium_prime_5k_mouse,mouse,ENSMUSG00000025219
xenium_prime_5k_mouse,mouse,ENSMUSG00000025223
xenium_prime_5k_mouse,mouse,ENSMUSG00000025224
xenium_prime_5k_mouse,mouse,ENSMUSG00000025225
xenium_prime_5k_mouse,mouse,ENSMUSG00000025228
xenium_prime_5k_mouse,mouse,ENSMUSG00000025231
xenium_prime_5k_mouse,mouse,ENSMUSG00000025232
xenium_prime_5k_mouse,mouse,ENSMUSG00000025235
xenium_prime_5k_mouse,mouse,ENSMUSG00000025239
xenium_prime_5k_mouse,mouse,ENSMUSG00000025240
xenium_prime_5k_mouse,mouse,ENSMUSG00000025261
xenium_prime_5k_mouse,mouse,ENSMUSG00000025271
xenium_prime_5k_mouse,mouse,ENSMUSG00000025278
xenium_prime_5k_mouse,mouse,ENSMUSG00000025316
xenium_prime_5k_mouse,mouse,ENSMUSG00000025321
xenium_prime_5k_mouse,mouse,ENSMUSG00000025326
xenium_prime_5k_mouse,mouse,ENSMUSG00000025330
xenium_prime_5k_mouse,mouse,ENSMUSG00000025332
xenium_prime_5k_mouse,mouse,ENSMUSG00000025333
xenium_prime_5k_mouse,mouse,ENSMUSG00000025347
xenium_prime_5k_mouse,mouse,ENSMUSG00000025348
xenium_prime_5k_mouse,mouse,ENSMUSG00000025352
xenium_prime_5k_mouse,mouse,ENSMUSG00000025357
xenium_prime_5k_mouse,mouse,ENSMUSG00000025358
xenium_prime_5k_mouse,mouse,ENSMUSG00000025364
xenium_prime_5k_mouse,mouse,ENSMUSG00000025369
xenium_prime_5k_mouse,mouse,ENSMUSG00000025370
xenium_prime_5k_mouse,mouse,ENSMUSG00000025372
xenium_prime_5k_mouse,mouse,ENSMUSG00000025377
xenium_prime_5k_mouse,mouse,ENSMUSG00000025380
xenium_prime_5k_mouse,mouse,ENSMUSG00000025383
xenium_prime_5k_mouse,mouse,ENSMUSG00000025384
xenium_prime_5k_mouse,mouse,ENSMUSG00000025386
xenium_prime_5k_mouse,mouse,ENSMUSG00000025389
xenium_prime_5k_mouse,mouse,ENSMUSG00000025400
xenium_prime_5k_mouse,mouse,ENSMUSG00000025407
xenium_prime_5k_mouse,mouse,ENSMUSG00000025408
xenium_prime_5k_mouse,mouse,ENSMUSG00000025410
xenium_prime_5k_mouse,mouse,ENSMUSG00000025417
xenium_prime_5k_mouse,mouse,ENSMUSG00000025418
xenium_prime_5k_mouse,mouse,ENSMUSG00000025420
xenium_prime_5k_mouse,mouse,ENSMUSG00000025423
xenium_prime_5k_mouse,mouse,ENSMUSG00000025431
xenium_prime_5k_mouse,mouse,ENSMUSG00000025432
xenium_prime_5k_mouse,mouse,ENSMUSG00000025451
xenium_prime_5k_mouse,mouse,ENSMUSG00000025465
xenium_prime_5k_mouse,mouse,ENSMUSG00000025467
xenium_prime_5k_mouse,mouse,ENSMUSG00000025474
xenium_prime_5k_mouse,mouse,ENSMUSG00000025478
xenium_prime_5k_mouse,mouse,ENSMUSG00000025479
xenium_prime_5k_mouse,mouse,ENSMUSG00000025485
xenium_prime_5k_mouse,mouse,ENSMUSG00000025486
xenium_prime_5k_mouse,mouse,ENSMUSG00000025487
xenium_prime_5k_mouse,mouse,ENSMUSG00000025488
xenium_prime_5k_mouse,mouse,ENSMUSG00000025496
xenium_prime_5k_mouse,mouse,ENSMUSG00000025498
xenium_prime_5k_mouse,mouse,ENSMUSG00000025499
xenium_prime_5k_mouse,mouse,ENSMUSG00000025509
xenium_prime_5k_mouse,mouse,ENSMUSG00000025510
xenium_prime_5k_mouse,mouse,ENSMUSG00000025515
xenium_prime_5k_mouse,mouse,ENSMUSG00000025534
xenium_prime_5k_mouse,mouse,ENSMUSG00000025557
xenium_prime_5k_mouse,mouse,ENSMUSG00000025576
xenium_prime_5k_mouse,mouse,ENSMUSG00000025577
xenium_prime_5k_mouse,mouse,ENSMUSG00000025579
xenium_prime_5k_mouse,mouse,ENSMUSG00000025580
xenium_prime_5k_mouse,mouse,ENSMUSG00000025583
xenium_prime_5k_mouse,mouse,ENSMUSG00000025584
xenium_prime_5k_mouse,mouse,ENSMUSG00000025588
xenium_prime_5k_mouse,mouse,ENSMUSG00000025608
xenium_prime_5k_mouse,mouse,ENSMUSG00000025609
xenium_prime_5k_mouse,mouse,ENSMUSG00000025612
xenium_prime_5k_mouse,mouse,ENSMUSG00000025613
xenium_prime_5k_mouse,mouse,ENSMUSG00000025626
xenium_prime_5k_mouse,mouse,ENSMUSG00000025630
xenium_prime_5k_mouse,mouse,ENSMUSG00000025650
xenium_prime_5k_mouse,mouse,ENSMUSG00000025701
xenium_prime_5k_mouse,mouse,ENSMUSG00000025723
xenium_prime_5k_mouse,mouse,ENSMUSG00000025733
xenium_prime_5k_mouse,mouse,ENSMUSG00000025738
xenium_prime_5k_mouse,mouse,ENSMUSG00000025758
xenium_prime_5k_mouse,mouse,ENSMUSG00000025764
xenium_prime_5k_mouse,mouse,ENSMUSG00000025777
xenium_prime_5k_mouse,mouse,ENSMUSG00000025779
xenium_prime_5k_mouse,mouse,ENSMUSG00000025790
xenium_prime_5k_mouse,mouse,ENSMUSG00000025793
xenium_prime_5k_mouse,mouse,ENSMUSG00000025804
xenium_prime_5k_mouse,mouse,ENSMUSG00000025809
xenium_prime_5k_mouse,mouse,ENSMUSG00000025810
xenium_prime_5k_mouse,mouse,ENSMUSG00000025812
xenium_prime_5k_mouse,mouse,ENSMUSG00000025854
xenium_prime_5k_mouse,mouse,ENSMUSG00000025856
xenium_prime_5k_mouse,mouse,ENSMUSG00000025860
xenium_prime_5k_mouse,mouse,ENSMUSG00000025862
xenium_prime_5k_mouse,mouse,ENSMUSG00000025880
xenium_prime_5k_mouse,mouse,ENSMUSG00000025887
xenium_prime_5k_mouse,mouse,ENSMUSG00000025888
xenium_prime_5k_mouse,mouse,ENSMUSG00000025892
xenium_prime_5k_mouse,mouse,ENSMUSG00000025902
xenium_prime_5k_mouse,mouse,ENSMUSG00000025905
xenium_prime_5k_mouse,mouse,ENSMUSG00000025907
xenium_prime_5k_mouse,mouse,ENSMUSG00000025917
xenium_prime_5k_mouse,mouse,ENSMUSG00000025920
xenium_prime_5k_mouse,mouse,ENSMUSG00000025925
xenium_prime_5k_mouse,mouse,ENSMUSG00000025927
xenium_prime_5k_mouse,mouse,ENSMUSG00000025929
xenium_prime_5k_mouse,mouse,ENSMUSG00000025932
xenium_prime_5k_mouse,mouse,ENSMUSG00000025945
xenium_prime_5k_mouse,mouse,ENSMUSG00000025946
xenium_prime_5k_mouse,mouse,ENSMUSG00000025950
xenium_prime_5k_mouse,mouse,ENSMUSG00000025952
xenium_prime_5k_mouse,mouse,ENSMUSG00000025958
xenium_prime_5k_mouse,mouse,ENSMUSG00000025968
xenium_prime_5k_mouse,mouse,ENSMUSG00000025969
xenium_prime_5k_mouse,mouse,ENSMUSG00000025971
xenium_prime_5k_mouse,mouse,ENSMUSG00000025980
xenium_prime_5k_mouse,mouse,ENSMUSG00000025991
xenium_prime_5k_mouse,mouse,ENSMUSG00000025993
xenium_prime_5k_mouse,mouse,ENSMUSG00000025997
xenium_prime_5k_mouse,mouse,ENSMUSG00000026009
xenium_prime_5k_mouse,mouse,ENSMUSG00000026011
xenium_prime_5k_mouse,mouse,ENSMUSG00000026012
xenium_prime_5k_mouse,mouse,ENSMUSG00000026021
xenium_prime_5k_mouse,mouse,ENSMUSG00000026024
xenium_prime_5k_mouse,mouse,ENSMUSG00000026029
xenium_prime_5k_mouse,mouse,ENSMUSG00000026031
xenium_prime_5k_mouse,mouse,ENSMUSG00000026034
xenium_prime_5k_mouse,mouse,ENSMUSG00000026039
xenium_prime_5k_mouse,mouse,ENSMUSG00000026058
xenium_prime_5k_mouse,mouse,ENSMUSG00000026064
xenium_prime_5k_mouse,mouse,ENSMUSG00000026065
xenium_prime_5k_mouse,mouse,ENSMUSG00000026068
xenium_prime_5k_mouse,mouse,ENSMUSG00000026069
xenium_prime_5k_mouse,mouse,ENSMUSG00000026070
xenium_prime_5k_mouse,mouse,ENSMUSG00000026072
xenium_prime_5k_mouse,mouse,ENSMUSG00000026074
xenium_prime_5k_mouse,mouse,ENSMUSG00000026077
xenium_prime_5k_mouse,mouse,ENSMUSG00000026080
xenium_prime_5k_mouse,mouse,ENSMUSG00000026082
xenium_prime_5k_mouse,mouse,ENSMUSG00000026085
xenium_prime_5k_mouse,mouse,ENSMUSG00000026098
xenium_prime_5k_mouse,mouse,ENSMUSG00000026100
xenium_prime_5k_mouse,mouse,ENSMUSG00000026102
xenium_prime_5k_mouse,mouse,ENSMUSG00000026104
xenium_prime_5k_mouse,mouse,ENSMUSG00000026117
xenium_prime_5k_mouse,mouse,ENSMUSG00000026124
xenium_prime_5k_mouse,mouse,ENSMUSG00000026131
xenium_prime_5k_mouse,mouse,ENSMUSG00000026155
xenium_prime_5k_mouse,mouse,ENSMUSG00000026166
xenium_prime_5k_mouse,mouse,ENSMUSG00000026167
xenium_prime_5k_mouse,mouse,ENSMUSG00000026170
xenium_prime_5k_mouse,mouse,ENSMUSG00000026174
xenium_prime_5k_mouse,mouse,ENSMUSG00000026175
xenium_prime_5k_mouse,mouse,ENSMUSG00000026176
xenium_prime_5k_mouse,mouse,ENSMUSG00000026177
xenium_prime_5k_mouse,mouse,ENSMUSG00000026179
xenium_prime_5k_mouse,mouse,ENSMUSG00000026180
xenium_prime_5k_mouse,mouse,ENSMUSG00000026182
xenium_prime_5k_mouse,mouse,ENSMUSG00000026187
xenium_prime_5k_mouse,mouse,ENSMUSG00000026193
xenium_prime_5k_mouse,mouse,ENSMUSG00000026196
xenium_prime_5k_mouse,mouse,ENSMUSG00000026197
xenium_prime_5k_mouse,mouse,ENSMUSG00000026207
xenium_prime_5k_mouse,mouse,ENSMUSG00000026208
xenium_prime_5k_mouse,mouse,ENSMUSG00000026228
xenium_prime_5k_mouse,mouse,ENSMUSG00000026229
xenium_prime_5k_mouse,mouse,ENSMUSG00000026234
xenium_prime_5k_mouse,mouse,ENSMUSG00000026235
xenium_prime_5k_mouse,mouse,ENSMUSG00000026237
xenium_prime_5k_mouse,mouse,ENSMUSG00000026247
xenium_prime_5k_mouse,mouse,ENSMUSG00000026249
xenium_prime_5k_mouse,mouse,ENSMUSG00000026251
xenium_prime_5k_mouse,mouse,ENSMUSG00000026253
xenium_prime_5k_mouse,mouse,ENSMUSG00000026270
xenium_prime_5k_mouse,mouse,ENSMUSG00000026271
xenium_prime_5k_mouse,mouse,ENSMUSG00000026275
xenium_prime_5k_mouse,mouse,ENSMUSG00000026276
xenium_prime_5k_mouse,mouse,ENSMUSG00000026285
xenium_prime_5k_mouse,mouse,ENSMUSG00000026288
xenium_prime_5k_mouse,mouse,ENSMUSG00000026289
xenium_prime_5k_mouse,mouse,ENSMUSG00000026303
xenium_prime_5k_mouse,mouse,ENSMUSG00000026309
xenium_prime_5k_mouse,mouse,ENSMUSG00000026312
xenium_prime_5k_mouse,mouse,ENSMUSG00000026313
xenium_prime_5k_mouse,mouse,ENSMUSG00000026317
xenium_prime_5k_mouse,mouse,ENSMUSG00000026321
xenium_prime_5k_mouse,mouse,ENSMUSG00000026322
xenium_prime_5k_mouse,mouse,ENSMUSG00000026343
xenium_prime_5k_mouse,mouse,ENSMUSG00000026344
xenium_prime_5k_mouse,mouse,ENSMUSG00000026347
xenium_prime_5k_mouse,mouse,ENSMUSG00000026357
xenium_prime_5k_mouse,mouse,ENSMUSG00000026361
xenium_prime_5k_mouse,mouse,ENSMUSG00000026390
xenium_prime_5k_mouse,mouse,ENSMUSG00000026393
xenium_prime_5k_mouse,mouse,ENSMUSG00000026395
xenium_prime_5k_mouse,mouse,ENSMUSG00000026398
xenium_prime_5k_mouse,mouse,ENSMUSG00000026399
xenium_prime_5k_mouse,mouse,ENSMUSG00000026405
xenium_prime_5k_mouse,mouse,ENSMUSG00000026407
xenium_prime_5k_mouse,mouse,ENSMUSG00000026409
xenium_prime_5k_mouse,mouse,ENSMUSG00000026414
xenium_prime_5k_mouse,mouse,ENSMUSG00000026424
xenium_prime_5k_mouse,mouse,ENSMUSG00000026430
xenium_prime_5k_mouse,mouse,ENSMUSG00000026432
xenium_prime_5k_mouse,mouse,ENSMUSG00000026433
xenium_prime_5k_mouse,mouse,ENSMUSG00000026452
xenium_prime_5k_mouse,mouse,ENSMUSG00000026457
xenium_prime_5k_mouse,mouse,ENSMUSG00000026459
xenium_prime_5k_mouse,mouse,ENSMUSG00000026463
xenium_prime_5k_mouse,mouse,ENSMUSG00000026468
xenium_prime_5k_mouse,mouse,ENSMUSG00000026478
xenium_prime_5k_mouse,mouse,ENSMUSG00000026483
xenium_prime_5k_mouse,mouse,ENSMUSG00000026484
xenium_prime_5k_mouse,mouse,ENSMUSG00000026489
xenium_prime_5k_mouse,mouse,ENSMUSG00000026496
xenium_prime_5k_mouse,mouse,ENSMUSG00000026497
xenium_prime_5k_mouse,mouse,ENSMUSG00000026504
xenium_prime_5k_mouse,mouse,ENSMUSG00000026509
xenium_prime_5k_mouse,mouse,ENSMUSG00000026525
xenium_prime_5k_mouse,mouse,ENSMUSG00000026526
xenium_prime_5k_mouse,mouse,ENSMUSG00000026532
xenium_prime_5k_mouse,mouse,ENSMUSG00000026542
xenium_prime_5k_mouse,mouse,ENSMUSG00000026546
xenium_prime_5k_mouse,mouse,ENSMUSG00000026548
xenium_prime_5k_mouse,mouse,ENSMUSG00000026556
xenium_prime_5k_mouse,mouse,ENSMUSG00000026565
xenium_prime_5k_mouse,mouse,ENSMUSG00000026568
xenium_prime_5k_mouse,mouse,ENSMUSG00000026573
xenium_prime_5k_mouse,mouse,ENSMUSG00000026580
xenium_prime_5k_mouse,mouse,ENSMUSG00000026581
xenium_prime_5k_mouse,mouse,ENSMUSG00000026582
xenium_prime_5k_mouse,mouse,ENSMUSG00000026585
xenium_prime_5k_mouse,mouse,ENSMUSG00000026586
xenium_prime_5k_mouse,mouse,ENSMUSG00000026602
xenium_prime_5k_mouse,mouse,ENSMUSG00000026603
xenium_prime_5k_mouse,mouse,ENSMUSG00000026605
xenium_prime_5k_mouse,mouse,ENSMUSG00000026610
xenium_prime_5k_mouse,mouse,ENSMUSG00000026614
xenium_prime_5k_mouse,mouse,ENSMUSG00000026616
xenium_prime_5k_mouse,mouse,ENSMUSG00000026622
xenium_prime_5k_mouse,mouse,ENSMUSG00000026630
xenium_prime_5k_mouse,mouse,ENSMUSG00000026639
xenium_prime_5k_mouse,mouse,ENSMUSG00000026640
xenium_prime_5k_mouse,mouse,ENSMUSG00000026655
xenium_prime_5k_mouse,mouse,ENSMUSG00000026656
xenium_prime_5k_mouse,mouse,ENSMUSG00000026663
xenium_prime_5k_mouse,mouse,ENSMUSG00000026675
xenium_prime_5k_mouse,mouse,ENSMUSG00000026686
xenium_prime_5k_mouse,mouse,ENSMUSG00000026687
xenium_prime_5k_mouse,mouse,ENSMUSG00000026692
xenium_prime_5k_mouse,mouse,ENSMUSG00000026700
xenium_prime_5k_mouse,mouse,ENSMUSG00000026712
xenium_prime_5k_mouse,mouse,ENSMUSG00000026715
xenium_prime_5k_mouse,mouse,ENSMUSG00000026726
xenium_prime_5k_mouse,mouse,ENSMUSG00000026735
xenium_prime_5k_mouse,mouse,ENSMUSG00000026739
xenium_prime_5k_mouse,mouse,ENSMUSG00000026743
xenium_prime_5k_mouse,mouse,ENSMUSG00000026748
xenium_prime_5k_mouse,mouse,ENSMUSG00000026751
xenium_prime_5k_mouse,mouse,ENSMUSG00000026753
xenium_prime_5k_mouse,mouse,ENSMUSG00000026764
xenium_prime_5k_mouse,mouse,ENSMUSG00000026765
xenium_prime_5k_mouse,mouse,ENSMUSG00000026768
xenium_prime_5k_mouse,mouse,ENSMUSG00000026770
xenium_prime_5k_mouse,mouse,ENSMUSG00000026771
xenium_prime_5k_mouse,mouse,ENSMUSG00000026778
xenium_prime_5k_mouse,mouse,ENSMUSG00000026787
xenium_prime_5k_mouse,mouse,ENSMUSG00000026790
xenium_prime_5k_mouse,mouse,ENSMUSG00000026797
xenium_prime_5k_mouse,mouse,ENSMUSG00000026805
xenium_prime_5k_mouse,mouse,ENSMUSG00000026809
xenium_prime_5k_mouse,mouse,ENSMUSG00000026812
xenium_prime_5k_mouse,mouse,ENSMUSG00000026814
xenium_prime_5k_mouse,mouse,ENSMUSG00000026815
xenium_prime_5k_mouse,mouse,ENSMUSG00000026824
xenium_prime_5k_mouse,mouse,ENSMUSG00000026825
xenium_prime_5k_mouse,mouse,ENSMUSG00000026826
xenium_prime_5k_mouse,mouse,ENSMUSG00000026834
xenium_prime_5k_mouse,mouse,ENSMUSG00000026836
xenium_prime_5k_mouse,mouse,ENSMUSG00000026837
xenium_prime_5k_mouse,mouse,ENSMUSG00000026841
xenium_prime_5k_mouse,mouse,ENSMUSG00000026842
xenium_prime_5k_mouse,mouse,ENSMUSG00000026849
xenium_prime_5k_mouse,mouse,ENSMUSG00000026857
xenium_prime_5k_mouse,mouse,ENSMUSG00000026858
xenium_prime_5k_mouse,mouse,ENSMUSG00000026864
xenium_prime_5k_mouse,mouse,ENSMUSG00000026869
xenium_prime_5k_mouse,mouse,ENSMUSG00000026872
xenium_prime_5k_mouse,mouse,ENSMUSG00000026874
xenium_prime_5k_mouse,mouse,ENSMUSG00000026880
xenium_prime_5k_mouse,mouse,ENSMUSG00000026890
xenium_prime_5k_mouse,mouse,ENSMUSG00000026896
xenium_prime_5k_mouse,mouse,ENSMUSG00000026904
xenium_prime_5k_mouse,mouse,ENSMUSG00000026914
xenium_prime_5k_mouse,mouse,ENSMUSG00000026917
xenium_prime_5k_mouse,mouse,ENSMUSG00000026921
xenium_prime_5k_mouse,mouse,ENSMUSG00000026923
xenium_prime_5k_mouse,mouse,ENSMUSG00000026925
xenium_prime_5k_mouse,mouse,ENSMUSG00000026928
xenium_prime_5k_mouse,mouse,ENSMUSG00000026930
xenium_prime_5k_mouse,mouse,ENSMUSG00000026933
xenium_prime_5k_mouse,mouse,ENSMUSG00000026934
xenium_prime_5k_mouse,mouse,ENSMUSG00000026942
xenium_prime_5k_mouse,mouse,ENSMUSG00000026959
xenium_prime_5k_mouse,mouse,ENSMUSG00000026965
xenium_prime_5k_mouse,mouse,ENSMUSG00000026970
xenium_prime_5k_mouse,mouse,ENSMUSG00000026971
xenium_prime_5k_mouse,mouse,ENSMUSG00000026974
xenium_prime_5k_mouse,mouse,ENSMUSG00000026976
xenium_prime_5k_mouse,mouse,ENSMUSG00000026980
xenium_prime_5k_mouse,mouse,ENSMUSG00000026981
xenium_prime_5k_mouse,mouse,ENSMUSG00000026983
xenium_prime_5k_mouse,mouse,ENSMUSG00000026991
xenium_prime_5k_mouse,mouse,ENSMUSG00000027004
xenium_prime_5k_mouse,mouse,ENSMUSG00000027009
xenium_prime_5k_mouse,mouse,ENSMUSG00000027012
xenium_prime_5k_mouse,mouse,ENSMUSG00000027018
xenium_prime_5k_mouse,mouse,ENSMUSG00000027030
xenium_prime_5k_mouse,mouse,ENSMUSG00000027035
xenium_prime_5k_mouse,mouse,ENSMUSG00000027067
xenium_prime_5k_mouse,mouse,ENSMUSG00000027070
xenium_prime_5k_mouse,mouse,ENSMUSG00000027071
xenium_prime_5k_mouse,mouse,ENSMUSG00000027082
xenium_prime_5k_mouse,mouse,ENSMUSG00000027087
xenium_prime_5k_mouse,mouse,ENSMUSG00000027104
xenium_prime_5k_mouse,mouse,ENSMUSG00000027107
xenium_prime_5k_mouse,mouse,ENSMUSG00000027109
xenium_prime_5k_mouse,mouse,ENSMUSG00000027111
xenium_prime_5k_mouse,mouse,ENSMUSG00000027120
xenium_prime_5k_mouse,mouse,ENSMUSG00000027131
xenium_prime_5k_mouse,mouse,ENSMUSG00000027162
xenium_prime_5k_mouse,mouse,ENSMUSG00000027164
xenium_prime_5k_mouse,mouse,ENSMUSG00000027168
xenium_prime_5k_mouse,mouse,ENSMUSG00000027180
xenium_prime_5k_mouse,mouse,ENSMUSG00000027184
xenium_prime_5k_mouse,mouse,ENSMUSG00000027187
xenium_prime_5k_mouse,mouse,ENSMUSG00000027198
xenium_prime_5k_mouse,mouse,ENSMUSG00000027200
xenium_prime_5k_mouse,mouse,ENSMUSG00000027203
xenium_prime_5k_mouse,mouse,ENSMUSG00000027204
xenium_prime_5k_mouse,mouse,ENSMUSG00000027206
xenium_prime_5k_mouse,mouse,ENSMUSG00000027208
xenium_prime_5k_mouse,mouse,ENSMUSG00000027210
xenium_prime_5k_mouse,mouse,ENSMUSG00000027215
xenium_prime_5k_mouse,mouse,ENSMUSG00000027223
xenium_prime_5k_mouse,mouse,ENSMUSG00000027239
xenium_prime_5k_mouse,mouse,ENSMUSG00000027244
xenium_prime_5k_mouse,mouse,ENSMUSG00000027248
xenium_prime_5k_mouse,mouse,ENSMUSG00000027257
xenium_prime_5k_mouse,mouse,ENSMUSG00000027261
xenium_prime_5k_mouse,mouse,ENSMUSG00000027270
xenium_prime_5k_mouse,mouse,ENSMUSG00000027273
xenium_prime_5k_mouse,mouse,ENSMUSG00000027274
xenium_prime_5k_mouse,mouse,ENSMUSG00000027276
xenium_prime_5k_mouse,mouse,ENSMUSG00000027282
xenium_prime_5k_mouse,mouse,ENSMUSG00000027288
xenium_prime_5k_mouse,mouse,ENSMUSG00000027293
xenium_prime_5k_mouse,mouse,ENSMUSG00000027298
xenium_prime_5k_mouse,mouse,ENSMUSG00000027301
xenium_prime_5k_mouse,mouse,ENSMUSG00000027303
xenium_prime_5k_mouse,mouse,ENSMUSG00000027304
xenium_prime_5k_mouse,mouse,ENSMUSG00000027314
xenium_prime_5k_mouse,mouse,ENSMUSG00000027322
xenium_prime_5k_mouse,mouse,ENSMUSG00000027323
xenium_prime_5k_mouse,mouse,ENSMUSG00000027326
xenium_prime_5k_mouse,mouse,ENSMUSG00000027331
xenium_prime_5k_mouse,mouse,ENSMUSG00000027332
xenium_prime_5k_mouse,mouse,ENSMUSG00000027342
xenium_prime_5k_mouse,mouse,ENSMUSG00000027351
xenium_prime_5k_mouse,mouse,ENSMUSG00000027355
xenium_prime_5k_mouse,mouse,ENSMUSG00000027356
xenium_prime_5k_mouse,mouse,ENSMUSG00000027358
xenium_prime_5k_mouse,mouse,ENSMUSG00000027360
xenium_prime_5k_mouse,mouse,ENSMUSG00000027361
xenium_prime_5k_mouse,mouse,ENSMUSG00000027364
xenium_prime_5k_mouse,mouse,ENSMUSG00000027365
xenium_prime_5k_mouse,mouse,ENSMUSG00000027376
xenium_prime_5k_mouse,mouse,ENSMUSG00000027379
xenium_prime_5k_mouse,mouse,ENSMUSG00000027381
xenium_prime_5k_mouse,mouse,ENSMUSG00000027399
xenium_prime_5k_mouse,mouse,ENSMUSG00000027400
xenium_prime_5k_mouse,mouse,ENSMUSG00000027412
xenium_prime_5k_mouse,mouse,ENSMUSG00000027420
xenium_prime_5k_mouse,mouse,ENSMUSG00000027423
xenium_prime_5k_mouse,mouse,ENSMUSG00000027425
xenium_prime_5k_mouse,mouse,ENSMUSG00000027434
xenium_prime_5k_mouse,mouse,ENSMUSG00000027435
xenium_prime_5k_mouse,mouse,ENSMUSG00000027452
xenium_prime_5k_mouse,mouse,ENSMUSG00000027457
xenium_prime_5k_mouse,mouse,ENSMUSG00000027460
xenium_prime_5k_mouse,mouse,ENSMUSG00000027463
xenium_prime_5k_mouse,mouse,ENSMUSG00000027466
xenium_prime_5k_mouse,mouse,ENSMUSG00000027475
xenium_prime_5k_mouse,mouse,ENSMUSG00000027478
xenium_prime_5k_mouse,mouse,ENSMUSG00000027479
xenium_prime_5k_mouse,mouse,ENSMUSG00000027485
xenium_prime_5k_mouse,mouse,ENSMUSG00000027488
xenium_prime_5k_mouse,mouse,ENSMUSG00000027490
xenium_prime_5k_mouse,mouse,ENSMUSG00000027495
xenium_prime_5k_mouse,mouse,ENSMUSG00000027496
xenium_prime_5k_mouse,mouse,ENSMUSG00000027499
xenium_prime_5k_mouse,mouse,ENSMUSG00000027500
xenium_prime_5k_mouse,mouse,ENSMUSG00000027509
xenium_prime_5k_mouse,mouse,ENSMUSG00000027514
xenium_prime_5k_mouse,mouse,ENSMUSG00000027524
xenium_prime_5k_mouse,mouse,ENSMUSG00000027530
xenium_prime_5k_mouse,mouse,ENSMUSG00000027536
xenium_prime_5k_mouse,mouse,ENSMUSG00000027540
xenium_prime_5k_mouse,mouse,ENSMUSG00000027544
xenium_prime_5k_mouse,mouse,ENSMUSG00000027547
xenium_prime_5k_mouse,mouse,ENSMUSG00000027552
xenium_prime_5k_mouse,mouse,ENSMUSG00000027568
xenium_prime_5k_mouse,mouse,ENSMUSG00000027570
xenium_prime_5k_mouse,mouse,ENSMUSG00000027577
xenium_prime_5k_mouse,mouse,ENSMUSG00000027583
xenium_prime_5k_mouse,mouse,ENSMUSG00000027584
xenium_prime_5k_mouse,mouse,ENSMUSG00000027589
xenium_prime_5k_mouse,mouse,ENSMUSG00000027596
xenium_prime_5k_mouse,mouse,ENSMUSG00000027598
xenium_prime_5k_mouse,mouse,ENSMUSG00000027602
xenium_prime_5k_mouse,mouse,ENSMUSG00000027605
xenium_prime_5k_mouse,mouse,ENSMUSG00000027624
xenium_prime_5k_mouse,mouse,ENSMUSG00000027630
xenium_prime_5k_mouse,mouse,ENSMUSG00000027639
xenium_prime_5k_mouse,mouse,ENSMUSG00000027641
xenium_prime_5k_mouse,mouse,ENSMUSG00000027643
xenium_prime_5k_mouse,mouse,ENSMUSG00000027646
xenium_prime_5k_mouse,mouse,ENSMUSG00000027654
xenium_prime_5k_mouse,mouse,ENSMUSG00000027665
xenium_prime_5k_mouse,mouse,ENSMUSG00000027668
xenium_prime_5k_mouse,mouse,ENSMUSG00000027670
xenium_prime_5k_mouse,mouse,ENSMUSG00000027671
xenium_prime_5k_mouse,mouse,ENSMUSG00000027678
xenium_prime_5k_mouse,mouse,ENSMUSG00000027680
xenium_prime_5k_mouse,mouse,ENSMUSG00000027684
xenium_prime_5k_mouse,mouse,ENSMUSG00000027690
xenium_prime_5k_mouse,mouse,ENSMUSG00000027695
xenium_prime_5k_mouse,mouse,ENSMUSG00000027699
xenium_prime_5k_mouse,mouse,ENSMUSG00000027714
xenium_prime_5k_mouse,mouse,ENSMUSG00000027715
xenium_prime_5k_mouse,mouse,ENSMUSG00000027716
xenium_prime_5k_mouse,mouse,ENSMUSG00000027718
xenium_prime_5k_mouse,mouse,ENSMUSG00000027719
xenium_prime_5k_mouse,mouse,ENSMUSG00000027720
xenium_prime_5k_mouse,mouse,ENSMUSG00000027744
xenium_prime_5k_mouse,mouse,ENSMUSG00000027748
xenium_prime_5k_mouse,mouse,ENSMUSG00000027750
xenium_prime_5k_mouse,mouse,ENSMUSG00000027751
xenium_prime_5k_mouse,mouse,ENSMUSG00000027762
xenium_prime_5k_mouse,mouse,ENSMUSG00000027763
xenium_prime_5k_mouse,mouse,ENSMUSG00000027765
xenium_prime_5k_mouse,mouse,ENSMUSG00000027776
xenium_prime_5k_mouse,mouse,ENSMUSG00000027793
xenium_prime_5k_mouse,mouse,ENSMUSG00000027794
xenium_prime_5k_mouse,mouse,ENSMUSG00000027796
xenium_prime_5k_mouse,mouse,ENSMUSG00000027803
xenium_prime_5k_mouse,mouse,ENSMUSG00000027810
xenium_prime_5k_mouse,mouse,ENSMUSG00000027820
xenium_prime_5k_mouse,mouse,ENSMUSG00000027832
xenium_prime_5k_mouse,mouse,ENSMUSG00000027833
xenium_prime_5k_mouse,mouse,ENSMUSG00000027834
xenium_prime_5k_mouse,mouse,ENSMUSG00000027840
xenium_prime_5k_mouse,mouse,ENSMUSG00000027843
xenium_prime_5k_mouse,mouse,ENSMUSG00000027849
xenium_prime_5k_mouse,mouse,ENSMUSG00000027852
xenium_prime_5k_mouse,mouse,ENSMUSG00000027855
xenium_prime_5k_mouse,mouse,ENSMUSG00000027857
xenium_prime_5k_mouse,mouse,ENSMUSG00000027859
xenium_prime_5k_mouse,mouse,ENSMUSG00000027860
xenium_prime_5k_mouse,mouse,ENSMUSG00000027861
xenium_prime_5k_mouse,mouse,ENSMUSG00000027863
xenium_prime_5k_mouse,mouse,ENSMUSG00000027878
xenium_prime_5k_mouse,mouse,ENSMUSG00000027879
xenium_prime_5k_mouse,mouse,ENSMUSG00000027883
xenium_prime_5k_mouse,mouse,ENSMUSG00000027887
xenium_prime_5k_mouse,mouse,ENSMUSG00000027895
xenium_prime_5k_mouse,mouse,ENSMUSG00000027931
xenium_prime_5k_mouse,mouse,ENSMUSG00000027936
xenium_prime_5k_mouse,mouse,ENSMUSG00000027947
xenium_prime_5k_mouse,mouse,ENSMUSG00000027950
xenium_prime_5k_mouse,mouse,ENSMUSG00000027951
xenium_prime_5k_mouse,mouse,ENSMUSG00000027954
xenium_prime_5k_mouse,mouse,ENSMUSG00000027959
xenium_prime_5k_mouse,mouse,ENSMUSG00000027962
xenium_prime_5k_mouse,mouse,ENSMUSG00000027965
xenium_prime_5k_mouse,mouse,ENSMUSG00000027967
xenium_prime_5k_mouse,mouse,ENSMUSG00000027977
xenium_prime_5k_mouse,mouse,ENSMUSG00000027984
xenium_prime_5k_mouse,mouse,ENSMUSG00000027985
xenium_prime_5k_mouse,mouse,ENSMUSG00000027993
xenium_prime_5k_mouse,mouse,ENSMUSG00000027994
xenium_prime_5k_mouse,mouse,ENSMUSG00000027995
xenium_prime_5k_mouse,mouse,ENSMUSG00000027996
xenium_prime_5k_mouse,mouse,ENSMUSG00000028001
xenium_prime_5k_mouse,mouse,ENSMUSG00000028004
xenium_prime_5k_mouse,mouse,ENSMUSG00000028010
xenium_prime_5k_mouse,mouse,ENSMUSG00000028023
xenium_prime_5k_mouse,mouse,ENSMUSG00000028030
xenium_prime_5k_mouse,mouse,ENSMUSG00000028031
xenium_prime_5k_mouse,mouse,ENSMUSG00000028034
xenium_prime_5k_mouse,mouse,ENSMUSG00000028036
xenium_prime_5k_mouse,mouse,ENSMUSG00000028037
xenium_prime_5k_mouse,mouse,ENSMUSG00000028039
xenium_prime_5k_mouse,mouse,ENSMUSG00000028042
xenium_prime_5k_mouse,mouse,ENSMUSG00000028044
xenium_prime_5k_mouse,mouse,ENSMUSG00000028048
xenium_prime_5k_mouse,mouse,ENSMUSG00000028051
xenium_prime_5k_mouse,mouse,ENSMUSG00000028053
xenium_prime_5k_mouse,mouse,ENSMUSG00000028062
xenium_prime_5k_mouse,mouse,ENSMUSG00000028063
xenium_prime_5k_mouse,mouse,ENSMUSG00000028064
xenium_prime_5k_mouse,mouse,ENSMUSG00000028068
xenium_prime_5k_mouse,mouse,ENSMUSG00000028072
xenium_prime_5k_mouse,mouse,ENSMUSG00000028076
xenium_prime_5k_mouse,mouse,ENSMUSG00000028086
xenium_prime_5k_mouse,mouse,ENSMUSG00000028101
xenium_prime_5k_mouse,mouse,ENSMUSG00000028111
xenium_prime_5k_mouse,mouse,ENSMUSG00000028114
xenium_prime_5k_mouse,mouse,ENSMUSG00000028125
xenium_prime_5k_mouse,mouse,ENSMUSG00000028127
xenium_prime_5k_mouse,mouse,ENSMUSG00000028128
xenium_prime_5k_mouse,mouse,ENSMUSG00000028136
xenium_prime_5k_mouse,mouse,ENSMUSG00000028138
xenium_prime_5k_mouse,mouse,ENSMUSG00000028150
xenium_prime_5k_mouse,mouse,ENSMUSG00000028156
xenium_prime_5k_mouse,mouse,ENSMUSG00000028158
xenium_prime_5k_mouse,mouse,ENSMUSG00000028163
xenium_prime_5k_mouse,mouse,ENSMUSG00000028165
xenium_prime_5k_mouse,mouse,ENSMUSG00000028172
xenium_prime_5k_mouse,mouse,ENSMUSG00000028173
xenium_prime_5k_mouse,mouse,ENSMUSG00000028174
xenium_prime_5k_mouse,mouse,ENSMUSG00000028179
xenium_prime_5k_mouse,mouse,ENSMUSG00000028184
xenium_prime_5k_mouse,mouse,ENSMUSG00000028191
xenium_prime_5k_mouse,mouse,ENSMUSG00000028194
xenium_prime_5k_mouse,mouse,ENSMUSG00000028195
xenium_prime_5k_mouse,mouse,ENSMUSG00000028197
xenium_prime_5k_mouse,mouse,ENSMUSG00000028214
xenium_prime_5k_mouse,mouse,ENSMUSG00000028218
xenium_prime_5k_mouse,mouse,ENSMUSG00000028222
xenium_prime_5k_mouse,mouse,ENSMUSG00000028223
xenium_prime_5k_mouse,mouse,ENSMUSG00000028224
xenium_prime_5k_mouse,mouse,ENSMUSG00000028226
xenium_prime_5k_mouse,mouse,ENSMUSG00000028233
xenium_prime_5k_mouse,mouse,ENSMUSG00000028236
xenium_prime_5k_mouse,mouse,ENSMUSG00000028238
xenium_prime_5k_mouse,mouse,ENSMUSG00000028240
xenium_prime_5k_mouse,mouse,ENSMUSG00000028249
xenium_prime_5k_mouse,mouse,ENSMUSG00000028262
xenium_prime_5k_mouse,mouse,ENSMUSG00000028266
xenium_prime_5k_mouse,mouse,ENSMUSG00000028268
xenium_prime_5k_mouse,mouse,ENSMUSG00000028270
xenium_prime_5k_mouse,mouse,ENSMUSG00000028271
xenium_prime_5k_mouse,mouse,ENSMUSG00000028278
xenium_prime_5k_mouse,mouse,ENSMUSG00000028284
xenium_prime_5k_mouse,mouse,ENSMUSG00000028289
xenium_prime_5k_mouse,mouse,ENSMUSG00000028298
xenium_prime_5k_mouse,mouse,ENSMUSG00000028309
xenium_prime_5k_mouse,mouse,ENSMUSG00000028310
xenium_prime_5k_mouse,mouse,ENSMUSG00000028318
xenium_prime_5k_mouse,mouse,ENSMUSG00000028327
xenium_prime_5k_mouse,mouse,ENSMUSG00000028329
xenium_prime_5k_mouse,mouse,ENSMUSG00000028339
xenium_prime_5k_mouse,mouse,ENSMUSG00000028341
xenium_prime_5k_mouse,mouse,ENSMUSG00000028343
xenium_prime_5k_mouse,mouse,ENSMUSG00000028344
xenium_prime_5k_mouse,mouse,ENSMUSG00000028360
xenium_prime_5k_mouse,mouse,ENSMUSG00000028364
xenium_prime_5k_mouse,mouse,ENSMUSG00000028378
xenium_prime_5k_mouse,mouse,ENSMUSG00000028385
xenium_prime_5k_mouse,mouse,ENSMUSG00000028397
xenium_prime_5k_mouse,mouse,ENSMUSG00000028426
xenium_prime_5k_mouse,mouse,ENSMUSG00000028435
xenium_prime_5k_mouse,mouse,ENSMUSG00000028437
xenium_prime_5k_mouse,mouse,ENSMUSG00000028438
xenium_prime_5k_mouse,mouse,ENSMUSG00000028447
xenium_prime_5k_mouse,mouse,ENSMUSG00000028452
xenium_prime_5k_mouse,mouse,ENSMUSG00000028456
xenium_prime_5k_mouse,mouse,ENSMUSG00000028459
xenium_prime_5k_mouse,mouse,ENSMUSG00000028465
xenium_prime_5k_mouse,mouse,ENSMUSG00000028467
xenium_prime_5k_mouse,mouse,ENSMUSG00000028487
xenium_prime_5k_mouse,mouse,ENSMUSG00000028488
xenium_prime_5k_mouse,mouse,ENSMUSG00000028494
xenium_prime_5k_mouse,mouse,ENSMUSG00000028517
xenium_prime_5k_mouse,mouse,ENSMUSG00000028518
xenium_prime_5k_mouse,mouse,ENSMUSG00000028527
xenium_prime_5k_mouse,mouse,ENSMUSG00000028530
xenium_prime_5k_mouse,mouse,ENSMUSG00000028542
xenium_prime_5k_mouse,mouse,ENSMUSG00000028546
xenium_prime_5k_mouse,mouse,ENSMUSG00000028551
xenium_prime_5k_mouse,mouse,ENSMUSG00000028552
xenium_prime_5k_mouse,mouse,ENSMUSG00000028553
xenium_prime_5k_mouse,mouse,ENSMUSG00000028556
xenium_prime_5k_mouse,mouse,ENSMUSG00000028565
xenium_prime_5k_mouse,mouse,ENSMUSG00000028583
xenium_prime_5k_mouse,mouse,ENSMUSG00000028587
xenium_prime_5k_mouse,mouse,ENSMUSG00000028599
xenium_prime_5k_mouse,mouse,ENSMUSG00000028607
xenium_prime_5k_mouse,mouse,ENSMUSG00000028609
xenium_prime_5k_mouse,mouse,ENSMUSG00000028613
xenium_prime_5k_mouse,mouse,ENSMUSG00000028614
xenium_prime_5k_mouse,mouse,ENSMUSG00000028626
xenium_prime_5k_mouse,mouse,ENSMUSG00000028640
xenium_prime_5k_mouse,mouse,ENSMUSG00000028641
xenium_prime_5k_mouse,mouse,ENSMUSG00000028645
xenium_prime_5k_mouse,mouse,ENSMUSG00000028654
xenium_prime_5k_mouse,mouse,ENSMUSG00000028655
xenium_prime_5k_mouse,mouse,ENSMUSG00000028657
xenium_prime_5k_mouse,mouse,ENSMUSG00000028664
xenium_prime_5k_mouse,mouse,ENSMUSG00000028669
xenium_prime_5k_mouse,mouse,ENSMUSG00000028677
xenium_prime_5k_mouse,mouse,ENSMUSG00000028678
xenium_prime_5k_mouse,mouse,ENSMUSG00000028680
xenium_prime_5k_mouse,mouse,ENSMUSG00000028681
xenium_prime_5k_mouse,mouse,ENSMUSG00000028701
xenium_prime_5k_mouse,mouse,ENSMUSG00000028702
xenium_prime_5k_mouse,mouse,ENSMUSG00000028707
xenium_prime_5k_mouse,mouse,ENSMUSG00000028708
xenium_prime_5k_mouse,mouse,ENSMUSG00000028717
xenium_prime_5k_mouse,mouse,ENSMUSG00000028730
xenium_prime_5k_mouse,mouse,ENSMUSG00000028736
xenium_prime_5k_mouse,mouse,ENSMUSG00000028737
xenium_prime_5k_mouse,mouse,ENSMUSG00000028738
xenium_prime_5k_mouse,mouse,ENSMUSG00000028749
xenium_prime_5k_mouse,mouse,ENSMUSG00000028751
xenium_prime_5k_mouse,mouse,ENSMUSG00000028756
xenium_prime_5k_mouse,mouse,ENSMUSG00000028760
xenium_prime_5k_mouse,mouse,ENSMUSG00000028763
xenium_prime_5k_mouse,mouse,ENSMUSG00000028766
xenium_prime_5k_mouse,mouse,ENSMUSG00000028773
xenium_prime_5k_mouse,mouse,ENSMUSG00000028777
xenium_prime_5k_mouse,mouse,ENSMUSG00000028778
xenium_prime_5k_mouse,mouse,ENSMUSG00000028780
xenium_prime_5k_mouse,mouse,ENSMUSG00000028789
xenium_prime_5k_mouse,mouse,ENSMUSG00000028790
xenium_prime_5k_mouse,mouse,ENSMUSG00000028796
xenium_prime_5k_mouse,mouse,ENSMUSG00000028798
xenium_prime_5k_mouse,mouse,ENSMUSG00000028800
xenium_prime_5k_mouse,mouse,ENSMUSG00000028809
xenium_prime_5k_mouse,mouse,ENSMUSG00000028811
xenium_prime_5k_mouse,mouse,ENSMUSG00000028820
xenium_prime_5k_mouse,mouse,ENSMUSG00000028834
xenium_prime_5k_mouse,mouse,ENSMUSG00000028838
xenium_prime_5k_mouse,mouse,ENSMUSG00000028842
xenium_prime_5k_mouse,mouse,ENSMUSG00000028854
xenium_prime_5k_mouse,mouse,ENSMUSG00000028859
xenium_prime_5k_mouse,mouse,ENSMUSG00000028863
xenium_prime_5k_mouse,mouse,ENSMUSG00000028864
xenium_prime_5k_mouse,mouse,ENSMUSG00000028871
xenium_prime_5k_mouse,mouse,ENSMUSG00000028873
xenium_prime_5k_mouse,mouse,ENSMUSG00000028874
xenium_prime_5k_mouse,mouse,ENSMUSG00000028876
xenium_prime_5k_mouse,mouse,ENSMUSG00000028883
xenium_prime_5k_mouse,mouse,ENSMUSG00000028886
xenium_prime_5k_mouse,mouse,ENSMUSG00000028890
xenium_prime_5k_mouse,mouse,ENSMUSG00000028893
xenium_prime_5k_mouse,mouse,ENSMUSG00000028894
xenium_prime_5k_mouse,mouse,ENSMUSG00000028899
xenium_prime_5k_mouse,mouse,ENSMUSG00000028906
xenium_prime_5k_mouse,mouse,ENSMUSG00000028909
xenium_prime_5k_mouse,mouse,ENSMUSG00000028911
xenium_prime_5k_mouse,mouse,ENSMUSG00000028914
xenium_prime_5k_mouse,mouse,ENSMUSG00000028927
xenium_prime_5k_mouse,mouse,ENSMUSG00000028931
xenium_prime_5k_mouse,mouse,ENSMUSG00000028932
xenium_prime_5k_mouse,mouse,ENSMUSG00000028933
xenium_prime_5k_mouse,mouse,ENSMUSG00000028938
xenium_prime_5k_mouse,mouse,ENSMUSG00000028940
xenium_prime_5k_mouse,mouse,ENSMUSG00000028943
xenium_prime_5k_mouse,mouse,ENSMUSG00000028945
xenium_prime_5k_mouse,mouse,ENSMUSG00000028949
xenium_prime_5k_mouse,mouse,ENSMUSG00000028950
xenium_prime_5k_mouse,mouse,ENSMUSG00000028955
xenium_prime_5k_mouse,mouse,ENSMUSG00000028957
xenium_prime_5k_mouse,mouse,ENSMUSG00000028963
xenium_prime_5k_mouse,mouse,ENSMUSG00000028964
xenium_prime_5k_mouse,mouse,ENSMUSG00000028965
xenium_prime_5k_mouse,mouse,ENSMUSG00000028969
xenium_prime_5k_mouse,mouse,ENSMUSG00000028970
xenium_prime_5k_mouse,mouse,ENSMUSG00000028971
xenium_prime_5k_mouse,mouse,ENSMUSG00000028973
xenium_prime_5k_mouse,mouse,ENSMUSG00000028976
xenium_prime_5k_mouse,mouse,ENSMUSG00000028977
xenium_prime_5k_mouse,mouse,ENSMUSG00000028978
xenium_prime_5k_mouse,mouse,ENSMUSG00000028988
xenium_prime_5k_mouse,mouse,ENSMUSG00000028991
xenium_prime_5k_mouse,mouse,ENSMUSG00000029003
xenium_prime_5k_mouse,mouse,ENSMUSG00000029004
xenium_prime_5k_mouse,mouse,ENSMUSG00000029007
xenium_prime_5k_mouse,mouse,ENSMUSG00000029009
xenium_prime_5k_mouse,mouse,ENSMUSG00000029015
xenium_prime_5k_mouse,mouse,ENSMUSG00000029019
xenium_prime_5k_mouse,mouse,ENSMUSG00000029020
xenium_prime_5k_mouse,mouse,ENSMUSG00000029026
xenium_prime_5k_mouse,mouse,ENSMUSG00000029027
xenium_prime_5k_mouse,mouse,ENSMUSG00000029029
xenium_prime_5k_mouse,mouse,ENSMUSG00000029034
xenium_prime_5k_mouse,mouse,ENSMUSG00000029036
xenium_prime_5k_mouse,mouse,ENSMUSG00000029053
xenium_prime_5k_mouse,mouse,ENSMUSG00000029054
xenium_prime_5k_mouse,mouse,ENSMUSG00000029064
xenium_prime_5k_mouse,mouse,ENSMUSG00000029071
xenium_prime_5k_mouse,mouse,ENSMUSG00000029072
xenium_prime_5k_mouse,mouse,ENSMUSG00000029073
xenium_prime_5k_mouse,mouse,ENSMUSG00000029075
xenium_prime_5k_mouse,mouse,ENSMUSG00000029084
xenium_prime_5k_mouse,mouse,ENSMUSG00000029086
xenium_prime_5k_mouse,mouse,ENSMUSG00000029090
xenium_prime_5k_mouse,mouse,ENSMUSG00000029104
xenium_prime_5k_mouse,mouse,ENSMUSG00000029119
xenium_prime_5k_mouse,mouse,ENSMUSG00000029121
xenium_prime_5k_mouse,mouse,ENSMUSG00000029128
xenium_prime_5k_mouse,mouse,ENSMUSG00000029131
xenium_prime_5k_mouse,mouse,ENSMUSG00000029135
xenium_prime_5k_mouse,mouse,ENSMUSG00000029151
xenium_prime_5k_mouse,mouse,ENSMUSG00000029163
xenium_prime_5k_mouse,mouse,ENSMUSG00000029167
xenium_prime_5k_mouse,mouse,ENSMUSG00000029168
xenium_prime_5k_mouse,mouse,ENSMUSG00000029174
xenium_prime_5k_mouse,mouse,ENSMUSG00000029176
xenium_prime_5k_mouse,mouse,ENSMUSG00000029177
xenium_prime_5k_mouse,mouse,ENSMUSG00000029195
xenium_prime_5k_mouse,mouse,ENSMUSG00000029198
xenium_prime_5k_mouse,mouse,ENSMUSG00000029217
xenium_prime_5k_mouse,mouse,ENSMUSG00000029223
xenium_prime_5k_mouse,mouse,ENSMUSG00000029229
xenium_prime_5k_mouse,mouse,ENSMUSG00000029231
xenium_prime_5k_mouse,mouse,ENSMUSG00000029233
xenium_prime_5k_mouse,mouse,ENSMUSG00000029236
xenium_prime_5k_mouse,mouse,ENSMUSG00000029238
xenium_prime_5k_mouse,mouse,ENSMUSG00000029245
xenium_prime_5k_mouse,mouse,ENSMUSG00000029249
xenium_prime_5k_mouse,mouse,ENSMUSG00000029250
xenium_prime_5k_mouse,mouse,ENSMUSG00000029255
xenium_prime_5k_mouse,mouse,ENSMUSG00000029267
xenium_prime_5k_mouse,mouse,ENSMUSG00000029275
xenium_prime_5k_mouse,mouse,ENSMUSG00000029287
xenium_prime_5k_mouse,mouse,ENSMUSG00000029306
xenium_prime_5k_mouse,mouse,ENSMUSG00000029307
xenium_prime_5k_mouse,mouse,ENSMUSG00000029328
xenium_prime_5k_mouse,mouse,ENSMUSG00000029334
xenium_prime_5k_mouse,mouse,ENSMUSG00000029335
xenium_prime_5k_mouse,mouse,ENSMUSG00000029337
xenium_prime_5k_mouse,mouse,ENSMUSG00000029352
xenium_prime_5k_mouse,mouse,ENSMUSG00000029371
xenium_prime_5k_mouse,mouse,ENSMUSG00000029377
xenium_prime_5k_mouse,mouse,ENSMUSG00000029379
xenium_prime_5k_mouse,mouse,ENSMUSG00000029380
xenium_prime_5k_mouse,mouse,ENSMUSG00000029381
xenium_prime_5k_mouse,mouse,ENSMUSG00000029388
xenium_prime_5k_mouse,mouse,ENSMUSG00000029413
xenium_prime_5k_mouse,mouse,ENSMUSG00000029417
xenium_prime_5k_mouse,mouse,ENSMUSG00000029423
xenium_prime_5k_mouse,mouse,ENSMUSG00000029426
xenium_prime_5k_mouse,mouse,ENSMUSG00000029432
xenium_prime_5k_mouse,mouse,ENSMUSG00000029433
xenium_prime_5k_mouse,mouse,ENSMUSG00000029437
xenium_prime_5k_mouse,mouse,ENSMUSG00000029438
xenium_prime_5k_mouse,mouse,ENSMUSG00000029440
xenium_prime_5k_mouse,mouse,ENSMUSG00000029445
xenium_prime_5k_mouse,mouse,ENSMUSG00000029455
xenium_prime_5k_mouse,mouse,ENSMUSG00000029467
xenium_prime_5k_mouse,mouse,ENSMUSG00000029468
xenium_prime_5k_mouse,mouse,ENSMUSG00000029470
xenium_prime_5k_mouse,mouse,ENSMUSG00000029472
xenium_prime_5k_mouse,mouse,ENSMUSG00000029475
xenium_prime_5k_mouse,mouse,ENSMUSG00000029478
xenium_prime_5k_mouse,mouse,ENSMUSG00000029491
xenium_prime_5k_mouse,mouse,ENSMUSG00000029500
xenium_prime_5k_mouse,mouse,ENSMUSG00000029501
xenium_prime_5k_mouse,mouse,ENSMUSG00000029502
xenium_prime_5k_mouse,mouse,ENSMUSG00000029505
xenium_prime_5k_mouse,mouse,ENSMUSG00000029512
xenium_prime_5k_mouse,mouse,ENSMUSG00000029513
xenium_prime_5k_mouse,mouse,ENSMUSG00000029516
xenium_prime_5k_mouse,mouse,ENSMUSG00000029521
xenium_prime_5k_mouse,mouse,ENSMUSG00000029524
xenium_prime_5k_mouse,mouse,ENSMUSG00000029528
xenium_prime_5k_mouse,mouse,ENSMUSG00000029530
xenium_prime_5k_mouse,mouse,ENSMUSG00000029544
xenium_prime_5k_mouse,mouse,ENSMUSG00000029546
xenium_prime_5k_mouse,mouse,ENSMUSG00000029554
xenium_prime_5k_mouse,mouse,ENSMUSG00000029556
xenium_prime_5k_mouse,mouse,ENSMUSG00000029561
xenium_prime_5k_mouse,mouse,ENSMUSG00000029563
xenium_prime_5k_mouse,mouse,ENSMUSG00000029570
xenium_prime_5k_mouse,mouse,ENSMUSG00000029571
xenium_prime_5k_mouse,mouse,ENSMUSG00000029581
xenium_prime_5k_mouse,mouse,ENSMUSG00000029591
xenium_prime_5k_mouse,mouse,ENSMUSG00000029595
xenium_prime_5k_mouse,mouse,ENSMUSG00000029600
xenium_prime_5k_mouse,mouse,ENSMUSG00000029608
xenium_prime_5k_mouse,mouse,ENSMUSG00000029623
xenium_prime_5k_mouse,mouse,ENSMUSG00000029635
xenium_prime_5k_mouse,mouse,ENSMUSG00000029644
xenium_prime_5k_mouse,mouse,ENSMUSG00000029646
xenium_prime_5k_mouse,mouse,ENSMUSG00000029648
xenium_prime_5k_mouse,mouse,ENSMUSG00000029657
xenium_prime_5k_mouse,mouse,ENSMUSG00000029659
xenium_prime_5k_mouse,mouse,ENSMUSG00000029661
xenium_prime_5k_mouse,mouse,ENSMUSG00000029670
xenium_prime_5k_mouse,mouse,ENSMUSG00000029671
xenium_prime_5k_mouse,mouse,ENSMUSG00000029674
xenium_prime_5k_mouse,mouse,ENSMUSG00000029675
xenium_prime_5k_mouse,mouse,ENSMUSG00000029681
xenium_prime_5k_mouse,mouse,ENSMUSG00000029684
xenium_prime_5k_mouse,mouse,ENSMUSG00000029686
xenium_prime_5k_mouse,mouse,ENSMUSG00000029687
xenium_prime_5k_mouse,mouse,ENSMUSG00000029697
xenium_prime_5k_mouse,mouse,ENSMUSG00000029705
xenium_prime_5k_mouse,mouse,ENSMUSG00000029706
xenium_prime_5k_mouse,mouse,ENSMUSG00000029710
xenium_prime_5k_mouse,mouse,ENSMUSG00000029711
xenium_prime_5k_mouse,mouse,ENSMUSG00000029712
xenium_prime_5k_mouse,mouse,ENSMUSG00000029727
xenium_prime_5k_mouse,mouse,ENSMUSG00000029729
xenium_prime_5k_mouse,mouse,ENSMUSG00000029736
xenium_prime_5k_mouse,mouse,ENSMUSG00000029754
xenium_prime_5k_mouse,mouse,ENSMUSG00000029755
xenium_prime_5k_mouse,mouse,ENSMUSG00000029757
xenium_prime_5k_mouse,mouse,ENSMUSG00000029759
xenium_prime_5k_mouse,mouse,ENSMUSG00000029763
xenium_prime_5k_mouse,mouse,ENSMUSG00000029765
xenium_prime_5k_mouse,mouse,ENSMUSG00000029767
xenium_prime_5k_mouse,mouse,ENSMUSG00000029771
xenium_prime_5k_mouse,mouse,ENSMUSG00000029776
xenium_prime_5k_mouse,mouse,ENSMUSG00000029777
xenium_prime_5k_mouse,mouse,ENSMUSG00000029778
xenium_prime_5k_mouse,mouse,ENSMUSG00000029798
xenium_prime_5k_mouse,mouse,ENSMUSG00000029802
xenium_prime_5k_mouse,mouse,ENSMUSG00000029816
xenium_prime_5k_mouse,mouse,ENSMUSG00000029821
xenium_prime_5k_mouse,mouse,ENSMUSG00000029833
xenium_prime_5k_mouse,mouse,ENSMUSG00000029836
xenium_prime_5k_mouse,mouse,ENSMUSG00000029843
xenium_prime_5k_mouse,mouse,ENSMUSG00000029844
xenium_prime_5k_mouse,mouse,ENSMUSG00000029848
xenium_prime_5k_mouse,mouse,ENSMUSG00000029859
xenium_prime_5k_mouse,mouse,ENSMUSG00000029860
xenium_prime_5k_mouse,mouse,ENSMUSG00000029863
xenium_prime_5k_mouse,mouse,ENSMUSG00000029864
xenium_prime_5k_mouse,mouse,ENSMUSG00000029868
xenium_prime_5k_mouse,mouse,ENSMUSG00000029875
xenium_prime_5k_mouse,mouse,ENSMUSG00000029910
xenium_prime_5k_mouse,mouse,ENSMUSG00000029919
xenium_prime_5k_mouse,mouse,ENSMUSG00000029992
xenium_prime_5k_mouse,mouse,ENSMUSG00000029993
xenium_prime_5k_mouse,mouse,ENSMUSG00000029999
xenium_prime_5k_mouse,mouse,ENSMUSG00000030000
xenium_prime_5k_mouse,mouse,ENSMUSG00000030002
xenium_prime_5k_mouse,mouse,ENSMUSG00000030007
xenium_prime_5k_mouse,mouse,ENSMUSG00000030029
xenium_prime_5k_mouse,mouse,ENSMUSG00000030043
xenium_prime_5k_mouse,mouse,ENSMUSG00000030046
xenium_prime_5k_mouse,mouse,ENSMUSG00000030049
xenium_prime_5k_mouse,mouse,ENSMUSG00000030055
xenium_prime_5k_mouse,mouse,ENSMUSG00000030058
xenium_prime_5k_mouse,mouse,ENSMUSG00000030062
xenium_prime_5k_mouse,mouse,ENSMUSG00000030067
xenium_prime_5k_mouse,mouse,ENSMUSG00000030075
xenium_prime_5k_mouse,mouse,ENSMUSG00000030079
xenium_prime_5k_mouse,mouse,ENSMUSG00000030082
xenium_prime_5k_mouse,mouse,ENSMUSG00000030084
xenium_prime_5k_mouse,mouse,ENSMUSG00000030087
xenium_prime_5k_mouse,mouse,ENSMUSG00000030088
xenium_prime_5k_mouse,mouse,ENSMUSG00000030092
xenium_prime_5k_mouse,mouse,ENSMUSG00000030093
xenium_prime_5k_mouse,mouse,ENSMUSG00000030095
xenium_prime_5k_mouse,mouse,ENSMUSG00000030101
xenium_prime_5k_mouse,mouse,ENSMUSG00000030102
xenium_prime_5k_mouse,mouse,ENSMUSG00000030103
xenium_prime_5k_mouse,mouse,ENSMUSG00000030107
xenium_prime_5k_mouse,mouse,ENSMUSG00000030110
xenium_prime_5k_mouse,mouse,ENSMUSG00000030111
xenium_prime_5k_mouse,mouse,ENSMUSG00000030114
xenium_prime_5k_mouse,mouse,ENSMUSG00000030116
xenium_prime_5k_mouse,mouse,ENSMUSG00000030123
xenium_prime_5k_mouse,mouse,ENSMUSG00000030124
xenium_prime_5k_mouse,mouse,ENSMUSG00000030142
xenium_prime_5k_mouse,mouse,ENSMUSG00000030149
xenium_prime_5k_mouse,mouse,ENSMUSG00000030156
xenium_prime_5k_mouse,mouse,ENSMUSG00000030159
xenium_prime_5k_mouse,mouse,ENSMUSG00000030162
xenium_prime_5k_mouse,mouse,ENSMUSG00000030165
xenium_prime_5k_mouse,mouse,ENSMUSG00000030167
xenium_prime_5k_mouse,mouse,ENSMUSG00000030170
xenium_prime_5k_mouse,mouse,ENSMUSG00000030180
xenium_prime_5k_mouse,mouse,ENSMUSG00000030189
xenium_prime_5k_mouse,mouse,ENSMUSG00000030199
xenium_prime_5k_mouse,mouse,ENSMUSG00000030201
xenium_prime_5k_mouse,mouse,ENSMUSG00000030209
xenium_prime_5k_mouse,mouse,ENSMUSG00000030231
xenium_prime_5k_mouse,mouse,ENSMUSG00000030232
xenium_prime_5k_mouse,mouse,ENSMUSG00000030244
xenium_prime_5k_mouse,mouse,ENSMUSG00000030246
xenium_prime_5k_mouse,mouse,ENSMUSG00000030247
xenium_prime_5k_mouse,mouse,ENSMUSG00000030249
xenium_prime_5k_mouse,mouse,ENSMUSG00000030265
xenium_prime_5k_mouse,mouse,ENSMUSG00000030271
xenium_prime_5k_mouse,mouse,ENSMUSG00000030275
xenium_prime_5k_mouse,mouse,ENSMUSG00000030276
xenium_prime_5k_mouse,mouse,ENSMUSG00000030281
xenium_prime_5k_mouse,mouse,ENSMUSG00000030284
xenium_prime_5k_mouse,mouse,ENSMUSG00000030286
xenium_prime_5k_mouse,mouse,ENSMUSG00000030287
xenium_prime_5k_mouse,mouse,ENSMUSG00000030291
xenium_prime_5k_mouse,mouse,ENSMUSG00000030302
xenium_prime_5k_mouse,mouse,ENSMUSG00000030303
xenium_prime_5k_mouse,mouse,ENSMUSG00000030307
xenium_prime_5k_mouse,mouse,ENSMUSG00000030314
xenium_prime_5k_mouse,mouse,ENSMUSG00000030317
xenium_prime_5k_mouse,mouse,ENSMUSG00000030323
xenium_prime_5k_mouse,mouse,ENSMUSG00000030324
xenium_prime_5k_mouse,mouse,ENSMUSG00000030325
xenium_prime_5k_mouse,mouse,ENSMUSG00000030329
xenium_prime_5k_mouse,mouse,ENSMUSG00000030336
xenium_prime_5k_mouse,mouse,ENSMUSG00000030339
xenium_prime_5k_mouse,mouse,ENSMUSG00000030340
xenium_prime_5k_mouse,mouse,ENSMUSG00000030341
xenium_prime_5k_mouse,mouse,ENSMUSG00000030342
xenium_prime_5k_mouse,mouse,ENSMUSG00000030359
xenium_prime_5k_mouse,mouse,ENSMUSG00000030378
xenium_prime_5k_mouse,mouse,ENSMUSG00000030400
xenium_prime_5k_mouse,mouse,ENSMUSG00000030401
xenium_prime_5k_mouse,mouse,ENSMUSG00000030403
xenium_prime_5k_mouse,mouse,ENSMUSG00000030406
xenium_prime_5k_mouse,mouse,ENSMUSG00000030411
xenium_prime_5k_mouse,mouse,ENSMUSG00000030421
xenium_prime_5k_mouse,mouse,ENSMUSG00000030447
xenium_prime_5k_mouse,mouse,ENSMUSG00000030450
xenium_prime_5k_mouse,mouse,ENSMUSG00000030494
xenium_prime_5k_mouse,mouse,ENSMUSG00000030495
xenium_prime_5k_mouse,mouse,ENSMUSG00000030499
xenium_prime_5k_mouse,mouse,ENSMUSG00000030500
xenium_prime_5k_mouse,mouse,ENSMUSG00000030505
xenium_prime_5k_mouse,mouse,ENSMUSG00000030507
xenium_prime_5k_mouse,mouse,ENSMUSG00000030513
xenium_prime_5k_mouse,mouse,ENSMUSG00000030516
xenium_prime_5k_mouse,mouse,ENSMUSG00000030523
xenium_prime_5k_mouse,mouse,ENSMUSG00000030525
xenium_prime_5k_mouse,mouse,ENSMUSG00000030530
xenium_prime_5k_mouse,mouse,ENSMUSG00000030536
xenium_prime_5k_mouse,mouse,ENSMUSG00000030541
xenium_prime_5k_mouse,mouse,ENSMUSG00000030543
xenium_prime_5k_mouse,mouse,ENSMUSG00000030544
xenium_prime_5k_mouse,mouse,ENSMUSG00000030546
xenium_prime_5k_mouse,mouse,ENSMUSG00000030551
xenium_prime_5k_mouse,mouse,ENSMUSG00000030557
xenium_prime_5k_mouse,mouse,ENSMUSG00000030559
xenium_prime_5k_mouse,mouse,ENSMUSG00000030562
xenium_prime_5k_mouse,mouse,ENSMUSG00000030577
xenium_prime_5k_mouse,mouse,ENSMUSG00000030592
xenium_prime_5k_mouse,mouse,ENSMUSG00000030595
xenium_prime_5k_mouse,mouse,ENSMUSG00000030598
xenium_prime_5k_mouse,mouse,ENSMUSG00000030607
xenium_prime_5k_mouse,mouse,ENSMUSG00000030619
xenium_prime_5k_mouse,mouse,ENSMUSG00000030630
xenium_prime_5k_mouse,mouse,ENSMUSG00000030638
xenium_prime_5k_mouse,mouse,ENSMUSG00000030649
xenium_prime_5k_mouse,mouse,ENSMUSG00000030670
xenium_prime_5k_mouse,mouse,ENSMUSG00000030671
xenium_prime_5k_mouse,mouse,ENSMUSG00000030678
xenium_prime_5k_mouse,mouse,ENSMUSG00000030682
xenium_prime_5k_mouse,mouse,ENSMUSG00000030683
xenium_prime_5k_mouse,mouse,ENSMUSG00000030695
xenium_prime_5k_mouse,mouse,ENSMUSG00000030699
xenium_prime_5k_mouse,mouse,ENSMUSG00000030704
xenium_prime_5k_mouse,mouse,ENSMUSG00000030720
xenium_prime_5k_mouse,mouse,ENSMUSG00000030724
xenium_prime_5k_mouse,mouse,ENSMUSG00000030727
xenium_prime_5k_mouse,mouse,ENSMUSG00000030742
xenium_prime_5k_mouse,mouse,ENSMUSG00000030745
xenium_prime_5k_mouse,mouse,ENSMUSG00000030748
xenium_prime_5k_mouse,mouse,ENSMUSG00000030752
xenium_prime_5k_mouse,mouse,ENSMUSG00000030753
xenium_prime_5k_mouse,mouse,ENSMUSG00000030761
xenium_prime_5k_mouse,mouse,ENSMUSG00000030766
xenium_prime_5k_mouse,mouse,ENSMUSG00000030770
xenium_prime_5k_mouse,mouse,ENSMUSG00000030772
xenium_prime_5k_mouse,mouse,ENSMUSG00000030774
xenium_prime_5k_mouse,mouse,ENSMUSG00000030781
xenium_prime_5k_mouse,mouse,ENSMUSG00000030782
xenium_prime_5k_mouse,mouse,ENSMUSG00000030786
xenium_prime_5k_mouse,mouse,ENSMUSG00000030787
xenium_prime_5k_mouse,mouse,ENSMUSG00000030789
xenium_prime_5k_mouse,mouse,ENSMUSG00000030790
xenium_prime_5k_mouse,mouse,ENSMUSG00000030793
xenium_prime_5k_mouse,mouse,ENSMUSG00000030795
xenium_prime_5k_mouse,mouse,ENSMUSG00000030796
xenium_prime_5k_mouse,mouse,ENSMUSG00000030798
xenium_prime_5k_mouse,mouse,ENSMUSG00000030801
xenium_prime_5k_mouse,mouse,ENSMUSG00000030811
xenium_prime_5k_mouse,mouse,ENSMUSG00000030814
xenium_prime_5k_mouse,mouse,ENSMUSG00000030827
xenium_prime_5k_mouse,mouse,ENSMUSG00000030830
xenium_prime_5k_mouse,mouse,ENSMUSG00000030834
xenium_prime_5k_mouse,mouse,ENSMUSG00000030842
xenium_prime_5k_mouse,mouse,ENSMUSG00000030849
xenium_prime_5k_mouse,mouse,ENSMUSG00000030854
xenium_prime_5k_mouse,mouse,ENSMUSG00000030866
xenium_prime_5k_mouse,mouse,ENSMUSG00000030867
xenium_prime_5k_mouse,mouse,ENSMUSG00000030873
xenium_prime_5k_mouse,mouse,ENSMUSG00000030880
xenium_prime_5k_mouse,mouse,ENSMUSG00000030881
xenium_prime_5k_mouse,mouse,ENSMUSG00000030890
xenium_prime_5k_mouse,mouse,ENSMUSG00000030898
xenium_prime_5k_mouse,mouse,ENSMUSG00000030905
xenium_prime_5k_mouse,mouse,ENSMUSG00000030942
xenium_prime_5k_mouse,mouse,ENSMUSG00000030965
xenium_prime_5k_mouse,mouse,ENSMUSG00000030966
xenium_prime_5k_mouse,mouse,ENSMUSG00000030970
xenium_prime_5k_mouse,mouse,ENSMUSG00000030987
xenium_prime_5k_mouse,mouse,ENSMUSG00000031004
xenium_prime_5k_mouse,mouse,ENSMUSG00000031007
xenium_prime_5k_mouse,mouse,ENSMUSG00000031016
xenium_prime_5k_mouse,mouse,ENSMUSG00000031023
xenium_prime_5k_mouse,mouse,ENSMUSG00000031070
xenium_prime_5k_mouse,mouse,ENSMUSG00000031073
xenium_prime_5k_mouse,mouse,ENSMUSG00000031074
xenium_prime_5k_mouse,mouse,ENSMUSG00000031075
xenium_prime_5k_mouse,mouse,ENSMUSG00000031077
xenium_prime_5k_mouse,mouse,ENSMUSG00000031078
xenium_prime_5k_mouse,mouse,ENSMUSG00000031089
xenium_prime_5k_mouse,mouse,ENSMUSG00000031099
xenium_prime_5k_mouse,mouse,ENSMUSG00000031119
xenium_prime_5k_mouse,mouse,ENSMUSG00000031129
xenium_prime_5k_mouse,mouse,ENSMUSG00000031130
xenium_prime_5k_mouse,mouse,ENSMUSG00000031132
xenium_prime_5k_mouse,mouse,ENSMUSG00000031133
xenium_prime_5k_mouse,mouse,ENSMUSG00000031138
xenium_prime_5k_mouse,mouse,ENSMUSG00000031144
xenium_prime_5k_mouse,mouse,ENSMUSG00000031145
xenium_prime_5k_mouse,mouse,ENSMUSG00000031146
xenium_prime_5k_mouse,mouse,ENSMUSG00000031149
xenium_prime_5k_mouse,mouse,ENSMUSG00000031154
xenium_prime_5k_mouse,mouse,ENSMUSG00000031155
xenium_prime_5k_mouse,mouse,ENSMUSG00000031161
xenium_prime_5k_mouse,mouse,ENSMUSG00000031162
xenium_prime_5k_mouse,mouse,ENSMUSG00000031165
xenium_prime_5k_mouse,mouse,ENSMUSG00000031171
xenium_prime_5k_mouse,mouse,ENSMUSG00000031173
xenium_prime_5k_mouse,mouse,ENSMUSG00000031196
xenium_prime_5k_mouse,mouse,ENSMUSG00000031201
xenium_prime_5k_mouse,mouse,ENSMUSG00000031207
xenium_prime_5k_mouse,mouse,ENSMUSG00000031217
xenium_prime_5k_mouse,mouse,ENSMUSG00000031229
xenium_prime_5k_mouse,mouse,ENSMUSG00000031230
xenium_prime_5k_mouse,mouse,ENSMUSG00000031233
xenium_prime_5k_mouse,mouse,ENSMUSG00000031253
xenium_prime_5k_mouse,mouse,ENSMUSG00000031257
xenium_prime_5k_mouse,mouse,ENSMUSG00000031264
xenium_prime_5k_mouse,mouse,ENSMUSG00000031266
xenium_prime_5k_mouse,mouse,ENSMUSG00000031274
xenium_prime_5k_mouse,mouse,ENSMUSG00000031278
xenium_prime_5k_mouse,mouse,ENSMUSG00000031284
xenium_prime_5k_mouse,mouse,ENSMUSG00000031285
xenium_prime_5k_mouse,mouse,ENSMUSG00000031289
xenium_prime_5k_mouse,mouse,ENSMUSG00000031298
xenium_prime_5k_mouse,mouse,ENSMUSG00000031302
xenium_prime_5k_mouse,mouse,ENSMUSG00000031303
xenium_prime_5k_mouse,mouse,ENSMUSG00000031304
xenium_prime_5k_mouse,mouse,ENSMUSG00000031328
xenium_prime_5k_mouse,mouse,ENSMUSG00000031344
xenium_prime_5k_mouse,mouse,ENSMUSG00000031347
xenium_prime_5k_mouse,mouse,ENSMUSG00000031353
xenium_prime_5k_mouse,mouse,ENSMUSG00000031354
xenium_prime_5k_mouse,mouse,ENSMUSG00000031364
xenium_prime_5k_mouse,mouse,ENSMUSG00000031376
xenium_prime_5k_mouse,mouse,ENSMUSG00000031380
xenium_prime_5k_mouse,mouse,ENSMUSG00000031384
xenium_prime_5k_mouse,mouse,ENSMUSG00000031386
xenium_prime_5k_mouse,mouse,ENSMUSG00000031390
xenium_prime_5k_mouse,mouse,ENSMUSG00000031391
xenium_prime_5k_mouse,mouse,ENSMUSG00000031392
xenium_prime_5k_mouse,mouse,ENSMUSG00000031393
xenium_prime_5k_mouse,mouse,ENSMUSG00000031394
xenium_prime_5k_mouse,mouse,ENSMUSG00000031398
xenium_prime_5k_mouse,mouse,ENSMUSG00000031400
xenium_prime_5k_mouse,mouse,ENSMUSG00000031429
xenium_prime_5k_mouse,mouse,ENSMUSG00000031430
xenium_prime_5k_mouse,mouse,ENSMUSG00000031431
xenium_prime_5k_mouse,mouse,ENSMUSG00000031432
xenium_prime_5k_mouse,mouse,ENSMUSG00000031446
xenium_prime_5k_mouse,mouse,ENSMUSG00000031447
xenium_prime_5k_mouse,mouse,ENSMUSG00000031448
xenium_prime_5k_mouse,mouse,ENSMUSG00000031449
xenium_prime_5k_mouse,mouse,ENSMUSG00000031451
xenium_prime_5k_mouse,mouse,ENSMUSG00000031458
xenium_prime_5k_mouse,mouse,ENSMUSG00000031465
xenium_prime_5k_mouse,mouse,ENSMUSG00000031486
xenium_prime_5k_mouse,mouse,ENSMUSG00000031489
xenium_prime_5k_mouse,mouse,ENSMUSG00000031490
xenium_prime_5k_mouse,mouse,ENSMUSG00000031491
xenium_prime_5k_mouse,mouse,ENSMUSG00000031492
xenium_prime_5k_mouse,mouse,ENSMUSG00000031494
xenium_prime_5k_mouse,mouse,ENSMUSG00000031495
xenium_prime_5k_mouse,mouse,ENSMUSG00000031497
xenium_prime_5k_mouse,mouse,ENSMUSG00000031502
xenium_prime_5k_mouse,mouse,ENSMUSG00000031503
xenium_prime_5k_mouse,mouse,ENSMUSG00000031504
xenium_prime_5k_mouse,mouse,ENSMUSG00000031511
xenium_prime_5k_mouse,mouse,ENSMUSG00000031517
xenium_prime_5k_mouse,mouse,ENSMUSG00000031518
xenium_prime_5k_mouse,mouse,ENSMUSG00000031520
xenium_prime_5k_mouse,mouse,ENSMUSG00000031530
xenium_prime_5k_mouse,mouse,ENSMUSG00000031532
xenium_prime_5k_mouse,mouse,ENSMUSG00000031535
xenium_prime_5k_mouse,mouse,ENSMUSG00000031536
xenium_prime_5k_mouse,mouse,ENSMUSG00000031537
xenium_prime_5k_mouse,mouse,ENSMUSG00000031539
xenium_prime_5k_mouse,mouse,ENSMUSG00000031540
xenium_prime_5k_mouse,mouse,ENSMUSG00000031543
xenium_prime_5k_mouse,mouse,ENSMUSG00000031548
xenium_prime_5k_mouse,mouse,ENSMUSG00000031549
xenium_prime_5k_mouse,mouse,ENSMUSG00000031551
xenium_prime_5k_mouse,mouse,ENSMUSG00000031552
xenium_prime_5k_mouse,mouse,ENSMUSG00000031557
xenium_prime_5k_mouse,mouse,ENSMUSG00000031558
xenium_prime_5k_mouse,mouse,ENSMUSG00000031565
xenium_prime_5k_mouse,mouse,ENSMUSG00000031574
xenium_prime_5k_mouse,mouse,ENSMUSG00000031575
xenium_prime_5k_mouse,mouse,ENSMUSG00000031585
xenium_prime_5k_mouse,mouse,ENSMUSG00000031592
xenium_prime_5k_mouse,mouse,ENSMUSG00000031594
xenium_prime_5k_mouse,mouse,ENSMUSG00000031604
xenium_prime_5k_mouse,mouse,ENSMUSG00000031616
xenium_prime_5k_mouse,mouse,ENSMUSG00000031618
xenium_prime_5k_mouse,mouse,ENSMUSG00000031622
xenium_prime_5k_mouse,mouse,ENSMUSG00000031628
xenium_prime_5k_mouse,mouse,ENSMUSG00000031629
xenium_prime_5k_mouse,mouse,ENSMUSG00000031639
xenium_prime_5k_mouse,mouse,ENSMUSG00000031654
xenium_prime_5k_mouse,mouse,ENSMUSG00000031660
xenium_prime_5k_mouse,mouse,ENSMUSG00000031665
xenium_prime_5k_mouse,mouse,ENSMUSG00000031666
xenium_prime_5k_mouse,mouse,ENSMUSG00000031668
xenium_prime_5k_mouse,mouse,ENSMUSG00000031671
xenium_prime_5k_mouse,mouse,ENSMUSG00000031672
xenium_prime_5k_mouse,mouse,ENSMUSG00000031673
xenium_prime_5k_mouse,mouse,ENSMUSG00000031681
xenium_prime_5k_mouse,mouse,ENSMUSG00000031688
xenium_prime_5k_mouse,mouse,ENSMUSG00000031700
xenium_prime_5k_mouse,mouse,ENSMUSG00000031708
xenium_prime_5k_mouse,mouse,ENSMUSG00000031710
xenium_prime_5k_mouse,mouse,ENSMUSG00000031712
xenium_prime_5k_mouse,mouse,ENSMUSG00000031714
xenium_prime_5k_mouse,mouse,ENSMUSG00000031715
xenium_prime_5k_mouse,mouse,ENSMUSG00000031730
xenium_prime_5k_mouse,mouse,ENSMUSG00000031731
xenium_prime_5k_mouse,mouse,ENSMUSG00000031734
xenium_prime_5k_mouse,mouse,ENSMUSG00000031737
xenium_prime_5k_mouse,mouse,ENSMUSG00000031738
xenium_prime_5k_mouse,mouse,ENSMUSG00000031740
xenium_prime_5k_mouse,mouse,ENSMUSG00000031748
xenium_prime_5k_mouse,mouse,ENSMUSG00000031750
xenium_prime_5k_mouse,mouse,ENSMUSG00000031751
xenium_prime_5k_mouse,mouse,ENSMUSG00000031755
xenium_prime_5k_mouse,mouse,ENSMUSG00000031772
xenium_prime_5k_mouse,mouse,ENSMUSG00000031774
xenium_prime_5k_mouse,mouse,ENSMUSG00000031778
xenium_prime_5k_mouse,mouse,ENSMUSG00000031780
xenium_prime_5k_mouse,mouse,ENSMUSG00000031785
xenium_prime_5k_mouse,mouse,ENSMUSG00000031786
xenium_prime_5k_mouse,mouse,ENSMUSG00000031790
xenium_prime_5k_mouse,mouse,ENSMUSG00000031805
xenium_prime_5k_mouse,mouse,ENSMUSG00000031823
xenium_prime_5k_mouse,mouse,ENSMUSG00000031828
xenium_prime_5k_mouse,mouse,ENSMUSG00000031833
xenium_prime_5k_mouse,mouse,ENSMUSG00000031834
xenium_prime_5k_mouse,mouse,ENSMUSG00000031840
xenium_prime_5k_mouse,mouse,ENSMUSG00000031841
xenium_prime_5k_mouse,mouse,ENSMUSG00000031842
xenium_prime_5k_mouse,mouse,ENSMUSG00000031845
xenium_prime_5k_mouse,mouse,ENSMUSG00000031861
xenium_prime_5k_mouse,mouse,ENSMUSG00000031865
xenium_prime_5k_mouse,mouse,ENSMUSG00000031870
xenium_prime_5k_mouse,mouse,ENSMUSG00000031871
xenium_prime_5k_mouse,mouse,ENSMUSG00000031878
xenium_prime_5k_mouse,mouse,ENSMUSG00000031883
xenium_prime_5k_mouse,mouse,ENSMUSG00000031885
xenium_prime_5k_mouse,mouse,ENSMUSG00000031902
xenium_prime_5k_mouse,mouse,ENSMUSG00000031906
xenium_prime_5k_mouse,mouse,ENSMUSG00000031921
xenium_prime_5k_mouse,mouse,ENSMUSG00000031928
xenium_prime_5k_mouse,mouse,ENSMUSG00000031932
xenium_prime_5k_mouse,mouse,ENSMUSG00000031933
xenium_prime_5k_mouse,mouse,ENSMUSG00000031934
xenium_prime_5k_mouse,mouse,ENSMUSG00000031937
xenium_prime_5k_mouse,mouse,ENSMUSG00000031955
xenium_prime_5k_mouse,mouse,ENSMUSG00000031959
xenium_prime_5k_mouse,mouse,ENSMUSG00000031965
xenium_prime_5k_mouse,mouse,ENSMUSG00000031980
xenium_prime_5k_mouse,mouse,ENSMUSG00000031987
xenium_prime_5k_mouse,mouse,ENSMUSG00000031988
xenium_prime_5k_mouse,mouse,ENSMUSG00000031990
xenium_prime_5k_mouse,mouse,ENSMUSG00000031996
xenium_prime_5k_mouse,mouse,ENSMUSG00000031997
xenium_prime_5k_mouse,mouse,ENSMUSG00000032000
xenium_prime_5k_mouse,mouse,ENSMUSG00000032010
xenium_prime_5k_mouse,mouse,ENSMUSG00000032013
xenium_prime_5k_mouse,mouse,ENSMUSG00000032015
xenium_prime_5k_mouse,mouse,ENSMUSG00000032017
xenium_prime_5k_mouse,mouse,ENSMUSG00000032020
xenium_prime_5k_mouse,mouse,ENSMUSG00000032024
xenium_prime_5k_mouse,mouse,ENSMUSG00000032034
xenium_prime_5k_mouse,mouse,ENSMUSG00000032035
xenium_prime_5k_mouse,mouse,ENSMUSG00000032041
xenium_prime_5k_mouse,mouse,ENSMUSG00000032050
xenium_prime_5k_mouse,mouse,ENSMUSG00000032051
xenium_prime_5k_mouse,mouse,ENSMUSG00000032053
xenium_prime_5k_mouse,mouse,ENSMUSG00000032058
xenium_prime_5k_mouse,mouse,ENSMUSG00000032060
xenium_prime_5k_mouse,mouse,ENSMUSG00000032064
xenium_prime_5k_mouse,mouse,ENSMUSG00000032076
xenium_prime_5k_mouse,mouse,ENSMUSG00000032080
xenium_prime_5k_mouse,mouse,ENSMUSG00000032083
xenium_prime_5k_mouse,mouse,ENSMUSG00000032085
xenium_prime_5k_mouse,mouse,ENSMUSG00000032086
xenium_prime_5k_mouse,mouse,ENSMUSG00000032087
xenium_prime_5k_mouse,mouse,ENSMUSG00000032089
xenium_prime_5k_mouse,mouse,ENSMUSG00000032091
xenium_prime_5k_mouse,mouse,ENSMUSG00000032093
xenium_prime_5k_mouse,mouse,ENSMUSG00000032094
xenium_prime_5k_mouse,mouse,ENSMUSG00000032097
xenium_prime_5k_mouse,mouse,ENSMUSG00000032098
xenium_prime_5k_mouse,mouse,ENSMUSG00000032113
xenium_prime_5k_mouse,mouse,ENSMUSG00000032128
xenium_prime_5k_mouse,mouse,ENSMUSG00000032135
xenium_prime_5k_mouse,mouse,ENSMUSG00000032171
xenium_prime_5k_mouse,mouse,ENSMUSG00000032175
xenium_prime_5k_mouse,mouse,ENSMUSG00000032179
xenium_prime_5k_mouse,mouse,ENSMUSG00000032185
xenium_prime_5k_mouse,mouse,ENSMUSG00000032187
xenium_prime_5k_mouse,mouse,ENSMUSG00000032193
xenium_prime_5k_mouse,mouse,ENSMUSG00000032202
xenium_prime_5k_mouse,mouse,ENSMUSG00000032216
xenium_prime_5k_mouse,mouse,ENSMUSG00000032220
xenium_prime_5k_mouse,mouse,ENSMUSG00000032226
xenium_prime_5k_mouse,mouse,ENSMUSG00000032228
xenium_prime_5k_mouse,mouse,ENSMUSG00000032231
xenium_prime_5k_mouse,mouse,ENSMUSG00000032238
xenium_prime_5k_mouse,mouse,ENSMUSG00000032243
xenium_prime_5k_mouse,mouse,ENSMUSG00000032245
xenium_prime_5k_mouse,mouse,ENSMUSG00000032259
xenium_prime_5k_mouse,mouse,ENSMUSG00000032262
xenium_prime_5k_mouse,mouse,ENSMUSG00000032269
xenium_prime_5k_mouse,mouse,ENSMUSG00000032274
xenium_prime_5k_mouse,mouse,ENSMUSG00000032291
xenium_prime_5k_mouse,mouse,ENSMUSG00000032292
xenium_prime_5k_mouse,mouse,ENSMUSG00000032293
xenium_prime_5k_mouse,mouse,ENSMUSG00000032294
xenium_prime_5k_mouse,mouse,ENSMUSG00000032297
xenium_prime_5k_mouse,mouse,ENSMUSG00000032298
xenium_prime_5k_mouse,mouse,ENSMUSG00000032301
xenium_prime_5k_mouse,mouse,ENSMUSG00000032306
xenium_prime_5k_mouse,mouse,ENSMUSG00000032310
xenium_prime_5k_mouse,mouse,ENSMUSG00000032312
xenium_prime_5k_mouse,mouse,ENSMUSG00000032315
xenium_prime_5k_mouse,mouse,ENSMUSG00000032318
xenium_prime_5k_mouse,mouse,ENSMUSG00000032320
xenium_prime_5k_mouse,mouse,ENSMUSG00000032323
xenium_prime_5k_mouse,mouse,ENSMUSG00000032332
xenium_prime_5k_mouse,mouse,ENSMUSG00000032334
xenium_prime_5k_mouse,mouse,ENSMUSG00000032338
xenium_prime_5k_mouse,mouse,ENSMUSG00000032340
xenium_prime_5k_mouse,mouse,ENSMUSG00000032344
xenium_prime_5k_mouse,mouse,ENSMUSG00000032356
xenium_prime_5k_mouse,mouse,ENSMUSG00000032360
xenium_prime_5k_mouse,mouse,ENSMUSG00000032368
xenium_prime_5k_mouse,mouse,ENSMUSG00000032376
xenium_prime_5k_mouse,mouse,ENSMUSG00000032402
xenium_prime_5k_mouse,mouse,ENSMUSG00000032405
xenium_prime_5k_mouse,mouse,ENSMUSG00000032409
xenium_prime_5k_mouse,mouse,ENSMUSG00000032418
xenium_prime_5k_mouse,mouse,ENSMUSG00000032419
xenium_prime_5k_mouse,mouse,ENSMUSG00000032420
xenium_prime_5k_mouse,mouse,ENSMUSG00000032423
xenium_prime_5k_mouse,mouse,ENSMUSG00000032434
xenium_prime_5k_mouse,mouse,ENSMUSG00000032435
xenium_prime_5k_mouse,mouse,ENSMUSG00000032440
xenium_prime_5k_mouse,mouse,ENSMUSG00000032446
xenium_prime_5k_mouse,mouse,ENSMUSG00000032462
xenium_prime_5k_mouse,mouse,ENSMUSG00000032475
xenium_prime_5k_mouse,mouse,ENSMUSG00000032477
xenium_prime_5k_mouse,mouse,ENSMUSG00000032479
xenium_prime_5k_mouse,mouse,ENSMUSG00000032481
xenium_prime_5k_mouse,mouse,ENSMUSG00000032482
xenium_prime_5k_mouse,mouse,ENSMUSG00000032487
xenium_prime_5k_mouse,mouse,ENSMUSG00000032492
xenium_prime_5k_mouse,mouse,ENSMUSG00000032494
xenium_prime_5k_mouse,mouse,ENSMUSG00000032498
xenium_prime_5k_mouse,mouse,ENSMUSG00000032502
xenium_prime_5k_mouse,mouse,ENSMUSG00000032508
xenium_prime_5k_mouse,mouse,ENSMUSG00000032511
xenium_prime_5k_mouse,mouse,ENSMUSG00000032513
xenium_prime_5k_mouse,mouse,ENSMUSG00000032528
xenium_prime_5k_mouse,mouse,ENSMUSG00000032537
xenium_prime_5k_mouse,mouse,ENSMUSG00000032540
xenium_prime_5k_mouse,mouse,ENSMUSG00000032547
xenium_prime_5k_mouse,mouse,ENSMUSG00000032555
xenium_prime_5k_mouse,mouse,ENSMUSG00000032562
xenium_prime_5k_mouse,mouse,ENSMUSG00000032564
xenium_prime_5k_mouse,mouse,ENSMUSG00000032578
xenium_prime_5k_mouse,mouse,ENSMUSG00000032584
xenium_prime_5k_mouse,mouse,ENSMUSG00000032589
xenium_prime_5k_mouse,mouse,ENSMUSG00000032591
xenium_prime_5k_mouse,mouse,ENSMUSG00000032593
xenium_prime_5k_mouse,mouse,ENSMUSG00000032602
xenium_prime_5k_mouse,mouse,ENSMUSG00000032649
xenium_prime_5k_mouse,mouse,ENSMUSG00000032679
xenium_prime_5k_mouse,mouse,ENSMUSG00000032688
xenium_prime_5k_mouse,mouse,ENSMUSG00000032691
xenium_prime_5k_mouse,mouse,ENSMUSG00000032698
xenium_prime_5k_mouse,mouse,ENSMUSG00000032715
xenium_prime_5k_mouse,mouse,ENSMUSG00000032725
xenium_prime_5k_mouse,mouse,ENSMUSG00000032741
xenium_prime_5k_mouse,mouse,ENSMUSG00000032744
xenium_prime_5k_mouse,mouse,ENSMUSG00000032754
xenium_prime_5k_mouse,mouse,ENSMUSG00000032769
xenium_prime_5k_mouse,mouse,ENSMUSG00000032773
xenium_prime_5k_mouse,mouse,ENSMUSG00000032776
xenium_prime_5k_mouse,mouse,ENSMUSG00000032782
xenium_prime_5k_mouse,mouse,ENSMUSG00000032788
xenium_prime_5k_mouse,mouse,ENSMUSG00000032796
xenium_prime_5k_mouse,mouse,ENSMUSG00000032807
xenium_prime_5k_mouse,mouse,ENSMUSG00000032812
xenium_prime_5k_mouse,mouse,ENSMUSG00000032816
xenium_prime_5k_mouse,mouse,ENSMUSG00000032826
xenium_prime_5k_mouse,mouse,ENSMUSG00000032839
xenium_prime_5k_mouse,mouse,ENSMUSG00000032854
xenium_prime_5k_mouse,mouse,ENSMUSG00000032855
xenium_prime_5k_mouse,mouse,ENSMUSG00000032860
xenium_prime_5k_mouse,mouse,ENSMUSG00000032864
xenium_prime_5k_mouse,mouse,ENSMUSG00000032870
xenium_prime_5k_mouse,mouse,ENSMUSG00000032897
xenium_prime_5k_mouse,mouse,ENSMUSG00000032898
xenium_prime_5k_mouse,mouse,ENSMUSG00000032902
xenium_prime_5k_mouse,mouse,ENSMUSG00000032911
xenium_prime_5k_mouse,mouse,ENSMUSG00000032936
xenium_prime_5k_mouse,mouse,ENSMUSG00000032937
xenium_prime_5k_mouse,mouse,ENSMUSG00000032942
xenium_prime_5k_mouse,mouse,ENSMUSG00000032968
xenium_prime_5k_mouse,mouse,ENSMUSG00000032988
xenium_prime_5k_mouse,mouse,ENSMUSG00000032998
xenium_prime_5k_mouse,mouse,ENSMUSG00000032999
xenium_prime_5k_mouse,mouse,ENSMUSG00000033004
xenium_prime_5k_mouse,mouse,ENSMUSG00000033006
xenium_prime_5k_mouse,mouse,ENSMUSG00000033014
xenium_prime_5k_mouse,mouse,ENSMUSG00000033016
xenium_prime_5k_mouse,mouse,ENSMUSG00000033020
xenium_prime_5k_mouse,mouse,ENSMUSG00000033059
xenium_prime_5k_mouse,mouse,ENSMUSG00000033063
xenium_prime_5k_mouse,mouse,ENSMUSG00000033080
xenium_prime_5k_mouse,mouse,ENSMUSG00000033096
xenium_prime_5k_mouse,mouse,ENSMUSG00000033105
xenium_prime_5k_mouse,mouse,ENSMUSG00000033122
xenium_prime_5k_mouse,mouse,ENSMUSG00000033124
xenium_prime_5k_mouse,mouse,ENSMUSG00000033159
xenium_prime_5k_mouse,mouse,ENSMUSG00000033191
xenium_prime_5k_mouse,mouse,ENSMUSG00000033196
xenium_prime_5k_mouse,mouse,ENSMUSG00000033208
xenium_prime_5k_mouse,mouse,ENSMUSG00000033227
xenium_prime_5k_mouse,mouse,ENSMUSG00000033237
xenium_prime_5k_mouse,mouse,ENSMUSG00000033253
xenium_prime_5k_mouse,mouse,ENSMUSG00000033295
xenium_prime_5k_mouse,mouse,ENSMUSG00000033306
xenium_prime_5k_mouse,mouse,ENSMUSG00000033308
xenium_prime_5k_mouse,mouse,ENSMUSG00000033326
xenium_prime_5k_mouse,mouse,ENSMUSG00000033327
xenium_prime_5k_mouse,mouse,ENSMUSG00000033335
xenium_prime_5k_mouse,mouse,ENSMUSG00000033352
xenium_prime_5k_mouse,mouse,ENSMUSG00000033377
xenium_prime_5k_mouse,mouse,ENSMUSG00000033386
xenium_prime_5k_mouse,mouse,ENSMUSG00000033389
xenium_prime_5k_mouse,mouse,ENSMUSG00000033400
xenium_prime_5k_mouse,mouse,ENSMUSG00000033411
xenium_prime_5k_mouse,mouse,ENSMUSG00000033419
xenium_prime_5k_mouse,mouse,ENSMUSG00000033439
xenium_prime_5k_mouse,mouse,ENSMUSG00000033446
xenium_prime_5k_mouse,mouse,ENSMUSG00000033467
xenium_prime_5k_mouse,mouse,ENSMUSG00000033501
xenium_prime_5k_mouse,mouse,ENSMUSG00000033538
xenium_prime_5k_mouse,mouse,ENSMUSG00000033540
xenium_prime_5k_mouse,mouse,ENSMUSG00000033543
xenium_prime_5k_mouse,mouse,ENSMUSG00000033565
xenium_prime_5k_mouse,mouse,ENSMUSG00000033577
xenium_prime_5k_mouse,mouse,ENSMUSG00000033578
xenium_prime_5k_mouse,mouse,ENSMUSG00000033585
xenium_prime_5k_mouse,mouse,ENSMUSG00000033595
xenium_prime_5k_mouse,mouse,ENSMUSG00000033597
xenium_prime_5k_mouse,mouse,ENSMUSG00000033628
xenium_prime_5k_mouse,mouse,ENSMUSG00000033644
xenium_prime_5k_mouse,mouse,ENSMUSG00000033658
xenium_prime_5k_mouse,mouse,ENSMUSG00000033676
xenium_prime_5k_mouse,mouse,ENSMUSG00000033684
xenium_prime_5k_mouse,mouse,ENSMUSG00000033712
xenium_prime_5k_mouse,mouse,ENSMUSG00000033717
xenium_prime_5k_mouse,mouse,ENSMUSG00000033726
xenium_prime_5k_mouse,mouse,ENSMUSG00000033730
xenium_prime_5k_mouse,mouse,ENSMUSG00000033770
xenium_prime_5k_mouse,mouse,ENSMUSG00000033774
xenium_prime_5k_mouse,mouse,ENSMUSG00000033777
xenium_prime_5k_mouse,mouse,ENSMUSG00000033788
xenium_prime_5k_mouse,mouse,ENSMUSG00000033792
xenium_prime_5k_mouse,mouse,ENSMUSG00000033825
xenium_prime_5k_mouse,mouse,ENSMUSG00000033831
xenium_prime_5k_mouse,mouse,ENSMUSG00000033834
xenium_prime_5k_mouse,mouse,ENSMUSG00000033837
xenium_prime_5k_mouse,mouse,ENSMUSG00000033854
xenium_prime_5k_mouse,mouse,ENSMUSG00000033860
xenium_prime_5k_mouse,mouse,ENSMUSG00000033871
xenium_prime_5k_mouse,mouse,ENSMUSG00000033900
xenium_prime_5k_mouse,mouse,ENSMUSG00000033904
xenium_prime_5k_mouse,mouse,ENSMUSG00000033910
xenium_prime_5k_mouse,mouse,ENSMUSG00000033933
xenium_prime_5k_mouse,mouse,ENSMUSG00000033948
xenium_prime_5k_mouse,mouse,ENSMUSG00000033949
xenium_prime_5k_mouse,mouse,ENSMUSG00000033953
xenium_prime_5k_mouse,mouse,ENSMUSG00000033965
xenium_prime_5k_mouse,mouse,ENSMUSG00000033981
xenium_prime_5k_mouse,mouse,ENSMUSG00000034009
xenium_prime_5k_mouse,mouse,ENSMUSG00000034028
xenium_prime_5k_mouse,mouse,ENSMUSG00000034040
xenium_prime_5k_mouse,mouse,ENSMUSG00000034098
xenium_prime_5k_mouse,mouse,ENSMUSG00000034101
xenium_prime_5k_mouse,mouse,ENSMUSG00000034116
xenium_prime_5k_mouse,mouse,ENSMUSG00000034120
xenium_prime_5k_mouse,mouse,ENSMUSG00000034160
xenium_prime_5k_mouse,mouse,ENSMUSG00000034161
xenium_prime_5k_mouse,mouse,ENSMUSG00000034165
xenium_prime_5k_mouse,mouse,ENSMUSG00000034171
xenium_prime_5k_mouse,mouse,ENSMUSG00000034187
xenium_prime_5k_mouse,mouse,ENSMUSG00000034210
xenium_prime_5k_mouse,mouse,ENSMUSG00000034218
xenium_prime_5k_mouse,mouse,ENSMUSG00000034227
xenium_prime_5k_mouse,mouse,ENSMUSG00000034235
xenium_prime_5k_mouse,mouse,ENSMUSG00000034266
xenium_prime_5k_mouse,mouse,ENSMUSG00000034269
xenium_prime_5k_mouse,mouse,ENSMUSG00000034275
xenium_prime_5k_mouse,mouse,ENSMUSG00000034282
xenium_prime_5k_mouse,mouse,ENSMUSG00000034311
xenium_prime_5k_mouse,mouse,ENSMUSG00000034329
xenium_prime_5k_mouse,mouse,ENSMUSG00000034330
xenium_prime_5k_mouse,mouse,ENSMUSG00000034336
xenium_prime_5k_mouse,mouse,ENSMUSG00000034342
xenium_prime_5k_mouse,mouse,ENSMUSG00000034362
xenium_prime_5k_mouse,mouse,ENSMUSG00000034384
xenium_prime_5k_mouse,mouse,ENSMUSG00000034390
xenium_prime_5k_mouse,mouse,ENSMUSG00000034394
xenium_prime_5k_mouse,mouse,ENSMUSG00000034402
xenium_prime_5k_mouse,mouse,ENSMUSG00000034403
xenium_prime_5k_mouse,mouse,ENSMUSG00000034432
xenium_prime_5k_mouse,mouse,ENSMUSG00000034459
xenium_prime_5k_mouse,mouse,ENSMUSG00000034462
xenium_prime_5k_mouse,mouse,ENSMUSG00000034486
xenium_prime_5k_mouse,mouse,ENSMUSG00000034488
xenium_prime_5k_mouse,mouse,ENSMUSG00000034520
xenium_prime_5k_mouse,mouse,ENSMUSG00000034533
xenium_prime_5k_mouse,mouse,ENSMUSG00000034557
xenium_prime_5k_mouse,mouse,ENSMUSG00000034560
xenium_prime_5k_mouse,mouse,ENSMUSG00000034584
xenium_prime_5k_mouse,mouse,ENSMUSG00000034593
xenium_prime_5k_mouse,mouse,ENSMUSG00000034613
xenium_prime_5k_mouse,mouse,ENSMUSG00000034640
xenium_prime_5k_mouse,mouse,ENSMUSG00000034641
xenium_prime_5k_mouse,mouse,ENSMUSG00000034652
xenium_prime_5k_mouse,mouse,ENSMUSG00000034656
xenium_prime_5k_mouse,mouse,ENSMUSG00000034659
xenium_prime_5k_mouse,mouse,ENSMUSG00000034660
xenium_prime_5k_mouse,mouse,ENSMUSG00000034664
xenium_prime_5k_mouse,mouse,ENSMUSG00000034673
xenium_prime_5k_mouse,mouse,ENSMUSG00000034674
xenium_prime_5k_mouse,mouse,ENSMUSG00000034675
xenium_prime_5k_mouse,mouse,ENSMUSG00000034683
xenium_prime_5k_mouse,mouse,ENSMUSG00000034684
xenium_prime_5k_mouse,mouse,ENSMUSG00000034687
xenium_prime_5k_mouse,mouse,ENSMUSG00000034701
xenium_prime_5k_mouse,mouse,ENSMUSG00000034708
xenium_prime_5k_mouse,mouse,ENSMUSG00000034730
xenium_prime_5k_mouse,mouse,ENSMUSG00000034739
xenium_prime_5k_mouse,mouse,ENSMUSG00000034744
xenium_prime_5k_mouse,mouse,ENSMUSG00000034748
xenium_prime_5k_mouse,mouse,ENSMUSG00000034755
xenium_prime_5k_mouse,mouse,ENSMUSG00000034758
xenium_prime_5k_mouse,mouse,ENSMUSG00000034765
xenium_prime_5k_mouse,mouse,ENSMUSG00000034777
xenium_prime_5k_mouse,mouse,ENSMUSG00000034781
xenium_prime_5k_mouse,mouse,ENSMUSG00000034783
xenium_prime_5k_mouse,mouse,ENSMUSG00000034785
xenium_prime_5k_mouse,mouse,ENSMUSG00000034789
xenium_prime_5k_mouse,mouse,ENSMUSG00000034825
xenium_prime_5k_mouse,mouse,ENSMUSG00000034832
xenium_prime_5k_mouse,mouse,ENSMUSG00000034833
xenium_prime_5k_mouse,mouse,ENSMUSG00000034837
xenium_prime_5k_mouse,mouse,ENSMUSG00000034845
xenium_prime_5k_mouse,mouse,ENSMUSG00000034855
xenium_prime_5k_mouse,mouse,ENSMUSG00000034858
xenium_prime_5k_mouse,mouse,ENSMUSG00000034881
xenium_prime_5k_mouse,mouse,ENSMUSG00000034891
xenium_prime_5k_mouse,mouse,ENSMUSG00000034902
xenium_prime_5k_mouse,mouse,ENSMUSG00000034906
xenium_prime_5k_mouse,mouse,ENSMUSG00000034908
xenium_prime_5k_mouse,mouse,ENSMUSG00000034917
xenium_prime_5k_mouse,mouse,ENSMUSG00000034957
xenium_prime_5k_mouse,mouse,ENSMUSG00000034993
xenium_prime_5k_mouse,mouse,ENSMUSG00000034997
xenium_prime_5k_mouse,mouse,ENSMUSG00000035000
xenium_prime_5k_mouse,mouse,ENSMUSG00000035007
xenium_prime_5k_mouse,mouse,ENSMUSG00000035011
xenium_prime_5k_mouse,mouse,ENSMUSG00000035021
xenium_prime_5k_mouse,mouse,ENSMUSG00000035027
xenium_prime_5k_mouse,mouse,ENSMUSG00000035033
xenium_prime_5k_mouse,mouse,ENSMUSG00000035067
xenium_prime_5k_mouse,mouse,ENSMUSG00000035086
xenium_prime_5k_mouse,mouse,ENSMUSG00000035104
xenium_prime_5k_mouse,mouse,ENSMUSG00000035105
xenium_prime_5k_mouse,mouse,ENSMUSG00000035142
xenium_prime_5k_mouse,mouse,ENSMUSG00000035152
xenium_prime_5k_mouse,mouse,ENSMUSG00000035158
xenium_prime_5k_mouse,mouse,ENSMUSG00000035187
xenium_prime_5k_mouse,mouse,ENSMUSG00000035198
xenium_prime_5k_mouse,mouse,ENSMUSG00000035200
xenium_prime_5k_mouse,mouse,ENSMUSG00000035212
xenium_prime_5k_mouse,mouse,ENSMUSG00000035234
xenium_prime_5k_mouse,mouse,ENSMUSG00000035258
xenium_prime_5k_mouse,mouse,ENSMUSG00000035262
xenium_prime_5k_mouse,mouse,ENSMUSG00000035268
xenium_prime_5k_mouse,mouse,ENSMUSG00000035273
xenium_prime_5k_mouse,mouse,ENSMUSG00000035277
xenium_prime_5k_mouse,mouse,ENSMUSG00000035283
xenium_prime_5k_mouse,mouse,ENSMUSG00000035305
xenium_prime_5k_mouse,mouse,ENSMUSG00000035329
xenium_prime_5k_mouse,mouse,ENSMUSG00000035352
xenium_prime_5k_mouse,mouse,ENSMUSG00000035365
xenium_prime_5k_mouse,mouse,ENSMUSG00000035373
xenium_prime_5k_mouse,mouse,ENSMUSG00000035383
xenium_prime_5k_mouse,mouse,ENSMUSG00000035385
xenium_prime_5k_mouse,mouse,ENSMUSG00000035392
xenium_prime_5k_mouse,mouse,ENSMUSG00000035394
xenium_prime_5k_mouse,mouse,ENSMUSG00000035401
xenium_prime_5k_mouse,mouse,ENSMUSG00000035403
xenium_prime_5k_mouse,mouse,ENSMUSG00000035413
xenium_prime_5k_mouse,mouse,ENSMUSG00000035427
xenium_prime_5k_mouse,mouse,ENSMUSG00000035431
xenium_prime_5k_mouse,mouse,ENSMUSG00000035441
xenium_prime_5k_mouse,mouse,ENSMUSG00000035448
xenium_prime_5k_mouse,mouse,ENSMUSG00000035451
xenium_prime_5k_mouse,mouse,ENSMUSG00000035478
xenium_prime_5k_mouse,mouse,ENSMUSG00000035491
xenium_prime_5k_mouse,mouse,ENSMUSG00000035498
xenium_prime_5k_mouse,mouse,ENSMUSG00000035513
xenium_prime_5k_mouse,mouse,ENSMUSG00000035528
xenium_prime_5k_mouse,mouse,ENSMUSG00000035569
xenium_prime_5k_mouse,mouse,ENSMUSG00000035580
xenium_prime_5k_mouse,mouse,ENSMUSG00000035596
xenium_prime_5k_mouse,mouse,ENSMUSG00000035614
xenium_prime_5k_mouse,mouse,ENSMUSG00000035615
xenium_prime_5k_mouse,mouse,ENSMUSG00000035620
xenium_prime_5k_mouse,mouse,ENSMUSG00000035623
xenium_prime_5k_mouse,mouse,ENSMUSG00000035629
xenium_prime_5k_mouse,mouse,ENSMUSG00000035638
xenium_prime_5k_mouse,mouse,ENSMUSG00000035678
xenium_prime_5k_mouse,mouse,ENSMUSG00000035681
xenium_prime_5k_mouse,mouse,ENSMUSG00000035692
xenium_prime_5k_mouse,mouse,ENSMUSG00000035722
xenium_prime_5k_mouse,mouse,ENSMUSG00000035726
xenium_prime_5k_mouse,mouse,ENSMUSG00000035735
xenium_prime_5k_mouse,mouse,ENSMUSG00000035757
xenium_prime_5k_mouse,mouse,ENSMUSG00000035773
xenium_prime_5k_mouse,mouse,ENSMUSG00000035775
xenium_prime_5k_mouse,mouse,ENSMUSG00000035799
xenium_prime_5k_mouse,mouse,ENSMUSG00000035804
xenium_prime_5k_mouse,mouse,ENSMUSG00000035805
xenium_prime_5k_mouse,mouse,ENSMUSG00000035835
xenium_prime_5k_mouse,mouse,ENSMUSG00000035852
xenium_prime_5k_mouse,mouse,ENSMUSG00000035873
xenium_prime_5k_mouse,mouse,ENSMUSG00000035896
xenium_prime_5k_mouse,mouse,ENSMUSG00000035898
xenium_prime_5k_mouse,mouse,ENSMUSG00000035914
xenium_prime_5k_mouse,mouse,ENSMUSG00000035916
xenium_prime_5k_mouse,mouse,ENSMUSG00000035919
xenium_prime_5k_mouse,mouse,ENSMUSG00000035923
xenium_prime_5k_mouse,mouse,ENSMUSG00000035934
xenium_prime_5k_mouse,mouse,ENSMUSG00000035946
xenium_prime_5k_mouse,mouse,ENSMUSG00000035953
xenium_prime_5k_mouse,mouse,ENSMUSG00000035960
xenium_prime_5k_mouse,mouse,ENSMUSG00000035984
xenium_prime_5k_mouse,mouse,ENSMUSG00000036023
xenium_prime_5k_mouse,mouse,ENSMUSG00000036026
xenium_prime_5k_mouse,mouse,ENSMUSG00000036036
xenium_prime_5k_mouse,mouse,ENSMUSG00000036057
xenium_prime_5k_mouse,mouse,ENSMUSG00000036078
xenium_prime_5k_mouse,mouse,ENSMUSG00000036098
xenium_prime_5k_mouse,mouse,ENSMUSG00000036106
xenium_prime_5k_mouse,mouse,ENSMUSG00000036110
xenium_prime_5k_mouse,mouse,ENSMUSG00000036117
xenium_prime_5k_mouse,mouse,ENSMUSG00000036123
xenium_prime_5k_mouse,mouse,ENSMUSG00000036131
xenium_prime_5k_mouse,mouse,ENSMUSG00000036144
xenium_prime_5k_mouse,mouse,ENSMUSG00000036169
xenium_prime_5k_mouse,mouse,ENSMUSG00000036192
xenium_prime_5k_mouse,mouse,ENSMUSG00000036202
xenium_prime_5k_mouse,mouse,ENSMUSG00000036223
xenium_prime_5k_mouse,mouse,ENSMUSG00000036231
xenium_prime_5k_mouse,mouse,ENSMUSG00000036241
xenium_prime_5k_mouse,mouse,ENSMUSG00000036251
xenium_prime_5k_mouse,mouse,ENSMUSG00000036264
xenium_prime_5k_mouse,mouse,ENSMUSG00000036270
xenium_prime_5k_mouse,mouse,ENSMUSG00000036273
xenium_prime_5k_mouse,mouse,ENSMUSG00000036309
xenium_prime_5k_mouse,mouse,ENSMUSG00000036323
xenium_prime_5k_mouse,mouse,ENSMUSG00000036352
xenium_prime_5k_mouse,mouse,ENSMUSG00000036357
xenium_prime_5k_mouse,mouse,ENSMUSG00000036362
xenium_prime_5k_mouse,mouse,ENSMUSG00000036390
xenium_prime_5k_mouse,mouse,ENSMUSG00000036422
xenium_prime_5k_mouse,mouse,ENSMUSG00000036427
xenium_prime_5k_mouse,mouse,ENSMUSG00000036432
xenium_prime_5k_mouse,mouse,ENSMUSG00000036437
xenium_prime_5k_mouse,mouse,ENSMUSG00000036446
xenium_prime_5k_mouse,mouse,ENSMUSG00000036450
xenium_prime_5k_mouse,mouse,ENSMUSG00000036459
xenium_prime_5k_mouse,mouse,ENSMUSG00000036466
xenium_prime_5k_mouse,mouse,ENSMUSG00000036499
xenium_prime_5k_mouse,mouse,ENSMUSG00000036501
xenium_prime_5k_mouse,mouse,ENSMUSG00000036503
xenium_prime_5k_mouse,mouse,ENSMUSG00000036510
xenium_prime_5k_mouse,mouse,ENSMUSG00000036523
xenium_prime_5k_mouse,mouse,ENSMUSG00000036564
xenium_prime_5k_mouse,mouse,ENSMUSG00000036585
xenium_prime_5k_mouse,mouse,ENSMUSG00000036586
xenium_prime_5k_mouse,mouse,ENSMUSG00000036602
xenium_prime_5k_mouse,mouse,ENSMUSG00000036606
xenium_prime_5k_mouse,mouse,ENSMUSG00000036611
xenium_prime_5k_mouse,mouse,ENSMUSG00000036613
xenium_prime_5k_mouse,mouse,ENSMUSG00000036634
xenium_prime_5k_mouse,mouse,ENSMUSG00000036636
xenium_prime_5k_mouse,mouse,ENSMUSG00000036667
xenium_prime_5k_mouse,mouse,ENSMUSG00000036698
xenium_prime_5k_mouse,mouse,ENSMUSG00000036699
xenium_prime_5k_mouse,mouse,ENSMUSG00000036712
xenium_prime_5k_mouse,mouse,ENSMUSG00000036766
xenium_prime_5k_mouse,mouse,ENSMUSG00000036777
xenium_prime_5k_mouse,mouse,ENSMUSG00000036792
xenium_prime_5k_mouse,mouse,ENSMUSG00000036815
xenium_prime_5k_mouse,mouse,ENSMUSG00000036816
xenium_prime_5k_mouse,mouse,ENSMUSG00000036817
xenium_prime_5k_mouse,mouse,ENSMUSG00000036856
xenium_prime_5k_mouse,mouse,ENSMUSG00000036867
xenium_prime_5k_mouse,mouse,ENSMUSG00000036880
xenium_prime_5k_mouse,mouse,ENSMUSG00000036893
xenium_prime_5k_mouse,mouse,ENSMUSG00000036899
xenium_prime_5k_mouse,mouse,ENSMUSG00000036904
xenium_prime_5k_mouse,mouse,ENSMUSG00000036908
xenium_prime_5k_mouse,mouse,ENSMUSG00000036912
xenium_prime_5k_mouse,mouse,ENSMUSG00000036932
xenium_prime_5k_mouse,mouse,ENSMUSG00000036940
xenium_prime_5k_mouse,mouse,ENSMUSG00000036943
xenium_prime_5k_mouse,mouse,ENSMUSG00000036961
xenium_prime_5k_mouse,mouse,ENSMUSG00000036964
xenium_prime_5k_mouse,mouse,ENSMUSG00000036972
xenium_prime_5k_mouse,mouse,ENSMUSG00000036986
xenium_prime_5k_mouse,mouse,ENSMUSG00000037003
xenium_prime_5k_mouse,mouse,ENSMUSG00000037010
xenium_prime_5k_mouse,mouse,ENSMUSG00000037012
xenium_prime_5k_mouse,mouse,ENSMUSG00000037014
xenium_prime_5k_mouse,mouse,ENSMUSG00000037017
xenium_prime_5k_mouse,mouse,ENSMUSG00000037020
xenium_prime_5k_mouse,mouse,ENSMUSG00000037025
xenium_prime_5k_mouse,mouse,ENSMUSG00000037034
xenium_prime_5k_mouse,mouse,ENSMUSG00000037035
xenium_prime_5k_mouse,mouse,ENSMUSG00000037049
xenium_prime_5k_mouse,mouse,ENSMUSG00000037072
xenium_prime_5k_mouse,mouse,ENSMUSG00000037143
xenium_prime_5k_mouse,mouse,ENSMUSG00000037157
xenium_prime_5k_mouse,mouse,ENSMUSG00000037169
xenium_prime_5k_mouse,mouse,ENSMUSG00000037171
xenium_prime_5k_mouse,mouse,ENSMUSG00000037174
xenium_prime_5k_mouse,mouse,ENSMUSG00000037188
xenium_prime_5k_mouse,mouse,ENSMUSG00000037202
xenium_prime_5k_mouse,mouse,ENSMUSG00000037204
xenium_prime_5k_mouse,mouse,ENSMUSG00000037211
xenium_prime_5k_mouse,mouse,ENSMUSG00000037217
xenium_prime_5k_mouse,mouse,ENSMUSG00000037225
xenium_prime_5k_mouse,mouse,ENSMUSG00000037235
xenium_prime_5k_mouse,mouse,ENSMUSG00000037242
xenium_prime_5k_mouse,mouse,ENSMUSG00000037266
xenium_prime_5k_mouse,mouse,ENSMUSG00000037315
xenium_prime_5k_mouse,mouse,ENSMUSG00000037318
xenium_prime_5k_mouse,mouse,ENSMUSG00000037321
xenium_prime_5k_mouse,mouse,ENSMUSG00000037325
xenium_prime_5k_mouse,mouse,ENSMUSG00000037335
xenium_prime_5k_mouse,mouse,ENSMUSG00000037336
xenium_prime_5k_mouse,mouse,ENSMUSG00000037351
xenium_prime_5k_mouse,mouse,ENSMUSG00000037353
xenium_prime_5k_mouse,mouse,ENSMUSG00000037361
xenium_prime_5k_mouse,mouse,ENSMUSG00000037369
xenium_prime_5k_mouse,mouse,ENSMUSG00000037370
xenium_prime_5k_mouse,mouse,ENSMUSG00000037373
xenium_prime_5k_mouse,mouse,ENSMUSG00000037386
xenium_prime_5k_mouse,mouse,ENSMUSG00000037405
xenium_prime_5k_mouse,mouse,ENSMUSG00000037411
xenium_prime_5k_mouse,mouse,ENSMUSG00000037465
xenium_prime_5k_mouse,mouse,ENSMUSG00000037474
xenium_prime_5k_mouse,mouse,ENSMUSG00000037487
xenium_prime_5k_mouse,mouse,ENSMUSG00000037493
xenium_prime_5k_mouse,mouse,ENSMUSG00000037523
xenium_prime_5k_mouse,mouse,ENSMUSG00000037526
xenium_prime_5k_mouse,mouse,ENSMUSG00000037548
xenium_prime_5k_mouse,mouse,ENSMUSG00000037552
xenium_prime_5k_mouse,mouse,ENSMUSG00000037553
xenium_prime_5k_mouse,mouse,ENSMUSG00000037578
xenium_prime_5k_mouse,mouse,ENSMUSG00000037580
xenium_prime_5k_mouse,mouse,ENSMUSG00000037583
xenium_prime_5k_mouse,mouse,ENSMUSG00000037600
xenium_prime_5k_mouse,mouse,ENSMUSG00000037605
xenium_prime_5k_mouse,mouse,ENSMUSG00000037608
xenium_prime_5k_mouse,mouse,ENSMUSG00000037610
xenium_prime_5k_mouse,mouse,ENSMUSG00000037622
xenium_prime_5k_mouse,mouse,ENSMUSG00000037624
xenium_prime_5k_mouse,mouse,ENSMUSG00000037643
xenium_prime_5k_mouse,mouse,ENSMUSG00000037656
xenium_prime_5k_mouse,mouse,ENSMUSG00000037660
xenium_prime_5k_mouse,mouse,ENSMUSG00000037664
xenium_prime_5k_mouse,mouse,ENSMUSG00000037669
xenium_prime_5k_mouse,mouse,ENSMUSG00000037681
xenium_prime_5k_mouse,mouse,ENSMUSG00000037706
xenium_prime_5k_mouse,mouse,ENSMUSG00000037754
xenium_prime_5k_mouse,mouse,ENSMUSG00000037759
xenium_prime_5k_mouse,mouse,ENSMUSG00000037771
xenium_prime_5k_mouse,mouse,ENSMUSG00000037780
xenium_prime_5k_mouse,mouse,ENSMUSG00000037815
xenium_prime_5k_mouse,mouse,ENSMUSG00000037820
xenium_prime_5k_mouse,mouse,ENSMUSG00000037846
xenium_prime_5k_mouse,mouse,ENSMUSG00000037847
xenium_prime_5k_mouse,mouse,ENSMUSG00000037860
xenium_prime_5k_mouse,mouse,ENSMUSG00000037868
xenium_prime_5k_mouse,mouse,ENSMUSG00000037872
xenium_prime_5k_mouse,mouse,ENSMUSG00000037894
xenium_prime_5k_mouse,mouse,ENSMUSG00000037896
xenium_prime_5k_mouse,mouse,ENSMUSG00000037902
xenium_prime_5k_mouse,mouse,ENSMUSG00000037907
xenium_prime_5k_mouse,mouse,ENSMUSG00000037933
xenium_prime_5k_mouse,mouse,ENSMUSG00000037935
xenium_prime_5k_mouse,mouse,ENSMUSG00000037936
xenium_prime_5k_mouse,mouse,ENSMUSG00000037940
xenium_prime_5k_mouse,mouse,ENSMUSG00000037944
xenium_prime_5k_mouse,mouse,ENSMUSG00000037962
xenium_prime_5k_mouse,mouse,ENSMUSG00000037974
xenium_prime_5k_mouse,mouse,ENSMUSG00000037984
xenium_prime_5k_mouse,mouse,ENSMUSG00000037992
xenium_prime_5k_mouse,mouse,ENSMUSG00000038026
xenium_prime_5k_mouse,mouse,ENSMUSG00000038028
xenium_prime_5k_mouse,mouse,ENSMUSG00000038034
xenium_prime_5k_mouse,mouse,ENSMUSG00000038037
xenium_prime_5k_mouse,mouse,ENSMUSG00000038046
xenium_prime_5k_mouse,mouse,ENSMUSG00000038056
xenium_prime_5k_mouse,mouse,ENSMUSG00000038058
xenium_prime_5k_mouse,mouse,ENSMUSG00000038065
xenium_prime_5k_mouse,mouse,ENSMUSG00000038067
xenium_prime_5k_mouse,mouse,ENSMUSG00000038080
xenium_prime_5k_mouse,mouse,ENSMUSG00000038084
xenium_prime_5k_mouse,mouse,ENSMUSG00000038086
xenium_prime_5k_mouse,mouse,ENSMUSG00000038121
xenium_prime_5k_mouse,mouse,ENSMUSG00000038128
xenium_prime_5k_mouse,mouse,ENSMUSG00000038145
xenium_prime_5k_mouse,mouse,ENSMUSG00000038146
xenium_prime_5k_mouse,mouse,ENSMUSG00000038147
xenium_prime_5k_mouse,mouse,ENSMUSG00000038148
xenium_prime_5k_mouse,mouse,ENSMUSG00000038151
xenium_prime_5k_mouse,mouse,ENSMUSG00000038156
xenium_prime_5k_mouse,mouse,ENSMUSG00000038160
xenium_prime_5k_mouse,mouse,ENSMUSG00000038173
xenium_prime_5k_mouse,mouse,ENSMUSG00000038192
xenium_prime_5k_mouse,mouse,ENSMUSG00000038193
xenium_prime_5k_mouse,mouse,ENSMUSG00000038203
xenium_prime_5k_mouse,mouse,ENSMUSG00000038209
xenium_prime_5k_mouse,mouse,ENSMUSG00000038210
xenium_prime_5k_mouse,mouse,ENSMUSG00000038224
xenium_prime_5k_mouse,mouse,ENSMUSG00000038225
xenium_prime_5k_mouse,mouse,ENSMUSG00000038227
xenium_prime_5k_mouse,mouse,ENSMUSG00000038235
xenium_prime_5k_mouse,mouse,ENSMUSG00000038236
xenium_prime_5k_mouse,mouse,ENSMUSG00000038241
xenium_prime_5k_mouse,mouse,ENSMUSG00000038253
xenium_prime_5k_mouse,mouse,ENSMUSG00000038255
xenium_prime_5k_mouse,mouse,ENSMUSG00000038257
xenium_prime_5k_mouse,mouse,ENSMUSG00000038259
xenium_prime_5k_mouse,mouse,ENSMUSG00000038276
xenium_prime_5k_mouse,mouse,ENSMUSG00000038296
xenium_prime_5k_mouse,mouse,ENSMUSG00000038298
xenium_prime_5k_mouse,mouse,ENSMUSG00000038299
xenium_prime_5k_mouse,mouse,ENSMUSG00000038304
xenium_prime_5k_mouse,mouse,ENSMUSG00000038319
xenium_prime_5k_mouse,mouse,ENSMUSG00000038331
xenium_prime_5k_mouse,mouse,ENSMUSG00000038332
xenium_prime_5k_mouse,mouse,ENSMUSG00000038366
xenium_prime_5k_mouse,mouse,ENSMUSG00000038372
xenium_prime_5k_mouse,mouse,ENSMUSG00000038374
xenium_prime_5k_mouse,mouse,ENSMUSG00000038379
xenium_prime_5k_mouse,mouse,ENSMUSG00000038384
xenium_prime_5k_mouse,mouse,ENSMUSG00000038393
xenium_prime_5k_mouse,mouse,ENSMUSG00000038403
xenium_prime_5k_mouse,mouse,ENSMUSG00000038416
xenium_prime_5k_mouse,mouse,ENSMUSG00000038418
xenium_prime_5k_mouse,mouse,ENSMUSG00000038437
xenium_prime_5k_mouse,mouse,ENSMUSG00000038451
xenium_prime_5k_mouse,mouse,ENSMUSG00000038459
xenium_prime_5k_mouse,mouse,ENSMUSG00000038473
xenium_prime_5k_mouse,mouse,ENSMUSG00000038486
xenium_prime_5k_mouse,mouse,ENSMUSG00000038495
xenium_prime_5k_mouse,mouse,ENSMUSG00000038496
xenium_prime_5k_mouse,mouse,ENSMUSG00000038508
xenium_prime_5k_mouse,mouse,ENSMUSG00000038518
xenium_prime_5k_mouse,mouse,ENSMUSG00000038537
xenium_prime_5k_mouse,mouse,ENSMUSG00000038539
xenium_prime_5k_mouse,mouse,ENSMUSG00000038550
xenium_prime_5k_mouse,mouse,ENSMUSG00000038567
xenium_prime_5k_mouse,mouse,ENSMUSG00000038580
xenium_prime_5k_mouse,mouse,ENSMUSG00000038583
xenium_prime_5k_mouse,mouse,ENSMUSG00000038593
xenium_prime_5k_mouse,mouse,ENSMUSG00000038612
xenium_prime_5k_mouse,mouse,ENSMUSG00000038615
xenium_prime_5k_mouse,mouse,ENSMUSG00000038650
xenium_prime_5k_mouse,mouse,ENSMUSG00000038668
xenium_prime_5k_mouse,mouse,ENSMUSG00000038692
xenium_prime_5k_mouse,mouse,ENSMUSG00000038696
xenium_prime_5k_mouse,mouse,ENSMUSG00000038697
xenium_prime_5k_mouse,mouse,ENSMUSG00000038700
xenium_prime_5k_mouse,mouse,ENSMUSG00000038712
xenium_prime_5k_mouse,mouse,ENSMUSG00000038718
xenium_prime_5k_mouse,mouse,ENSMUSG00000038721
xenium_prime_5k_mouse,mouse,ENSMUSG00000038729
xenium_prime_5k_mouse,mouse,ENSMUSG00000038732
xenium_prime_5k_mouse,mouse,ENSMUSG00000038745
xenium_prime_5k_mouse,mouse,ENSMUSG00000038751
xenium_prime_5k_mouse,mouse,ENSMUSG00000038756
xenium_prime_5k_mouse,mouse,ENSMUSG00000038759
xenium_prime_5k_mouse,mouse,ENSMUSG00000038760
xenium_prime_5k_mouse,mouse,ENSMUSG00000038762
xenium_prime_5k_mouse,mouse,ENSMUSG00000038765
xenium_prime_5k_mouse,mouse,ENSMUSG00000038777
xenium_prime_5k_mouse,mouse,ENSMUSG00000038780
xenium_prime_5k_mouse,mouse,ENSMUSG00000038784
xenium_prime_5k_mouse,mouse,ENSMUSG00000038793
xenium_prime_5k_mouse,mouse,ENSMUSG00000038797
xenium_prime_5k_mouse,mouse,ENSMUSG00000038805
xenium_prime_5k_mouse,mouse,ENSMUSG00000038816
xenium_prime_5k_mouse,mouse,ENSMUSG00000038822
xenium_prime_5k_mouse,mouse,ENSMUSG00000038827
xenium_prime_5k_mouse,mouse,ENSMUSG00000038845
xenium_prime_5k_mouse,mouse,ENSMUSG00000038855
xenium_prime_5k_mouse,mouse,ENSMUSG00000038872
xenium_prime_5k_mouse,mouse,ENSMUSG00000038883
xenium_prime_5k_mouse,mouse,ENSMUSG00000038891
xenium_prime_5k_mouse,mouse,ENSMUSG00000038894
xenium_prime_5k_mouse,mouse,ENSMUSG00000038954
xenium_prime_5k_mouse,mouse,ENSMUSG00000038982
xenium_prime_5k_mouse,mouse,ENSMUSG00000039004
xenium_prime_5k_mouse,mouse,ENSMUSG00000039005
xenium_prime_5k_mouse,mouse,ENSMUSG00000039037
xenium_prime_5k_mouse,mouse,ENSMUSG00000039055
xenium_prime_5k_mouse,mouse,ENSMUSG00000039057
xenium_prime_5k_mouse,mouse,ENSMUSG00000039059
xenium_prime_5k_mouse,mouse,ENSMUSG00000039070
xenium_prime_5k_mouse,mouse,ENSMUSG00000039079
xenium_prime_5k_mouse,mouse,ENSMUSG00000039081
xenium_prime_5k_mouse,mouse,ENSMUSG00000039086
xenium_prime_5k_mouse,mouse,ENSMUSG00000039095
xenium_prime_5k_mouse,mouse,ENSMUSG00000039096
xenium_prime_5k_mouse,mouse,ENSMUSG00000039097
xenium_prime_5k_mouse,mouse,ENSMUSG00000039109
xenium_prime_5k_mouse,mouse,ENSMUSG00000039114
xenium_prime_5k_mouse,mouse,ENSMUSG00000039115
xenium_prime_5k_mouse,mouse,ENSMUSG00000039116
xenium_prime_5k_mouse,mouse,ENSMUSG00000039117
xenium_prime_5k_mouse,mouse,ENSMUSG00000039130
xenium_prime_5k_mouse,mouse,ENSMUSG00000039137
xenium_prime_5k_mouse,mouse,ENSMUSG00000039145
xenium_prime_5k_mouse,mouse,ENSMUSG00000039153
xenium_prime_5k_mouse,mouse,ENSMUSG00000039155
xenium_prime_5k_mouse,mouse,ENSMUSG00000039156
xenium_prime_5k_mouse,mouse,ENSMUSG00000039176
xenium_prime_5k_mouse,mouse,ENSMUSG00000039187
xenium_prime_5k_mouse,mouse,ENSMUSG00000039191
xenium_prime_5k_mouse,mouse,ENSMUSG00000039193
xenium_prime_5k_mouse,mouse,ENSMUSG00000039196
xenium_prime_5k_mouse,mouse,ENSMUSG00000039206
xenium_prime_5k_mouse,mouse,ENSMUSG00000039208
xenium_prime_5k_mouse,mouse,ENSMUSG00000039217
xenium_prime_5k_mouse,mouse,ENSMUSG00000039220
xenium_prime_5k_mouse,mouse,ENSMUSG00000039224
xenium_prime_5k_mouse,mouse,ENSMUSG00000039231
xenium_prime_5k_mouse,mouse,ENSMUSG00000039236
xenium_prime_5k_mouse,mouse,ENSMUSG00000039238
xenium_prime_5k_mouse,mouse,ENSMUSG00000039239
xenium_prime_5k_mouse,mouse,ENSMUSG00000039246
xenium_prime_5k_mouse,mouse,ENSMUSG00000039262
xenium_prime_5k_mouse,mouse,ENSMUSG00000039285
xenium_prime_5k_mouse,mouse,ENSMUSG00000039294
xenium_prime_5k_mouse,mouse,ENSMUSG00000039296
xenium_prime_5k_mouse,mouse,ENSMUSG00000039298
xenium_prime_5k_mouse,mouse,ENSMUSG00000039304
xenium_prime_5k_mouse,mouse,ENSMUSG00000039308
xenium_prime_5k_mouse,mouse,ENSMUSG00000039318
xenium_prime_5k_mouse,mouse,ENSMUSG00000039323
xenium_prime_5k_mouse,mouse,ENSMUSG00000039329
xenium_prime_5k_mouse,mouse,ENSMUSG00000039358
xenium_prime_5k_mouse,mouse,ENSMUSG00000039361
xenium_prime_5k_mouse,mouse,ENSMUSG00000039367
xenium_prime_5k_mouse,mouse,ENSMUSG00000039382
xenium_prime_5k_mouse,mouse,ENSMUSG00000039385
xenium_prime_5k_mouse,mouse,ENSMUSG00000039410
xenium_prime_5k_mouse,mouse,ENSMUSG00000039457
xenium_prime_5k_mouse,mouse,ENSMUSG00000039458
xenium_prime_5k_mouse,mouse,ENSMUSG00000039462
xenium_prime_5k_mouse,mouse,ENSMUSG00000039463
xenium_prime_5k_mouse,mouse,ENSMUSG00000039470
xenium_prime_5k_mouse,mouse,ENSMUSG00000039515
xenium_prime_5k_mouse,mouse,ENSMUSG00000039519
xenium_prime_5k_mouse,mouse,ENSMUSG00000039521
xenium_prime_5k_mouse,mouse,ENSMUSG00000039523
xenium_prime_5k_mouse,mouse,ENSMUSG00000039531
xenium_prime_5k_mouse,mouse,ENSMUSG00000039533
xenium_prime_5k_mouse,mouse,ENSMUSG00000039542
xenium_prime_5k_mouse,mouse,ENSMUSG00000039585
xenium_prime_5k_mouse,mouse,ENSMUSG00000039615
xenium_prime_5k_mouse,mouse,ENSMUSG00000039623
xenium_prime_5k_mouse,mouse,ENSMUSG00000039648
xenium_prime_5k_mouse,mouse,ENSMUSG00000039656
xenium_prime_5k_mouse,mouse,ENSMUSG00000039683
xenium_prime_5k_mouse,mouse,ENSMUSG00000039703
xenium_prime_5k_mouse,mouse,ENSMUSG00000039706
xenium_prime_5k_mouse,mouse,ENSMUSG00000039714
xenium_prime_5k_mouse,mouse,ENSMUSG00000039715
xenium_prime_5k_mouse,mouse,ENSMUSG00000039716
xenium_prime_5k_mouse,mouse,ENSMUSG00000039728
xenium_prime_5k_mouse,mouse,ENSMUSG00000039756
xenium_prime_5k_mouse,mouse,ENSMUSG00000039760
xenium_prime_5k_mouse,mouse,ENSMUSG00000039771
xenium_prime_5k_mouse,mouse,ENSMUSG00000039782
xenium_prime_5k_mouse,mouse,ENSMUSG00000039787
xenium_prime_5k_mouse,mouse,ENSMUSG00000039809
xenium_prime_5k_mouse,mouse,ENSMUSG00000039830
xenium_prime_5k_mouse,mouse,ENSMUSG00000039835
xenium_prime_5k_mouse,mouse,ENSMUSG00000039838
xenium_prime_5k_mouse,mouse,ENSMUSG00000039842
xenium_prime_5k_mouse,mouse,ENSMUSG00000039844
xenium_prime_5k_mouse,mouse,ENSMUSG00000039849
xenium_prime_5k_mouse,mouse,ENSMUSG00000039878
xenium_prime_5k_mouse,mouse,ENSMUSG00000039886
xenium_prime_5k_mouse,mouse,ENSMUSG00000039910
xenium_prime_5k_mouse,mouse,ENSMUSG00000039911
xenium_prime_5k_mouse,mouse,ENSMUSG00000039936
xenium_prime_5k_mouse,mouse,ENSMUSG00000039942
xenium_prime_5k_mouse,mouse,ENSMUSG00000039943
xenium_prime_5k_mouse,mouse,ENSMUSG00000039952
xenium_prime_5k_mouse,mouse,ENSMUSG00000039954
xenium_prime_5k_mouse,mouse,ENSMUSG00000039958
xenium_prime_5k_mouse,mouse,ENSMUSG00000039985
xenium_prime_5k_mouse,mouse,ENSMUSG00000039994
xenium_prime_5k_mouse,mouse,ENSMUSG00000040009
xenium_prime_5k_mouse,mouse,ENSMUSG00000040016
xenium_prime_5k_mouse,mouse,ENSMUSG00000040021
xenium_prime_5k_mouse,mouse,ENSMUSG00000040028
xenium_prime_5k_mouse,mouse,ENSMUSG00000040033
xenium_prime_5k_mouse,mouse,ENSMUSG00000040035
xenium_prime_5k_mouse,mouse,ENSMUSG00000040040
xenium_prime_5k_mouse,mouse,ENSMUSG00000040046
xenium_prime_5k_mouse,mouse,ENSMUSG00000040055
xenium_prime_5k_mouse,mouse,ENSMUSG00000040061
xenium_prime_5k_mouse,mouse,ENSMUSG00000040084
xenium_prime_5k_mouse,mouse,ENSMUSG00000040086
xenium_prime_5k_mouse,mouse,ENSMUSG00000040093
xenium_prime_5k_mouse,mouse,ENSMUSG00000040111
xenium_prime_5k_mouse,mouse,ENSMUSG00000040118
xenium_prime_5k_mouse,mouse,ENSMUSG00000040125
xenium_prime_5k_mouse,mouse,ENSMUSG00000040136
xenium_prime_5k_mouse,mouse,ENSMUSG00000040147
xenium_prime_5k_mouse,mouse,ENSMUSG00000040148
xenium_prime_5k_mouse,mouse,ENSMUSG00000040152
xenium_prime_5k_mouse,mouse,ENSMUSG00000040204
xenium_prime_5k_mouse,mouse,ENSMUSG00000040249
xenium_prime_5k_mouse,mouse,ENSMUSG00000040254
xenium_prime_5k_mouse,mouse,ENSMUSG00000040258
xenium_prime_5k_mouse,mouse,ENSMUSG00000040260
xenium_prime_5k_mouse,mouse,ENSMUSG00000040264
xenium_prime_5k_mouse,mouse,ENSMUSG00000040268
xenium_prime_5k_mouse,mouse,ENSMUSG00000040270
xenium_prime_5k_mouse,mouse,ENSMUSG00000040274
xenium_prime_5k_mouse,mouse,ENSMUSG00000040289
xenium_prime_5k_mouse,mouse,ENSMUSG00000040296
xenium_prime_5k_mouse,mouse,ENSMUSG00000040310
xenium_prime_5k_mouse,mouse,ENSMUSG00000040325
xenium_prime_5k_mouse,mouse,ENSMUSG00000040329
xenium_prime_5k_mouse,mouse,ENSMUSG00000040350
xenium_prime_5k_mouse,mouse,ENSMUSG00000040359
xenium_prime_5k_mouse,mouse,ENSMUSG00000040363
xenium_prime_5k_mouse,mouse,ENSMUSG00000040364
xenium_prime_5k_mouse,mouse,ENSMUSG00000040380
xenium_prime_5k_mouse,mouse,ENSMUSG00000040405
xenium_prime_5k_mouse,mouse,ENSMUSG00000040407
xenium_prime_5k_mouse,mouse,ENSMUSG00000040410
xenium_prime_5k_mouse,mouse,ENSMUSG00000040414
xenium_prime_5k_mouse,mouse,ENSMUSG00000040434
xenium_prime_5k_mouse,mouse,ENSMUSG00000040452
xenium_prime_5k_mouse,mouse,ENSMUSG00000040463
xenium_prime_5k_mouse,mouse,ENSMUSG00000040473
xenium_prime_5k_mouse,mouse,ENSMUSG00000040478
xenium_prime_5k_mouse,mouse,ENSMUSG00000040482
xenium_prime_5k_mouse,mouse,ENSMUSG00000040485
xenium_prime_5k_mouse,mouse,ENSMUSG00000040489
xenium_prime_5k_mouse,mouse,ENSMUSG00000040495
xenium_prime_5k_mouse,mouse,ENSMUSG00000040506
xenium_prime_5k_mouse,mouse,ENSMUSG00000040522
xenium_prime_5k_mouse,mouse,ENSMUSG00000040525
xenium_prime_5k_mouse,mouse,ENSMUSG00000040533
xenium_prime_5k_mouse,mouse,ENSMUSG00000040552
xenium_prime_5k_mouse,mouse,ENSMUSG00000040584
xenium_prime_5k_mouse,mouse,ENSMUSG00000040586
xenium_prime_5k_mouse,mouse,ENSMUSG00000040592
xenium_prime_5k_mouse,mouse,ENSMUSG00000040605
xenium_prime_5k_mouse,mouse,ENSMUSG00000040610
xenium_prime_5k_mouse,mouse,ENSMUSG00000040613
xenium_prime_5k_mouse,mouse,ENSMUSG00000040620
xenium_prime_5k_mouse,mouse,ENSMUSG00000040627
xenium_prime_5k_mouse,mouse,ENSMUSG00000040629
xenium_prime_5k_mouse,mouse,ENSMUSG00000040632
xenium_prime_5k_mouse,mouse,ENSMUSG00000040640
xenium_prime_5k_mouse,mouse,ENSMUSG00000040669
xenium_prime_5k_mouse,mouse,ENSMUSG00000040680
xenium_prime_5k_mouse,mouse,ENSMUSG00000040693
xenium_prime_5k_mouse,mouse,ENSMUSG00000040712
xenium_prime_5k_mouse,mouse,ENSMUSG00000040713
xenium_prime_5k_mouse,mouse,ENSMUSG00000040714
xenium_prime_5k_mouse,mouse,ENSMUSG00000040720
xenium_prime_5k_mouse,mouse,ENSMUSG00000040726
xenium_prime_5k_mouse,mouse,ENSMUSG00000040732
xenium_prime_5k_mouse,mouse,ENSMUSG00000040747
xenium_prime_5k_mouse,mouse,ENSMUSG00000040760
xenium_prime_5k_mouse,mouse,ENSMUSG00000040770
xenium_prime_5k_mouse,mouse,ENSMUSG00000040782
xenium_prime_5k_mouse,mouse,ENSMUSG00000040809
xenium_prime_5k_mouse,mouse,ENSMUSG00000040856
xenium_prime_5k_mouse,mouse,ENSMUSG00000040860
xenium_prime_5k_mouse,mouse,ENSMUSG00000040865
xenium_prime_5k_mouse,mouse,ENSMUSG00000040899
xenium_prime_5k_mouse,mouse,ENSMUSG00000040901
xenium_prime_5k_mouse,mouse,ENSMUSG00000040918
xenium_prime_5k_mouse,mouse,ENSMUSG00000040929
xenium_prime_5k_mouse,mouse,ENSMUSG00000040935
xenium_prime_5k_mouse,mouse,ENSMUSG00000040940
xenium_prime_5k_mouse,mouse,ENSMUSG00000040943
xenium_prime_5k_mouse,mouse,ENSMUSG00000040945
xenium_prime_5k_mouse,mouse,ENSMUSG00000040966
xenium_prime_5k_mouse,mouse,ENSMUSG00000040972
xenium_prime_5k_mouse,mouse,ENSMUSG00000040997
xenium_prime_5k_mouse,mouse,ENSMUSG00000041046
xenium_prime_5k_mouse,mouse,ENSMUSG00000041075
xenium_prime_5k_mouse,mouse,ENSMUSG00000041078
xenium_prime_5k_mouse,mouse,ENSMUSG00000041096
xenium_prime_5k_mouse,mouse,ENSMUSG00000041112
xenium_prime_5k_mouse,mouse,ENSMUSG00000041126
xenium_prime_5k_mouse,mouse,ENSMUSG00000041133
xenium_prime_5k_mouse,mouse,ENSMUSG00000041135
xenium_prime_5k_mouse,mouse,ENSMUSG00000041147
xenium_prime_5k_mouse,mouse,ENSMUSG00000041189
xenium_prime_5k_mouse,mouse,ENSMUSG00000041215
xenium_prime_5k_mouse,mouse,ENSMUSG00000041231
xenium_prime_5k_mouse,mouse,ENSMUSG00000041235
xenium_prime_5k_mouse,mouse,ENSMUSG00000041237
xenium_prime_5k_mouse,mouse,ENSMUSG00000041247
xenium_prime_5k_mouse,mouse,ENSMUSG00000041272
xenium_prime_5k_mouse,mouse,ENSMUSG00000041293
xenium_prime_5k_mouse,mouse,ENSMUSG00000041301
xenium_prime_5k_mouse,mouse,ENSMUSG00000041309
xenium_prime_5k_mouse,mouse,ENSMUSG00000041324
xenium_prime_5k_mouse,mouse,ENSMUSG00000041329
xenium_prime_5k_mouse,mouse,ENSMUSG00000041346
xenium_prime_5k_mouse,mouse,ENSMUSG00000041347
xenium_prime_5k_mouse,mouse,ENSMUSG00000041351
xenium_prime_5k_mouse,mouse,ENSMUSG00000041355
xenium_prime_5k_mouse,mouse,ENSMUSG00000041362
xenium_prime_5k_mouse,mouse,ENSMUSG00000041380
xenium_prime_5k_mouse,mouse,ENSMUSG00000041408
xenium_prime_5k_mouse,mouse,ENSMUSG00000041415
xenium_prime_5k_mouse,mouse,ENSMUSG00000041417
xenium_prime_5k_mouse,mouse,ENSMUSG00000041420
xenium_prime_5k_mouse,mouse,ENSMUSG00000041429
xenium_prime_5k_mouse,mouse,ENSMUSG00000041431
xenium_prime_5k_mouse,mouse,ENSMUSG00000041459
xenium_prime_5k_mouse,mouse,ENSMUSG00000041482
xenium_prime_5k_mouse,mouse,ENSMUSG00000041483
xenium_prime_5k_mouse,mouse,ENSMUSG00000041515
xenium_prime_5k_mouse,mouse,ENSMUSG00000041530
xenium_prime_5k_mouse,mouse,ENSMUSG00000041534
xenium_prime_5k_mouse,mouse,ENSMUSG00000041536
xenium_prime_5k_mouse,mouse,ENSMUSG00000041540
xenium_prime_5k_mouse,mouse,ENSMUSG00000041552
xenium_prime_5k_mouse,mouse,ENSMUSG00000041556
xenium_prime_5k_mouse,mouse,ENSMUSG00000041559
xenium_prime_5k_mouse,mouse,ENSMUSG00000041570
xenium_prime_5k_mouse,mouse,ENSMUSG00000041577
xenium_prime_5k_mouse,mouse,ENSMUSG00000041578
xenium_prime_5k_mouse,mouse,ENSMUSG00000041592
xenium_prime_5k_mouse,mouse,ENSMUSG00000041598
xenium_prime_5k_mouse,mouse,ENSMUSG00000041616
xenium_prime_5k_mouse,mouse,ENSMUSG00000041629
xenium_prime_5k_mouse,mouse,ENSMUSG00000041642
xenium_prime_5k_mouse,mouse,ENSMUSG00000041644
xenium_prime_5k_mouse,mouse,ENSMUSG00000041653
xenium_prime_5k_mouse,mouse,ENSMUSG00000041660
xenium_prime_5k_mouse,mouse,ENSMUSG00000041671
xenium_prime_5k_mouse,mouse,ENSMUSG00000041695
xenium_prime_5k_mouse,mouse,ENSMUSG00000041698
xenium_prime_5k_mouse,mouse,ENSMUSG00000041710
xenium_prime_5k_mouse,mouse,ENSMUSG00000041712
xenium_prime_5k_mouse,mouse,ENSMUSG00000041718
xenium_prime_5k_mouse,mouse,ENSMUSG00000041720
xenium_prime_5k_mouse,mouse,ENSMUSG00000041729
xenium_prime_5k_mouse,mouse,ENSMUSG00000041730
xenium_prime_5k_mouse,mouse,ENSMUSG00000041734
xenium_prime_5k_mouse,mouse,ENSMUSG00000041740
xenium_prime_5k_mouse,mouse,ENSMUSG00000041771
xenium_prime_5k_mouse,mouse,ENSMUSG00000041798
xenium_prime_5k_mouse,mouse,ENSMUSG00000041828
xenium_prime_5k_mouse,mouse,ENSMUSG00000041845
xenium_prime_5k_mouse,mouse,ENSMUSG00000041846
xenium_prime_5k_mouse,mouse,ENSMUSG00000041870
xenium_prime_5k_mouse,mouse,ENSMUSG00000041872
xenium_prime_5k_mouse,mouse,ENSMUSG00000041879
xenium_prime_5k_mouse,mouse,ENSMUSG00000041911
xenium_prime_5k_mouse,mouse,ENSMUSG00000041912
xenium_prime_5k_mouse,mouse,ENSMUSG00000041936
xenium_prime_5k_mouse,mouse,ENSMUSG00000041954
xenium_prime_5k_mouse,mouse,ENSMUSG00000041977
xenium_prime_5k_mouse,mouse,ENSMUSG00000042002
xenium_prime_5k_mouse,mouse,ENSMUSG00000042010
xenium_prime_5k_mouse,mouse,ENSMUSG00000042096
xenium_prime_5k_mouse,mouse,ENSMUSG00000042190
xenium_prime_5k_mouse,mouse,ENSMUSG00000042207
xenium_prime_5k_mouse,mouse,ENSMUSG00000042212
xenium_prime_5k_mouse,mouse,ENSMUSG00000042215
xenium_prime_5k_mouse,mouse,ENSMUSG00000042228
xenium_prime_5k_mouse,mouse,ENSMUSG00000042249
xenium_prime_5k_mouse,mouse,ENSMUSG00000042258
xenium_prime_5k_mouse,mouse,ENSMUSG00000042265
xenium_prime_5k_mouse,mouse,ENSMUSG00000042279
xenium_prime_5k_mouse,mouse,ENSMUSG00000042282
xenium_prime_5k_mouse,mouse,ENSMUSG00000042284
xenium_prime_5k_mouse,mouse,ENSMUSG00000042292
xenium_prime_5k_mouse,mouse,ENSMUSG00000042308
xenium_prime_5k_mouse,mouse,ENSMUSG00000042323
xenium_prime_5k_mouse,mouse,ENSMUSG00000042328
xenium_prime_5k_mouse,mouse,ENSMUSG00000042333
xenium_prime_5k_mouse,mouse,ENSMUSG00000042385
xenium_prime_5k_mouse,mouse,ENSMUSG00000042390
xenium_prime_5k_mouse,mouse,ENSMUSG00000042406
xenium_prime_5k_mouse,mouse,ENSMUSG00000042410
xenium_prime_5k_mouse,mouse,ENSMUSG00000042414
xenium_prime_5k_mouse,mouse,ENSMUSG00000042429
xenium_prime_5k_mouse,mouse,ENSMUSG00000042448
xenium_prime_5k_mouse,mouse,ENSMUSG00000042451
xenium_prime_5k_mouse,mouse,ENSMUSG00000042453
xenium_prime_5k_mouse,mouse,ENSMUSG00000042474
xenium_prime_5k_mouse,mouse,ENSMUSG00000042476
xenium_prime_5k_mouse,mouse,ENSMUSG00000042487
xenium_prime_5k_mouse,mouse,ENSMUSG00000042489
xenium_prime_5k_mouse,mouse,ENSMUSG00000042499
xenium_prime_5k_mouse,mouse,ENSMUSG00000042502
xenium_prime_5k_mouse,mouse,ENSMUSG00000042506
xenium_prime_5k_mouse,mouse,ENSMUSG00000042557
xenium_prime_5k_mouse,mouse,ENSMUSG00000042589
xenium_prime_5k_mouse,mouse,ENSMUSG00000042596
xenium_prime_5k_mouse,mouse,ENSMUSG00000042599
xenium_prime_5k_mouse,mouse,ENSMUSG00000042604
xenium_prime_5k_mouse,mouse,ENSMUSG00000042622
xenium_prime_5k_mouse,mouse,ENSMUSG00000042626
xenium_prime_5k_mouse,mouse,ENSMUSG00000042632
xenium_prime_5k_mouse,mouse,ENSMUSG00000042644
xenium_prime_5k_mouse,mouse,ENSMUSG00000042650
xenium_prime_5k_mouse,mouse,ENSMUSG00000042662
xenium_prime_5k_mouse,mouse,ENSMUSG00000042677
xenium_prime_5k_mouse,mouse,ENSMUSG00000042680
xenium_prime_5k_mouse,mouse,ENSMUSG00000042682
xenium_prime_5k_mouse,mouse,ENSMUSG00000042705
xenium_prime_5k_mouse,mouse,ENSMUSG00000042708
xenium_prime_5k_mouse,mouse,ENSMUSG00000042712
xenium_prime_5k_mouse,mouse,ENSMUSG00000042717
xenium_prime_5k_mouse,mouse,ENSMUSG00000042745
xenium_prime_5k_mouse,mouse,ENSMUSG00000042757
xenium_prime_5k_mouse,mouse,ENSMUSG00000042784
xenium_prime_5k_mouse,mouse,ENSMUSG00000042793
xenium_prime_5k_mouse,mouse,ENSMUSG00000042807
xenium_prime_5k_mouse,mouse,ENSMUSG00000042808
xenium_prime_5k_mouse,mouse,ENSMUSG00000042812
xenium_prime_5k_mouse,mouse,ENSMUSG00000042817
xenium_prime_5k_mouse,mouse,ENSMUSG00000042821
xenium_prime_5k_mouse,mouse,ENSMUSG00000042834
xenium_prime_5k_mouse,mouse,ENSMUSG00000042846
xenium_prime_5k_mouse,mouse,ENSMUSG00000042861
xenium_prime_5k_mouse,mouse,ENSMUSG00000042901
xenium_prime_5k_mouse,mouse,ENSMUSG00000042903
xenium_prime_5k_mouse,mouse,ENSMUSG00000042985
xenium_prime_5k_mouse,mouse,ENSMUSG00000043013
xenium_prime_5k_mouse,mouse,ENSMUSG00000043017
xenium_prime_5k_mouse,mouse,ENSMUSG00000043029
xenium_prime_5k_mouse,mouse,ENSMUSG00000043051
xenium_prime_5k_mouse,mouse,ENSMUSG00000043079
xenium_prime_5k_mouse,mouse,ENSMUSG00000043099
xenium_prime_5k_mouse,mouse,ENSMUSG00000043144
xenium_prime_5k_mouse,mouse,ENSMUSG00000043207
xenium_prime_5k_mouse,mouse,ENSMUSG00000043263
xenium_prime_5k_mouse,mouse,ENSMUSG00000043286
xenium_prime_5k_mouse,mouse,ENSMUSG00000043289
xenium_prime_5k_mouse,mouse,ENSMUSG00000043301
xenium_prime_5k_mouse,mouse,ENSMUSG00000043342
xenium_prime_5k_mouse,mouse,ENSMUSG00000043410
xenium_prime_5k_mouse,mouse,ENSMUSG00000043441
xenium_prime_5k_mouse,mouse,ENSMUSG00000043456
xenium_prime_5k_mouse,mouse,ENSMUSG00000043487
xenium_prime_5k_mouse,mouse,ENSMUSG00000043535
xenium_prime_5k_mouse,mouse,ENSMUSG00000043556
xenium_prime_5k_mouse,mouse,ENSMUSG00000043613
xenium_prime_5k_mouse,mouse,ENSMUSG00000043635
xenium_prime_5k_mouse,mouse,ENSMUSG00000043659
xenium_prime_5k_mouse,mouse,ENSMUSG00000043668
xenium_prime_5k_mouse,mouse,ENSMUSG00000043670
xenium_prime_5k_mouse,mouse,ENSMUSG00000043673
xenium_prime_5k_mouse,mouse,ENSMUSG00000043702
xenium_prime_5k_mouse,mouse,ENSMUSG00000043733
xenium_prime_5k_mouse,mouse,ENSMUSG00000043753
xenium_prime_5k_mouse,mouse,ENSMUSG00000043807
xenium_prime_5k_mouse,mouse,ENSMUSG00000043811
xenium_prime_5k_mouse,mouse,ENSMUSG00000043895
xenium_prime_5k_mouse,mouse,ENSMUSG00000043909
xenium_prime_5k_mouse,mouse,ENSMUSG00000043962
xenium_prime_5k_mouse,mouse,ENSMUSG00000043969
xenium_prime_5k_mouse,mouse,ENSMUSG00000043987
xenium_prime_5k_mouse,mouse,ENSMUSG00000044052
xenium_prime_5k_mouse,mouse,ENSMUSG00000044067
xenium_prime_5k_mouse,mouse,ENSMUSG00000044080
xenium_prime_5k_mouse,mouse,ENSMUSG00000044098
xenium_prime_5k_mouse,mouse,ENSMUSG00000044147
xenium_prime_5k_mouse,mouse,ENSMUSG00000044167
xenium_prime_5k_mouse,mouse,ENSMUSG00000044217
xenium_prime_5k_mouse,mouse,ENSMUSG00000044254
xenium_prime_5k_mouse,mouse,ENSMUSG00000044303
xenium_prime_5k_mouse,mouse,ENSMUSG00000044312
xenium_prime_5k_mouse,mouse,ENSMUSG00000044317
xenium_prime_5k_mouse,mouse,ENSMUSG00000044322
xenium_prime_5k_mouse,mouse,ENSMUSG00000044337
xenium_prime_5k_mouse,mouse,ENSMUSG00000044338
xenium_prime_5k_mouse,mouse,ENSMUSG00000044350
xenium_prime_5k_mouse,mouse,ENSMUSG00000044393
xenium_prime_5k_mouse,mouse,ENSMUSG00000044433
xenium_prime_5k_mouse,mouse,ENSMUSG00000044447
xenium_prime_5k_mouse,mouse,ENSMUSG00000044453
xenium_prime_5k_mouse,mouse,ENSMUSG00000044468
xenium_prime_5k_mouse,mouse,ENSMUSG00000044534
xenium_prime_5k_mouse,mouse,ENSMUSG00000044542
xenium_prime_5k_mouse,mouse,ENSMUSG00000044583
xenium_prime_5k_mouse,mouse,ENSMUSG00000044600
xenium_prime_5k_mouse,mouse,ENSMUSG00000044641
xenium_prime_5k_mouse,mouse,ENSMUSG00000044664
xenium_prime_5k_mouse,mouse,ENSMUSG00000044667
xenium_prime_5k_mouse,mouse,ENSMUSG00000044674
xenium_prime_5k_mouse,mouse,ENSMUSG00000044678
xenium_prime_5k_mouse,mouse,ENSMUSG00000044681
xenium_prime_5k_mouse,mouse,ENSMUSG00000044701
xenium_prime_5k_mouse,mouse,ENSMUSG00000044708
xenium_prime_5k_mouse,mouse,ENSMUSG00000044768
xenium_prime_5k_mouse,mouse,ENSMUSG00000044772
xenium_prime_5k_mouse,mouse,ENSMUSG00000044792
xenium_prime_5k_mouse,mouse,ENSMUSG00000044827
xenium_prime_5k_mouse,mouse,ENSMUSG00000044933
xenium_prime_5k_mouse,mouse,ENSMUSG00000044988
xenium_prime_5k_mouse,mouse,ENSMUSG00000044991
xenium_prime_5k_mouse,mouse,ENSMUSG00000045005
xenium_prime_5k_mouse,mouse,ENSMUSG00000045007
xenium_prime_5k_mouse,mouse,ENSMUSG00000045019
xenium_prime_5k_mouse,mouse,ENSMUSG00000045038
xenium_prime_5k_mouse,mouse,ENSMUSG00000045087
xenium_prime_5k_mouse,mouse,ENSMUSG00000045092
xenium_prime_5k_mouse,mouse,ENSMUSG00000045098
xenium_prime_5k_mouse,mouse,ENSMUSG00000045103
xenium_prime_5k_mouse,mouse,ENSMUSG00000045107
xenium_prime_5k_mouse,mouse,ENSMUSG00000045136
xenium_prime_5k_mouse,mouse,ENSMUSG00000045179
xenium_prime_5k_mouse,mouse,ENSMUSG00000045215
xenium_prime_5k_mouse,mouse,ENSMUSG00000045232
xenium_prime_5k_mouse,mouse,ENSMUSG00000045281
xenium_prime_5k_mouse,mouse,ENSMUSG00000045302
xenium_prime_5k_mouse,mouse,ENSMUSG00000045322
xenium_prime_5k_mouse,mouse,ENSMUSG00000045328
xenium_prime_5k_mouse,mouse,ENSMUSG00000045348
xenium_prime_5k_mouse,mouse,ENSMUSG00000045382
xenium_prime_5k_mouse,mouse,ENSMUSG00000045394
xenium_prime_5k_mouse,mouse,ENSMUSG00000045471
xenium_prime_5k_mouse,mouse,ENSMUSG00000045482
xenium_prime_5k_mouse,mouse,ENSMUSG00000045502
xenium_prime_5k_mouse,mouse,ENSMUSG00000045515
xenium_prime_5k_mouse,mouse,ENSMUSG00000045518
xenium_prime_5k_mouse,mouse,ENSMUSG00000045532
xenium_prime_5k_mouse,mouse,ENSMUSG00000045551
xenium_prime_5k_mouse,mouse,ENSMUSG00000045589
xenium_prime_5k_mouse,mouse,ENSMUSG00000045591
xenium_prime_5k_mouse,mouse,ENSMUSG00000045594
xenium_prime_5k_mouse,mouse,ENSMUSG00000045608
xenium_prime_5k_mouse,mouse,ENSMUSG00000045613
xenium_prime_5k_mouse,mouse,ENSMUSG00000045629
xenium_prime_5k_mouse,mouse,ENSMUSG00000045636
xenium_prime_5k_mouse,mouse,ENSMUSG00000045648
xenium_prime_5k_mouse,mouse,ENSMUSG00000045680
xenium_prime_5k_mouse,mouse,ENSMUSG00000045693
xenium_prime_5k_mouse,mouse,ENSMUSG00000045730
xenium_prime_5k_mouse,mouse,ENSMUSG00000045731
xenium_prime_5k_mouse,mouse,ENSMUSG00000045875
xenium_prime_5k_mouse,mouse,ENSMUSG00000045903
xenium_prime_5k_mouse,mouse,ENSMUSG00000045930
xenium_prime_5k_mouse,mouse,ENSMUSG00000045973
xenium_prime_5k_mouse,mouse,ENSMUSG00000045983
xenium_prime_5k_mouse,mouse,ENSMUSG00000045991
xenium_prime_5k_mouse,mouse,ENSMUSG00000046049
xenium_prime_5k_mouse,mouse,ENSMUSG00000046080
xenium_prime_5k_mouse,mouse,ENSMUSG00000046093
xenium_prime_5k_mouse,mouse,ENSMUSG00000046159
xenium_prime_5k_mouse,mouse,ENSMUSG00000046160
xenium_prime_5k_mouse,mouse,ENSMUSG00000046167
xenium_prime_5k_mouse,mouse,ENSMUSG00000046169
xenium_prime_5k_mouse,mouse,ENSMUSG00000046186
xenium_prime_5k_mouse,mouse,ENSMUSG00000046215
xenium_prime_5k_mouse,mouse,ENSMUSG00000046223
xenium_prime_5k_mouse,mouse,ENSMUSG00000046230
xenium_prime_5k_mouse,mouse,ENSMUSG00000046280
xenium_prime_5k_mouse,mouse,ENSMUSG00000046321
xenium_prime_5k_mouse,mouse,ENSMUSG00000046323
xenium_prime_5k_mouse,mouse,ENSMUSG00000046338
xenium_prime_5k_mouse,mouse,ENSMUSG00000046352
xenium_prime_5k_mouse,mouse,ENSMUSG00000046402
xenium_prime_5k_mouse,mouse,ENSMUSG00000046432
xenium_prime_5k_mouse,mouse,ENSMUSG00000046434
xenium_prime_5k_mouse,mouse,ENSMUSG00000046470
xenium_prime_5k_mouse,mouse,ENSMUSG00000046480
xenium_prime_5k_mouse,mouse,ENSMUSG00000046532
xenium_prime_5k_mouse,mouse,ENSMUSG00000046598
xenium_prime_5k_mouse,mouse,ENSMUSG00000046668
xenium_prime_5k_mouse,mouse,ENSMUSG00000046707
xenium_prime_5k_mouse,mouse,ENSMUSG00000046709
xenium_prime_5k_mouse,mouse,ENSMUSG00000046711
xenium_prime_5k_mouse,mouse,ENSMUSG00000046714
xenium_prime_5k_mouse,mouse,ENSMUSG00000046743
xenium_prime_5k_mouse,mouse,ENSMUSG00000046750
xenium_prime_5k_mouse,mouse,ENSMUSG00000046755
xenium_prime_5k_mouse,mouse,ENSMUSG00000046768
xenium_prime_5k_mouse,mouse,ENSMUSG00000046791
xenium_prime_5k_mouse,mouse,ENSMUSG00000046798
xenium_prime_5k_mouse,mouse,ENSMUSG00000046806
xenium_prime_5k_mouse,mouse,ENSMUSG00000046845
xenium_prime_5k_mouse,mouse,ENSMUSG00000046865
xenium_prime_5k_mouse,mouse,ENSMUSG00000046876
xenium_prime_5k_mouse,mouse,ENSMUSG00000046908
xenium_prime_5k_mouse,mouse,ENSMUSG00000046922
xenium_prime_5k_mouse,mouse,ENSMUSG00000046982
xenium_prime_5k_mouse,mouse,ENSMUSG00000047013
xenium_prime_5k_mouse,mouse,ENSMUSG00000047021
xenium_prime_5k_mouse,mouse,ENSMUSG00000047098
xenium_prime_5k_mouse,mouse,ENSMUSG00000047109
xenium_prime_5k_mouse,mouse,ENSMUSG00000047123
xenium_prime_5k_mouse,mouse,ENSMUSG00000047126
xenium_prime_5k_mouse,mouse,ENSMUSG00000047139
xenium_prime_5k_mouse,mouse,ENSMUSG00000047143
xenium_prime_5k_mouse,mouse,ENSMUSG00000047146
xenium_prime_5k_mouse,mouse,ENSMUSG00000047181
xenium_prime_5k_mouse,mouse,ENSMUSG00000047193
xenium_prime_5k_mouse,mouse,ENSMUSG00000047230
xenium_prime_5k_mouse,mouse,ENSMUSG00000047250
xenium_prime_5k_mouse,mouse,ENSMUSG00000047259
xenium_prime_5k_mouse,mouse,ENSMUSG00000047260
xenium_prime_5k_mouse,mouse,ENSMUSG00000047261
xenium_prime_5k_mouse,mouse,ENSMUSG00000047295
xenium_prime_5k_mouse,mouse,ENSMUSG00000047343
xenium_prime_5k_mouse,mouse,ENSMUSG00000047454
xenium_prime_5k_mouse,mouse,ENSMUSG00000047462
xenium_prime_5k_mouse,mouse,ENSMUSG00000047547
xenium_prime_5k_mouse,mouse,ENSMUSG00000047554
xenium_prime_5k_mouse,mouse,ENSMUSG00000047591
xenium_prime_5k_mouse,mouse,ENSMUSG00000047632
xenium_prime_5k_mouse,mouse,ENSMUSG00000047638
xenium_prime_5k_mouse,mouse,ENSMUSG00000047649
xenium_prime_5k_mouse,mouse,ENSMUSG00000047710
xenium_prime_5k_mouse,mouse,ENSMUSG00000047714
xenium_prime_5k_mouse,mouse,ENSMUSG00000047797
xenium_prime_5k_mouse,mouse,ENSMUSG00000047798
xenium_prime_5k_mouse,mouse,ENSMUSG00000047822
xenium_prime_5k_mouse,mouse,ENSMUSG00000047861
xenium_prime_5k_mouse,mouse,ENSMUSG00000047879
xenium_prime_5k_mouse,mouse,ENSMUSG00000047880
xenium_prime_5k_mouse,mouse,ENSMUSG00000047898
xenium_prime_5k_mouse,mouse,ENSMUSG00000047904
xenium_prime_5k_mouse,mouse,ENSMUSG00000047945
xenium_prime_5k_mouse,mouse,ENSMUSG00000048000
xenium_prime_5k_mouse,mouse,ENSMUSG00000048001
xenium_prime_5k_mouse,mouse,ENSMUSG00000048015
xenium_prime_5k_mouse,mouse,ENSMUSG00000048027
xenium_prime_5k_mouse,mouse,ENSMUSG00000048078
xenium_prime_5k_mouse,mouse,ENSMUSG00000048120
xenium_prime_5k_mouse,mouse,ENSMUSG00000048126
xenium_prime_5k_mouse,mouse,ENSMUSG00000048138
xenium_prime_5k_mouse,mouse,ENSMUSG00000048154
xenium_prime_5k_mouse,mouse,ENSMUSG00000048163
xenium_prime_5k_mouse,mouse,ENSMUSG00000048249
xenium_prime_5k_mouse,mouse,ENSMUSG00000048251
xenium_prime_5k_mouse,mouse,ENSMUSG00000048304
xenium_prime_5k_mouse,mouse,ENSMUSG00000048337
xenium_prime_5k_mouse,mouse,ENSMUSG00000048349
xenium_prime_5k_mouse,mouse,ENSMUSG00000048351
xenium_prime_5k_mouse,mouse,ENSMUSG00000048376
xenium_prime_5k_mouse,mouse,ENSMUSG00000048377
xenium_prime_5k_mouse,mouse,ENSMUSG00000048385
xenium_prime_5k_mouse,mouse,ENSMUSG00000048387
xenium_prime_5k_mouse,mouse,ENSMUSG00000048402
xenium_prime_5k_mouse,mouse,ENSMUSG00000048416
xenium_prime_5k_mouse,mouse,ENSMUSG00000048450
xenium_prime_5k_mouse,mouse,ENSMUSG00000048458
xenium_prime_5k_mouse,mouse,ENSMUSG00000048480
xenium_prime_5k_mouse,mouse,ENSMUSG00000048482
xenium_prime_5k_mouse,mouse,ENSMUSG00000048485
xenium_prime_5k_mouse,mouse,ENSMUSG00000048490
xenium_prime_5k_mouse,mouse,ENSMUSG00000048495
xenium_prime_5k_mouse,mouse,ENSMUSG00000048502
xenium_prime_5k_mouse,mouse,ENSMUSG00000048520
xenium_prime_5k_mouse,mouse,ENSMUSG00000048521
xenium_prime_5k_mouse,mouse,ENSMUSG00000048534
xenium_prime_5k_mouse,mouse,ENSMUSG00000048540
xenium_prime_5k_mouse,mouse,ENSMUSG00000048562
xenium_prime_5k_mouse,mouse,ENSMUSG00000048578
xenium_prime_5k_mouse,mouse,ENSMUSG00000048582
xenium_prime_5k_mouse,mouse,ENSMUSG00000048583
xenium_prime_5k_mouse,mouse,ENSMUSG00000048616
xenium_prime_5k_mouse,mouse,ENSMUSG00000048617
xenium_prime_5k_mouse,mouse,ENSMUSG00000048626
xenium_prime_5k_mouse,mouse,ENSMUSG00000048731
xenium_prime_5k_mouse,mouse,ENSMUSG00000048752
xenium_prime_5k_mouse,mouse,ENSMUSG00000048756
xenium_prime_5k_mouse,mouse,ENSMUSG00000048763
xenium_prime_5k_mouse,mouse,ENSMUSG00000048775
xenium_prime_5k_mouse,mouse,ENSMUSG00000048776
xenium_prime_5k_mouse,mouse,ENSMUSG00000048806
xenium_prime_5k_mouse,mouse,ENSMUSG00000048826
xenium_prime_5k_mouse,mouse,ENSMUSG00000048834
xenium_prime_5k_mouse,mouse,ENSMUSG00000048874
xenium_prime_5k_mouse,mouse,ENSMUSG00000048895
xenium_prime_5k_mouse,mouse,ENSMUSG00000048904
xenium_prime_5k_mouse,mouse,ENSMUSG00000048915
xenium_prime_5k_mouse,mouse,ENSMUSG00000049093
xenium_prime_5k_mouse,mouse,ENSMUSG00000049100
xenium_prime_5k_mouse,mouse,ENSMUSG00000049103
xenium_prime_5k_mouse,mouse,ENSMUSG00000049107
xenium_prime_5k_mouse,mouse,ENSMUSG00000049109
xenium_prime_5k_mouse,mouse,ENSMUSG00000049112
xenium_prime_5k_mouse,mouse,ENSMUSG00000049115
xenium_prime_5k_mouse,mouse,ENSMUSG00000049130
xenium_prime_5k_mouse,mouse,ENSMUSG00000049281
xenium_prime_5k_mouse,mouse,ENSMUSG00000049295
xenium_prime_5k_mouse,mouse,ENSMUSG00000049307
xenium_prime_5k_mouse,mouse,ENSMUSG00000049313
xenium_prime_5k_mouse,mouse,ENSMUSG00000049354
xenium_prime_5k_mouse,mouse,ENSMUSG00000049436
xenium_prime_5k_mouse,mouse,ENSMUSG00000049493
xenium_prime_5k_mouse,mouse,ENSMUSG00000049511
xenium_prime_5k_mouse,mouse,ENSMUSG00000049548
xenium_prime_5k_mouse,mouse,ENSMUSG00000049556
xenium_prime_5k_mouse,mouse,ENSMUSG00000049604
xenium_prime_5k_mouse,mouse,ENSMUSG00000049641
xenium_prime_5k_mouse,mouse,ENSMUSG00000049685
xenium_prime_5k_mouse,mouse,ENSMUSG00000049686
xenium_prime_5k_mouse,mouse,ENSMUSG00000049691
xenium_prime_5k_mouse,mouse,ENSMUSG00000049717
xenium_prime_5k_mouse,mouse,ENSMUSG00000049723
xenium_prime_5k_mouse,mouse,ENSMUSG00000049734
xenium_prime_5k_mouse,mouse,ENSMUSG00000049791
xenium_prime_5k_mouse,mouse,ENSMUSG00000049796
xenium_prime_5k_mouse,mouse,ENSMUSG00000049892
xenium_prime_5k_mouse,mouse,ENSMUSG00000049908
xenium_prime_5k_mouse,mouse,ENSMUSG00000049932
xenium_prime_5k_mouse,mouse,ENSMUSG00000050010
xenium_prime_5k_mouse,mouse,ENSMUSG00000050063
xenium_prime_5k_mouse,mouse,ENSMUSG00000050074
xenium_prime_5k_mouse,mouse,ENSMUSG00000050100
xenium_prime_5k_mouse,mouse,ENSMUSG00000050107
xenium_prime_5k_mouse,mouse,ENSMUSG00000050121
xenium_prime_5k_mouse,mouse,ENSMUSG00000050132
xenium_prime_5k_mouse,mouse,ENSMUSG00000050147
xenium_prime_5k_mouse,mouse,ENSMUSG00000050197
xenium_prime_5k_mouse,mouse,ENSMUSG00000050199
xenium_prime_5k_mouse,mouse,ENSMUSG00000050232
xenium_prime_5k_mouse,mouse,ENSMUSG00000050234
xenium_prime_5k_mouse,mouse,ENSMUSG00000050272
xenium_prime_5k_mouse,mouse,ENSMUSG00000050288
xenium_prime_5k_mouse,mouse,ENSMUSG00000050295
xenium_prime_5k_mouse,mouse,ENSMUSG00000050310
xenium_prime_5k_mouse,mouse,ENSMUSG00000050315
xenium_prime_5k_mouse,mouse,ENSMUSG00000050323
xenium_prime_5k_mouse,mouse,ENSMUSG00000050328
xenium_prime_5k_mouse,mouse,ENSMUSG00000050332
xenium_prime_5k_mouse,mouse,ENSMUSG00000050368
xenium_prime_5k_mouse,mouse,ENSMUSG00000050370
xenium_prime_5k_mouse,mouse,ENSMUSG00000050379
xenium_prime_5k_mouse,mouse,ENSMUSG00000050397
xenium_prime_5k_mouse,mouse,ENSMUSG00000050440
xenium_prime_5k_mouse,mouse,ENSMUSG00000050445
xenium_prime_5k_mouse,mouse,ENSMUSG00000050447
xenium_prime_5k_mouse,mouse,ENSMUSG00000050463
xenium_prime_5k_mouse,mouse,ENSMUSG00000050505
xenium_prime_5k_mouse,mouse,ENSMUSG00000050511
xenium_prime_5k_mouse,mouse,ENSMUSG00000050520
xenium_prime_5k_mouse,mouse,ENSMUSG00000050541
xenium_prime_5k_mouse,mouse,ENSMUSG00000050552
xenium_prime_5k_mouse,mouse,ENSMUSG00000050558
xenium_prime_5k_mouse,mouse,ENSMUSG00000050567
xenium_prime_5k_mouse,mouse,ENSMUSG00000050578
xenium_prime_5k_mouse,mouse,ENSMUSG00000050635
xenium_prime_5k_mouse,mouse,ENSMUSG00000050666
xenium_prime_5k_mouse,mouse,ENSMUSG00000050697
xenium_prime_5k_mouse,mouse,ENSMUSG00000050737
xenium_prime_5k_mouse,mouse,ENSMUSG00000050783
xenium_prime_5k_mouse,mouse,ENSMUSG00000050799
xenium_prime_5k_mouse,mouse,ENSMUSG00000050812
xenium_prime_5k_mouse,mouse,ENSMUSG00000050840
xenium_prime_5k_mouse,mouse,ENSMUSG00000050875
xenium_prime_5k_mouse,mouse,ENSMUSG00000050901
xenium_prime_5k_mouse,mouse,ENSMUSG00000050917
xenium_prime_5k_mouse,mouse,ENSMUSG00000050931
xenium_prime_5k_mouse,mouse,ENSMUSG00000050953
xenium_prime_5k_mouse,mouse,ENSMUSG00000050963
xenium_prime_5k_mouse,mouse,ENSMUSG00000050965
xenium_prime_5k_mouse,mouse,ENSMUSG00000050966
xenium_prime_5k_mouse,mouse,ENSMUSG00000050989
xenium_prime_5k_mouse,mouse,ENSMUSG00000051076
xenium_prime_5k_mouse,mouse,ENSMUSG00000051111
xenium_prime_5k_mouse,mouse,ENSMUSG00000051136
xenium_prime_5k_mouse,mouse,ENSMUSG00000051159
xenium_prime_5k_mouse,mouse,ENSMUSG00000051176
xenium_prime_5k_mouse,mouse,ENSMUSG00000051212
xenium_prime_5k_mouse,mouse,ENSMUSG00000051220
xenium_prime_5k_mouse,mouse,ENSMUSG00000051235
xenium_prime_5k_mouse,mouse,ENSMUSG00000051251
xenium_prime_5k_mouse,mouse,ENSMUSG00000051314
xenium_prime_5k_mouse,mouse,ENSMUSG00000051331
xenium_prime_5k_mouse,mouse,ENSMUSG00000051355
xenium_prime_5k_mouse,mouse,ENSMUSG00000051367
xenium_prime_5k_mouse,mouse,ENSMUSG00000051391
xenium_prime_5k_mouse,mouse,ENSMUSG00000051397
xenium_prime_5k_mouse,mouse,ENSMUSG00000051413
xenium_prime_5k_mouse,mouse,ENSMUSG00000051439
xenium_prime_5k_mouse,mouse,ENSMUSG00000051456
xenium_prime_5k_mouse,mouse,ENSMUSG00000051457
xenium_prime_5k_mouse,mouse,ENSMUSG00000051469
xenium_prime_5k_mouse,mouse,ENSMUSG00000051498
xenium_prime_5k_mouse,mouse,ENSMUSG00000051592
xenium_prime_5k_mouse,mouse,ENSMUSG00000051650
xenium_prime_5k_mouse,mouse,ENSMUSG00000051675
xenium_prime_5k_mouse,mouse,ENSMUSG00000051726
xenium_prime_5k_mouse,mouse,ENSMUSG00000051747
xenium_prime_5k_mouse,mouse,ENSMUSG00000051768
xenium_prime_5k_mouse,mouse,ENSMUSG00000051790
xenium_prime_5k_mouse,mouse,ENSMUSG00000051855
xenium_prime_5k_mouse,mouse,ENSMUSG00000051864
xenium_prime_5k_mouse,mouse,ENSMUSG00000051879
xenium_prime_5k_mouse,mouse,ENSMUSG00000051910
xenium_prime_5k_mouse,mouse,ENSMUSG00000051920
xenium_prime_5k_mouse,mouse,ENSMUSG00000051950
xenium_prime_5k_mouse,mouse,ENSMUSG00000051969
xenium_prime_5k_mouse,mouse,ENSMUSG00000051977
xenium_prime_5k_mouse,mouse,ENSMUSG00000051980
xenium_prime_5k_mouse,mouse,ENSMUSG00000051985
xenium_prime_5k_mouse,mouse,ENSMUSG00000052013
xenium_prime_5k_mouse,mouse,ENSMUSG00000052085
xenium_prime_5k_mouse,mouse,ENSMUSG00000052105
xenium_prime_5k_mouse,mouse,ENSMUSG00000052133
xenium_prime_5k_mouse,mouse,ENSMUSG00000052139
xenium_prime_5k_mouse,mouse,ENSMUSG00000052155
xenium_prime_5k_mouse,mouse,ENSMUSG00000052212
xenium_prime_5k_mouse,mouse,ENSMUSG00000052229
xenium_prime_5k_mouse,mouse,ENSMUSG00000052234
xenium_prime_5k_mouse,mouse,ENSMUSG00000052270
xenium_prime_5k_mouse,mouse,ENSMUSG00000052271
xenium_prime_5k_mouse,mouse,ENSMUSG00000052293
xenium_prime_5k_mouse,mouse,ENSMUSG00000052301
xenium_prime_5k_mouse,mouse,ENSMUSG00000052316
xenium_prime_5k_mouse,mouse,ENSMUSG00000052336
xenium_prime_5k_mouse,mouse,ENSMUSG00000052337
xenium_prime_5k_mouse,mouse,ENSMUSG00000052353
xenium_prime_5k_mouse,mouse,ENSMUSG00000052373
xenium_prime_5k_mouse,mouse,ENSMUSG00000052374
xenium_prime_5k_mouse,mouse,ENSMUSG00000052397
xenium_prime_5k_mouse,mouse,ENSMUSG00000052430
xenium_prime_5k_mouse,mouse,ENSMUSG00000052456
xenium_prime_5k_mouse,mouse,ENSMUSG00000052459
xenium_prime_5k_mouse,mouse,ENSMUSG00000052504
xenium_prime_5k_mouse,mouse,ENSMUSG00000052516
xenium_prime_5k_mouse,mouse,ENSMUSG00000052593
xenium_prime_5k_mouse,mouse,ENSMUSG00000052595
xenium_prime_5k_mouse,mouse,ENSMUSG00000052632
xenium_prime_5k_mouse,mouse,ENSMUSG00000052688
xenium_prime_5k_mouse,mouse,ENSMUSG00000052726
xenium_prime_5k_mouse,mouse,ENSMUSG00000052727
xenium_prime_5k_mouse,mouse,ENSMUSG00000052821
xenium_prime_5k_mouse,mouse,ENSMUSG00000052911
xenium_prime_5k_mouse,mouse,ENSMUSG00000052921
xenium_prime_5k_mouse,mouse,ENSMUSG00000052934
xenium_prime_5k_mouse,mouse,ENSMUSG00000052942
xenium_prime_5k_mouse,mouse,ENSMUSG00000052957
xenium_prime_5k_mouse,mouse,ENSMUSG00000053004
xenium_prime_5k_mouse,mouse,ENSMUSG00000053024
xenium_prime_5k_mouse,mouse,ENSMUSG00000053040
xenium_prime_5k_mouse,mouse,ENSMUSG00000053044
xenium_prime_5k_mouse,mouse,ENSMUSG00000053046
xenium_prime_5k_mouse,mouse,ENSMUSG00000053062
xenium_prime_5k_mouse,mouse,ENSMUSG00000053093
xenium_prime_5k_mouse,mouse,ENSMUSG00000053110
xenium_prime_5k_mouse,mouse,ENSMUSG00000053113
xenium_prime_5k_mouse,mouse,ENSMUSG00000053119
xenium_prime_5k_mouse,mouse,ENSMUSG00000053129
xenium_prime_5k_mouse,mouse,ENSMUSG00000053137
xenium_prime_5k_mouse,mouse,ENSMUSG00000053175
xenium_prime_5k_mouse,mouse,ENSMUSG00000053268
xenium_prime_5k_mouse,mouse,ENSMUSG00000053291
xenium_prime_5k_mouse,mouse,ENSMUSG00000053293
xenium_prime_5k_mouse,mouse,ENSMUSG00000053329
xenium_prime_5k_mouse,mouse,ENSMUSG00000053368
xenium_prime_5k_mouse,mouse,ENSMUSG00000053399
xenium_prime_5k_mouse,mouse,ENSMUSG00000053411
xenium_prime_5k_mouse,mouse,ENSMUSG00000053436
xenium_prime_5k_mouse,mouse,ENSMUSG00000053581
xenium_prime_5k_mouse,mouse,ENSMUSG00000053626
xenium_prime_5k_mouse,mouse,ENSMUSG00000053647
xenium_prime_5k_mouse,mouse,ENSMUSG00000053716
xenium_prime_5k_mouse,mouse,ENSMUSG00000053747
xenium_prime_5k_mouse,mouse,ENSMUSG00000053768
xenium_prime_5k_mouse,mouse,ENSMUSG00000053774
xenium_prime_5k_mouse,mouse,ENSMUSG00000053819
xenium_prime_5k_mouse,mouse,ENSMUSG00000053846
xenium_prime_5k_mouse,mouse,ENSMUSG00000053863
xenium_prime_5k_mouse,mouse,ENSMUSG00000053897
xenium_prime_5k_mouse,mouse,ENSMUSG00000053977
xenium_prime_5k_mouse,mouse,ENSMUSG00000054008
xenium_prime_5k_mouse,mouse,ENSMUSG00000054021
xenium_prime_5k_mouse,mouse,ENSMUSG00000054034
xenium_prime_5k_mouse,mouse,ENSMUSG00000054051
xenium_prime_5k_mouse,mouse,ENSMUSG00000054115
xenium_prime_5k_mouse,mouse,ENSMUSG00000054162
xenium_prime_5k_mouse,mouse,ENSMUSG00000054191
xenium_prime_5k_mouse,mouse,ENSMUSG00000054200
xenium_prime_5k_mouse,mouse,ENSMUSG00000054252
xenium_prime_5k_mouse,mouse,ENSMUSG00000054256
xenium_prime_5k_mouse,mouse,ENSMUSG00000054263
xenium_prime_5k_mouse,mouse,ENSMUSG00000054342
xenium_prime_5k_mouse,mouse,ENSMUSG00000054360
xenium_prime_5k_mouse,mouse,ENSMUSG00000054387
xenium_prime_5k_mouse,mouse,ENSMUSG00000054400
xenium_prime_5k_mouse,mouse,ENSMUSG00000054435
xenium_prime_5k_mouse,mouse,ENSMUSG00000054453
xenium_prime_5k_mouse,mouse,ENSMUSG00000054477
xenium_prime_5k_mouse,mouse,ENSMUSG00000054517
xenium_prime_5k_mouse,mouse,ENSMUSG00000054520
xenium_prime_5k_mouse,mouse,ENSMUSG00000054580
xenium_prime_5k_mouse,mouse,ENSMUSG00000054611
xenium_prime_5k_mouse,mouse,ENSMUSG00000054640
xenium_prime_5k_mouse,mouse,ENSMUSG00000054641
xenium_prime_5k_mouse,mouse,ENSMUSG00000054675
xenium_prime_5k_mouse,mouse,ENSMUSG00000054693
xenium_prime_5k_mouse,mouse,ENSMUSG00000054733
xenium_prime_5k_mouse,mouse,ENSMUSG00000054764
xenium_prime_5k_mouse,mouse,ENSMUSG00000054766
xenium_prime_5k_mouse,mouse,ENSMUSG00000054792
xenium_prime_5k_mouse,mouse,ENSMUSG00000054889
xenium_prime_5k_mouse,mouse,ENSMUSG00000054932
xenium_prime_5k_mouse,mouse,ENSMUSG00000054942
xenium_prime_5k_mouse,mouse,ENSMUSG00000054976
xenium_prime_5k_mouse,mouse,ENSMUSG00000054988
xenium_prime_5k_mouse,mouse,ENSMUSG00000055022
xenium_prime_5k_mouse,mouse,ENSMUSG00000055024
xenium_prime_5k_mouse,mouse,ENSMUSG00000055026
xenium_prime_5k_mouse,mouse,ENSMUSG00000055044
xenium_prime_5k_mouse,mouse,ENSMUSG00000055067
xenium_prime_5k_mouse,mouse,ENSMUSG00000055069
xenium_prime_5k_mouse,mouse,ENSMUSG00000055078
xenium_prime_5k_mouse,mouse,ENSMUSG00000055102
xenium_prime_5k_mouse,mouse,ENSMUSG00000055116
xenium_prime_5k_mouse,mouse,ENSMUSG00000055170
xenium_prime_5k_mouse,mouse,ENSMUSG00000055210
xenium_prime_5k_mouse,mouse,ENSMUSG00000055214
xenium_prime_5k_mouse,mouse,ENSMUSG00000055254
xenium_prime_5k_mouse,mouse,ENSMUSG00000055320
xenium_prime_5k_mouse,mouse,ENSMUSG00000055371
xenium_prime_5k_mouse,mouse,ENSMUSG00000055407
xenium_prime_5k_mouse,mouse,ENSMUSG00000055409
xenium_prime_5k_mouse,mouse,ENSMUSG00000055435
xenium_prime_5k_mouse,mouse,ENSMUSG00000055447
xenium_prime_5k_mouse,mouse,ENSMUSG00000055471
xenium_prime_5k_mouse,mouse,ENSMUSG00000055489
xenium_prime_5k_mouse,mouse,ENSMUSG00000055493
xenium_prime_5k_mouse,mouse,ENSMUSG00000055531
xenium_prime_5k_mouse,mouse,ENSMUSG00000055609
xenium_prime_5k_mouse,mouse,ENSMUSG00000055632
xenium_prime_5k_mouse,mouse,ENSMUSG00000055639
xenium_prime_5k_mouse,mouse,ENSMUSG00000055653
xenium_prime_5k_mouse,mouse,ENSMUSG00000055670
xenium_prime_5k_mouse,mouse,ENSMUSG00000055723
xenium_prime_5k_mouse,mouse,ENSMUSG00000055737
xenium_prime_5k_mouse,mouse,ENSMUSG00000055761
xenium_prime_5k_mouse,mouse,ENSMUSG00000055775
xenium_prime_5k_mouse,mouse,ENSMUSG00000055782
xenium_prime_5k_mouse,mouse,ENSMUSG00000055799
xenium_prime_5k_mouse,mouse,ENSMUSG00000055811
xenium_prime_5k_mouse,mouse,ENSMUSG00000055817
xenium_prime_5k_mouse,mouse,ENSMUSG00000055839
xenium_prime_5k_mouse,mouse,ENSMUSG00000055866
xenium_prime_5k_mouse,mouse,ENSMUSG00000055932
xenium_prime_5k_mouse,mouse,ENSMUSG00000055937
xenium_prime_5k_mouse,mouse,ENSMUSG00000055976
xenium_prime_5k_mouse,mouse,ENSMUSG00000055980
xenium_prime_5k_mouse,mouse,ENSMUSG00000055994
xenium_prime_5k_mouse,mouse,ENSMUSG00000056055
xenium_prime_5k_mouse,mouse,ENSMUSG00000056073
xenium_prime_5k_mouse,mouse,ENSMUSG00000056078
xenium_prime_5k_mouse,mouse,ENSMUSG00000056130
xenium_prime_5k_mouse,mouse,ENSMUSG00000056153
xenium_prime_5k_mouse,mouse,ENSMUSG00000056162
xenium_prime_5k_mouse,mouse,ENSMUSG00000056204
xenium_prime_5k_mouse,mouse,ENSMUSG00000056216
xenium_prime_5k_mouse,mouse,ENSMUSG00000056220
xenium_prime_5k_mouse,mouse,ENSMUSG00000056258
xenium_prime_5k_mouse,mouse,ENSMUSG00000056328
xenium_prime_5k_mouse,mouse,ENSMUSG00000056380
xenium_prime_5k_mouse,mouse,ENSMUSG00000056423
xenium_prime_5k_mouse,mouse,ENSMUSG00000056427
xenium_prime_5k_mouse,mouse,ENSMUSG00000056436
xenium_prime_5k_mouse,mouse,ENSMUSG00000056481
xenium_prime_5k_mouse,mouse,ENSMUSG00000056492
xenium_prime_5k_mouse,mouse,ENSMUSG00000056494
xenium_prime_5k_mouse,mouse,ENSMUSG00000056529
xenium_prime_5k_mouse,mouse,ENSMUSG00000056537
xenium_prime_5k_mouse,mouse,ENSMUSG00000056553
xenium_prime_5k_mouse,mouse,ENSMUSG00000056648
xenium_prime_5k_mouse,mouse,ENSMUSG00000056749
xenium_prime_5k_mouse,mouse,ENSMUSG00000056758
xenium_prime_5k_mouse,mouse,ENSMUSG00000056854
xenium_prime_5k_mouse,mouse,ENSMUSG00000056962
xenium_prime_5k_mouse,mouse,ENSMUSG00000057003
xenium_prime_5k_mouse,mouse,ENSMUSG00000057069
xenium_prime_5k_mouse,mouse,ENSMUSG00000057123
xenium_prime_5k_mouse,mouse,ENSMUSG00000057133
xenium_prime_5k_mouse,mouse,ENSMUSG00000057135
xenium_prime_5k_mouse,mouse,ENSMUSG00000057170
xenium_prime_5k_mouse,mouse,ENSMUSG00000057177
xenium_prime_5k_mouse,mouse,ENSMUSG00000057236
xenium_prime_5k_mouse,mouse,ENSMUSG00000057280
xenium_prime_5k_mouse,mouse,ENSMUSG00000057329
xenium_prime_5k_mouse,mouse,ENSMUSG00000057342
xenium_prime_5k_mouse,mouse,ENSMUSG00000057367
xenium_prime_5k_mouse,mouse,ENSMUSG00000057375
xenium_prime_5k_mouse,mouse,ENSMUSG00000057378
xenium_prime_5k_mouse,mouse,ENSMUSG00000057457
xenium_prime_5k_mouse,mouse,ENSMUSG00000057465
xenium_prime_5k_mouse,mouse,ENSMUSG00000057497
xenium_prime_5k_mouse,mouse,ENSMUSG00000057522
xenium_prime_5k_mouse,mouse,ENSMUSG00000057530
xenium_prime_5k_mouse,mouse,ENSMUSG00000057531
xenium_prime_5k_mouse,mouse,ENSMUSG00000057606
xenium_prime_5k_mouse,mouse,ENSMUSG00000057614
xenium_prime_5k_mouse,mouse,ENSMUSG00000057672
xenium_prime_5k_mouse,mouse,ENSMUSG00000057719
xenium_prime_5k_mouse,mouse,ENSMUSG00000057722
xenium_prime_5k_mouse,mouse,ENSMUSG00000057738
xenium_prime_5k_mouse,mouse,ENSMUSG00000057789
xenium_prime_5k_mouse,mouse,ENSMUSG00000057816
xenium_prime_5k_mouse,mouse,ENSMUSG00000057897
xenium_prime_5k_mouse,mouse,ENSMUSG00000057967
xenium_prime_5k_mouse,mouse,ENSMUSG00000057969
xenium_prime_5k_mouse,mouse,ENSMUSG00000058013
xenium_prime_5k_mouse,mouse,ENSMUSG00000058022
xenium_prime_5k_mouse,mouse,ENSMUSG00000058076
xenium_prime_5k_mouse,mouse,ENSMUSG00000058230
xenium_prime_5k_mouse,mouse,ENSMUSG00000058248
xenium_prime_5k_mouse,mouse,ENSMUSG00000058258
xenium_prime_5k_mouse,mouse,ENSMUSG00000058290
xenium_prime_5k_mouse,mouse,ENSMUSG00000058388
xenium_prime_5k_mouse,mouse,ENSMUSG00000058400
xenium_prime_5k_mouse,mouse,ENSMUSG00000058427
xenium_prime_5k_mouse,mouse,ENSMUSG00000058440
xenium_prime_5k_mouse,mouse,ENSMUSG00000058441
xenium_prime_5k_mouse,mouse,ENSMUSG00000058444
xenium_prime_5k_mouse,mouse,ENSMUSG00000058488
xenium_prime_5k_mouse,mouse,ENSMUSG00000058499
xenium_prime_5k_mouse,mouse,ENSMUSG00000058571
xenium_prime_5k_mouse,mouse,ENSMUSG00000058594
xenium_prime_5k_mouse,mouse,ENSMUSG00000058665
xenium_prime_5k_mouse,mouse,ENSMUSG00000058690
xenium_prime_5k_mouse,mouse,ENSMUSG00000058704
xenium_prime_5k_mouse,mouse,ENSMUSG00000058709
xenium_prime_5k_mouse,mouse,ENSMUSG00000058755
xenium_prime_5k_mouse,mouse,ENSMUSG00000058756
xenium_prime_5k_mouse,mouse,ENSMUSG00000058794
xenium_prime_5k_mouse,mouse,ENSMUSG00000058806
xenium_prime_5k_mouse,mouse,ENSMUSG00000058818
xenium_prime_5k_mouse,mouse,ENSMUSG00000058831
xenium_prime_5k_mouse,mouse,ENSMUSG00000058835
xenium_prime_5k_mouse,mouse,ENSMUSG00000058975
xenium_prime_5k_mouse,mouse,ENSMUSG00000058997
xenium_prime_5k_mouse,mouse,ENSMUSG00000059003
xenium_prime_5k_mouse,mouse,ENSMUSG00000059060
xenium_prime_5k_mouse,mouse,ENSMUSG00000059077
xenium_prime_5k_mouse,mouse,ENSMUSG00000059089
xenium_prime_5k_mouse,mouse,ENSMUSG00000059146
xenium_prime_5k_mouse,mouse,ENSMUSG00000059169
xenium_prime_5k_mouse,mouse,ENSMUSG00000059201
xenium_prime_5k_mouse,mouse,ENSMUSG00000059203
xenium_prime_5k_mouse,mouse,ENSMUSG00000059208
xenium_prime_5k_mouse,mouse,ENSMUSG00000059246
xenium_prime_5k_mouse,mouse,ENSMUSG00000059248
xenium_prime_5k_mouse,mouse,ENSMUSG00000059263
xenium_prime_5k_mouse,mouse,ENSMUSG00000059325
xenium_prime_5k_mouse,mouse,ENSMUSG00000059327
xenium_prime_5k_mouse,mouse,ENSMUSG00000059336
xenium_prime_5k_mouse,mouse,ENSMUSG00000059363
xenium_prime_5k_mouse,mouse,ENSMUSG00000059430
xenium_prime_5k_mouse,mouse,ENSMUSG00000059434
xenium_prime_5k_mouse,mouse,ENSMUSG00000059436
xenium_prime_5k_mouse,mouse,ENSMUSG00000059447
xenium_prime_5k_mouse,mouse,ENSMUSG00000059456
xenium_prime_5k_mouse,mouse,ENSMUSG00000059474
xenium_prime_5k_mouse,mouse,ENSMUSG00000059481
xenium_prime_5k_mouse,mouse,ENSMUSG00000059495
xenium_prime_5k_mouse,mouse,ENSMUSG00000059498
xenium_prime_5k_mouse,mouse,ENSMUSG00000059552
xenium_prime_5k_mouse,mouse,ENSMUSG00000059588
xenium_prime_5k_mouse,mouse,ENSMUSG00000059602
xenium_prime_5k_mouse,mouse,ENSMUSG00000059714
xenium_prime_5k_mouse,mouse,ENSMUSG00000059810
xenium_prime_5k_mouse,mouse,ENSMUSG00000059824
xenium_prime_5k_mouse,mouse,ENSMUSG00000059851
xenium_prime_5k_mouse,mouse,ENSMUSG00000059852
xenium_prime_5k_mouse,mouse,ENSMUSG00000059857
xenium_prime_5k_mouse,mouse,ENSMUSG00000059898
xenium_prime_5k_mouse,mouse,ENSMUSG00000059901
xenium_prime_5k_mouse,mouse,ENSMUSG00000059921
xenium_prime_5k_mouse,mouse,ENSMUSG00000059923
xenium_prime_5k_mouse,mouse,ENSMUSG00000059991
xenium_prime_5k_mouse,mouse,ENSMUSG00000060090
xenium_prime_5k_mouse,mouse,ENSMUSG00000060098
xenium_prime_5k_mouse,mouse,ENSMUSG00000060166
xenium_prime_5k_mouse,mouse,ENSMUSG00000060216
xenium_prime_5k_mouse,mouse,ENSMUSG00000060227
xenium_prime_5k_mouse,mouse,ENSMUSG00000060257
xenium_prime_5k_mouse,mouse,ENSMUSG00000060261
xenium_prime_5k_mouse,mouse,ENSMUSG00000060279
xenium_prime_5k_mouse,mouse,ENSMUSG00000060284
xenium_prime_5k_mouse,mouse,ENSMUSG00000060402
xenium_prime_5k_mouse,mouse,ENSMUSG00000060429
xenium_prime_5k_mouse,mouse,ENSMUSG00000060450
xenium_prime_5k_mouse,mouse,ENSMUSG00000060477
xenium_prime_5k_mouse,mouse,ENSMUSG00000060508
xenium_prime_5k_mouse,mouse,ENSMUSG00000060509
xenium_prime_5k_mouse,mouse,ENSMUSG00000060534
xenium_prime_5k_mouse,mouse,ENSMUSG00000060601
xenium_prime_5k_mouse,mouse,ENSMUSG00000060733
xenium_prime_5k_mouse,mouse,ENSMUSG00000060735
xenium_prime_5k_mouse,mouse,ENSMUSG00000060780
xenium_prime_5k_mouse,mouse,ENSMUSG00000060803
xenium_prime_5k_mouse,mouse,ENSMUSG00000060843
xenium_prime_5k_mouse,mouse,ENSMUSG00000060890
xenium_prime_5k_mouse,mouse,ENSMUSG00000060981
xenium_prime_5k_mouse,mouse,ENSMUSG00000061013
xenium_prime_5k_mouse,mouse,ENSMUSG00000061048
xenium_prime_5k_mouse,mouse,ENSMUSG00000061132
xenium_prime_5k_mouse,mouse,ENSMUSG00000061144
xenium_prime_5k_mouse,mouse,ENSMUSG00000061311
xenium_prime_5k_mouse,mouse,ENSMUSG00000061353
xenium_prime_5k_mouse,mouse,ENSMUSG00000061393
xenium_prime_5k_mouse,mouse,ENSMUSG00000061397
xenium_prime_5k_mouse,mouse,ENSMUSG00000061436
xenium_prime_5k_mouse,mouse,ENSMUSG00000061479
xenium_prime_5k_mouse,mouse,ENSMUSG00000061517
xenium_prime_5k_mouse,mouse,ENSMUSG00000061524
xenium_prime_5k_mouse,mouse,ENSMUSG00000061559
xenium_prime_5k_mouse,mouse,ENSMUSG00000061577
xenium_prime_5k_mouse,mouse,ENSMUSG00000061578
xenium_prime_5k_mouse,mouse,ENSMUSG00000061589
xenium_prime_5k_mouse,mouse,ENSMUSG00000061665
xenium_prime_5k_mouse,mouse,ENSMUSG00000061666
xenium_prime_5k_mouse,mouse,ENSMUSG00000061689
xenium_prime_5k_mouse,mouse,ENSMUSG00000061718
xenium_prime_5k_mouse,mouse,ENSMUSG00000061731
xenium_prime_5k_mouse,mouse,ENSMUSG00000061762
xenium_prime_5k_mouse,mouse,ENSMUSG00000061809
xenium_prime_5k_mouse,mouse,ENSMUSG00000061859
xenium_prime_5k_mouse,mouse,ENSMUSG00000061878
xenium_prime_5k_mouse,mouse,ENSMUSG00000061928
xenium_prime_5k_mouse,mouse,ENSMUSG00000061981
xenium_prime_5k_mouse,mouse,ENSMUSG00000062014
xenium_prime_5k_mouse,mouse,ENSMUSG00000062070
xenium_prime_5k_mouse,mouse,ENSMUSG00000062075
xenium_prime_5k_mouse,mouse,ENSMUSG00000062157
xenium_prime_5k_mouse,mouse,ENSMUSG00000062175
xenium_prime_5k_mouse,mouse,ENSMUSG00000062190
xenium_prime_5k_mouse,mouse,ENSMUSG00000062202
xenium_prime_5k_mouse,mouse,ENSMUSG00000062209
xenium_prime_5k_mouse,mouse,ENSMUSG00000062234
xenium_prime_5k_mouse,mouse,ENSMUSG00000062252
xenium_prime_5k_mouse,mouse,ENSMUSG00000062300
xenium_prime_5k_mouse,mouse,ENSMUSG00000062312
xenium_prime_5k_mouse,mouse,ENSMUSG00000062327
xenium_prime_5k_mouse,mouse,ENSMUSG00000062372
xenium_prime_5k_mouse,mouse,ENSMUSG00000062380
xenium_prime_5k_mouse,mouse,ENSMUSG00000062421
xenium_prime_5k_mouse,mouse,ENSMUSG00000062444
xenium_prime_5k_mouse,mouse,ENSMUSG00000062524
xenium_prime_5k_mouse,mouse,ENSMUSG00000062542
xenium_prime_5k_mouse,mouse,ENSMUSG00000062545
xenium_prime_5k_mouse,mouse,ENSMUSG00000062585
xenium_prime_5k_mouse,mouse,ENSMUSG00000062694
xenium_prime_5k_mouse,mouse,ENSMUSG00000062751
xenium_prime_5k_mouse,mouse,ENSMUSG00000062773
xenium_prime_5k_mouse,mouse,ENSMUSG00000062778
xenium_prime_5k_mouse,mouse,ENSMUSG00000062797
xenium_prime_5k_mouse,mouse,ENSMUSG00000062939
xenium_prime_5k_mouse,mouse,ENSMUSG00000062960
xenium_prime_5k_mouse,mouse,ENSMUSG00000062991
xenium_prime_5k_mouse,mouse,ENSMUSG00000063011
xenium_prime_5k_mouse,mouse,ENSMUSG00000063065
xenium_prime_5k_mouse,mouse,ENSMUSG00000063077
xenium_prime_5k_mouse,mouse,ENSMUSG00000063142
xenium_prime_5k_mouse,mouse,ENSMUSG00000063145
xenium_prime_5k_mouse,mouse,ENSMUSG00000063193
xenium_prime_5k_mouse,mouse,ENSMUSG00000063229
xenium_prime_5k_mouse,mouse,ENSMUSG00000063234
xenium_prime_5k_mouse,mouse,ENSMUSG00000063239
xenium_prime_5k_mouse,mouse,ENSMUSG00000063273
xenium_prime_5k_mouse,mouse,ENSMUSG00000063358
xenium_prime_5k_mouse,mouse,ENSMUSG00000063415
xenium_prime_5k_mouse,mouse,ENSMUSG00000063434
xenium_prime_5k_mouse,mouse,ENSMUSG00000063439
xenium_prime_5k_mouse,mouse,ENSMUSG00000063480
xenium_prime_5k_mouse,mouse,ENSMUSG00000063522
xenium_prime_5k_mouse,mouse,ENSMUSG00000063524
xenium_prime_5k_mouse,mouse,ENSMUSG00000063531
xenium_prime_5k_mouse,mouse,ENSMUSG00000063550
xenium_prime_5k_mouse,mouse,ENSMUSG00000063564
xenium_prime_5k_mouse,mouse,ENSMUSG00000063568
xenium_prime_5k_mouse,mouse,ENSMUSG00000063632
xenium_prime_5k_mouse,mouse,ENSMUSG00000063663
xenium_prime_5k_mouse,mouse,ENSMUSG00000063681
xenium_prime_5k_mouse,mouse,ENSMUSG00000063683
xenium_prime_5k_mouse,mouse,ENSMUSG00000063727
xenium_prime_5k_mouse,mouse,ENSMUSG00000063779
xenium_prime_5k_mouse,mouse,ENSMUSG00000063796
xenium_prime_5k_mouse,mouse,ENSMUSG00000063801
xenium_prime_5k_mouse,mouse,ENSMUSG00000063804
xenium_prime_5k_mouse,mouse,ENSMUSG00000063870
xenium_prime_5k_mouse,mouse,ENSMUSG00000063873
xenium_prime_5k_mouse,mouse,ENSMUSG00000063919
xenium_prime_5k_mouse,mouse,ENSMUSG00000063952
xenium_prime_5k_mouse,mouse,ENSMUSG00000063972
xenium_prime_5k_mouse,mouse,ENSMUSG00000064068
xenium_prime_5k_mouse,mouse,ENSMUSG00000064080
xenium_prime_5k_mouse,mouse,ENSMUSG00000064127
xenium_prime_5k_mouse,mouse,ENSMUSG00000064177
xenium_prime_5k_mouse,mouse,ENSMUSG00000064201
xenium_prime_5k_mouse,mouse,ENSMUSG00000064215
xenium_prime_5k_mouse,mouse,ENSMUSG00000064224
xenium_prime_5k_mouse,mouse,ENSMUSG00000064246
xenium_prime_5k_mouse,mouse,ENSMUSG00000064272
xenium_prime_5k_mouse,mouse,ENSMUSG00000064293
xenium_prime_5k_mouse,mouse,ENSMUSG00000064294
xenium_prime_5k_mouse,mouse,ENSMUSG00000064329
xenium_prime_5k_mouse,mouse,ENSMUSG00000065987
xenium_prime_5k_mouse,mouse,ENSMUSG00000066000
xenium_prime_5k_mouse,mouse,ENSMUSG00000066058
xenium_prime_5k_mouse,mouse,ENSMUSG00000066129
xenium_prime_5k_mouse,mouse,ENSMUSG00000066150
xenium_prime_5k_mouse,mouse,ENSMUSG00000066189
xenium_prime_5k_mouse,mouse,ENSMUSG00000066191
xenium_prime_5k_mouse,mouse,ENSMUSG00000066197
xenium_prime_5k_mouse,mouse,ENSMUSG00000066324
xenium_prime_5k_mouse,mouse,ENSMUSG00000066513
xenium_prime_5k_mouse,mouse,ENSMUSG00000066568
xenium_prime_5k_mouse,mouse,ENSMUSG00000066583
xenium_prime_5k_mouse,mouse,ENSMUSG00000066652
xenium_prime_5k_mouse,mouse,ENSMUSG00000066677
xenium_prime_5k_mouse,mouse,ENSMUSG00000066687
xenium_prime_5k_mouse,mouse,ENSMUSG00000066720
xenium_prime_5k_mouse,mouse,ENSMUSG00000066842
xenium_prime_5k_mouse,mouse,ENSMUSG00000066892
xenium_prime_5k_mouse,mouse,ENSMUSG00000066975
xenium_prime_5k_mouse,mouse,ENSMUSG00000067006
xenium_prime_5k_mouse,mouse,ENSMUSG00000067028
xenium_prime_5k_mouse,mouse,ENSMUSG00000067071
xenium_prime_5k_mouse,mouse,ENSMUSG00000067149
xenium_prime_5k_mouse,mouse,ENSMUSG00000067261
xenium_prime_5k_mouse,mouse,ENSMUSG00000067299
xenium_prime_5k_mouse,mouse,ENSMUSG00000067336
xenium_prime_5k_mouse,mouse,ENSMUSG00000067367
xenium_prime_5k_mouse,mouse,ENSMUSG00000067567
xenium_prime_5k_mouse,mouse,ENSMUSG00000067578
xenium_prime_5k_mouse,mouse,ENSMUSG00000067586
xenium_prime_5k_mouse,mouse,ENSMUSG00000067702
xenium_prime_5k_mouse,mouse,ENSMUSG00000067714
xenium_prime_5k_mouse,mouse,ENSMUSG00000067724
xenium_prime_5k_mouse,mouse,ENSMUSG00000067860
xenium_prime_5k_mouse,mouse,ENSMUSG00000067879
xenium_prime_5k_mouse,mouse,ENSMUSG00000067889
xenium_prime_5k_mouse,mouse,ENSMUSG00000068036
xenium_prime_5k_mouse,mouse,ENSMUSG00000068037
xenium_prime_5k_mouse,mouse,ENSMUSG00000068039
xenium_prime_5k_mouse,mouse,ENSMUSG00000068082
xenium_prime_5k_mouse,mouse,ENSMUSG00000068105
xenium_prime_5k_mouse,mouse,ENSMUSG00000068115
xenium_prime_5k_mouse,mouse,ENSMUSG00000068122
xenium_prime_5k_mouse,mouse,ENSMUSG00000068129
xenium_prime_5k_mouse,mouse,ENSMUSG00000068154
xenium_prime_5k_mouse,mouse,ENSMUSG00000068206
xenium_prime_5k_mouse,mouse,ENSMUSG00000068227
xenium_prime_5k_mouse,mouse,ENSMUSG00000068302
xenium_prime_5k_mouse,mouse,ENSMUSG00000068329
xenium_prime_5k_mouse,mouse,ENSMUSG00000068394
xenium_prime_5k_mouse,mouse,ENSMUSG00000068428
xenium_prime_5k_mouse,mouse,ENSMUSG00000068614
xenium_prime_5k_mouse,mouse,ENSMUSG00000068615
xenium_prime_5k_mouse,mouse,ENSMUSG00000068686
xenium_prime_5k_mouse,mouse,ENSMUSG00000068696
xenium_prime_5k_mouse,mouse,ENSMUSG00000068740
xenium_prime_5k_mouse,mouse,ENSMUSG00000068742
xenium_prime_5k_mouse,mouse,ENSMUSG00000068747
xenium_prime_5k_mouse,mouse,ENSMUSG00000068748
xenium_prime_5k_mouse,mouse,ENSMUSG00000068758
xenium_prime_5k_mouse,mouse,ENSMUSG00000068798
xenium_prime_5k_mouse,mouse,ENSMUSG00000068823
xenium_prime_5k_mouse,mouse,ENSMUSG00000068854
xenium_prime_5k_mouse,mouse,ENSMUSG00000068859
xenium_prime_5k_mouse,mouse,ENSMUSG00000068876
xenium_prime_5k_mouse,mouse,ENSMUSG00000069020
xenium_prime_5k_mouse,mouse,ENSMUSG00000069036
xenium_prime_5k_mouse,mouse,ENSMUSG00000069041
xenium_prime_5k_mouse,mouse,ENSMUSG00000069053
xenium_prime_5k_mouse,mouse,ENSMUSG00000069089
xenium_prime_5k_mouse,mouse,ENSMUSG00000069132
xenium_prime_5k_mouse,mouse,ENSMUSG00000069135
xenium_prime_5k_mouse,mouse,ENSMUSG00000069170
xenium_prime_5k_mouse,mouse,ENSMUSG00000069171
xenium_prime_5k_mouse,mouse,ENSMUSG00000069441
xenium_prime_5k_mouse,mouse,ENSMUSG00000069495
xenium_prime_5k_mouse,mouse,ENSMUSG00000069662
xenium_prime_5k_mouse,mouse,ENSMUSG00000069678
xenium_prime_5k_mouse,mouse,ENSMUSG00000069706
xenium_prime_5k_mouse,mouse,ENSMUSG00000069729
xenium_prime_5k_mouse,mouse,ENSMUSG00000069733
xenium_prime_5k_mouse,mouse,ENSMUSG00000069910
xenium_prime_5k_mouse,mouse,ENSMUSG00000070047
xenium_prime_5k_mouse,mouse,ENSMUSG00000070348
xenium_prime_5k_mouse,mouse,ENSMUSG00000070368
xenium_prime_5k_mouse,mouse,ENSMUSG00000070520
xenium_prime_5k_mouse,mouse,ENSMUSG00000070570
xenium_prime_5k_mouse,mouse,ENSMUSG00000070583
xenium_prime_5k_mouse,mouse,ENSMUSG00000070643
xenium_prime_5k_mouse,mouse,ENSMUSG00000070645
xenium_prime_5k_mouse,mouse,ENSMUSG00000070687
xenium_prime_5k_mouse,mouse,ENSMUSG00000070691
xenium_prime_5k_mouse,mouse,ENSMUSG00000070730
xenium_prime_5k_mouse,mouse,ENSMUSG00000070733
xenium_prime_5k_mouse,mouse,ENSMUSG00000070803
xenium_prime_5k_mouse,mouse,ENSMUSG00000070814
xenium_prime_5k_mouse,mouse,ENSMUSG00000070870
xenium_prime_5k_mouse,mouse,ENSMUSG00000070873
xenium_prime_5k_mouse,mouse,ENSMUSG00000070880
xenium_prime_5k_mouse,mouse,ENSMUSG00000071005
xenium_prime_5k_mouse,mouse,ENSMUSG00000071203
xenium_prime_5k_mouse,mouse,ENSMUSG00000071341
xenium_prime_5k_mouse,mouse,ENSMUSG00000071359
xenium_prime_5k_mouse,mouse,ENSMUSG00000071369
xenium_prime_5k_mouse,mouse,ENSMUSG00000071424
xenium_prime_5k_mouse,mouse,ENSMUSG00000071489
xenium_prime_5k_mouse,mouse,ENSMUSG00000071550
xenium_prime_5k_mouse,mouse,ENSMUSG00000071552
xenium_prime_5k_mouse,mouse,ENSMUSG00000071646
xenium_prime_5k_mouse,mouse,ENSMUSG00000071713
xenium_prime_5k_mouse,mouse,ENSMUSG00000071714
xenium_prime_5k_mouse,mouse,ENSMUSG00000071715
xenium_prime_5k_mouse,mouse,ENSMUSG00000072115
xenium_prime_5k_mouse,mouse,ENSMUSG00000072214
xenium_prime_5k_mouse,mouse,ENSMUSG00000072294
xenium_prime_5k_mouse,mouse,ENSMUSG00000072295
xenium_prime_5k_mouse,mouse,ENSMUSG00000072423
xenium_prime_5k_mouse,mouse,ENSMUSG00000072568
xenium_prime_5k_mouse,mouse,ENSMUSG00000072625
xenium_prime_5k_mouse,mouse,ENSMUSG00000072872
xenium_prime_5k_mouse,mouse,ENSMUSG00000073043
xenium_prime_5k_mouse,mouse,ENSMUSG00000073413
xenium_prime_5k_mouse,mouse,ENSMUSG00000073418
xenium_prime_5k_mouse,mouse,ENSMUSG00000073489
xenium_prime_5k_mouse,mouse,ENSMUSG00000073574
xenium_prime_5k_mouse,mouse,ENSMUSG00000073599
xenium_prime_5k_mouse,mouse,ENSMUSG00000073602
xenium_prime_5k_mouse,mouse,ENSMUSG00000073616
xenium_prime_5k_mouse,mouse,ENSMUSG00000073658
xenium_prime_5k_mouse,mouse,ENSMUSG00000073700
xenium_prime_5k_mouse,mouse,ENSMUSG00000073705
xenium_prime_5k_mouse,mouse,ENSMUSG00000073802
xenium_prime_5k_mouse,mouse,ENSMUSG00000073838
xenium_prime_5k_mouse,mouse,ENSMUSG00000073889
xenium_prime_5k_mouse,mouse,ENSMUSG00000073897
xenium_prime_5k_mouse,mouse,ENSMUSG00000073982
xenium_prime_5k_mouse,mouse,ENSMUSG00000074004
xenium_prime_5k_mouse,mouse,ENSMUSG00000074006
xenium_prime_5k_mouse,mouse,ENSMUSG00000074037
xenium_prime_5k_mouse,mouse,ENSMUSG00000074064
xenium_prime_5k_mouse,mouse,ENSMUSG00000074115
xenium_prime_5k_mouse,mouse,ENSMUSG00000074121
xenium_prime_5k_mouse,mouse,ENSMUSG00000074155
xenium_prime_5k_mouse,mouse,ENSMUSG00000074183
xenium_prime_5k_mouse,mouse,ENSMUSG00000074218
xenium_prime_5k_mouse,mouse,ENSMUSG00000074264
xenium_prime_5k_mouse,mouse,ENSMUSG00000074268
xenium_prime_5k_mouse,mouse,ENSMUSG00000074269
xenium_prime_5k_mouse,mouse,ENSMUSG00000074272
xenium_prime_5k_mouse,mouse,ENSMUSG00000074361
xenium_prime_5k_mouse,mouse,ENSMUSG00000074365
xenium_prime_5k_mouse,mouse,ENSMUSG00000074435
xenium_prime_5k_mouse,mouse,ENSMUSG00000074439
xenium_prime_5k_mouse,mouse,ENSMUSG00000074483
xenium_prime_5k_mouse,mouse,ENSMUSG00000074486
xenium_prime_5k_mouse,mouse,ENSMUSG00000074575
xenium_prime_5k_mouse,mouse,ENSMUSG00000074622
xenium_prime_5k_mouse,mouse,ENSMUSG00000074637
xenium_prime_5k_mouse,mouse,ENSMUSG00000074656
xenium_prime_5k_mouse,mouse,ENSMUSG00000074657
xenium_prime_5k_mouse,mouse,ENSMUSG00000074695
xenium_prime_5k_mouse,mouse,ENSMUSG00000074698
xenium_prime_5k_mouse,mouse,ENSMUSG00000074704
xenium_prime_5k_mouse,mouse,ENSMUSG00000074743
xenium_prime_5k_mouse,mouse,ENSMUSG00000074768
xenium_prime_5k_mouse,mouse,ENSMUSG00000074781
xenium_prime_5k_mouse,mouse,ENSMUSG00000074785
xenium_prime_5k_mouse,mouse,ENSMUSG00000074794
xenium_prime_5k_mouse,mouse,ENSMUSG00000074797
xenium_prime_5k_mouse,mouse,ENSMUSG00000074811
xenium_prime_5k_mouse,mouse,ENSMUSG00000074818
xenium_prime_5k_mouse,mouse,ENSMUSG00000074852
xenium_prime_5k_mouse,mouse,ENSMUSG00000074896
xenium_prime_5k_mouse,mouse,ENSMUSG00000074925
xenium_prime_5k_mouse,mouse,ENSMUSG00000074934
xenium_prime_5k_mouse,mouse,ENSMUSG00000074939
xenium_prime_5k_mouse,mouse,ENSMUSG00000075122
xenium_prime_5k_mouse,mouse,ENSMUSG00000075232
xenium_prime_5k_mouse,mouse,ENSMUSG00000075284
xenium_prime_5k_mouse,mouse,ENSMUSG00000075289
xenium_prime_5k_mouse,mouse,ENSMUSG00000075304
xenium_prime_5k_mouse,mouse,ENSMUSG00000075307
xenium_prime_5k_mouse,mouse,ENSMUSG00000075316
xenium_prime_5k_mouse,mouse,ENSMUSG00000075318
xenium_prime_5k_mouse,mouse,ENSMUSG00000075324
xenium_prime_5k_mouse,mouse,ENSMUSG00000075370
xenium_prime_5k_mouse,mouse,ENSMUSG00000075402
xenium_prime_5k_mouse,mouse,ENSMUSG00000075478
xenium_prime_5k_mouse,mouse,ENSMUSG00000075569
xenium_prime_5k_mouse,mouse,ENSMUSG00000075588
xenium_prime_5k_mouse,mouse,ENSMUSG00000075605
xenium_prime_5k_mouse,mouse,ENSMUSG00000075701
xenium_prime_5k_mouse,mouse,ENSMUSG00000075703
xenium_prime_5k_mouse,mouse,ENSMUSG00000075705
xenium_prime_5k_mouse,mouse,ENSMUSG00000075707
xenium_prime_5k_mouse,mouse,ENSMUSG00000076431
xenium_prime_5k_mouse,mouse,ENSMUSG00000076437
xenium_prime_5k_mouse,mouse,ENSMUSG00000076439
xenium_prime_5k_mouse,mouse,ENSMUSG00000076609
xenium_prime_5k_mouse,mouse,ENSMUSG00000076617
xenium_prime_5k_mouse,mouse,ENSMUSG00000078202
xenium_prime_5k_mouse,mouse,ENSMUSG00000078249
xenium_prime_5k_mouse,mouse,ENSMUSG00000078302
xenium_prime_5k_mouse,mouse,ENSMUSG00000078365
xenium_prime_5k_mouse,mouse,ENSMUSG00000078453
xenium_prime_5k_mouse,mouse,ENSMUSG00000078517
xenium_prime_5k_mouse,mouse,ENSMUSG00000078532
xenium_prime_5k_mouse,mouse,ENSMUSG00000078566
xenium_prime_5k_mouse,mouse,ENSMUSG00000078619
xenium_prime_5k_mouse,mouse,ENSMUSG00000078650
xenium_prime_5k_mouse,mouse,ENSMUSG00000078656
xenium_prime_5k_mouse,mouse,ENSMUSG00000078816
xenium_prime_5k_mouse,mouse,ENSMUSG00000078817
xenium_prime_5k_mouse,mouse,ENSMUSG00000078853
xenium_prime_5k_mouse,mouse,ENSMUSG00000078919
xenium_prime_5k_mouse,mouse,ENSMUSG00000079055
xenium_prime_5k_mouse,mouse,ENSMUSG00000079092
xenium_prime_5k_mouse,mouse,ENSMUSG00000079105
xenium_prime_5k_mouse,mouse,ENSMUSG00000079109
xenium_prime_5k_mouse,mouse,ENSMUSG00000079164
xenium_prime_5k_mouse,mouse,ENSMUSG00000079227
xenium_prime_5k_mouse,mouse,ENSMUSG00000079277
xenium_prime_5k_mouse,mouse,ENSMUSG00000079299
xenium_prime_5k_mouse,mouse,ENSMUSG00000079355
xenium_prime_5k_mouse,mouse,ENSMUSG00000079415
xenium_prime_5k_mouse,mouse,ENSMUSG00000079465
xenium_prime_5k_mouse,mouse,ENSMUSG00000079477
xenium_prime_5k_mouse,mouse,ENSMUSG00000079487
xenium_prime_5k_mouse,mouse,ENSMUSG00000079557
xenium_prime_5k_mouse,mouse,ENSMUSG00000079560
xenium_prime_5k_mouse,mouse,ENSMUSG00000079592
xenium_prime_5k_mouse,mouse,ENSMUSG00000079658
xenium_prime_5k_mouse,mouse,ENSMUSG00000080316
xenium_prime_5k_mouse,mouse,ENSMUSG00000081683
xenium_prime_5k_mouse,mouse,ENSMUSG00000082361
xenium_prime_5k_mouse,mouse,ENSMUSG00000085912
xenium_prime_5k_mouse,mouse,ENSMUSG00000086503
xenium_prime_5k_mouse,mouse,ENSMUSG00000087260
xenium_prime_5k_mouse,mouse,ENSMUSG00000087408
xenium_prime_5k_mouse,mouse,ENSMUSG00000087598
xenium_prime_5k_mouse,mouse,ENSMUSG00000089661
xenium_prime_5k_mouse,mouse,ENSMUSG00000089669
xenium_prime_5k_mouse,mouse,ENSMUSG00000089678
xenium_prime_5k_mouse,mouse,ENSMUSG00000089682
xenium_prime_5k_mouse,mouse,ENSMUSG00000089727
xenium_prime_5k_mouse,mouse,ENSMUSG00000090071
xenium_prime_5k_mouse,mouse,ENSMUSG00000090125
xenium_prime_5k_mouse,mouse,ENSMUSG00000090231
xenium_prime_5k_mouse,mouse,ENSMUSG00000090877
xenium_prime_5k_mouse,mouse,ENSMUSG00000090935
xenium_prime_5k_mouse,mouse,ENSMUSG00000091387
xenium_prime_5k_mouse,mouse,ENSMUSG00000091512
xenium_prime_5k_mouse,mouse,ENSMUSG00000091898
xenium_prime_5k_mouse,mouse,ENSMUSG00000092035
xenium_prime_5k_mouse,mouse,ENSMUSG00000092274
xenium_prime_5k_mouse,mouse,ENSMUSG00000094686
xenium_prime_5k_mouse,mouse,ENSMUSG00000095079
xenium_prime_5k_mouse,mouse,ENSMUSG00000095139
xenium_prime_5k_mouse,mouse,ENSMUSG00000095180
xenium_prime_5k_mouse,mouse,ENSMUSG00000095304
xenium_prime_5k_mouse,mouse,ENSMUSG00000095675
xenium_prime_5k_mouse,mouse,ENSMUSG00000095687
xenium_prime_5k_mouse,mouse,ENSMUSG00000096014
xenium_prime_5k_mouse,mouse,ENSMUSG00000096054
xenium_prime_5k_mouse,mouse,ENSMUSG00000096146
xenium_prime_5k_mouse,mouse,ENSMUSG00000096225
xenium_prime_5k_mouse,mouse,ENSMUSG00000096351
xenium_prime_5k_mouse,mouse,ENSMUSG00000096472
xenium_prime_5k_mouse,mouse,ENSMUSG00000096727
xenium_prime_5k_mouse,mouse,ENSMUSG00000097328
xenium_prime_5k_mouse,mouse,ENSMUSG00000100241
xenium_prime_5k_mouse,mouse,ENSMUSG00000100916
xenium_prime_5k_mouse,mouse,ENSMUSG00000101174
xenium_prime_5k_mouse,mouse,ENSMUSG00000102037
xenium_prime_5k_mouse,mouse,ENSMUSG00000102252
xenium_prime_5k_mouse,mouse,ENSMUSG00000102976
xenium_prime_5k_mouse,mouse,ENSMUSG00000104148
xenium_prime_5k_mouse,mouse,ENSMUSG00000104213
xenium_prime_5k_mouse,mouse,ENSMUSG00000104318
xenium_prime_5k_mouse,mouse,ENSMUSG00000105827
xenium_prime_5k_mouse,mouse,ENSMUSG00000109324
xenium_prime_5k_mouse,mouse,ENSMUSG00000109511
xenium_prime_5k_mouse,mouse,ENSMUSG00000109523
xenium_prime_5k_mouse,mouse,ENSMUSG00000110206
xenium_prime_5k_mouse,mouse,ENSMUSG00000113949
xenium_prime_5k_mouse,mouse,ENSMUSG00000115987
xenium_prime_5k_mouse,mouse,ENSMUSG00000116158
